分類,場所,コースタイプ,芝・ダ,距離帯,馬場分類,枠ゾーン,血統区分,血統名,母数,勝利数,複勝数,勝率,複勝率,単勝回収率,複勝回収率,平均人気,基準複勝率,複勝率差,リフト,評価,特徴コメント
競馬場×距離帯×馬場×枠,東京,直線長め・持続型,芝,短中距離(1400-1600),良,外枠(7-8),父,ディープインパクト,346,61,138,0.1763,0.3988,98.3,0.0,4.89,0.1988,0.2,2.006,A,東京芝短中距離(1400-1600)・良・外枠(7-8)で父「ディープインパクト」は基準比リフト2.006
競馬場×距離帯×馬場×枠,京都,平坦・スピード型,芝,中距離(1700-2000),良,外枠(7-8),父,ディープインパクト,275,45,124,0.1636,0.4509,58.7,0.0,4.13,0.2263,0.2246,1.992,A,京都芝中距離(1700-2000)・良・外枠(7-8)で父「ディープインパクト」は基準比リフト1.992
競馬場×距離帯×馬場×枠,中京,直線長め・持続型,芝,短中距離(1400-1600),良,外枠(7-8),父,ディープインパクト,162,19,63,0.1173,0.3889,84.2,0.0,5.81,0.1978,0.1911,1.966,A,中京芝短中距離(1400-1600)・良・外枠(7-8)で父「ディープインパクト」は基準比リフト1.966
競馬場×距離帯×馬場×枠,京都,平坦・スピード型,芝,短中距離(1400-1600),良,内枠(1-2),父,ディープインパクト,161,33,69,0.205,0.4286,176.3,0.0,4.25,0.2185,0.2101,1.962,A,京都芝短中距離(1400-1600)・良・内枠(1-2)で父「ディープインパクト」は基準比リフト1.962
競馬場×距離帯×馬場×枠,東京,直線長め・持続型,芝,短中距離(1400-1600),良,外枠(7-8),父,ロードカナロア,175,21,66,0.12,0.3771,94.6,0.0,5.82,0.1988,0.1783,1.897,A,東京芝短中距離(1400-1600)・良・外枠(7-8)で父「ロードカナロア」は基準比リフト1.897
競馬場×距離帯×馬場×枠,東京,直線長め・持続型,ダ,短中距離(1400-1600),良,中枠(3-6),父,ヘニーヒューズ,261,32,95,0.1226,0.364,82.8,0.0,6.11,0.1997,0.1643,1.823,A,東京ダ短中距離(1400-1600)・良・中枠(3-6)で父「ヘニーヒューズ」は基準比リフト1.823
競馬場×距離帯×馬場×枠,阪神,坂あり・パワー型,芝,短中距離(1400-1600),良,外枠(7-8),父,ディープインパクト,326,46,112,0.1411,0.3436,82.0,0.0,5.15,0.1907,0.1529,1.802,A,阪神芝短中距離(1400-1600)・良・外枠(7-8)で父「ディープインパクト」は基準比リフト1.802
競馬場×距離帯×馬場×枠,京都,平坦・スピード型,芝,中距離(1700-2000),良,内枠(1-2),父,ディープインパクト,193,31,83,0.1606,0.4301,58.3,0.0,4.1,0.239,0.1911,1.8,A,京都芝中距離(1700-2000)・良・内枠(1-2)で父「ディープインパクト」は基準比リフト1.8
競馬場×距離帯×馬場×枠,京都,平坦・スピード型,芝,短中距離(1400-1600),良,中枠(3-6),父,ディープインパクト,471,71,181,0.1507,0.3843,96.9,0.0,4.6,0.2142,0.1701,1.794,A,京都芝短中距離(1400-1600)・良・中枠(3-6)で父「ディープインパクト」は基準比リフト1.794
競馬場×距離帯×馬場×枠,中山,坂あり・パワー型,芝,短中距離(1400-1600),良,中枠(3-6),父,ディープインパクト,241,35,86,0.1452,0.3568,72.6,0.0,5.15,0.2014,0.1554,1.772,A,中山芝短中距離(1400-1600)・良・中枠(3-6)で父「ディープインパクト」は基準比リフト1.772
競馬場×距離帯×馬場×枠,中山,坂あり・パワー型,芝,中距離(1700-2000),良,外枠(7-8),父,ディープインパクト,239,38,87,0.159,0.364,92.2,0.0,5.15,0.2074,0.1566,1.755,A,中山芝中距離(1700-2000)・良・外枠(7-8)で父「ディープインパクト」は基準比リフト1.755
競馬場×距離帯×馬場×枠,京都,平坦・スピード型,芝,中長距離(2100-2400),良,中枠(3-6),父,ディープインパクト,152,26,62,0.1711,0.4079,83.8,0.0,4.33,0.2341,0.1738,1.742,A,京都芝中長距離(2100-2400)・良・中枠(3-6)で父「ディープインパクト」は基準比リフト1.742
競馬場×距離帯×馬場×枠,中山,坂あり・パワー型,芝,中距離(1700-2000),良,中枠(3-6),父,ディープインパクト,384,56,144,0.1458,0.375,71.4,0.0,4.86,0.2165,0.1585,1.732,A,中山芝中距離(1700-2000)・良・中枠(3-6)で父「ディープインパクト」は基準比リフト1.732
競馬場×距離帯×馬場×枠,阪神,坂あり・パワー型,芝,中距離(1700-2000),良,外枠(7-8),父,ディープインパクト,350,69,140,0.1971,0.4,106.7,0.0,4.22,0.2332,0.1668,1.715,A,阪神芝中距離(1700-2000)・良・外枠(7-8)で父「ディープインパクト」は基準比リフト1.715
競馬場×距離帯×馬場×枠,京都,平坦・スピード型,芝,中距離(1700-2000),良,中枠(3-6),父,ディープインパクト,465,81,195,0.1742,0.4194,64.7,0.0,3.98,0.2454,0.174,1.709,A,京都芝中距離(1700-2000)・良・中枠(3-6)で父「ディープインパクト」は基準比リフト1.709
競馬場×距離帯×馬場×枠,東京,直線長め・持続型,芝,短中距離(1400-1600),良,外枠(7-8),母父,ディープインパクト,156,19,53,0.1218,0.3397,73.1,0.0,6.43,0.1988,0.1409,1.709,A,東京芝短中距離(1400-1600)・良・外枠(7-8)で母父「ディープインパクト」は基準比リフト1.709
競馬場×距離帯×馬場×枠,阪神,坂あり・パワー型,芝,短中距離(1400-1600),良,中枠(3-6),父,ディープインパクト,497,66,183,0.1328,0.3682,77.2,0.0,5.12,0.2169,0.1513,1.698,A,阪神芝短中距離(1400-1600)・良・中枠(3-6)で父「ディープインパクト」は基準比リフト1.698
競馬場×距離帯×馬場×枠,京都,平坦・スピード型,芝,短中距離(1400-1600),良,外枠(7-8),父,ディープインパクト,275,27,89,0.0982,0.3236,45.6,0.0,5.26,0.1935,0.1301,1.672,A,京都芝短中距離(1400-1600)・良・外枠(7-8)で父「ディープインパクト」は基準比リフト1.672
競馬場×距離帯×馬場×枠,小倉,小回り・機動型,芝,中距離(1700-2000),良,内枠(1-2),父,ディープインパクト,159,35,59,0.2201,0.3711,107.2,0.0,4.29,0.2226,0.1485,1.667,A,小倉芝中距離(1700-2000)・良・内枠(1-2)で父「ディープインパクト」は基準比リフト1.667
競馬場×距離帯×馬場×枠,新潟,直線長め・平坦型,芝,中距離(1700-2000),良,中枠(3-6),父,ディープインパクト,324,44,117,0.1358,0.3611,90.3,0.0,5.4,0.2171,0.144,1.663,A,新潟芝中距離(1700-2000)・良・中枠(3-6)で父「ディープインパクト」は基準比リフト1.663
競馬場×距離帯×馬場×枠,東京,直線長め・持続型,芝,短中距離(1400-1600),良,中枠(3-6),父,ディープインパクト,525,72,177,0.1371,0.3371,54.8,0.0,5.19,0.2028,0.1343,1.662,A,東京芝短中距離(1400-1600)・良・中枠(3-6)で父「ディープインパクト」は基準比リフト1.662
競馬場×距離帯×馬場×枠,阪神,坂あり・パワー型,芝,中距離(1700-2000),良,内枠(1-2),父,ディープインパクト,260,39,108,0.15,0.4154,78.8,0.0,4.55,0.2505,0.1649,1.658,A,阪神芝中距離(1700-2000)・良・内枠(1-2)で父「ディープインパクト」は基準比リフト1.658
競馬場×距離帯×馬場×枠,阪神,坂あり・パワー型,芝,中距離(1700-2000),良,中枠(3-6),父,ディープインパクト,557,91,221,0.1634,0.3968,74.4,0.0,4.58,0.2399,0.1569,1.654,A,阪神芝中距離(1700-2000)・良・中枠(3-6)で父「ディープインパクト」は基準比リフト1.654
競馬場×距離帯×馬場×枠,東京,直線長め・持続型,芝,中距離(1700-2000),良,中枠(3-6),父,ディープインパクト,606,87,236,0.1436,0.3894,55.7,0.0,4.68,0.237,0.1524,1.643,A,東京芝中距離(1700-2000)・良・中枠(3-6)で父「ディープインパクト」は基準比リフト1.643
競馬場×距離帯×馬場×枠,東京,直線長め・持続型,芝,中長距離(2100-2400),良,中枠(3-6),父,ディープインパクト,221,29,82,0.1312,0.371,76.7,0.0,4.82,0.226,0.145,1.642,A,東京芝中長距離(2100-2400)・良・中枠(3-6)で父「ディープインパクト」は基準比リフト1.642
競馬場×距離帯×馬場×枠,東京,直線長め・持続型,芝,中距離(1700-2000),良,外枠(7-8),父,ディープインパクト,368,45,129,0.1223,0.3505,62.0,0.0,4.78,0.2154,0.1351,1.627,A,東京芝中距離(1700-2000)・良・外枠(7-8)で父「ディープインパクト」は基準比リフト1.627
競馬場×距離帯×馬場×枠,東京,直線長め・持続型,芝,短中距離(1400-1600),良,内枠(1-2),父,ディープインパクト,246,24,81,0.0976,0.3293,70.0,0.0,5.38,0.2047,0.1246,1.609,A,東京芝短中距離(1400-1600)・良・内枠(1-2)で父「ディープインパクト」は基準比リフト1.609
競馬場×距離帯×馬場×枠,中京,直線長め・持続型,芝,短中距離(1400-1600),良,中枠(3-6),父,ディープインパクト,285,36,94,0.1263,0.3298,57.6,0.0,5.32,0.2051,0.1247,1.608,A,中京芝短中距離(1400-1600)・良・中枠(3-6)で父「ディープインパクト」は基準比リフト1.608
競馬場×距離帯×馬場×枠,札幌,小回り・持続型,芝,中距離(1700-2000),良,中枠(3-6),父,ディープインパクト,172,24,67,0.1395,0.3895,66.0,0.0,5.03,0.2428,0.1467,1.604,A,札幌芝中距離(1700-2000)・良・中枠(3-6)で父「ディープインパクト」は基準比リフト1.604
競馬場×距離帯×馬場×枠,東京,直線長め・持続型,芝,短中距離(1400-1600),良,中枠(3-6),母父,ディープインパクト,216,24,70,0.1111,0.3241,84.8,0.0,6.35,0.2028,0.1213,1.598,A,東京芝短中距離(1400-1600)・良・中枠(3-6)で母父「ディープインパクト」は基準比リフト1.598
競馬場×距離帯×馬場×枠,小倉,小回り・機動型,芝,中距離(1700-2000),良,中枠(3-6),父,ディープインパクト,362,37,128,0.1022,0.3536,72.0,0.0,5.14,0.2218,0.1318,1.594,A,小倉芝中距離(1700-2000)・良・中枠(3-6)で父「ディープインパクト」は基準比リフト1.594
競馬場×距離帯×馬場×枠,阪神,坂あり・パワー型,芝,中距離(1700-2000),良,外枠(7-8),父,キングカメハメハ,183,28,68,0.153,0.3716,258.6,0.0,5.96,0.2332,0.1384,1.593,A,阪神芝中距離(1700-2000)・良・外枠(7-8)で父「キングカメハメハ」は基準比リフト1.593
競馬場×距離帯×馬場×枠,新潟,直線長め・平坦型,芝,短中距離(1400-1600),良,中枠(3-6),父,ディープインパクト,228,20,70,0.0877,0.307,55.0,0.0,5.9,0.1947,0.1123,1.577,A,新潟芝短中距離(1400-1600)・良・中枠(3-6)で父「ディープインパクト」は基準比リフト1.577
競馬場×距離帯×馬場×枠,京都,平坦・スピード型,芝,短中距離(1400-1600),良,外枠(7-8),父,キングカメハメハ,169,23,51,0.1361,0.3018,133.5,0.0,6.54,0.1935,0.1083,1.56,A,京都芝短中距離(1400-1600)・良・外枠(7-8)で父「キングカメハメハ」は基準比リフト1.56
競馬場×距離帯×馬場×枠,東京,直線長め・持続型,ダ,中長距離(2100-2400),良,中枠(3-6),父,キングカメハメハ,151,15,52,0.0993,0.3444,52.5,0.0,6.42,0.2214,0.123,1.556,A,東京ダ中長距離(2100-2400)・良・中枠(3-6)で父「キングカメハメハ」は基準比リフト1.556
競馬場×距離帯×馬場×枠,東京,直線長め・持続型,芝,短中距離(1400-1600),良,中枠(3-6),父,ハーツクライ,280,25,87,0.0893,0.3107,35.9,0.0,5.78,0.2028,0.1079,1.532,A,東京芝短中距離(1400-1600)・良・中枠(3-6)で父「ハーツクライ」は基準比リフト1.532
競馬場×距離帯×馬場×枠,東京,直線長め・持続型,芝,短中距離(1400-1600),良,中枠(3-6),父,ロードカナロア,259,32,80,0.1236,0.3089,91.7,0.0,5.59,0.2028,0.1061,1.523,A,東京芝短中距離(1400-1600)・良・中枠(3-6)で父「ロードカナロア」は基準比リフト1.523
競馬場×距離帯×馬場×枠,小倉,小回り・機動型,芝,中距離(1700-2000),良,外枠(7-8),父,ディープインパクト,239,31,74,0.1297,0.3096,64.9,0.0,5.2,0.2048,0.1048,1.512,A,小倉芝中距離(1700-2000)・良・外枠(7-8)で父「ディープインパクト」は基準比リフト1.512
競馬場×距離帯×馬場×枠,中京,直線長め・持続型,芝,中距離(1700-2000),良,中枠(3-6),父,ハーツクライ,186,23,62,0.1237,0.3333,83.6,0.0,5.89,0.2207,0.1126,1.51,A,中京芝中距離(1700-2000)・良・中枠(3-6)で父「ハーツクライ」は基準比リフト1.51
競馬場×距離帯×馬場×枠,東京,直線長め・持続型,ダ,短中距離(1400-1600),良,外枠(7-8),父,キングカメハメハ,163,14,53,0.0859,0.3252,52.1,0.0,6.91,0.2165,0.1087,1.502,A,東京ダ短中距離(1400-1600)・良・外枠(7-8)で父「キングカメハメハ」は基準比リフト1.502
競馬場×距離帯×馬場×枠,中山,坂あり・パワー型,芝,中距離(1700-2000),良,中枠(3-6),父,ルーラーシップ,160,17,52,0.1062,0.325,55.1,0.0,6.19,0.2165,0.1085,1.501,A,中山芝中距離(1700-2000)・良・中枠(3-6)で父「ルーラーシップ」は基準比リフト1.501
競馬場×距離帯×馬場×枠,京都,平坦・スピード型,ダ,中距離(1700-2000),良,中枠(3-6),父,キングカメハメハ,349,49,114,0.1404,0.3266,76.3,0.0,6.11,0.2181,0.1085,1.497,A,京都ダ中距離(1700-2000)・良・中枠(3-6)で父「キングカメハメハ」は基準比リフト1.497
競馬場×距離帯×馬場×枠,福島,小回り・機動型,芝,中距離(1700-2000),良,中枠(3-6),父,ディープインパクト,208,24,68,0.1154,0.3269,84.1,0.0,6.11,0.2188,0.1081,1.494,A,福島芝中距離(1700-2000)・良・中枠(3-6)で父「ディープインパクト」は基準比リフト1.494
競馬場×距離帯×馬場×枠,新潟,直線長め・平坦型,芝,中距離(1700-2000),良,外枠(7-8),父,ディープインパクト,197,23,62,0.1168,0.3147,67.9,0.0,5.38,0.2107,0.104,1.494,A,新潟芝中距離(1700-2000)・良・外枠(7-8)で父「ディープインパクト」は基準比リフト1.494
競馬場×距離帯×馬場×枠,東京,直線長め・持続型,芝,短中距離(1400-1600),良,外枠(7-8),父,ハーツクライ,175,21,52,0.12,0.2971,92.7,0.0,7.08,0.1988,0.0983,1.494,A,東京芝短中距離(1400-1600)・良・外枠(7-8)で父「ハーツクライ」は基準比リフト1.494
競馬場×距離帯×馬場×枠,京都,平坦・スピード型,芝,中距離(1700-2000),良,外枠(7-8),父,キングカメハメハ,161,31,54,0.1925,0.3354,102.7,0.0,5.68,0.2263,0.1091,1.482,A,京都芝中距離(1700-2000)・良・外枠(7-8)で父「キングカメハメハ」は基準比リフト1.482
競馬場×距離帯×馬場×枠,東京,直線長め・持続型,芝,中距離(1700-2000),良,中枠(3-6),母父,キングカメハメハ,188,23,66,0.1223,0.3511,92.4,0.0,6.14,0.237,0.1141,1.481,A,東京芝中距離(1700-2000)・良・中枠(3-6)で母父「キングカメハメハ」は基準比リフト1.481
競馬場×距離帯×馬場×枠,東京,直線長め・持続型,芝,中距離(1700-2000),良,外枠(7-8),父,ハーツクライ,243,22,77,0.0905,0.3169,40.0,0.0,6.16,0.2154,0.1015,1.471,A,東京芝中距離(1700-2000)・良・外枠(7-8)で父「ハーツクライ」は基準比リフト1.471
競馬場×距離帯×馬場×枠,東京,直線長め・持続型,芝,中距離(1700-2000),良,内枠(1-2),父,ディープインパクト,241,37,83,0.1535,0.3444,52.4,0.0,4.46,0.2345,0.1099,1.469,A,東京芝中距離(1700-2000)・良・内枠(1-2)で父「ディープインパクト」は基準比リフト1.469
競馬場×距離帯×馬場×枠,中山,坂あり・パワー型,ダ,中距離(1700-2000),良,中枠(3-6),父,キングカメハメハ,226,24,66,0.1062,0.292,123.0,0.0,6.29,0.199,0.093,1.467,A,中山ダ中距離(1700-2000)・良・中枠(3-6)で父「キングカメハメハ」は基準比リフト1.467
競馬場×距離帯×馬場×枠,中山,坂あり・パワー型,ダ,中距離(1700-2000),良,外枠(7-8),父,クロフネ,160,19,52,0.1188,0.325,74.2,0.0,6.59,0.2226,0.1024,1.46,A,中山ダ中距離(1700-2000)・良・外枠(7-8)で父「クロフネ」は基準比リフト1.46
競馬場×距離帯×馬場×枠,中山,坂あり・パワー型,芝,中距離(1700-2000),良,内枠(1-2),父,ディープインパクト,152,21,49,0.1382,0.3224,60.1,0.0,4.96,0.2217,0.1007,1.454,A,中山芝中距離(1700-2000)・良・内枠(1-2)で父「ディープインパクト」は基準比リフト1.454
競馬場×距離帯×馬場×枠,東京,直線長め・持続型,芝,短中距離(1400-1600),良,中枠(3-6),父,ダイワメジャー,394,42,116,0.1066,0.2944,87.6,0.0,6.21,0.2028,0.0916,1.452,A,東京芝短中距離(1400-1600)・良・中枠(3-6)で父「ダイワメジャー」は基準比リフト1.452
競馬場×距離帯×馬場×枠,新潟,直線長め・平坦型,芝,短中距離(1400-1600),良,中枠(3-6),父,ダイワメジャー,161,17,45,0.1056,0.2795,46.4,0.0,6.52,0.1947,0.0848,1.436,A,新潟芝短中距離(1400-1600)・良・中枠(3-6)で父「ダイワメジャー」は基準比リフト1.436
競馬場×距離帯×馬場×枠,東京,直線長め・持続型,ダ,短中距離(1400-1600),良,中枠(3-6),父,プリサイスエンド,189,20,54,0.1058,0.2857,184.5,0.0,7.16,0.1997,0.086,1.431,A,東京ダ短中距離(1400-1600)・良・中枠(3-6)で父「プリサイスエンド」は基準比リフト1.431
競馬場×距離帯×馬場×枠,中山,坂あり・パワー型,ダ,中距離(1700-2000),良,中枠(3-6),父,ゴールドアリュール,232,18,66,0.0776,0.2845,54.4,0.0,6.91,0.199,0.0855,1.43,A,中山ダ中距離(1700-2000)・良・中枠(3-6)で父「ゴールドアリュール」は基準比リフト1.43
競馬場×距離帯×馬場×枠,阪神,坂あり・パワー型,芝,短中距離(1400-1600),良,中枠(3-6),父,ハーツクライ,219,21,67,0.0959,0.3059,85.4,0.0,7.01,0.2169,0.089,1.41,A,阪神芝短中距離(1400-1600)・良・中枠(3-6)で父「ハーツクライ」は基準比リフト1.41
競馬場×距離帯×馬場×枠,中山,坂あり・パワー型,芝,中距離(1700-2000),良,中枠(3-6),父,ハーツクライ,296,38,90,0.1284,0.3041,69.6,0.0,6.09,0.2165,0.0876,1.405,A,中山芝中距離(1700-2000)・良・中枠(3-6)で父「ハーツクライ」は基準比リフト1.405
競馬場×距離帯×馬場×枠,東京,直線長め・持続型,ダ,短中距離(1400-1600),良,外枠(7-8),父,ヘニーヒューズ,155,18,47,0.1161,0.3032,55.5,0.0,5.66,0.2165,0.0867,1.4,A,東京ダ短中距離(1400-1600)・良・外枠(7-8)で父「ヘニーヒューズ」は基準比リフト1.4
競馬場×距離帯×馬場×枠,中京,直線長め・持続型,芝,中距離(1700-2000),良,中枠(3-6),父,ディープインパクト,230,19,71,0.0826,0.3087,69.3,0.0,5.23,0.2207,0.088,1.399,A,中京芝中距離(1700-2000)・良・中枠(3-6)で父「ディープインパクト」は基準比リフト1.399
競馬場×距離帯×馬場×枠,京都,平坦・スピード型,芝,短中距離(1400-1600),良,中枠(3-6),母父,トニービン,151,14,45,0.0927,0.298,59.1,0.0,6.7,0.2142,0.0838,1.391,A,京都芝短中距離(1400-1600)・良・中枠(3-6)で母父「トニービン」は基準比リフト1.391
競馬場×距離帯×馬場×枠,阪神,坂あり・パワー型,芝,短中距離(1400-1600),稍,内枠(1-2),父系統,父系統不明,160,18,49,0.1125,0.3062,200.7,0.0,7.18,0.2203,0.0859,1.39,A,阪神芝短中距離(1400-1600)・稍・内枠(1-2)で父系統「父系統不明」は基準比リフト1.39
競馬場×距離帯×馬場×枠,札幌,小回り・持続型,芝,中距離(1700-2000),良,外枠(7-8),父系統,父系統不明,322,25,93,0.0776,0.2888,108.4,0.0,7.01,0.2079,0.0809,1.389,A,札幌芝中距離(1700-2000)・良・外枠(7-8)で父系統「父系統不明」は基準比リフト1.389
競馬場×距離帯×馬場×枠,阪神,坂あり・パワー型,ダ,短距離(1000-1300),重不良,中枠(3-6),母父系統,ネイティヴダンサー系,259,29,73,0.112,0.2819,152.7,0.0,7.29,0.203,0.0789,1.389,A,阪神ダ短距離(1000-1300)・重不良・中枠(3-6)で母父系統「ネイティヴダンサー系」は基準比リフト1.389
競馬場×距離帯×馬場×枠,小倉,小回り・機動型,ダ,中距離(1700-2000),稍,内枠(1-2),父系統,ネイティヴダンサー系,150,18,42,0.12,0.28,218.7,0.0,7.63,0.2017,0.0783,1.388,A,小倉ダ中距離(1700-2000)・稍・内枠(1-2)で父系統「ネイティヴダンサー系」は基準比リフト1.388
競馬場×距離帯×馬場×枠,小倉,小回り・機動型,芝,中距離(1700-2000),良,中枠(3-6),父,ハーツクライ,257,23,79,0.0895,0.3074,57.4,0.0,6.03,0.2218,0.0856,1.386,A,小倉芝中距離(1700-2000)・良・中枠(3-6)で父「ハーツクライ」は基準比リフト1.386
競馬場×距離帯×馬場×枠,小倉,小回り・機動型,芝,短距離(1000-1300),良,中枠(3-6),父,ダイワメジャー,211,13,57,0.0616,0.2701,58.3,0.0,6.74,0.1949,0.0752,1.386,A,小倉芝短距離(1000-1300)・良・中枠(3-6)で父「ダイワメジャー」は基準比リフト1.386
競馬場×距離帯×馬場×枠,東京,直線長め・持続型,芝,短中距離(1400-1600),良,中枠(3-6),父,ステイゴールド,164,14,46,0.0854,0.2805,190.3,0.0,7.95,0.2028,0.0777,1.383,A,東京芝短中距離(1400-1600)・良・中枠(3-6)で父「ステイゴールド」は基準比リフト1.383
競馬場×距離帯×馬場×枠,東京,直線長め・持続型,芝,短中距離(1400-1600),良,中枠(3-6),父,キングカメハメハ,300,38,84,0.1267,0.28,90.9,0.0,6.31,0.2028,0.0772,1.381,A,東京芝短中距離(1400-1600)・良・中枠(3-6)で父「キングカメハメハ」は基準比リフト1.381
競馬場×距離帯×馬場×枠,東京,直線長め・持続型,芝,中距離(1700-2000),良,中枠(3-6),父,ハーツクライ,406,38,132,0.0936,0.3251,74.9,0.0,6.08,0.237,0.0881,1.372,A,東京芝中距離(1700-2000)・良・中枠(3-6)で父「ハーツクライ」は基準比リフト1.372
競馬場×距離帯×馬場×枠,東京,直線長め・持続型,芝,短中距離(1400-1600),良,内枠(1-2),父,ダイワメジャー,178,17,50,0.0955,0.2809,66.1,0.0,6.02,0.2047,0.0762,1.372,A,東京芝短中距離(1400-1600)・良・内枠(1-2)で父「ダイワメジャー」は基準比リフト1.372
競馬場×距離帯×馬場×枠,京都,平坦・スピード型,ダ,中距離(1700-2000),良,外枠(7-8),父,キングカメハメハ,173,21,49,0.1214,0.2832,56.5,0.0,6.12,0.2066,0.0766,1.371,A,京都ダ中距離(1700-2000)・良・外枠(7-8)で父「キングカメハメハ」は基準比リフト1.371
競馬場×距離帯×馬場×枠,阪神,坂あり・パワー型,芝,中距離(1700-2000),良,中枠(3-6),母父,ディープインパクト,174,20,57,0.1149,0.3276,56.8,0.0,6.42,0.2399,0.0877,1.366,A,阪神芝中距離(1700-2000)・良・中枠(3-6)で母父「ディープインパクト」は基準比リフト1.366
競馬場×距離帯×馬場×枠,中京,直線長め・持続型,芝,短中距離(1400-1600),稍,中枠(3-6),父系統,父系統不明,163,20,47,0.1227,0.2883,86.5,0.0,6.8,0.211,0.0773,1.366,A,中京芝短中距離(1400-1600)・稍・中枠(3-6)で父系統「父系統不明」は基準比リフト1.366
競馬場×距離帯×馬場×枠,東京,直線長め・持続型,芝,短中距離(1400-1600),良,中枠(3-6),母父,サンデーサイレンス,697,79,193,0.1133,0.2769,103.9,0.0,7.38,0.2028,0.0741,1.365,A,東京芝短中距離(1400-1600)・良・中枠(3-6)で母父「サンデーサイレンス」は基準比リフト1.365
競馬場×距離帯×馬場×枠,中京,直線長め・持続型,芝,短中距離(1400-1600),良,中枠(3-6),父,ダイワメジャー,194,14,54,0.0722,0.2784,45.5,0.0,6.73,0.2051,0.0733,1.357,A,中京芝短中距離(1400-1600)・良・中枠(3-6)で父「ダイワメジャー」は基準比リフト1.357
競馬場×距離帯×馬場×枠,東京,直線長め・持続型,ダ,短中距離(1400-1600),良,内枠(1-2),父,ゴールドアリュール,189,23,43,0.1217,0.2275,77.5,0.0,7.11,0.1677,0.0598,1.357,A,東京ダ短中距離(1400-1600)・良・内枠(1-2)で父「ゴールドアリュール」は基準比リフト1.357
競馬場×距離帯×馬場×枠,中山,坂あり・パワー型,芝,中距離(1700-2000),良,外枠(7-8),父,ハーツクライ,192,18,54,0.0938,0.2812,88.9,0.0,6.49,0.2074,0.0738,1.356,A,中山芝中距離(1700-2000)・良・外枠(7-8)で父「ハーツクライ」は基準比リフト1.356
競馬場×距離帯×馬場×枠,阪神,坂あり・パワー型,芝,短中距離(1400-1600),良,中枠(3-6),父,ダイワメジャー,337,28,99,0.0831,0.2938,69.0,0.0,6.39,0.2169,0.0769,1.355,A,阪神芝短中距離(1400-1600)・良・中枠(3-6)で父「ダイワメジャー」は基準比リフト1.355
競馬場×距離帯×馬場×枠,阪神,坂あり・パワー型,ダ,中距離(1700-2000),良,中枠(3-6),父,キングカメハメハ,293,36,90,0.1229,0.3072,89.4,0.0,6.47,0.2273,0.0799,1.352,A,阪神ダ中距離(1700-2000)・良・中枠(3-6)で父「キングカメハメハ」は基準比リフト1.352
競馬場×距離帯×馬場×枠,阪神,坂あり・パワー型,ダ,中距離(1700-2000),良,中枠(3-6),母父,フレンチデピュティ,176,18,54,0.1023,0.3068,138.4,0.0,7.02,0.2273,0.0795,1.35,A,阪神ダ中距離(1700-2000)・良・中枠(3-6)で母父「フレンチデピュティ」は基準比リフト1.35
競馬場×距離帯×馬場×枠,東京,直線長め・持続型,ダ,短中距離(1400-1600),良,内枠(1-2),父,キングカメハメハ,164,11,37,0.0671,0.2256,52.1,0.0,6.63,0.1677,0.0579,1.345,A,東京ダ短中距離(1400-1600)・良・内枠(1-2)で父「キングカメハメハ」は基準比リフト1.345
競馬場×距離帯×馬場×枠,東京,直線長め・持続型,芝,短中距離(1400-1600),良,外枠(7-8),父,キングカメハメハ,191,12,51,0.0628,0.267,54.6,0.0,6.39,0.1988,0.0682,1.343,A,東京芝短中距離(1400-1600)・良・外枠(7-8)で父「キングカメハメハ」は基準比リフト1.343
競馬場×距離帯×馬場×枠,京都,平坦・スピード型,ダ,短中距離(1400-1600),良,中枠(3-6),父,クロフネ,183,15,49,0.082,0.2678,125.5,0.0,7.11,0.2,0.0678,1.339,A,京都ダ短中距離(1400-1600)・良・中枠(3-6)で父「クロフネ」は基準比リフト1.339
競馬場×距離帯×馬場×枠,中山,坂あり・パワー型,芝,短中距離(1400-1600),良,内枠(1-2),母父,サンデーサイレンス,156,18,50,0.1154,0.3205,98.4,0.0,7.06,0.2397,0.0808,1.337,A,中山芝短中距離(1400-1600)・良・内枠(1-2)で母父「サンデーサイレンス」は基準比リフト1.337
競馬場×距離帯×馬場×枠,小倉,小回り・機動型,芝,中距離(1700-2000),良,外枠(7-8),父,ハーツクライ,168,18,46,0.1071,0.2738,68.2,0.0,6.27,0.2048,0.069,1.337,A,小倉芝中距離(1700-2000)・良・外枠(7-8)で父「ハーツクライ」は基準比リフト1.337
競馬場×距離帯×馬場×枠,中山,坂あり・パワー型,ダ,中距離(1700-2000),良,中枠(3-6),母父,フレンチデピュティ,188,17,50,0.0904,0.266,32.6,0.0,7.15,0.199,0.067,1.337,A,中山ダ中距離(1700-2000)・良・中枠(3-6)で母父「フレンチデピュティ」は基準比リフト1.337
競馬場×距離帯×馬場×枠,京都,平坦・スピード型,芝,中距離(1700-2000),良,中枠(3-6),父,キングカメハメハ,254,25,83,0.0984,0.3268,36.3,0.0,5.8,0.2454,0.0814,1.332,A,京都芝中距離(1700-2000)・良・中枠(3-6)で父「キングカメハメハ」は基準比リフト1.332
競馬場×距離帯×馬場×枠,札幌,小回り・持続型,ダ,短距離(1000-1300),良,中枠(3-6),父系統,ネイティヴダンサー系,294,24,100,0.0816,0.3401,41.3,0.0,5.81,0.2558,0.0843,1.33,A,札幌ダ短距離(1000-1300)・良・中枠(3-6)で父系統「ネイティヴダンサー系」は基準比リフト1.33
競馬場×距離帯×馬場×枠,新潟,直線長め・平坦型,ダ,中距離(1700-2000),良,中枠(3-6),父,シンボリクリスエス,158,8,45,0.0506,0.2848,32.9,0.0,6.18,0.2144,0.0704,1.328,A,新潟ダ中距離(1700-2000)・良・中枠(3-6)で父「シンボリクリスエス」は基準比リフト1.328
競馬場×距離帯×馬場×枠,京都,平坦・スピード型,ダ,短距離(1000-1300),良,中枠(3-6),父,サウスヴィグラス,201,18,52,0.0896,0.2587,138.8,0.0,7.35,0.1949,0.0638,1.327,A,京都ダ短距離(1000-1300)・良・中枠(3-6)で父「サウスヴィグラス」は基準比リフト1.327
競馬場×距離帯×馬場×枠,中山,坂あり・パワー型,ダ,短距離(1000-1300),良,中枠(3-6),父,キンシャサノキセキ,188,14,48,0.0745,0.2553,85.6,0.0,7.22,0.1927,0.0626,1.325,A,中山ダ短距離(1000-1300)・良・中枠(3-6)で父「キンシャサノキセキ」は基準比リフト1.325
競馬場×距離帯×馬場×枠,小倉,小回り・機動型,芝,中距離(1700-2000),良,中枠(3-6),父,キングカメハメハ,184,25,54,0.1359,0.2935,101.7,0.0,6.24,0.2218,0.0717,1.323,A,小倉芝中距離(1700-2000)・良・中枠(3-6)で父「キングカメハメハ」は基準比リフト1.323
競馬場×距離帯×馬場×枠,阪神,坂あり・パワー型,ダ,短中距離(1400-1600),良,中枠(3-6),父系統,ナスルーラ系,346,26,93,0.0751,0.2688,57.6,0.0,7.36,0.2031,0.0657,1.323,A,阪神ダ短中距離(1400-1600)・良・中枠(3-6)で父系統「ナスルーラ系」は基準比リフト1.323
競馬場×距離帯×馬場×枠,福島,小回り・機動型,芝,長距離(2500以上),良,外枠(7-8),父系統,父系統不明,184,20,49,0.1087,0.2663,82.1,0.0,6.97,0.2014,0.0649,1.322,A,福島芝長距離(2500以上)・良・外枠(7-8)で父系統「父系統不明」は基準比リフト1.322
競馬場×距離帯×馬場×枠,京都,平坦・スピード型,ダ,短距離(1000-1300),重不良,中枠(3-6),父系統,ニアークティック系,167,15,46,0.0898,0.2754,144.1,0.0,7.72,0.2085,0.0669,1.321,A,京都ダ短距離(1000-1300)・重不良・中枠(3-6)で父系統「ニアークティック系」は基準比リフト1.321
競馬場×距離帯×馬場×枠,中山,坂あり・パワー型,芝,短中距離(1400-1600),良,中枠(3-6),父,ダイワメジャー,219,19,58,0.0868,0.2648,62.2,0.0,5.8,0.2014,0.0634,1.315,A,中山芝短中距離(1400-1600)・良・中枠(3-6)で父「ダイワメジャー」は基準比リフト1.315
競馬場×距離帯×馬場×枠,京都,平坦・スピード型,芝,中距離(1700-2000),良,中枠(3-6),父,マンハッタンカフェ,183,24,59,0.1311,0.3224,100.8,0.0,6.21,0.2454,0.077,1.314,A,京都芝中距離(1700-2000)・良・中枠(3-6)で父「マンハッタンカフェ」は基準比リフト1.314
競馬場×距離帯×馬場×枠,福島,小回り・機動型,ダ,中距離(1700-2000),稍,中枠(3-6),父系統,父系統不明,202,16,53,0.0792,0.2624,69.6,0.0,7.3,0.1998,0.0626,1.313,A,福島ダ中距離(1700-2000)・稍・中枠(3-6)で父系統「父系統不明」は基準比リフト1.313
競馬場×距離帯×馬場×枠,中山,坂あり・パワー型,ダ,中距離(1700-2000),稍,内枠(1-2),母父系統,ネイティヴダンサー系,316,22,76,0.0696,0.2405,101.0,0.0,7.76,0.1835,0.057,1.311,A,中山ダ中距離(1700-2000)・稍・内枠(1-2)で母父系統「ネイティヴダンサー系」は基準比リフト1.311
競馬場×距離帯×馬場×枠,中京,直線長め・持続型,芝,短距離(1000-1300),良,中枠(3-6),父系統,父系統不明,329,24,85,0.0729,0.2584,81.0,0.0,7.48,0.1973,0.0611,1.31,A,中京芝短距離(1000-1300)・良・中枠(3-6)で父系統「父系統不明」は基準比リフト1.31
競馬場×距離帯×馬場×枠,中山,坂あり・パワー型,芝,中距離(1700-2000),良,中枠(3-6),父,キングカメハメハ,247,21,70,0.085,0.2834,46.6,0.0,6.36,0.2165,0.0669,1.309,A,中山芝中距離(1700-2000)・良・中枠(3-6)で父「キングカメハメハ」は基準比リフト1.309
競馬場×距離帯×馬場×枠,小倉,小回り・機動型,芝,短距離(1000-1300),良,内枠(1-2),母父,サンデーサイレンス,161,13,40,0.0807,0.2484,74.0,0.0,7.2,0.1897,0.0587,1.309,A,小倉芝短距離(1000-1300)・良・内枠(1-2)で母父「サンデーサイレンス」は基準比リフト1.309
競馬場×距離帯×馬場×枠,小倉,小回り・機動型,芝,短距離(1000-1300),稍,中枠(3-6),母父系統,ナスルーラ系,151,10,38,0.0662,0.2517,60.1,0.0,8.72,0.1925,0.0592,1.308,A,小倉芝短距離(1000-1300)・稍・中枠(3-6)で母父系統「ナスルーラ系」は基準比リフト1.308
競馬場×距離帯×馬場×枠,中山,坂あり・パワー型,芝,中距離(1700-2000),良,外枠(7-8),父,ステイゴールド,166,19,45,0.1145,0.2711,77.8,0.0,7.34,0.2074,0.0637,1.307,A,中山芝中距離(1700-2000)・良・外枠(7-8)で父「ステイゴールド」は基準比リフト1.307
競馬場×距離帯×馬場×枠,小倉,小回り・機動型,芝,短距離(1000-1300),良,中枠(3-6),父,サクラバクシンオー,165,14,42,0.0848,0.2545,118.9,0.0,7.22,0.1949,0.0596,1.306,A,小倉芝短距離(1000-1300)・良・中枠(3-6)で父「サクラバクシンオー」は基準比リフト1.306
競馬場×距離帯×馬場×枠,中山,坂あり・パワー型,芝,長距離(2500以上),良,内枠(1-2),父系統,ロイヤルチャージャー系,225,23,67,0.1022,0.2978,60.4,0.0,6.62,0.2284,0.0694,1.304,A,中山芝長距離(2500以上)・良・内枠(1-2)で父系統「ロイヤルチャージャー系」は基準比リフト1.304
競馬場×距離帯×馬場×枠,中山,坂あり・パワー型,ダ,中距離(1700-2000),良,中枠(3-6),父,ネオユニヴァース,193,21,50,0.1088,0.2591,90.1,0.0,6.83,0.199,0.0601,1.302,A,中山ダ中距離(1700-2000)・良・中枠(3-6)で父「ネオユニヴァース」は基準比リフト1.302
競馬場×距離帯×馬場×枠,京都,平坦・スピード型,芝,短距離(1000-1300),良,外枠(7-8),父系統,父系統不明,159,16,36,0.1006,0.2264,85.9,0.0,8.0,0.1739,0.0525,1.302,A,京都芝短距離(1000-1300)・良・外枠(7-8)で父系統「父系統不明」は基準比リフト1.302
競馬場×距離帯×馬場×枠,阪神,坂あり・パワー型,ダ,中距離(1700-2000),重不良,中枠(3-6),父系統,父系統不明,247,30,72,0.1215,0.2915,84.5,0.0,6.71,0.2243,0.0672,1.3,A,阪神ダ中距離(1700-2000)・重不良・中枠(3-6)で父系統「父系統不明」は基準比リフト1.3
競馬場×距離帯×馬場×枠,京都,平坦・スピード型,ダ,中距離(1700-2000),良,中枠(3-6),父,マンハッタンカフェ,152,14,43,0.0921,0.2829,89.1,0.0,6.57,0.2181,0.0648,1.297,A,京都ダ中距離(1700-2000)・良・中枠(3-6)で父「マンハッタンカフェ」は基準比リフト1.297
競馬場×距離帯×馬場×枠,東京,直線長め・持続型,ダ,短中距離(1400-1600),良,中枠(3-6),父,キングカメハメハ,332,28,86,0.0843,0.259,67.0,0.0,7.03,0.1997,0.0593,1.297,A,東京ダ短中距離(1400-1600)・良・中枠(3-6)で父「キングカメハメハ」は基準比リフト1.297
競馬場×距離帯×馬場×枠,中山,坂あり・パワー型,ダ,短距離(1000-1300),良,外枠(7-8),父,サウスヴィグラス,190,11,50,0.0579,0.2632,25.6,0.0,7.23,0.2034,0.0598,1.294,A,中山ダ短距離(1000-1300)・良・外枠(7-8)で父「サウスヴィグラス」は基準比リフト1.294
競馬場×距離帯×馬場×枠,阪神,坂あり・パワー型,芝,中長距離(2100-2400),良,中枠(3-6),父,ディープインパクト,163,16,55,0.0982,0.3374,97.7,0.0,4.72,0.2609,0.0765,1.293,A,阪神芝中長距離(2100-2400)・良・中枠(3-6)で父「ディープインパクト」は基準比リフト1.293
競馬場×距離帯×馬場×枠,阪神,坂あり・パワー型,ダ,中距離(1700-2000),良,中枠(3-6),母父,クロフネ,225,27,66,0.12,0.2933,113.8,0.0,6.17,0.2273,0.066,1.29,A,阪神ダ中距離(1700-2000)・良・中枠(3-6)で母父「クロフネ」は基準比リフト1.29
競馬場×距離帯×馬場×枠,東京,直線長め・持続型,芝,短中距離(1400-1600),良,内枠(1-2),母父,サンデーサイレンス,303,20,80,0.066,0.264,44.8,0.0,7.5,0.2047,0.0593,1.29,A,東京芝短中距離(1400-1600)・良・内枠(1-2)で母父「サンデーサイレンス」は基準比リフト1.29
競馬場×距離帯×馬場×枠,京都,平坦・スピード型,芝,短中距離(1400-1600),稍,中枠(3-6),父系統,父系統不明,166,12,45,0.0723,0.2711,58.4,0.0,7.3,0.2103,0.0608,1.289,A,京都芝短中距離(1400-1600)・稍・中枠(3-6)で父系統「父系統不明」は基準比リフト1.289
競馬場×距離帯×馬場×枠,京都,平坦・スピード型,ダ,短中距離(1400-1600),良,内枠(1-2),父系統,父系統不明,247,22,66,0.0891,0.2672,56.8,0.0,7.73,0.2074,0.0598,1.288,A,京都ダ短中距離(1400-1600)・良・内枠(1-2)で父系統「父系統不明」は基準比リフト1.288
競馬場×距離帯×馬場×枠,阪神,坂あり・パワー型,ダ,中距離(1700-2000),良,外枠(7-8),母父,サンデーサイレンス,235,24,71,0.1021,0.3021,69.7,0.0,6.4,0.2351,0.067,1.285,A,阪神ダ中距離(1700-2000)・良・外枠(7-8)で母父「サンデーサイレンス」は基準比リフト1.285
競馬場×距離帯×馬場×枠,中山,坂あり・パワー型,芝,中距離(1700-2000),良,中枠(3-6),父,シンボリクリスエス,151,12,42,0.0795,0.2781,66.0,0.0,7.46,0.2165,0.0616,1.285,A,中山芝中距離(1700-2000)・良・中枠(3-6)で父「シンボリクリスエス」は基準比リフト1.285
競馬場×距離帯×馬場×枠,阪神,坂あり・パワー型,ダ,短中距離(1400-1600),重不良,中枠(3-6),父系統,父系統不明,193,14,44,0.0725,0.228,37.2,0.0,7.03,0.1774,0.0506,1.285,A,阪神ダ短中距離(1400-1600)・重不良・中枠(3-6)で父系統「父系統不明」は基準比リフト1.285
競馬場×距離帯×馬場×枠,小倉,小回り・機動型,ダ,短距離(1000-1300),稍,中枠(3-6),母父系統,ニアークティック系,253,27,67,0.1067,0.2648,199.0,0.0,6.89,0.2062,0.0586,1.284,A,小倉ダ短距離(1000-1300)・稍・中枠(3-6)で母父系統「ニアークティック系」は基準比リフト1.284
競馬場×距離帯×馬場×枠,小倉,小回り・機動型,ダ,中距離(1700-2000),稍,中枠(3-6),父系統,父系統不明,443,45,117,0.1016,0.2641,153.6,0.0,7.46,0.2059,0.0582,1.283,A,小倉ダ中距離(1700-2000)・稍・中枠(3-6)で父系統「父系統不明」は基準比リフト1.283
競馬場×距離帯×馬場×枠,中山,坂あり・パワー型,芝,中距離(1700-2000),良,中枠(3-6),母父系統,その他のエクリプス系,155,10,43,0.0645,0.2774,36.5,0.0,7.38,0.2165,0.0609,1.281,A,中山芝中距離(1700-2000)・良・中枠(3-6)で母父系統「その他のエクリプス系」は基準比リフト1.281
競馬場×距離帯×馬場×枠,東京,直線長め・持続型,ダ,短中距離(1400-1600),良,内枠(1-2),父,クロフネ,205,12,44,0.0585,0.2146,48.6,0.0,7.78,0.1677,0.0469,1.28,A,東京ダ短中距離(1400-1600)・良・内枠(1-2)で父「クロフネ」は基準比リフト1.28
競馬場×距離帯×馬場×枠,阪神,坂あり・パワー型,ダ,短距離(1000-1300),稍,内枠(1-2),母父系統,ネイティヴダンサー系,168,9,37,0.0536,0.2202,27.9,0.0,7.51,0.1721,0.0481,1.279,A,阪神ダ短距離(1000-1300)・稍・内枠(1-2)で母父系統「ネイティヴダンサー系」は基準比リフト1.279
競馬場×距離帯×馬場×枠,阪神,坂あり・パワー型,ダ,中距離(1700-2000),稍,中枠(3-6),父系統,父系統不明,550,46,147,0.0836,0.2673,79.1,0.0,6.98,0.2095,0.0578,1.276,A,阪神ダ中距離(1700-2000)・稍・中枠(3-6)で父系統「父系統不明」は基準比リフト1.276
競馬場×距離帯×馬場×枠,東京,直線長め・持続型,芝,中距離(1700-2000),良,中枠(3-6),父,キングカメハメハ,288,35,87,0.1215,0.3021,77.5,0.0,5.73,0.237,0.0651,1.275,A,東京芝中距離(1700-2000)・良・中枠(3-6)で父「キングカメハメハ」は基準比リフト1.275
競馬場×距離帯×馬場×枠,中山,坂あり・パワー型,ダ,中距離(1700-2000),良,中枠(3-6),父,クロフネ,296,30,75,0.1014,0.2534,97.4,0.0,6.41,0.199,0.0544,1.273,A,中山ダ中距離(1700-2000)・良・中枠(3-6)で父「クロフネ」は基準比リフト1.273
競馬場×距離帯×馬場×枠,小倉,小回り・機動型,芝,中距離(1700-2000),良,中枠(3-6),父,ハービンジャー,195,13,55,0.0667,0.2821,37.9,0.0,6.53,0.2218,0.0603,1.272,A,小倉芝中距離(1700-2000)・良・中枠(3-6)で父「ハービンジャー」は基準比リフト1.272
競馬場×距離帯×馬場×枠,中京,直線長め・持続型,ダ,短中距離(1400-1600),稍,中枠(3-6),父系統,父系統不明,217,12,53,0.0553,0.2442,89.4,0.0,7.59,0.1921,0.0521,1.271,A,中京ダ短中距離(1400-1600)・稍・中枠(3-6)で父系統「父系統不明」は基準比リフト1.271
競馬場×距離帯×馬場×枠,中山,坂あり・パワー型,芝,短中距離(1400-1600),良,外枠(7-8),母父,サンデーサイレンス,192,9,46,0.0469,0.2396,155.4,0.0,7.52,0.1887,0.0509,1.27,A,中山芝短中距離(1400-1600)・良・外枠(7-8)で母父「サンデーサイレンス」は基準比リフト1.27
競馬場×距離帯×馬場×枠,東京,直線長め・持続型,芝,短中距離(1400-1600),良,外枠(7-8),父,ダイワメジャー,242,21,61,0.0868,0.2521,56.4,0.0,6.56,0.1988,0.0533,1.268,A,東京芝短中距離(1400-1600)・良・外枠(7-8)で父「ダイワメジャー」は基準比リフト1.268
競馬場×距離帯×馬場×枠,中山,坂あり・パワー型,ダ,短距離(1000-1300),良,中枠(3-6),父,ゴールドアリュール,164,15,40,0.0915,0.2439,70.9,0.0,7.51,0.1927,0.0512,1.266,A,中山ダ短距離(1000-1300)・良・中枠(3-6)で父「ゴールドアリュール」は基準比リフト1.266
競馬場×距離帯×馬場×枠,阪神,坂あり・パワー型,ダ,短中距離(1400-1600),稍,外枠(7-8),母父系統,ネイティヴダンサー系,265,20,72,0.0755,0.2717,71.1,0.0,7.26,0.2147,0.057,1.265,A,阪神ダ短中距離(1400-1600)・稍・外枠(7-8)で母父系統「ネイティヴダンサー系」は基準比リフト1.265
競馬場×距離帯×馬場×枠,小倉,小回り・機動型,ダ,短距離(1000-1300),稍,中枠(3-6),父系統,父系統不明,188,20,49,0.1064,0.2606,69.5,0.0,6.76,0.2062,0.0544,1.264,A,小倉ダ短距離(1000-1300)・稍・中枠(3-6)で父系統「父系統不明」は基準比リフト1.264
競馬場×距離帯×馬場×枠,阪神,坂あり・パワー型,ダ,短距離(1000-1300),重不良,中枠(3-6),父系統,父系統不明,152,12,39,0.0789,0.2566,88.9,0.0,7.74,0.203,0.0536,1.264,A,阪神ダ短距離(1000-1300)・重不良・中枠(3-6)で父系統「父系統不明」は基準比リフト1.264
競馬場×距離帯×馬場×枠,中山,坂あり・パワー型,ダ,中距離(1700-2000),稍,内枠(1-2),父系統,ネイティヴダンサー系,233,20,54,0.0858,0.2318,179.6,0.0,7.68,0.1835,0.0483,1.263,A,中山ダ中距離(1700-2000)・稍・内枠(1-2)で父系統「ネイティヴダンサー系」は基準比リフト1.263
競馬場×距離帯×馬場×枠,新潟,直線長め・平坦型,芝,中距離(1700-2000),良,中枠(3-6),父,ハーツクライ,219,14,60,0.0639,0.274,31.4,0.0,6.2,0.2171,0.0569,1.262,A,新潟芝中距離(1700-2000)・良・中枠(3-6)で父「ハーツクライ」は基準比リフト1.262
競馬場×距離帯×馬場×枠,東京,直線長め・持続型,芝,短中距離(1400-1600),稍,外枠(7-8),父系統,父系統不明,214,19,56,0.0888,0.2617,108.1,0.0,7.37,0.2077,0.054,1.26,A,東京芝短中距離(1400-1600)・稍・外枠(7-8)で父系統「父系統不明」は基準比リフト1.26
競馬場×距離帯×馬場×枠,東京,直線長め・持続型,芝,短中距離(1400-1600),良,中枠(3-6),母父,フレンチデピュティ,188,18,48,0.0957,0.2553,119.4,0.0,7.29,0.2028,0.0525,1.259,A,東京芝短中距離(1400-1600)・良・中枠(3-6)で母父「フレンチデピュティ」は基準比リフト1.259
競馬場×距離帯×馬場×枠,阪神,坂あり・パワー型,芝,中距離(1700-2000),良,中枠(3-6),父,ハービンジャー,222,18,67,0.0811,0.3018,44.5,0.0,6.41,0.2399,0.0619,1.258,A,阪神芝中距離(1700-2000)・良・中枠(3-6)で父「ハービンジャー」は基準比リフト1.258
競馬場×距離帯×馬場×枠,阪神,坂あり・パワー型,ダ,短中距離(1400-1600),稍,内枠(1-2),母父系統,ネイティヴダンサー系,233,18,54,0.0773,0.2318,88.3,0.0,7.94,0.1843,0.0475,1.258,A,阪神ダ短中距離(1400-1600)・稍・内枠(1-2)で母父系統「ネイティヴダンサー系」は基準比リフト1.258
競馬場×距離帯×馬場×枠,阪神,坂あり・パワー型,芝,短中距離(1400-1600),良,内枠(1-2),父,ディープインパクト,200,19,56,0.095,0.28,29.4,0.0,5.19,0.2227,0.0573,1.257,A,阪神芝短中距離(1400-1600)・良・内枠(1-2)で父「ディープインパクト」は基準比リフト1.257
競馬場×距離帯×馬場×枠,京都,平坦・スピード型,芝,短中距離(1400-1600),良,外枠(7-8),父,ダイワメジャー,161,10,39,0.0621,0.2422,44.5,0.0,6.22,0.1935,0.0487,1.252,A,京都芝短中距離(1400-1600)・良・外枠(7-8)で父「ダイワメジャー」は基準比リフト1.252
競馬場×距離帯×馬場×枠,京都,平坦・スピード型,ダ,中距離(1700-2000),稍,外枠(7-8),母父系統,ネイティヴダンサー系,259,24,73,0.0927,0.2819,198.5,0.0,7.3,0.2257,0.0562,1.249,A,京都ダ中距離(1700-2000)・稍・外枠(7-8)で母父系統「ネイティヴダンサー系」は基準比リフト1.249
競馬場×距離帯×馬場×枠,阪神,坂あり・パワー型,ダ,短距離(1000-1300),良,中枠(3-6),父,サウスヴィグラス,162,12,42,0.0741,0.2593,176.1,0.0,7.04,0.2076,0.0517,1.249,A,阪神ダ短距離(1000-1300)・良・中枠(3-6)で父「サウスヴィグラス」は基準比リフト1.249
競馬場×距離帯×馬場×枠,東京,直線長め・持続型,ダ,短中距離(1400-1600),良,中枠(3-6),母父,フジキセキ,433,39,108,0.0901,0.2494,116.1,0.0,7.98,0.1997,0.0497,1.249,A,東京ダ短中距離(1400-1600)・良・中枠(3-6)で母父「フジキセキ」は基準比リフト1.249
競馬場×距離帯×馬場×枠,京都,平坦・スピード型,芝,短中距離(1400-1600),良,外枠(7-8),母父,サンデーサイレンス,340,32,82,0.0941,0.2412,57.9,0.0,7.26,0.1935,0.0477,1.247,A,京都芝短中距離(1400-1600)・良・外枠(7-8)で母父「サンデーサイレンス」は基準比リフト1.247
競馬場×距離帯×馬場×枠,京都,平坦・スピード型,ダ,短距離(1000-1300),良,外枠(7-8),父系統,ナスルーラ系,224,20,57,0.0893,0.2545,72.4,0.0,7.65,0.2043,0.0502,1.246,A,京都ダ短距離(1000-1300)・良・外枠(7-8)で父系統「ナスルーラ系」は基準比リフト1.246
競馬場×距離帯×馬場×枠,東京,直線長め・持続型,ダ,短中距離(1400-1600),良,中枠(3-6),母父,アフリート,229,15,57,0.0655,0.2489,51.6,0.0,7.89,0.1997,0.0492,1.246,A,東京ダ短中距離(1400-1600)・良・中枠(3-6)で母父「アフリート」は基準比リフト1.246
競馬場×距離帯×馬場×枠,東京,直線長め・持続型,ダ,短中距離(1400-1600),良,中枠(3-6),母父,フレンチデピュティ,338,23,84,0.068,0.2485,42.0,0.0,7.79,0.1997,0.0488,1.244,A,東京ダ短中距離(1400-1600)・良・中枠(3-6)で母父「フレンチデピュティ」は基準比リフト1.244
競馬場×距離帯×馬場×枠,函館,小回り・持続型,芝,中距離(1700-2000),良,中枠(3-6),父,ディープインパクト,168,15,50,0.0893,0.2976,49.2,0.0,5.57,0.2397,0.0579,1.242,A,函館芝中距離(1700-2000)・良・中枠(3-6)で父「ディープインパクト」は基準比リフト1.242
競馬場×距離帯×馬場×枠,阪神,坂あり・パワー型,芝,短中距離(1400-1600),良,中枠(3-6),父,キングカメハメハ,245,24,66,0.098,0.2694,77.6,0.0,7.02,0.2169,0.0525,1.242,A,阪神芝短中距離(1400-1600)・良・中枠(3-6)で父「キングカメハメハ」は基準比リフト1.242
競馬場×距離帯×馬場×枠,阪神,坂あり・パワー型,ダ,中距離(1700-2000),稍,内枠(1-2),父系統,ネイティヴダンサー系,237,23,67,0.097,0.2827,163.4,0.0,7.27,0.2278,0.0549,1.241,A,阪神ダ中距離(1700-2000)・稍・内枠(1-2)で父系統「ネイティヴダンサー系」は基準比リフト1.241
競馬場×距離帯×馬場×枠,東京,直線長め・持続型,芝,短中距離(1400-1600),良,中枠(3-6),父,シンボリクリスエス,159,15,40,0.0943,0.2516,120.4,0.0,7.37,0.2028,0.0488,1.241,A,東京芝短中距離(1400-1600)・良・中枠(3-6)で父「シンボリクリスエス」は基準比リフト1.241
競馬場×距離帯×馬場×枠,新潟,直線長め・平坦型,ダ,中距離(1700-2000),良,内枠(1-2),母父系統,ナスルーラ系,187,23,47,0.123,0.2513,259.0,0.0,7.44,0.2028,0.0485,1.239,A,新潟ダ中距離(1700-2000)・良・内枠(1-2)で母父系統「ナスルーラ系」は基準比リフト1.239
競馬場×距離帯×馬場×枠,中山,坂あり・パワー型,ダ,中距離(1700-2000),不,中枠(3-6),父系統,ネイティヴダンサー系,208,27,50,0.1298,0.2404,178.8,0.0,7.93,0.1941,0.0463,1.239,A,中山ダ中距離(1700-2000)・不・中枠(3-6)で父系統「ネイティヴダンサー系」は基準比リフト1.239
競馬場×距離帯×馬場×枠,阪神,坂あり・パワー型,芝,短距離(1000-1300),良,外枠(7-8),父系統,ネイティヴダンサー系,175,17,42,0.0971,0.24,75.1,0.0,7.42,0.1938,0.0462,1.238,A,阪神芝短距離(1000-1300)・良・外枠(7-8)で父系統「ネイティヴダンサー系」は基準比リフト1.238
競馬場×距離帯×馬場×枠,京都,平坦・スピード型,ダ,中距離(1700-2000),良,中枠(3-6),父,ネオユニヴァース,167,13,45,0.0778,0.2695,142.8,0.0,6.38,0.2181,0.0514,1.236,A,京都ダ中距離(1700-2000)・良・中枠(3-6)で父「ネオユニヴァース」は基準比リフト1.236
競馬場×距離帯×馬場×枠,阪神,坂あり・パワー型,芝,短中距離(1400-1600),良,中枠(3-6),父,ロードカナロア,209,25,56,0.1196,0.2679,73.5,0.0,6.67,0.2169,0.051,1.235,A,阪神芝短中距離(1400-1600)・良・中枠(3-6)で父「ロードカナロア」は基準比リフト1.235
競馬場×距離帯×馬場×枠,京都,平坦・スピード型,ダ,短中距離(1400-1600),良,中枠(3-6),父,ゴールドアリュール,150,11,37,0.0733,0.2467,96.5,0.0,6.91,0.2,0.0467,1.234,A,京都ダ短中距離(1400-1600)・良・中枠(3-6)で父「ゴールドアリュール」は基準比リフト1.234
競馬場×距離帯×馬場×枠,東京,直線長め・持続型,芝,短中距離(1400-1600),良,中枠(3-6),母父,キングカメハメハ,208,16,52,0.0769,0.25,64.1,0.0,7.07,0.2028,0.0472,1.233,A,東京芝短中距離(1400-1600)・良・中枠(3-6)で母父「キングカメハメハ」は基準比リフト1.233
競馬場×距離帯×馬場×枠,阪神,坂あり・パワー型,芝,短中距離(1400-1600),良,外枠(7-8),父,ダイワメジャー,200,14,47,0.07,0.235,91.2,0.0,7.27,0.1907,0.0443,1.232,A,阪神芝短中距離(1400-1600)・良・外枠(7-8)で父「ダイワメジャー」は基準比リフト1.232
競馬場×距離帯×馬場×枠,東京,直線長め・持続型,芝,中長距離(2100-2400),良,外枠(7-8),父系統,父系統不明,273,22,76,0.0806,0.2784,47.0,0.0,7.29,0.2262,0.0522,1.231,A,東京芝中長距離(2100-2400)・良・外枠(7-8)で父系統「父系統不明」は基準比リフト1.231
競馬場×距離帯×馬場×枠,中山,坂あり・パワー型,芝,短距離(1000-1300),良,内枠(1-2),父系統,父系統不明,228,27,60,0.1184,0.2632,173.1,0.0,7.19,0.2138,0.0494,1.231,A,中山芝短距離(1000-1300)・良・内枠(1-2)で父系統「父系統不明」は基準比リフト1.231
競馬場×距離帯×馬場×枠,中山,坂あり・パワー型,芝,中長距離(2100-2400),良,外枠(7-8),母父系統,ニアークティック系,228,14,60,0.0614,0.2632,62.4,0.0,7.99,0.2138,0.0494,1.231,A,中山芝中長距離(2100-2400)・良・外枠(7-8)で母父系統「ニアークティック系」は基準比リフト1.231
競馬場×距離帯×馬場×枠,小倉,小回り・機動型,芝,短距離(1000-1300),良,中枠(3-6),母父,サンデーサイレンス,325,29,78,0.0892,0.24,127.2,0.0,8.06,0.1949,0.0451,1.231,A,小倉芝短距離(1000-1300)・良・中枠(3-6)で母父「サンデーサイレンス」は基準比リフト1.231
競馬場×距離帯×馬場×枠,新潟,直線長め・平坦型,ダ,短距離(1000-1300),重不良,中枠(3-6),父系統,父系統不明,178,13,43,0.073,0.2416,32.4,0.0,7.62,0.1964,0.0452,1.23,A,新潟ダ短距離(1000-1300)・重不良・中枠(3-6)で父系統「父系統不明」は基準比リフト1.23
競馬場×距離帯×馬場×枠,中山,坂あり・パワー型,ダ,短距離(1000-1300),良,内枠(1-2),父,サウスヴィグラス,161,13,35,0.0807,0.2174,72.7,0.0,7.49,0.1768,0.0406,1.23,A,中山ダ短距離(1000-1300)・良・内枠(1-2)で父「サウスヴィグラス」は基準比リフト1.23
競馬場×距離帯×馬場×枠,札幌,小回り・持続型,芝,短中距離(1400-1600),良,外枠(7-8),母父系統,ニアークティック系,251,25,67,0.0996,0.2669,79.9,0.0,6.92,0.2171,0.0498,1.229,A,札幌芝短中距離(1400-1600)・良・外枠(7-8)で母父系統「ニアークティック系」は基準比リフト1.229
競馬場×距離帯×馬場×枠,中京,直線長め・持続型,芝,中距離(1700-2000),良,外枠(7-8),母父系統,ネイティヴダンサー系,435,38,105,0.0874,0.2414,88.8,0.0,8.06,0.1964,0.045,1.229,A,中京芝中距離(1700-2000)・良・外枠(7-8)で母父系統「ネイティヴダンサー系」は基準比リフト1.229
競馬場×距離帯×馬場×枠,新潟,直線長め・平坦型,ダ,短距離(1000-1300),良,内枠(1-2),母父系統,ナスルーラ系,194,17,42,0.0876,0.2165,48.3,0.0,7.89,0.1762,0.0403,1.229,A,新潟ダ短距離(1000-1300)・良・内枠(1-2)で母父系統「ナスルーラ系」は基準比リフト1.229
競馬場×距離帯×馬場×枠,京都,平坦・スピード型,芝,短中距離(1400-1600),良,中枠(3-6),父,ダイワメジャー,297,30,78,0.101,0.2626,92.1,0.0,6.54,0.2142,0.0484,1.226,A,京都芝短中距離(1400-1600)・良・中枠(3-6)で父「ダイワメジャー」は基準比リフト1.226
競馬場×距離帯×馬場×枠,京都,平坦・スピード型,ダ,長距離(2500以上),良,中枠(3-6),父系統,ロイヤルチャージャー系,511,55,145,0.1076,0.2838,94.9,0.0,6.51,0.2316,0.0522,1.225,A,京都ダ長距離(2500以上)・良・中枠(3-6)で父系統「ロイヤルチャージャー系」は基準比リフト1.225
競馬場×距離帯×馬場×枠,中京,直線長め・持続型,芝,長距離(2500以上),良,中枠(3-6),父系統,ニアークティック系,179,20,48,0.1117,0.2682,78.4,0.0,7.17,0.219,0.0492,1.225,A,中京芝長距離(2500以上)・良・中枠(3-6)で父系統「ニアークティック系」は基準比リフト1.225
競馬場×距離帯×馬場×枠,東京,直線長め・持続型,ダ,短中距離(1400-1600),良,外枠(7-8),母父,サンデーサイレンス,362,28,96,0.0773,0.2652,59.0,0.0,7.42,0.2165,0.0487,1.225,A,東京ダ短中距離(1400-1600)・良・外枠(7-8)で母父「サンデーサイレンス」は基準比リフト1.225
競馬場×距離帯×馬場×枠,京都,平坦・スピード型,ダ,中距離(1700-2000),良,外枠(7-8),父,クロフネ,162,19,41,0.1173,0.2531,70.0,0.0,6.58,0.2066,0.0465,1.225,A,京都ダ中距離(1700-2000)・良・外枠(7-8)で父「クロフネ」は基準比リフト1.225
競馬場×距離帯×馬場×枠,函館,小回り・持続型,芝,短距離(1000-1300),良,外枠(7-8),父系統,ニアークティック系,284,25,73,0.088,0.257,38.3,0.0,6.95,0.21,0.047,1.224,A,函館芝短距離(1000-1300)・良・外枠(7-8)で父系統「ニアークティック系」は基準比リフト1.224
競馬場×距離帯×馬場×枠,中山,坂あり・パワー型,ダ,短距離(1000-1300),良,中枠(3-6),母父,フレンチデピュティ,195,14,46,0.0718,0.2359,113.9,0.0,7.92,0.1927,0.0432,1.224,A,中山ダ短距離(1000-1300)・良・中枠(3-6)で母父「フレンチデピュティ」は基準比リフト1.224
競馬場×距離帯×馬場×枠,新潟,直線長め・平坦型,芝,中長距離(2100-2400),良,内枠(1-2),父系統,ロイヤルチャージャー系,305,28,85,0.0918,0.2787,107.0,0.0,7.31,0.2278,0.0509,1.223,A,新潟芝中長距離(2100-2400)・良・内枠(1-2)で父系統「ロイヤルチャージャー系」は基準比リフト1.223
競馬場×距離帯×馬場×枠,中山,坂あり・パワー型,芝,中距離(1700-2000),良,中枠(3-6),母父,アグネスタキオン,204,18,54,0.0882,0.2647,60.4,0.0,7.34,0.2165,0.0482,1.223,A,中山芝中距離(1700-2000)・良・中枠(3-6)で母父「アグネスタキオン」は基準比リフト1.223
競馬場×距離帯×馬場×枠,中京,直線長め・持続型,芝,短中距離(1400-1600),良,内枠(1-2),父系統,父系統不明,520,41,133,0.0788,0.2558,99.8,0.0,7.26,0.2091,0.0467,1.223,A,中京芝短中距離(1400-1600)・良・内枠(1-2)で父系統「父系統不明」は基準比リフト1.223
競馬場×距離帯×馬場×枠,阪神,坂あり・パワー型,ダ,長距離(2500以上),良,外枠(7-8),母父系統,ロイヤルチャージャー系,152,19,49,0.125,0.3224,166.2,0.0,6.38,0.2639,0.0585,1.222,A,阪神ダ長距離(2500以上)・良・外枠(7-8)で母父系統「ロイヤルチャージャー系」は基準比リフト1.222
競馬場×距離帯×馬場×枠,阪神,坂あり・パワー型,ダ,短中距離(1400-1600),不,中枠(3-6),母父系統,ニアークティック系,187,14,51,0.0749,0.2727,72.4,0.0,7.54,0.2231,0.0496,1.222,A,阪神ダ短中距離(1400-1600)・不・中枠(3-6)で母父系統「ニアークティック系」は基準比リフト1.222
競馬場×距離帯×馬場×枠,中京,直線長め・持続型,芝,短中距離(1400-1600),稍,内枠(1-2),父系統,ロイヤルチャージャー系,170,11,39,0.0647,0.2294,34.9,0.0,8.06,0.1877,0.0417,1.222,A,中京芝短中距離(1400-1600)・稍・内枠(1-2)で父系統「ロイヤルチャージャー系」は基準比リフト1.222
競馬場×距離帯×馬場×枠,福島,小回り・機動型,ダ,中距離(1700-2000),稍,中枠(3-6),母父系統,ニアークティック系,332,28,81,0.0843,0.244,78.7,0.0,7.6,0.1998,0.0442,1.221,A,福島ダ中距離(1700-2000)・稍・中枠(3-6)で母父系統「ニアークティック系」は基準比リフト1.221
競馬場×距離帯×馬場×枠,京都,平坦・スピード型,ダ,短中距離(1400-1600),良,外枠(7-8),父系統,父系統不明,312,23,74,0.0737,0.2372,56.5,0.0,7.34,0.1942,0.043,1.221,A,京都ダ短中距離(1400-1600)・良・外枠(7-8)で父系統「父系統不明」は基準比リフト1.221
競馬場×距離帯×馬場×枠,東京,直線長め・持続型,ダ,短中距離(1400-1600),重不良,外枠(7-8),父系統,ニアークティック系,192,18,53,0.0938,0.276,252.4,0.0,8.04,0.2265,0.0495,1.219,A,東京ダ短中距離(1400-1600)・重不良・外枠(7-8)で父系統「ニアークティック系」は基準比リフト1.219
競馬場×距離帯×馬場×枠,小倉,小回り・機動型,芝,中距離(1700-2000),良,内枠(1-2),母父,サンデーサイレンス,199,21,54,0.1055,0.2714,100.5,0.0,7.15,0.2226,0.0488,1.219,A,小倉芝中距離(1700-2000)・良・内枠(1-2)で母父「サンデーサイレンス」は基準比リフト1.219
競馬場×距離帯×馬場×枠,京都,平坦・スピード型,芝,短距離(1000-1300),良,中枠(3-6),父系統,ニアークティック系,366,24,92,0.0656,0.2514,52.9,0.0,8.25,0.2064,0.045,1.218,A,京都芝短距離(1000-1300)・良・中枠(3-6)で父系統「ニアークティック系」は基準比リフト1.218
競馬場×距離帯×馬場×枠,福島,小回り・機動型,ダ,中距離(1700-2000),良,内枠(1-2),父系統,ネイティヴダンサー系,310,26,80,0.0839,0.2581,57.3,0.0,7.28,0.2121,0.046,1.217,A,福島ダ中距離(1700-2000)・良・内枠(1-2)で父系統「ネイティヴダンサー系」は基準比リフト1.217
競馬場×距離帯×馬場×枠,東京,直線長め・持続型,ダ,短中距離(1400-1600),稍,内枠(1-2),父系統,父系統不明,465,38,99,0.0817,0.2129,69.4,0.0,7.78,0.1751,0.0378,1.216,A,東京ダ短中距離(1400-1600)・稍・内枠(1-2)で父系統「父系統不明」は基準比リフト1.216
競馬場×距離帯×馬場×枠,札幌,小回り・持続型,芝,短中距離(1400-1600),良,内枠(1-2),父系統,ロイヤルチャージャー系,180,25,61,0.1389,0.3389,68.7,0.0,5.83,0.279,0.0599,1.215,A,札幌芝短中距離(1400-1600)・良・内枠(1-2)で父系統「ロイヤルチャージャー系」は基準比リフト1.215
競馬場×距離帯×馬場×枠,中山,坂あり・パワー型,芝,中距離(1700-2000),良,内枠(1-2),母父,サンデーサイレンス,193,22,52,0.114,0.2694,60.9,0.0,6.77,0.2217,0.0477,1.215,A,中山芝中距離(1700-2000)・良・内枠(1-2)で母父「サンデーサイレンス」は基準比リフト1.215
競馬場×距離帯×馬場×枠,阪神,坂あり・パワー型,ダ,短中距離(1400-1600),稍,内枠(1-2),父系統,ネイティヴダンサー系,192,14,43,0.0729,0.224,88.1,0.0,8.06,0.1843,0.0397,1.215,A,阪神ダ短中距離(1400-1600)・稍・内枠(1-2)で父系統「ネイティヴダンサー系」は基準比リフト1.215
競馬場×距離帯×馬場×枠,東京,直線長め・持続型,ダ,中長距離(2100-2400),良,中枠(3-6),母父,サンデーサイレンス,201,14,54,0.0697,0.2687,33.5,0.0,7.63,0.2214,0.0473,1.214,A,東京ダ中長距離(2100-2400)・良・中枠(3-6)で母父「サンデーサイレンス」は基準比リフト1.214
競馬場×距離帯×馬場×枠,阪神,坂あり・パワー型,ダ,中距離(1700-2000),重不良,内枠(1-2),父系統,ネイティヴダンサー系,152,13,37,0.0855,0.2434,105.3,0.0,7.86,0.2005,0.0429,1.214,A,阪神ダ中距離(1700-2000)・重不良・内枠(1-2)で父系統「ネイティヴダンサー系」は基準比リフト1.214
競馬場×距離帯×馬場×枠,中京,直線長め・持続型,芝,中距離(1700-2000),稍,外枠(7-8),父系統,ロイヤルチャージャー系,155,13,39,0.0839,0.2516,48.8,0.0,7.32,0.2075,0.0441,1.213,A,中京芝中距離(1700-2000)・稍・外枠(7-8)で父系統「ロイヤルチャージャー系」は基準比リフト1.213
競馬場×距離帯×馬場×枠,阪神,坂あり・パワー型,芝,中距離(1700-2000),良,外枠(7-8),父,ハーツクライ,223,15,63,0.0673,0.2825,45.1,0.0,6.38,0.2332,0.0493,1.211,A,阪神芝中距離(1700-2000)・良・外枠(7-8)で父「ハーツクライ」は基準比リフト1.211
競馬場×距離帯×馬場×枠,中山,坂あり・パワー型,芝,中距離(1700-2000),良,中枠(3-6),父,ハービンジャー,206,19,54,0.0922,0.2621,77.5,0.0,6.5,0.2165,0.0456,1.211,A,中山芝中距離(1700-2000)・良・中枠(3-6)で父「ハービンジャー」は基準比リフト1.211
競馬場×距離帯×馬場×枠,中山,坂あり・パワー型,ダ,短距離(1000-1300),重不良,中枠(3-6),父系統,父系統不明,293,23,68,0.0785,0.2321,72.0,0.0,8.31,0.1917,0.0404,1.211,A,中山ダ短距離(1000-1300)・重不良・中枠(3-6)で父系統「父系統不明」は基準比リフト1.211
競馬場×距離帯×馬場×枠,新潟,直線長め・平坦型,芝,短中距離(1400-1600),稍,外枠(7-8),父系統,ロイヤルチャージャー系,218,25,55,0.1147,0.2523,152.4,0.0,8.3,0.2086,0.0437,1.209,A,新潟芝短中距離(1400-1600)・稍・外枠(7-8)で父系統「ロイヤルチャージャー系」は基準比リフト1.209
競馬場×距離帯×馬場×枠,中京,直線長め・持続型,ダ,中距離(1700-2000),不,中枠(3-6),父系統,父系統不明,191,17,53,0.089,0.2775,90.3,0.0,6.99,0.2298,0.0477,1.208,A,中京ダ中距離(1700-2000)・不・中枠(3-6)で父系統「父系統不明」は基準比リフト1.208
競馬場×距離帯×馬場×枠,東京,直線長め・持続型,ダ,短中距離(1400-1600),良,外枠(7-8),父系統,ナスルーラ系,608,60,159,0.0987,0.2615,100.0,0.0,7.84,0.2165,0.045,1.208,A,東京ダ短中距離(1400-1600)・良・外枠(7-8)で父系統「ナスルーラ系」は基準比リフト1.208
競馬場×距離帯×馬場×枠,中山,坂あり・パワー型,ダ,短距離(1000-1300),稍,外枠(7-8),母父系統,ナスルーラ系,158,12,43,0.0759,0.2722,65.7,0.0,7.38,0.2257,0.0465,1.206,A,中山ダ短距離(1000-1300)・稍・外枠(7-8)で母父系統「ナスルーラ系」は基準比リフト1.206
競馬場×距離帯×馬場×枠,京都,平坦・スピード型,芝,中距離(1700-2000),良,外枠(7-8),母父,サンデーサイレンス,308,34,84,0.1104,0.2727,83.3,0.0,6.36,0.2263,0.0464,1.205,A,京都芝中距離(1700-2000)・良・外枠(7-8)で母父「サンデーサイレンス」は基準比リフト1.205
競馬場×距離帯×馬場×枠,小倉,小回り・機動型,ダ,中距離(1700-2000),良,外枠(7-8),父系統,ネイティヴダンサー系,450,35,107,0.0778,0.2378,158.2,0.0,8.02,0.1974,0.0404,1.205,A,小倉ダ中距離(1700-2000)・良・外枠(7-8)で父系統「ネイティヴダンサー系」は基準比リフト1.205
競馬場×距離帯×馬場×枠,福島,小回り・機動型,芝,長距離(2500以上),良,内枠(1-2),母父系統,ニアークティック系,241,30,73,0.1245,0.3029,113.0,0.0,6.79,0.2516,0.0513,1.204,A,福島芝長距離(2500以上)・良・内枠(1-2)で母父系統「ニアークティック系」は基準比リフト1.204
競馬場×距離帯×馬場×枠,中京,直線長め・持続型,芝,中長距離(2100-2400),良,中枠(3-6),父系統,父系統不明,191,17,53,0.089,0.2775,76.7,0.0,6.78,0.2304,0.0471,1.204,A,中京芝中長距離(2100-2400)・良・中枠(3-6)で父系統「父系統不明」は基準比リフト1.204
競馬場×距離帯×馬場×枠,東京,直線長め・持続型,ダ,短距離(1000-1300),良,外枠(7-8),父系統,ネイティヴダンサー系,249,19,53,0.0763,0.2129,58.4,0.0,8.03,0.1768,0.0361,1.204,A,東京ダ短距離(1000-1300)・良・外枠(7-8)で父系統「ネイティヴダンサー系」は基準比リフト1.204
競馬場×距離帯×馬場×枠,中山,坂あり・パワー型,芝,短中距離(1400-1600),良,中枠(3-6),母父,サンデーサイレンス,343,26,83,0.0758,0.242,77.8,0.0,7.0,0.2014,0.0406,1.202,A,中山芝短中距離(1400-1600)・良・中枠(3-6)で母父「サンデーサイレンス」は基準比リフト1.202
競馬場×距離帯×馬場×枠,阪神,坂あり・パワー型,芝,短中距離(1400-1600),良,内枠(1-2),父系統,父系統不明,718,52,192,0.0724,0.2674,84.4,0.0,7.45,0.2227,0.0447,1.201,A,阪神芝短中距離(1400-1600)・良・内枠(1-2)で父系統「父系統不明」は基準比リフト1.201
競馬場×距離帯×馬場×枠,東京,直線長め・持続型,芝,短中距離(1400-1600),良,外枠(7-8),母父,サンデーサイレンス,448,29,107,0.0647,0.2388,58.6,0.0,7.44,0.1988,0.04,1.201,A,東京芝短中距離(1400-1600)・良・外枠(7-8)で母父「サンデーサイレンス」は基準比リフト1.201
競馬場×距離帯×馬場×枠,函館,小回り・持続型,ダ,短距離(1000-1300),良,中枠(3-6),父系統,ネイティヴダンサー系,307,28,95,0.0912,0.3094,78.5,0.0,5.82,0.2579,0.0515,1.2,A,函館ダ短距離(1000-1300)・良・中枠(3-6)で父系統「ネイティヴダンサー系」は基準比リフト1.2
競馬場×距離帯×馬場×枠,京都,平坦・スピード型,ダ,中距離(1700-2000),稍,内枠(1-2),父系統,ネイティヴダンサー系,178,21,48,0.118,0.2697,84.0,0.0,7.27,0.2248,0.0449,1.2,A,京都ダ中距離(1700-2000)・稍・内枠(1-2)で父系統「ネイティヴダンサー系」は基準比リフト1.2
競馬場×距離帯×馬場×枠,東京,直線長め・持続型,芝,短中距離(1400-1600),稍,内枠(1-2),母父系統,ニアークティック系,210,15,52,0.0714,0.2476,53.0,0.0,7.66,0.2063,0.0413,1.2,A,東京芝短中距離(1400-1600)・稍・内枠(1-2)で母父系統「ニアークティック系」は基準比リフト1.2
競馬場×距離帯×馬場×枠,京都,平坦・スピード型,ダ,短中距離(1400-1600),良,中枠(3-6),母父,ブライアンズタイム,150,11,36,0.0733,0.24,51.9,0.0,8.17,0.2,0.04,1.2,A,京都ダ短中距離(1400-1600)・良・中枠(3-6)で母父「ブライアンズタイム」は基準比リフト1.2
競馬場×距離帯×馬場×枠,小倉,小回り・機動型,芝,短距離(1000-1300),稍,外枠(7-8),父系統,父系統不明,263,23,58,0.0875,0.2205,89.8,0.0,8.65,0.1838,0.0367,1.2,A,小倉芝短距離(1000-1300)・稍・外枠(7-8)で父系統「父系統不明」は基準比リフト1.2
競馬場×距離帯×馬場×枠,東京,直線長め・持続型,ダ,短中距離(1400-1600),良,内枠(1-2),母父,ブライアンズタイム,199,14,40,0.0704,0.201,58.4,0.0,8.29,0.1677,0.0333,1.199,A,東京ダ短中距離(1400-1600)・良・内枠(1-2)で母父「ブライアンズタイム」は基準比リフト1.199
競馬場×距離帯×馬場×枠,京都,平坦・スピード型,ダ,中距離(1700-2000),稍,中枠(3-6),母父系統,ネイティヴダンサー系,456,45,124,0.0987,0.2719,166.4,0.0,7.12,0.2269,0.045,1.198,A,京都ダ中距離(1700-2000)・稍・中枠(3-6)で母父系統「ネイティヴダンサー系」は基準比リフト1.198
競馬場×距離帯×馬場×枠,新潟,直線長め・平坦型,芝,短距離(1000-1300),良,外枠(7-8),父系統,父系統不明,426,41,119,0.0962,0.2793,78.5,0.0,6.96,0.2335,0.0458,1.196,A,新潟芝短距離(1000-1300)・良・外枠(7-8)で父系統「父系統不明」は基準比リフト1.196
競馬場×距離帯×馬場×枠,小倉,小回り・機動型,ダ,短距離(1000-1300),良,中枠(3-6),父系統,父系統不明,334,33,89,0.0988,0.2665,77.3,0.0,6.81,0.2229,0.0436,1.196,A,小倉ダ短距離(1000-1300)・良・中枠(3-6)で父系統「父系統不明」は基準比リフト1.196
競馬場×距離帯×馬場×枠,中京,直線長め・持続型,ダ,短距離(1000-1300),稍,中枠(3-6),母父系統,ニアークティック系,194,17,48,0.0876,0.2474,77.7,0.0,7.89,0.2068,0.0406,1.196,A,中京ダ短距離(1000-1300)・稍・中枠(3-6)で母父系統「ニアークティック系」は基準比リフト1.196
競馬場×距離帯×馬場×枠,東京,直線長め・持続型,ダ,短中距離(1400-1600),稍,中枠(3-6),父系統,ナスルーラ系,331,25,75,0.0755,0.2266,78.3,0.0,8.11,0.1894,0.0372,1.196,A,東京ダ短中距離(1400-1600)・稍・中枠(3-6)で父系統「ナスルーラ系」は基準比リフト1.196
競馬場×距離帯×馬場×枠,東京,直線長め・持続型,芝,中長距離(2100-2400),良,中枠(3-6),父,ハーツクライ,163,14,44,0.0859,0.2699,96.4,0.0,6.28,0.226,0.0439,1.194,A,東京芝中長距離(2100-2400)・良・中枠(3-6)で父「ハーツクライ」は基準比リフト1.194
競馬場×距離帯×馬場×枠,中山,坂あり・パワー型,ダ,中距離(1700-2000),良,中枠(3-6),母父,サンデーサイレンス,530,50,126,0.0943,0.2377,176.6,0.0,7.52,0.199,0.0387,1.194,A,中山ダ中距離(1700-2000)・良・中枠(3-6)で母父「サンデーサイレンス」は基準比リフト1.194
競馬場×距離帯×馬場×枠,函館,小回り・持続型,芝,短距離(1000-1300),良,内枠(1-2),母父系統,ナスルーラ系,192,20,60,0.1042,0.3125,109.3,0.0,7.1,0.262,0.0505,1.193,A,函館芝短距離(1000-1300)・良・内枠(1-2)で母父系統「ナスルーラ系」は基準比リフト1.193
競馬場×距離帯×馬場×枠,函館,小回り・持続型,ダ,短距離(1000-1300),良,外枠(7-8),父系統,父系統不明,183,20,57,0.1093,0.3115,60.5,0.0,5.92,0.261,0.0505,1.193,A,函館ダ短距離(1000-1300)・良・外枠(7-8)で父系統「父系統不明」は基準比リフト1.193
競馬場×距離帯×馬場×枠,東京,直線長め・持続型,ダ,短中距離(1400-1600),良,中枠(3-6),父,サウスヴィグラス,235,15,56,0.0638,0.2383,110.5,0.0,8.44,0.1997,0.0386,1.193,A,東京ダ短中距離(1400-1600)・良・中枠(3-6)で父「サウスヴィグラス」は基準比リフト1.193
競馬場×距離帯×馬場×枠,小倉,小回り・機動型,芝,短距離(1000-1300),良,外枠(7-8),父系統,父系統不明,804,73,190,0.0908,0.2363,74.9,0.0,7.93,0.1981,0.0382,1.193,A,小倉芝短距離(1000-1300)・良・外枠(7-8)で父系統「父系統不明」は基準比リフト1.193
競馬場×距離帯×馬場×枠,中山,坂あり・パワー型,ダ,短距離(1000-1300),重不良,内枠(1-2),母父系統,ニアークティック系,219,7,37,0.032,0.1689,23.8,0.0,8.42,0.1416,0.0273,1.193,A,中山ダ短距離(1000-1300)・重不良・内枠(1-2)で母父系統「ニアークティック系」は基準比リフト1.193
競馬場×距離帯×馬場×枠,阪神,坂あり・パワー型,芝,中距離(1700-2000),良,内枠(1-2),父系統,ネイティヴダンサー系,318,39,95,0.1226,0.2987,75.8,0.0,7.32,0.2505,0.0482,1.192,A,阪神芝中距離(1700-2000)・良・内枠(1-2)で父系統「ネイティヴダンサー系」は基準比リフト1.192
競馬場×距離帯×馬場×枠,東京,直線長め・持続型,芝,中距離(1700-2000),良,外枠(7-8),父,キングカメハメハ,187,17,48,0.0909,0.2567,37.3,0.0,6.11,0.2154,0.0413,1.192,A,東京芝中距離(1700-2000)・良・外枠(7-8)で父「キングカメハメハ」は基準比リフト1.192
競馬場×距離帯×馬場×枠,阪神,坂あり・パワー型,ダ,短中距離(1400-1600),重不良,内枠(1-2),母父系統,ロイヤルチャージャー系,154,10,36,0.0649,0.2338,24.4,0.0,8.27,0.1961,0.0377,1.192,A,阪神ダ短中距離(1400-1600)・重不良・内枠(1-2)で母父系統「ロイヤルチャージャー系」は基準比リフト1.192
競馬場×距離帯×馬場×枠,阪神,坂あり・パワー型,ダ,短距離(1000-1300),稍,内枠(1-2),父系統,父系統不明,156,10,32,0.0641,0.2051,69.4,0.0,7.24,0.1721,0.033,1.192,A,阪神ダ短距離(1000-1300)・稍・内枠(1-2)で父系統「父系統不明」は基準比リフト1.192
競馬場×距離帯×馬場×枠,東京,直線長め・持続型,ダ,短中距離(1400-1600),不,外枠(7-8),母父系統,ロイヤルチャージャー系,285,17,62,0.0596,0.2175,73.4,0.0,8.21,0.1827,0.0348,1.19,A,東京ダ短中距離(1400-1600)・不・外枠(7-8)で母父系統「ロイヤルチャージャー系」は基準比リフト1.19
競馬場×距離帯×馬場×枠,新潟,直線長め・平坦型,ダ,短距離(1000-1300),良,外枠(7-8),父系統,ナスルーラ系,203,13,55,0.064,0.2709,72.8,0.0,7.02,0.2279,0.043,1.189,A,新潟ダ短距離(1000-1300)・良・外枠(7-8)で父系統「ナスルーラ系」は基準比リフト1.189
競馬場×距離帯×馬場×枠,中京,直線長め・持続型,ダ,短中距離(1400-1600),良,中枠(3-6),母父系統,ネイティヴダンサー系,661,46,155,0.0696,0.2345,102.3,0.0,7.69,0.1973,0.0372,1.189,A,中京ダ短中距離(1400-1600)・良・中枠(3-6)で母父系統「ネイティヴダンサー系」は基準比リフト1.189
競馬場×距離帯×馬場×枠,京都,平坦・スピード型,ダ,短中距離(1400-1600),良,外枠(7-8),母父系統,ネイティヴダンサー系,606,59,140,0.0974,0.231,104.9,0.0,7.51,0.1942,0.0368,1.189,A,京都ダ短中距離(1400-1600)・良・外枠(7-8)で母父系統「ネイティヴダンサー系」は基準比リフト1.189
競馬場×距離帯×馬場×枠,東京,直線長め・持続型,芝,短中距離(1400-1600),稍,内枠(1-2),父系統,ロイヤルチャージャー系,355,29,87,0.0817,0.2451,74.8,0.0,7.57,0.2063,0.0388,1.188,A,東京芝短中距離(1400-1600)・稍・内枠(1-2)で父系統「ロイヤルチャージャー系」は基準比リフト1.188
競馬場×距離帯×馬場×枠,東京,直線長め・持続型,ダ,短中距離(1400-1600),良,中枠(3-6),父,シンボリクリスエス,274,17,65,0.062,0.2372,44.7,0.0,6.84,0.1997,0.0375,1.188,A,東京ダ短中距離(1400-1600)・良・中枠(3-6)で父「シンボリクリスエス」は基準比リフト1.188
競馬場×距離帯×馬場×枠,福島,小回り・機動型,ダ,短距離(1000-1300),良,中枠(3-6),父系統,父系統不明,501,33,112,0.0659,0.2236,56.1,0.0,7.81,0.1882,0.0354,1.188,A,福島ダ短距離(1000-1300)・良・中枠(3-6)で父系統「父系統不明」は基準比リフト1.188
競馬場×距離帯×馬場×枠,中山,坂あり・パワー型,ダ,短距離(1000-1300),良,中枠(3-6),父,サウスヴィグラス,328,21,75,0.064,0.2287,59.8,0.0,7.63,0.1927,0.036,1.187,A,中山ダ短距離(1000-1300)・良・中枠(3-6)で父「サウスヴィグラス」は基準比リフト1.187
競馬場×距離帯×馬場×枠,京都,平坦・スピード型,ダ,中距離(1700-2000),良,中枠(3-6),母父,ブライアンズタイム,232,18,60,0.0776,0.2586,99.9,0.0,7.57,0.2181,0.0405,1.186,A,京都ダ中距離(1700-2000)・良・中枠(3-6)で母父「ブライアンズタイム」は基準比リフト1.186
競馬場×距離帯×馬場×枠,阪神,坂あり・パワー型,芝,短中距離(1400-1600),良,外枠(7-8),母父系統,ナスルーラ系,610,43,138,0.0705,0.2262,94.0,0.0,7.96,0.1907,0.0355,1.186,A,阪神芝短中距離(1400-1600)・良・外枠(7-8)で母父系統「ナスルーラ系」は基準比リフト1.186
競馬場×距離帯×馬場×枠,函館,小回り・持続型,ダ,中距離(1700-2000),良,内枠(1-2),父系統,父系統不明,150,15,48,0.1,0.32,83.6,0.0,6.51,0.2701,0.0499,1.185,A,函館ダ中距離(1700-2000)・良・内枠(1-2)で父系統「父系統不明」は基準比リフト1.185
競馬場×距離帯×馬場×枠,京都,平坦・スピード型,芝,短距離(1000-1300),良,外枠(7-8),母父系統,ロイヤルチャージャー系,393,34,81,0.0865,0.2061,62.6,0.0,8.07,0.1739,0.0322,1.185,A,京都芝短距離(1000-1300)・良・外枠(7-8)で母父系統「ロイヤルチャージャー系」は基準比リフト1.185
競馬場×距離帯×馬場×枠,阪神,坂あり・パワー型,ダ,短距離(1000-1300),稍,中枠(3-6),父系統,父系統不明,360,33,84,0.0917,0.2333,83.2,0.0,7.64,0.1971,0.0362,1.184,A,阪神ダ短距離(1000-1300)・稍・中枠(3-6)で父系統「父系統不明」は基準比リフト1.184
競馬場×距離帯×馬場×枠,中山,坂あり・パワー型,ダ,中距離(1700-2000),良,内枠(1-2),母父,サンデーサイレンス,224,16,49,0.0714,0.2188,45.4,0.0,7.89,0.1848,0.034,1.184,A,中山ダ中距離(1700-2000)・良・内枠(1-2)で母父「サンデーサイレンス」は基準比リフト1.184
競馬場×距離帯×馬場×枠,福島,小回り・機動型,芝,中距離(1700-2000),稍,中枠(3-6),母父系統,ネイティヴダンサー系,152,11,33,0.0724,0.2171,75.7,0.0,7.34,0.1834,0.0337,1.184,A,福島芝中距離(1700-2000)・稍・中枠(3-6)で母父系統「ネイティヴダンサー系」は基準比リフト1.184
競馬場×距離帯×馬場×枠,中山,坂あり・パワー型,ダ,短距離(1000-1300),不,中枠(3-6),母父系統,ニアークティック系,314,27,80,0.086,0.2548,81.0,0.0,7.79,0.2154,0.0394,1.183,A,中山ダ短距離(1000-1300)・不・中枠(3-6)で母父系統「ニアークティック系」は基準比リフト1.183
競馬場×距離帯×馬場×枠,京都,平坦・スピード型,ダ,短中距離(1400-1600),稍,内枠(1-2),母父系統,ネイティヴダンサー系,157,10,36,0.0637,0.2293,71.0,0.0,7.59,0.1939,0.0354,1.183,A,京都ダ短中距離(1400-1600)・稍・内枠(1-2)で母父系統「ネイティヴダンサー系」は基準比リフト1.183
競馬場×距離帯×馬場×枠,中京,直線長め・持続型,芝,短中距離(1400-1600),良,中枠(3-6),父系統,父系統不明,1155,87,280,0.0753,0.2424,73.4,0.0,7.52,0.2051,0.0373,1.182,A,中京芝短中距離(1400-1600)・良・中枠(3-6)で父系統「父系統不明」は基準比リフト1.182
競馬場×距離帯×馬場×枠,函館,小回り・持続型,ダ,中距離(1700-2000),良,外枠(7-8),母父系統,ナスルーラ系,208,16,59,0.0769,0.2837,63.7,0.0,6.94,0.2402,0.0435,1.181,A,函館ダ中距離(1700-2000)・良・外枠(7-8)で母父系統「ナスルーラ系」は基準比リフト1.181
競馬場×距離帯×馬場×枠,小倉,小回り・機動型,ダ,短距離(1000-1300),良,外枠(7-8),父系統,ニアークティック系,183,16,49,0.0874,0.2678,101.5,0.0,7.11,0.2268,0.041,1.181,A,小倉ダ短距離(1000-1300)・良・外枠(7-8)で父系統「ニアークティック系」は基準比リフト1.181
競馬場×距離帯×馬場×枠,東京,直線長め・持続型,ダ,短中距離(1400-1600),良,外枠(7-8),父,ゴールドアリュール,219,25,56,0.1142,0.2557,180.6,0.0,6.84,0.2165,0.0392,1.181,A,東京ダ短中距離(1400-1600)・良・外枠(7-8)で父「ゴールドアリュール」は基準比リフト1.181
競馬場×距離帯×馬場×枠,福島,小回り・機動型,芝,中距離(1700-2000),良,内枠(1-2),母父,サンデーサイレンス,168,15,41,0.0893,0.244,73.5,0.0,7.08,0.2066,0.0374,1.181,A,福島芝中距離(1700-2000)・良・内枠(1-2)で母父「サンデーサイレンス」は基準比リフト1.181
競馬場×距離帯×馬場×枠,中山,坂あり・パワー型,ダ,中距離(1700-2000),良,中枠(3-6),母父,キングカメハメハ,166,16,39,0.0964,0.2349,73.3,0.0,7.57,0.199,0.0359,1.18,A,中山ダ中距離(1700-2000)・良・中枠(3-6)で母父「キングカメハメハ」は基準比リフト1.18
競馬場×距離帯×馬場×枠,東京,直線長め・持続型,ダ,短中距離(1400-1600),重不良,中枠(3-6),母父系統,ネイティヴダンサー系,615,45,141,0.0732,0.2293,149.5,0.0,8.07,0.1943,0.035,1.18,A,東京ダ短中距離(1400-1600)・重不良・中枠(3-6)で母父系統「ネイティヴダンサー系」は基準比リフト1.18
競馬場×距離帯×馬場×枠,札幌,小回り・持続型,芝,短距離(1000-1300),良,外枠(7-8),父系統,父系統不明,212,20,55,0.0943,0.2594,76.6,0.0,6.94,0.2201,0.0393,1.179,A,札幌芝短距離(1000-1300)・良・外枠(7-8)で父系統「父系統不明」は基準比リフト1.179
競馬場×距離帯×馬場×枠,東京,直線長め・持続型,芝,長距離(2500以上),良,外枠(7-8),父系統,ロイヤルチャージャー系,187,14,39,0.0749,0.2086,271.3,0.0,8.04,0.177,0.0316,1.179,A,東京芝長距離(2500以上)・良・外枠(7-8)で父系統「ロイヤルチャージャー系」は基準比リフト1.179
競馬場×距離帯×馬場×枠,札幌,小回り・持続型,芝,短距離(1000-1300),良,中枠(3-6),父系統,ナスルーラ系,188,15,46,0.0798,0.2447,39.8,0.0,7.47,0.2078,0.0369,1.178,A,札幌芝短距離(1000-1300)・良・中枠(3-6)で父系統「ナスルーラ系」は基準比リフト1.178
競馬場×距離帯×馬場×枠,京都,平坦・スピード型,ダ,短中距離(1400-1600),稍,中枠(3-6),父系統,ネイティヴダンサー系,280,26,68,0.0929,0.2429,150.4,0.0,8.02,0.2062,0.0367,1.178,A,京都ダ短中距離(1400-1600)・稍・中枠(3-6)で父系統「ネイティヴダンサー系」は基準比リフト1.178
競馬場×距離帯×馬場×枠,新潟,直線長め・平坦型,ダ,短距離(1000-1300),重不良,中枠(3-6),母父系統,ニアークティック系,229,16,53,0.0699,0.2314,50.9,0.0,7.49,0.1964,0.035,1.178,A,新潟ダ短距離(1000-1300)・重不良・中枠(3-6)で母父系統「ニアークティック系」は基準比リフト1.178
競馬場×距離帯×馬場×枠,中京,直線長め・持続型,ダ,短距離(1000-1300),良,中枠(3-6),父系統,父系統不明,653,53,140,0.0812,0.2144,76.4,0.0,7.71,0.182,0.0324,1.178,A,中京ダ短距離(1000-1300)・良・中枠(3-6)で父系統「父系統不明」は基準比リフト1.178
競馬場×距離帯×馬場×枠,阪神,坂あり・パワー型,ダ,長距離(2500以上),良,内枠(1-2),父系統,ロイヤルチャージャー系,159,20,50,0.1258,0.3145,168.9,0.0,6.04,0.2672,0.0473,1.177,A,阪神ダ長距離(2500以上)・良・内枠(1-2)で父系統「ロイヤルチャージャー系」は基準比リフト1.177
競馬場×距離帯×馬場×枠,阪神,坂あり・パワー型,芝,中長距離(2100-2400),良,外枠(7-8),父系統,父系統不明,158,18,41,0.1139,0.2595,96.5,0.0,6.75,0.2204,0.0391,1.177,A,阪神芝中長距離(2100-2400)・良・外枠(7-8)で父系統「父系統不明」は基準比リフト1.177
競馬場×距離帯×馬場×枠,中山,坂あり・パワー型,芝,中距離(1700-2000),良,外枠(7-8),母父,サンデーサイレンス,295,22,72,0.0746,0.2441,117.2,0.0,7.19,0.2074,0.0367,1.177,A,中山芝中距離(1700-2000)・良・外枠(7-8)で母父「サンデーサイレンス」は基準比リフト1.177
競馬場×距離帯×馬場×枠,東京,直線長め・持続型,芝,短中距離(1400-1600),稍,中枠(3-6),父系統,父系統不明,353,32,81,0.0907,0.2295,63.4,0.0,7.53,0.195,0.0345,1.177,A,東京芝短中距離(1400-1600)・稍・中枠(3-6)で父系統「父系統不明」は基準比リフト1.177
競馬場×距離帯×馬場×枠,阪神,坂あり・パワー型,ダ,中距離(1700-2000),良,内枠(1-2),母父系統,ニアークティック系,896,58,217,0.0647,0.2422,57.4,0.0,7.7,0.206,0.0362,1.176,A,阪神ダ中距離(1700-2000)・良・内枠(1-2)で母父系統「ニアークティック系」は基準比リフト1.176
競馬場×距離帯×馬場×枠,新潟,直線長め・平坦型,芝,短中距離(1400-1600),稍,中枠(3-6),父系統,ロイヤルチャージャー系,345,19,75,0.0551,0.2174,91.9,0.0,8.37,0.1849,0.0325,1.176,A,新潟芝短中距離(1400-1600)・稍・中枠(3-6)で父系統「ロイヤルチャージャー系」は基準比リフト1.176
競馬場×距離帯×馬場×枠,函館,小回り・持続型,芝,短距離(1000-1300),良,中枠(3-6),父系統,父系統不明,760,72,208,0.0947,0.2737,87.9,0.0,6.75,0.2329,0.0408,1.175,A,函館芝短距離(1000-1300)・良・中枠(3-6)で父系統「父系統不明」は基準比リフト1.175
競馬場×距離帯×馬場×枠,阪神,坂あり・パワー型,ダ,短中距離(1400-1600),稍,外枠(7-8),父系統,父系統不明,226,21,57,0.0929,0.2522,53.0,0.0,7.49,0.2147,0.0375,1.175,A,阪神ダ短中距離(1400-1600)・稍・外枠(7-8)で父系統「父系統不明」は基準比リフト1.175
競馬場×距離帯×馬場×枠,札幌,小回り・持続型,芝,短距離(1000-1300),良,中枠(3-6),父系統,ニアークティック系,340,32,83,0.0941,0.2441,66.6,0.0,7.66,0.2078,0.0363,1.175,A,札幌芝短距離(1000-1300)・良・中枠(3-6)で父系統「ニアークティック系」は基準比リフト1.175
競馬場×距離帯×馬場×枠,中山,坂あり・パワー型,ダ,中距離(1700-2000),重不良,中枠(3-6),父系統,ニアークティック系,222,18,53,0.0811,0.2387,81.9,0.0,7.99,0.2032,0.0355,1.175,A,中山ダ中距離(1700-2000)・重不良・中枠(3-6)で父系統「ニアークティック系」は基準比リフト1.175
競馬場×距離帯×馬場×枠,京都,平坦・スピード型,芝,中距離(1700-2000),良,中枠(3-6),父,ハービンジャー,177,21,51,0.1186,0.2881,129.4,0.0,6.73,0.2454,0.0427,1.174,A,京都芝中距離(1700-2000)・良・中枠(3-6)で父「ハービンジャー」は基準比リフト1.174
競馬場×距離帯×馬場×枠,中京,直線長め・持続型,芝,長距離(2500以上),良,中枠(3-6),母父系統,ロイヤルチャージャー系,323,30,83,0.0929,0.257,61.2,0.0,7.15,0.219,0.038,1.174,A,中京芝長距離(2500以上)・良・中枠(3-6)で母父系統「ロイヤルチャージャー系」は基準比リフト1.174
競馬場×距離帯×馬場×枠,東京,直線長め・持続型,ダ,短中距離(1400-1600),良,中枠(3-6),母父,サンデーサイレンス,730,67,171,0.0918,0.2342,98.8,0.0,7.52,0.1997,0.0345,1.173,A,東京ダ短中距離(1400-1600)・良・中枠(3-6)で母父「サンデーサイレンス」は基準比リフト1.173
競馬場×距離帯×馬場×枠,中山,坂あり・パワー型,ダ,中距離(1700-2000),良,中枠(3-6),母父,クロフネ,197,14,46,0.0711,0.2335,50.3,0.0,7.04,0.199,0.0345,1.173,A,中山ダ中距離(1700-2000)・良・中枠(3-6)で母父「クロフネ」は基準比リフト1.173
競馬場×距離帯×馬場×枠,新潟,直線長め・平坦型,芝,短中距離(1400-1600),良,外枠(7-8),母父,サンデーサイレンス,197,18,44,0.0914,0.2234,61.2,0.0,8.07,0.1905,0.0329,1.173,A,新潟芝短中距離(1400-1600)・良・外枠(7-8)で母父「サンデーサイレンス」は基準比リフト1.173
競馬場×距離帯×馬場×枠,小倉,小回り・機動型,ダ,中距離(1700-2000),重不良,外枠(7-8),母父系統,ロイヤルチャージャー系,219,20,48,0.0913,0.2192,84.6,0.0,8.08,0.1868,0.0324,1.173,A,小倉ダ中距離(1700-2000)・重不良・外枠(7-8)で母父系統「ロイヤルチャージャー系」は基準比リフト1.173
競馬場×距離帯×馬場×枠,福島,小回り・機動型,ダ,中距離(1700-2000),良,内枠(1-2),母父系統,ナスルーラ系,165,12,41,0.0727,0.2485,63.2,0.0,7.29,0.2121,0.0364,1.172,A,福島ダ中距離(1700-2000)・良・内枠(1-2)で母父系統「ナスルーラ系」は基準比リフト1.172
競馬場×距離帯×馬場×枠,小倉,小回り・機動型,芝,中距離(1700-2000),重不良,中枠(3-6),母父系統,ニアークティック系,196,15,48,0.0765,0.2449,60.5,0.0,7.46,0.209,0.0359,1.172,A,小倉芝中距離(1700-2000)・重不良・中枠(3-6)で母父系統「ニアークティック系」は基準比リフト1.172
競馬場×距離帯×馬場×枠,東京,直線長め・持続型,ダ,中長距離(2100-2400),良,外枠(7-8),父系統,父系統不明,251,15,58,0.0598,0.2311,81.3,0.0,7.52,0.1973,0.0338,1.171,A,東京ダ中長距離(2100-2400)・良・外枠(7-8)で父系統「父系統不明」は基準比リフト1.171
競馬場×距離帯×馬場×枠,阪神,坂あり・パワー型,ダ,短中距離(1400-1600),稍,中枠(3-6),母父系統,ネイティヴダンサー系,512,42,118,0.082,0.2305,60.9,0.0,7.71,0.1968,0.0337,1.171,A,阪神ダ短中距離(1400-1600)・稍・中枠(3-6)で母父系統「ネイティヴダンサー系」は基準比リフト1.171
競馬場×距離帯×馬場×枠,中山,坂あり・パワー型,ダ,短距離(1000-1300),良,中枠(3-6),母父,フジキセキ,244,18,55,0.0738,0.2254,71.6,0.0,8.4,0.1927,0.0327,1.17,A,中山ダ短距離(1000-1300)・良・中枠(3-6)で母父「フジキセキ」は基準比リフト1.17
競馬場×距離帯×馬場×枠,中京,直線長め・持続型,ダ,短中距離(1400-1600),稍,中枠(3-6),母父系統,ネイティヴダンサー系,218,15,49,0.0688,0.2248,95.7,0.0,7.72,0.1921,0.0327,1.17,A,中京ダ短中距離(1400-1600)・稍・中枠(3-6)で母父系統「ネイティヴダンサー系」は基準比リフト1.17
競馬場×距離帯×馬場×枠,京都,平坦・スピード型,ダ,中距離(1700-2000),稍,中枠(3-6),父系統,父系統不明,279,25,74,0.0896,0.2652,60.8,0.0,6.9,0.2269,0.0383,1.169,A,京都ダ中距離(1700-2000)・稍・中枠(3-6)で父系統「父系統不明」は基準比リフト1.169
競馬場×距離帯×馬場×枠,東京,直線長め・持続型,ダ,短中距離(1400-1600),良,外枠(7-8),母父,フレンチデピュティ,166,16,42,0.0964,0.253,137.4,0.0,6.9,0.2165,0.0365,1.169,A,東京ダ短中距離(1400-1600)・良・外枠(7-8)で母父「フレンチデピュティ」は基準比リフト1.169
競馬場×距離帯×馬場×枠,京都,平坦・スピード型,ダ,長距離(2500以上),良,内枠(1-2),父系統,ロイヤルチャージャー系,154,16,43,0.1039,0.2792,72.3,0.0,6.61,0.239,0.0402,1.168,A,京都ダ長距離(2500以上)・良・内枠(1-2)で父系統「ロイヤルチャージャー系」は基準比リフト1.168
競馬場×距離帯×馬場×枠,阪神,坂あり・パワー型,ダ,中距離(1700-2000),良,外枠(7-8),父,キングカメハメハ,182,15,50,0.0824,0.2747,40.2,0.0,6.29,0.2351,0.0396,1.168,A,阪神ダ中距離(1700-2000)・良・外枠(7-8)で父「キングカメハメハ」は基準比リフト1.168
競馬場×距離帯×馬場×枠,京都,平坦・スピード型,ダ,中距離(1700-2000),稍,外枠(7-8),父系統,父系統不明,167,14,44,0.0838,0.2635,131.1,0.0,7.14,0.2257,0.0378,1.167,A,京都ダ中距離(1700-2000)・稍・外枠(7-8)で父系統「父系統不明」は基準比リフト1.167
競馬場×距離帯×馬場×枠,阪神,坂あり・パワー型,芝,中距離(1700-2000),稍,中枠(3-6),母父系統,ネイティヴダンサー系,227,16,62,0.0705,0.2731,72.8,0.0,7.14,0.2342,0.0389,1.166,A,阪神芝中距離(1700-2000)・稍・中枠(3-6)で母父系統「ネイティヴダンサー系」は基準比リフト1.166
競馬場×距離帯×馬場×枠,東京,直線長め・持続型,ダ,短中距離(1400-1600),不,中枠(3-6),母父系統,ネイティヴダンサー系,351,27,87,0.0769,0.2479,86.2,0.0,7.74,0.2126,0.0353,1.166,A,東京ダ短中距離(1400-1600)・不・中枠(3-6)で母父系統「ネイティヴダンサー系」は基準比リフト1.166
競馬場×距離帯×馬場×枠,東京,直線長め・持続型,ダ,短中距離(1400-1600),重不良,内枠(1-2),母父系統,ネイティヴダンサー系,299,22,58,0.0736,0.194,66.8,0.0,7.94,0.1665,0.0275,1.165,A,東京ダ短中距離(1400-1600)・重不良・内枠(1-2)で母父系統「ネイティヴダンサー系」は基準比リフト1.165
競馬場×距離帯×馬場×枠,阪神,坂あり・パワー型,ダ,短中距離(1400-1600),良,外枠(7-8),父系統,ナスルーラ系,198,20,51,0.101,0.2576,72.4,0.0,7.52,0.2213,0.0363,1.164,A,阪神ダ短中距離(1400-1600)・良・外枠(7-8)で父系統「ナスルーラ系」は基準比リフト1.164
競馬場×距離帯×馬場×枠,中京,直線長め・持続型,芝,短中距離(1400-1600),良,外枠(7-8),父系統,ナスルーラ系,165,13,38,0.0788,0.2303,120.0,0.0,9.01,0.1978,0.0325,1.164,A,中京芝短中距離(1400-1600)・良・外枠(7-8)で父系統「ナスルーラ系」は基準比リフト1.164
競馬場×距離帯×馬場×枠,中京,直線長め・持続型,ダ,短距離(1000-1300),良,内枠(1-2),父系統,ネイティヴダンサー系,229,17,56,0.0742,0.2445,67.7,0.0,7.93,0.2103,0.0342,1.163,A,中京ダ短距離(1000-1300)・良・内枠(1-2)で父系統「ネイティヴダンサー系」は基準比リフト1.163
競馬場×距離帯×馬場×枠,福島,小回り・機動型,芝,短距離(1000-1300),良,外枠(7-8),父系統,ネイティヴダンサー系,482,33,110,0.0685,0.2282,73.7,0.0,8.25,0.1962,0.032,1.163,A,福島芝短距離(1000-1300)・良・外枠(7-8)で父系統「ネイティヴダンサー系」は基準比リフト1.163
競馬場×距離帯×馬場×枠,中山,坂あり・パワー型,芝,短距離(1000-1300),良,外枠(7-8),父系統,ナスルーラ系,156,10,35,0.0641,0.2244,41.9,0.0,7.96,0.1929,0.0315,1.163,A,中山芝短距離(1000-1300)・良・外枠(7-8)で父系統「ナスルーラ系」は基準比リフト1.163
競馬場×距離帯×馬場×枠,東京,直線長め・持続型,ダ,長距離(2500以上),良,外枠(7-8),母父系統,ニアークティック系,166,12,36,0.0723,0.2169,76.9,0.0,6.78,0.1865,0.0304,1.163,A,東京ダ長距離(2500以上)・良・外枠(7-8)で母父系統「ニアークティック系」は基準比リフト1.163
競馬場×距離帯×馬場×枠,阪神,坂あり・パワー型,ダ,中距離(1700-2000),不,中枠(3-6),父系統,父系統不明,237,23,63,0.097,0.2658,78.1,0.0,7.1,0.2288,0.037,1.162,A,阪神ダ中距離(1700-2000)・不・中枠(3-6)で父系統「父系統不明」は基準比リフト1.162
競馬場×距離帯×馬場×枠,阪神,坂あり・パワー型,ダ,短距離(1000-1300),良,外枠(7-8),父系統,父系統不明,461,32,111,0.0694,0.2408,42.9,0.0,7.21,0.2072,0.0336,1.162,A,阪神ダ短距離(1000-1300)・良・外枠(7-8)で父系統「父系統不明」は基準比リフト1.162
競馬場×距離帯×馬場×枠,京都,平坦・スピード型,芝,中距離(1700-2000),良,中枠(3-6),父,ステイゴールド,193,20,55,0.1036,0.285,64.0,0.0,6.61,0.2454,0.0396,1.161,A,京都芝中距離(1700-2000)・良・中枠(3-6)で父「ステイゴールド」は基準比リフト1.161
競馬場×距離帯×馬場×枠,福島,小回り・機動型,芝,長距離(2500以上),良,中枠(3-6),父系統,ニアークティック系,345,38,97,0.1101,0.2812,111.3,0.0,7.16,0.2423,0.0389,1.161,A,福島芝長距離(2500以上)・良・中枠(3-6)で父系統「ニアークティック系」は基準比リフト1.161
競馬場×距離帯×馬場×枠,中京,直線長め・持続型,芝,短距離(1000-1300),良,外枠(7-8),父系統,父系統不明,196,16,37,0.0816,0.1888,52.2,0.0,7.92,0.1628,0.026,1.16,A,中京芝短距離(1000-1300)・良・外枠(7-8)で父系統「父系統不明」は基準比リフト1.16
競馬場×距離帯×馬場×枠,阪神,坂あり・パワー型,芝,中距離(1700-2000),良,中枠(3-6),父,ステイゴールド,169,13,47,0.0769,0.2781,67.7,0.0,7.36,0.2399,0.0382,1.159,A,阪神芝中距離(1700-2000)・良・中枠(3-6)で父「ステイゴールド」は基準比リフト1.159
競馬場×距離帯×馬場×枠,東京,直線長め・持続型,ダ,短中距離(1400-1600),良,中枠(3-6),父,キンシャサノキセキ,203,14,47,0.069,0.2315,57.9,0.0,7.3,0.1997,0.0318,1.159,A,東京ダ短中距離(1400-1600)・良・中枠(3-6)で父「キンシャサノキセキ」は基準比リフト1.159
競馬場×距離帯×馬場×枠,東京,直線長め・持続型,ダ,短中距離(1400-1600),良,中枠(3-6),父,ゼンノロブロイ,203,14,47,0.069,0.2315,36.8,0.0,7.22,0.1997,0.0318,1.159,A,東京ダ短中距離(1400-1600)・良・中枠(3-6)で父「ゼンノロブロイ」は基準比リフト1.159
競馬場×距離帯×馬場×枠,中京,直線長め・持続型,ダ,短距離(1000-1300),良,外枠(7-8),母父系統,ネイティヴダンサー系,295,23,68,0.078,0.2305,80.1,0.0,7.86,0.1988,0.0317,1.159,A,中京ダ短距離(1000-1300)・良・外枠(7-8)で母父系統「ネイティヴダンサー系」は基準比リフト1.159
競馬場×距離帯×馬場×枠,福島,小回り・機動型,ダ,短距離(1000-1300),良,内枠(1-2),父系統,ネイティヴダンサー系,310,23,69,0.0742,0.2226,93.6,0.0,8.28,0.1921,0.0305,1.159,A,福島ダ短距離(1000-1300)・良・内枠(1-2)で父系統「ネイティヴダンサー系」は基準比リフト1.159
競馬場×距離帯×馬場×枠,札幌,小回り・持続型,ダ,短距離(1000-1300),良,外枠(7-8),父系統,ネイティヴダンサー系,177,24,59,0.1356,0.3333,168.9,0.0,5.73,0.2879,0.0454,1.158,A,札幌ダ短距離(1000-1300)・良・外枠(7-8)で父系統「ネイティヴダンサー系」は基準比リフト1.158
競馬場×距離帯×馬場×枠,京都,平坦・スピード型,芝,中長距離(2100-2400),良,中枠(3-6),母父,サンデーサイレンス,166,16,45,0.0964,0.2711,120.2,0.0,6.13,0.2341,0.037,1.158,A,京都芝中長距離(2100-2400)・良・中枠(3-6)で母父「サンデーサイレンス」は基準比リフト1.158
競馬場×距離帯×馬場×枠,小倉,小回り・機動型,芝,短距離(1000-1300),稍,内枠(1-2),父系統,ロイヤルチャージャー系,212,15,42,0.0708,0.1981,55.9,0.0,8.16,0.1711,0.027,1.158,A,小倉芝短距離(1000-1300)・稍・内枠(1-2)で父系統「ロイヤルチャージャー系」は基準比リフト1.158
競馬場×距離帯×馬場×枠,新潟,直線長め・平坦型,芝,短距離(1000-1300),良,内枠(1-2),父系統,父系統不明,327,17,53,0.052,0.1621,76.7,0.0,9.54,0.14,0.0221,1.158,A,新潟芝短距離(1000-1300)・良・内枠(1-2)で父系統「父系統不明」は基準比リフト1.158
競馬場×距離帯×馬場×枠,阪神,坂あり・パワー型,ダ,短距離(1000-1300),良,外枠(7-8),母父系統,ナスルーラ系,242,23,58,0.095,0.2397,62.7,0.0,7.23,0.2072,0.0325,1.157,A,阪神ダ短距離(1000-1300)・良・外枠(7-8)で母父系統「ナスルーラ系」は基準比リフト1.157
競馬場×距離帯×馬場×枠,東京,直線長め・持続型,ダ,短中距離(1400-1600),重不良,内枠(1-2),父系統,ネイティヴダンサー系,244,15,47,0.0615,0.1926,54.0,0.0,8.4,0.1665,0.0261,1.157,A,東京ダ短中距離(1400-1600)・重不良・内枠(1-2)で父系統「ネイティヴダンサー系」は基準比リフト1.157
競馬場×距離帯×馬場×枠,函館,小回り・持続型,ダ,中距離(1700-2000),良,内枠(1-2),母父系統,ニアークティック系,253,23,79,0.0909,0.3123,53.5,0.0,6.45,0.2701,0.0422,1.156,A,函館ダ中距離(1700-2000)・良・内枠(1-2)で母父系統「ニアークティック系」は基準比リフト1.156
競馬場×距離帯×馬場×枠,阪神,坂あり・パワー型,芝,中距離(1700-2000),良,内枠(1-2),母父系統,ネイティヴダンサー系,501,53,145,0.1058,0.2894,112.6,0.0,6.89,0.2505,0.0389,1.155,A,阪神芝中距離(1700-2000)・良・内枠(1-2)で母父系統「ネイティヴダンサー系」は基準比リフト1.155
競馬場×距離帯×馬場×枠,東京,直線長め・持続型,芝,短中距離(1400-1600),良,外枠(7-8),父系統,父系統不明,1468,115,337,0.0783,0.2296,72.0,0.0,7.77,0.1988,0.0308,1.155,A,東京芝短中距離(1400-1600)・良・外枠(7-8)で父系統「父系統不明」は基準比リフト1.155
競馬場×距離帯×馬場×枠,新潟,直線長め・平坦型,芝,長距離(2500以上),良,外枠(7-8),母父系統,ニアークティック系,284,27,82,0.0951,0.2887,106.7,0.0,6.45,0.2503,0.0384,1.153,A,新潟芝長距離(2500以上)・良・外枠(7-8)で母父系統「ニアークティック系」は基準比リフト1.153
競馬場×距離帯×馬場×枠,阪神,坂あり・パワー型,芝,中距離(1700-2000),良,中枠(3-6),父,ハーツクライ,329,35,91,0.1064,0.2766,75.1,0.0,5.8,0.2399,0.0367,1.153,A,阪神芝中距離(1700-2000)・良・中枠(3-6)で父「ハーツクライ」は基準比リフト1.153
競馬場×距離帯×馬場×枠,京都,平坦・スピード型,ダ,中距離(1700-2000),重不良,中枠(3-6),父系統,父系統不明,186,16,48,0.086,0.2581,67.0,0.0,6.78,0.2239,0.0342,1.153,A,京都ダ中距離(1700-2000)・重不良・中枠(3-6)で父系統「父系統不明」は基準比リフト1.153
競馬場×距離帯×馬場×枠,阪神,坂あり・パワー型,芝,短中距離(1400-1600),良,中枠(3-6),母父,キングカメハメハ,164,17,41,0.1037,0.25,90.7,0.0,7.59,0.2169,0.0331,1.153,A,阪神芝短中距離(1400-1600)・良・中枠(3-6)で母父「キングカメハメハ」は基準比リフト1.153
競馬場×距離帯×馬場×枠,小倉,小回り・機動型,芝,短距離(1000-1300),重不良,中枠(3-6),父系統,ロイヤルチャージャー系,271,19,61,0.0701,0.2251,99.1,0.0,8.38,0.1952,0.0299,1.153,A,小倉芝短距離(1000-1300)・重不良・中枠(3-6)で父系統「ロイヤルチャージャー系」は基準比リフト1.153
競馬場×距離帯×馬場×枠,阪神,坂あり・パワー型,ダ,短距離(1000-1300),不,中枠(3-6),父系統,父系統不明,160,12,39,0.075,0.2438,90.3,0.0,7.67,0.2117,0.0321,1.152,A,阪神ダ短距離(1000-1300)・不・中枠(3-6)で父系統「父系統不明」は基準比リフト1.152
競馬場×距離帯×馬場×枠,中京,直線長め・持続型,ダ,短距離(1000-1300),良,内枠(1-2),母父系統,ニアークティック系,322,14,78,0.0435,0.2422,32.4,0.0,8.02,0.2103,0.0319,1.152,A,中京ダ短距離(1000-1300)・良・内枠(1-2)で母父系統「ニアークティック系」は基準比リフト1.152
競馬場×距離帯×馬場×枠,京都,平坦・スピード型,ダ,中距離(1700-2000),良,外枠(7-8),母父,サンデーサイレンス,252,24,60,0.0952,0.2381,59.2,0.0,6.68,0.2066,0.0315,1.152,A,京都ダ中距離(1700-2000)・良・外枠(7-8)で母父「サンデーサイレンス」は基準比リフト1.152
競馬場×距離帯×馬場×枠,新潟,直線長め・平坦型,ダ,中距離(1700-2000),良,内枠(1-2),父系統,ネイティヴダンサー系,351,26,82,0.0741,0.2336,96.4,0.0,7.42,0.2028,0.0308,1.152,A,新潟ダ中距離(1700-2000)・良・内枠(1-2)で父系統「ネイティヴダンサー系」は基準比リフト1.152
競馬場×距離帯×馬場×枠,京都,平坦・スピード型,ダ,中距離(1700-2000),重不良,外枠(7-8),父系統,ネイティヴダンサー系,155,16,42,0.1032,0.271,94.5,0.0,7.14,0.2355,0.0355,1.151,A,京都ダ中距離(1700-2000)・重不良・外枠(7-8)で父系統「ネイティヴダンサー系」は基準比リフト1.151
競馬場×距離帯×馬場×枠,京都,平坦・スピード型,ダ,長距離(2500以上),良,外枠(7-8),父系統,ロイヤルチャージャー系,290,33,82,0.1138,0.2828,83.9,0.0,6.54,0.246,0.0368,1.15,A,京都ダ長距離(2500以上)・良・外枠(7-8)で父系統「ロイヤルチャージャー系」は基準比リフト1.15
競馬場×距離帯×馬場×枠,新潟,直線長め・平坦型,芝,短距離(1000-1300),良,内枠(1-2),父系統,ネイティヴダンサー系,323,15,52,0.0464,0.161,89.9,0.0,10.07,0.14,0.021,1.15,A,新潟芝短距離(1000-1300)・良・内枠(1-2)で父系統「ネイティヴダンサー系」は基準比リフト1.15
競馬場×距離帯×馬場×枠,京都,平坦・スピード型,芝,中距離(1700-2000),良,内枠(1-2),母父,サンデーサイレンス,204,16,56,0.0784,0.2745,67.3,0.0,6.5,0.239,0.0355,1.149,A,京都芝中距離(1700-2000)・良・内枠(1-2)で母父「サンデーサイレンス」は基準比リフト1.149
競馬場×距離帯×馬場×枠,阪神,坂あり・パワー型,芝,短中距離(1400-1600),稍,中枠(3-6),父系統,ロイヤルチャージャー系,612,49,145,0.0801,0.2369,115.3,0.0,7.81,0.2062,0.0307,1.149,A,阪神芝短中距離(1400-1600)・稍・中枠(3-6)で父系統「ロイヤルチャージャー系」は基準比リフト1.149
競馬場×距離帯×馬場×枠,福島,小回り・機動型,芝,長距離(2500以上),良,外枠(7-8),母父系統,ニアークティック系,389,32,90,0.0823,0.2314,108.7,0.0,6.83,0.2014,0.03,1.149,A,福島芝長距離(2500以上)・良・外枠(7-8)で母父系統「ニアークティック系」は基準比リフト1.149
競馬場×距離帯×馬場×枠,中山,坂あり・パワー型,ダ,中距離(1700-2000),良,内枠(1-2),母父系統,ネイティヴダンサー系,904,67,192,0.0741,0.2124,81.9,0.0,7.87,0.1848,0.0276,1.149,A,中山ダ中距離(1700-2000)・良・内枠(1-2)で母父系統「ネイティヴダンサー系」は基準比リフト1.149
競馬場×距離帯×馬場×枠,福島,小回り・機動型,ダ,短距離(1000-1300),稍,中枠(3-6),父系統,父系統不明,178,16,44,0.0899,0.2472,52.9,0.0,7.73,0.2153,0.0319,1.148,A,福島ダ短距離(1000-1300)・稍・中枠(3-6)で父系統「父系統不明」は基準比リフト1.148
競馬場×距離帯×馬場×枠,新潟,直線長め・平坦型,芝,中距離(1700-2000),稍,内枠(1-2),父系統,ロイヤルチャージャー系,177,11,41,0.0621,0.2316,35.7,0.0,7.85,0.2017,0.0299,1.148,A,新潟芝中距離(1700-2000)・稍・内枠(1-2)で父系統「ロイヤルチャージャー系」は基準比リフト1.148
競馬場×距離帯×馬場×枠,新潟,直線長め・平坦型,ダ,短距離(1000-1300),良,外枠(7-8),母父系統,ネイティヴダンサー系,528,53,138,0.1004,0.2614,122.8,0.0,7.16,0.2279,0.0335,1.147,A,新潟ダ短距離(1000-1300)・良・外枠(7-8)で母父系統「ネイティヴダンサー系」は基準比リフト1.147
競馬場×距離帯×馬場×枠,福島,小回り・機動型,芝,短距離(1000-1300),良,内枠(1-2),父系統,ナスルーラ系,230,13,58,0.0565,0.2522,78.0,0.0,7.68,0.2198,0.0324,1.147,A,福島芝短距離(1000-1300)・良・内枠(1-2)で父系統「ナスルーラ系」は基準比リフト1.147
競馬場×距離帯×馬場×枠,福島,小回り・機動型,芝,短距離(1000-1300),稍,中枠(3-6),母父系統,ロイヤルチャージャー系,253,26,59,0.1028,0.2332,133.9,0.0,7.6,0.2033,0.0299,1.147,A,福島芝短距離(1000-1300)・稍・中枠(3-6)で母父系統「ロイヤルチャージャー系」は基準比リフト1.147
競馬場×距離帯×馬場×枠,京都,平坦・スピード型,ダ,短中距離(1400-1600),良,中枠(3-6),母父系統,ネイティヴダンサー系,1260,89,289,0.0706,0.2294,71.3,0.0,7.72,0.2,0.0294,1.147,A,京都ダ短中距離(1400-1600)・良・中枠(3-6)で母父系統「ネイティヴダンサー系」は基準比リフト1.147
競馬場×距離帯×馬場×枠,京都,平坦・スピード型,ダ,短中距離(1400-1600),良,外枠(7-8),父系統,ナスルーラ系,211,20,47,0.0948,0.2227,117.1,0.0,7.67,0.1942,0.0285,1.147,A,京都ダ短中距離(1400-1600)・良・外枠(7-8)で父系統「ナスルーラ系」は基準比リフト1.147
競馬場×距離帯×馬場×枠,小倉,小回り・機動型,芝,短距離(1000-1300),稍,外枠(7-8),母父系統,ネイティヴダンサー系,166,17,35,0.1024,0.2108,99.1,0.0,9.01,0.1838,0.027,1.147,A,小倉芝短距離(1000-1300)・稍・外枠(7-8)で母父系統「ネイティヴダンサー系」は基準比リフト1.147
競馬場×距離帯×馬場×枠,東京,直線長め・持続型,芝,中距離(1700-2000),良,中枠(3-6),父,ゼンノロブロイ,151,13,41,0.0861,0.2715,62.5,0.0,6.99,0.237,0.0345,1.146,A,東京芝中距離(1700-2000)・良・中枠(3-6)で父「ゼンノロブロイ」は基準比リフト1.146
競馬場×距離帯×馬場×枠,京都,平坦・スピード型,ダ,短距離(1000-1300),稍,外枠(7-8),母父系統,ロイヤルチャージャー系,204,15,53,0.0735,0.2598,45.8,0.0,7.63,0.2268,0.033,1.146,A,京都ダ短距離(1000-1300)・稍・外枠(7-8)で母父系統「ロイヤルチャージャー系」は基準比リフト1.146
競馬場×距離帯×馬場×枠,中京,直線長め・持続型,芝,短距離(1000-1300),良,外枠(7-8),母父系統,ロイヤルチャージャー系,402,24,75,0.0597,0.1866,45.4,0.0,9.03,0.1628,0.0238,1.146,A,中京芝短距離(1000-1300)・良・外枠(7-8)で母父系統「ロイヤルチャージャー系」は基準比リフト1.146
競馬場×距離帯×馬場×枠,東京,直線長め・持続型,ダ,中長距離(2100-2400),良,外枠(7-8),母父系統,ネイティヴダンサー系,332,21,75,0.0633,0.2259,87.7,0.0,7.76,0.1973,0.0286,1.145,A,東京ダ中長距離(2100-2400)・良・外枠(7-8)で母父系統「ネイティヴダンサー系」は基準比リフト1.145
競馬場×距離帯×馬場×枠,東京,直線長め・持続型,ダ,短中距離(1400-1600),稍,中枠(3-6),母父系統,ネイティヴダンサー系,973,79,211,0.0812,0.2169,91.4,0.0,8.08,0.1894,0.0275,1.145,A,東京ダ短中距離(1400-1600)・稍・中枠(3-6)で母父系統「ネイティヴダンサー系」は基準比リフト1.145
競馬場×距離帯×馬場×枠,中京,直線長め・持続型,ダ,中距離(1700-2000),稍,中枠(3-6),父系統,父系統不明,375,32,97,0.0853,0.2587,49.8,0.0,7.04,0.2261,0.0326,1.144,A,中京ダ中距離(1700-2000)・稍・中枠(3-6)で父系統「父系統不明」は基準比リフト1.144
競馬場×距離帯×馬場×枠,中山,坂あり・パワー型,芝,短距離(1000-1300),良,中枠(3-6),母父系統,ナスルーラ系,426,36,98,0.0845,0.23,73.5,0.0,7.82,0.2011,0.0289,1.144,A,中山芝短距離(1000-1300)・良・中枠(3-6)で母父系統「ナスルーラ系」は基準比リフト1.144
競馬場×距離帯×馬場×枠,東京,直線長め・持続型,ダ,短中距離(1400-1600),良,中枠(3-6),父,クロフネ,394,43,90,0.1091,0.2284,88.5,0.0,7.19,0.1997,0.0287,1.144,A,東京ダ短中距離(1400-1600)・良・中枠(3-6)で父「クロフネ」は基準比リフト1.144
競馬場×距離帯×馬場×枠,福島,小回り・機動型,芝,短距離(1000-1300),良,外枠(7-8),母父系統,ナスルーラ系,392,30,88,0.0765,0.2245,95.7,0.0,8.04,0.1962,0.0283,1.144,A,福島芝短距離(1000-1300)・良・外枠(7-8)で母父系統「ナスルーラ系」は基準比リフト1.144
競馬場×距離帯×馬場×枠,阪神,坂あり・パワー型,芝,短距離(1000-1300),良,外枠(7-8),母父系統,ネイティヴダンサー系,212,16,47,0.0755,0.2217,86.0,0.0,7.65,0.1938,0.0279,1.144,A,阪神芝短距離(1000-1300)・良・外枠(7-8)で母父系統「ネイティヴダンサー系」は基準比リフト1.144
競馬場×距離帯×馬場×枠,中京,直線長め・持続型,芝,短距離(1000-1300),良,外枠(7-8),母父系統,ナスルーラ系,188,10,35,0.0532,0.1862,123.6,0.0,9.21,0.1628,0.0234,1.144,A,中京芝短距離(1000-1300)・良・外枠(7-8)で母父系統「ナスルーラ系」は基準比リフト1.144
競馬場×距離帯×馬場×枠,京都,平坦・スピード型,ダ,短距離(1000-1300),良,中枠(3-6),父系統,ナスルーラ系,449,44,100,0.098,0.2227,119.0,0.0,7.66,0.1949,0.0278,1.143,A,京都ダ短距離(1000-1300)・良・中枠(3-6)で父系統「ナスルーラ系」は基準比リフト1.143
競馬場×距離帯×馬場×枠,阪神,坂あり・パワー型,ダ,短中距離(1400-1600),良,内枠(1-2),父系統,ネイティヴダンサー系,432,26,84,0.0602,0.1944,46.1,0.0,8.4,0.1701,0.0243,1.143,A,阪神ダ短中距離(1400-1600)・良・内枠(1-2)で父系統「ネイティヴダンサー系」は基準比リフト1.143
競馬場×距離帯×馬場×枠,新潟,直線長め・平坦型,芝,短中距離(1400-1600),良,内枠(1-2),父系統,ナスルーラ系,182,9,35,0.0495,0.1923,61.5,0.0,9.5,0.1682,0.0241,1.143,A,新潟芝短中距離(1400-1600)・良・内枠(1-2)で父系統「ナスルーラ系」は基準比リフト1.143
競馬場×距離帯×馬場×枠,京都,平坦・スピード型,ダ,中距離(1700-2000),重不良,中枠(3-6),母父系統,ネイティヴダンサー系,258,21,66,0.0814,0.2558,177.2,0.0,7.09,0.2239,0.0319,1.142,A,京都ダ中距離(1700-2000)・重不良・中枠(3-6)で母父系統「ネイティヴダンサー系」は基準比リフト1.142
競馬場×距離帯×馬場×枠,中山,坂あり・パワー型,ダ,長距離(2500以上),良,外枠(7-8),母父系統,ロイヤルチャージャー系,161,17,41,0.1056,0.2547,63.7,0.0,6.52,0.223,0.0317,1.142,A,中山ダ長距離(2500以上)・良・外枠(7-8)で母父系統「ロイヤルチャージャー系」は基準比リフト1.142
競馬場×距離帯×馬場×枠,中山,坂あり・パワー型,ダ,中距離(1700-2000),良,外枠(7-8),母父,サンデーサイレンス,295,28,75,0.0949,0.2542,116.9,0.0,7.18,0.2226,0.0316,1.142,A,中山ダ中距離(1700-2000)・良・外枠(7-8)で母父「サンデーサイレンス」は基準比リフト1.142
競馬場×距離帯×馬場×枠,中山,坂あり・パワー型,ダ,短距離(1000-1300),良,中枠(3-6),母父,クロフネ,159,14,35,0.0881,0.2201,134.8,0.0,7.7,0.1927,0.0274,1.142,A,中山ダ短距離(1000-1300)・良・中枠(3-6)で母父「クロフネ」は基準比リフト1.142
競馬場×距離帯×馬場×枠,福島,小回り・機動型,芝,中距離(1700-2000),良,外枠(7-8),母父系統,ナスルーラ系,345,28,74,0.0812,0.2145,96.9,0.0,7.83,0.1878,0.0267,1.142,A,福島芝中距離(1700-2000)・良・外枠(7-8)で母父系統「ナスルーラ系」は基準比リフト1.142
競馬場×距離帯×馬場×枠,京都,平坦・スピード型,芝,短距離(1000-1300),良,内枠(1-2),父系統,ニアークティック系,166,16,44,0.0964,0.2651,135.1,0.0,8.07,0.2324,0.0327,1.141,A,京都芝短距離(1000-1300)・良・内枠(1-2)で父系統「ニアークティック系」は基準比リフト1.141
競馬場×距離帯×馬場×枠,中京,直線長め・持続型,芝,中距離(1700-2000),良,中枠(3-6),父系統,父系統不明,643,59,162,0.0918,0.2519,67.7,0.0,7.13,0.2207,0.0312,1.141,A,中京芝中距離(1700-2000)・良・中枠(3-6)で父系統「父系統不明」は基準比リフト1.141
競馬場×距離帯×馬場×枠,京都,平坦・スピード型,芝,短中距離(1400-1600),良,中枠(3-6),父,キングカメハメハ,225,23,55,0.1022,0.2444,73.2,0.0,6.4,0.2142,0.0302,1.141,A,京都芝短中距離(1400-1600)・良・中枠(3-6)で父「キングカメハメハ」は基準比リフト1.141
競馬場×距離帯×馬場×枠,福島,小回り・機動型,芝,短距離(1000-1300),良,中枠(3-6),母父,サンデーサイレンス,246,13,53,0.0528,0.2154,46.2,0.0,7.76,0.1887,0.0267,1.141,A,福島芝短距離(1000-1300)・良・中枠(3-6)で母父「サンデーサイレンス」は基準比リフト1.141
競馬場×距離帯×馬場×枠,京都,平坦・スピード型,芝,中距離(1700-2000),稍,中枠(3-6),母父系統,ニアークティック系,211,18,57,0.0853,0.2701,41.9,0.0,6.43,0.237,0.0331,1.14,A,京都芝中距離(1700-2000)・稍・中枠(3-6)で母父系統「ニアークティック系」は基準比リフト1.14
競馬場×距離帯×馬場×枠,小倉,小回り・機動型,芝,中距離(1700-2000),稍,外枠(7-8),父系統,父系統不明,241,17,60,0.0705,0.249,57.5,0.0,7.56,0.2184,0.0306,1.14,A,小倉芝中距離(1700-2000)・稍・外枠(7-8)で父系統「父系統不明」は基準比リフト1.14
競馬場×距離帯×馬場×枠,中山,坂あり・パワー型,芝,短距離(1000-1300),良,内枠(1-2),母父系統,ナスルーラ系,201,11,49,0.0547,0.2438,72.3,0.0,6.96,0.2138,0.03,1.14,A,中山芝短距離(1000-1300)・良・内枠(1-2)で母父系統「ナスルーラ系」は基準比リフト1.14
競馬場×距離帯×馬場×枠,福島,小回り・機動型,ダ,短距離(1000-1300),良,外枠(7-8),父系統,ネイティヴダンサー系,359,34,86,0.0947,0.2396,90.6,0.0,8.1,0.2103,0.0293,1.139,A,福島ダ短距離(1000-1300)・良・外枠(7-8)で父系統「ネイティヴダンサー系」は基準比リフト1.139
競馬場×距離帯×馬場×枠,小倉,小回り・機動型,芝,中距離(1700-2000),良,外枠(7-8),母父系統,ナスルーラ系,446,31,104,0.0695,0.2332,58.7,0.0,7.46,0.2048,0.0284,1.139,A,小倉芝中距離(1700-2000)・良・外枠(7-8)で母父系統「ナスルーラ系」は基準比リフト1.139
競馬場×距離帯×馬場×枠,函館,小回り・持続型,芝,中距離(1700-2000),良,外枠(7-8),母父系統,ニアークティック系,483,30,113,0.0621,0.234,62.9,0.0,7.07,0.2056,0.0284,1.138,A,函館芝中距離(1700-2000)・良・外枠(7-8)で母父系統「ニアークティック系」は基準比リフト1.138
競馬場×距離帯×馬場×枠,中京,直線長め・持続型,ダ,短中距離(1400-1600),良,外枠(7-8),父系統,父系統不明,449,35,99,0.078,0.2205,72.6,0.0,7.81,0.1938,0.0267,1.138,A,中京ダ短中距離(1400-1600)・良・外枠(7-8)で父系統「父系統不明」は基準比リフト1.138
競馬場×距離帯×馬場×枠,京都,平坦・スピード型,芝,短中距離(1400-1600),良,外枠(7-8),父系統,父系統不明,636,46,140,0.0723,0.2201,77.5,0.0,7.75,0.1935,0.0266,1.137,A,京都芝短中距離(1400-1600)・良・外枠(7-8)で父系統「父系統不明」は基準比リフト1.137
競馬場×距離帯×馬場×枠,京都,平坦・スピード型,ダ,長距離(2500以上),良,中枠(3-6),母父系統,ニアークティック系,361,35,95,0.097,0.2632,93.1,0.0,6.64,0.2316,0.0316,1.136,A,京都ダ長距離(2500以上)・良・中枠(3-6)で母父系統「ニアークティック系」は基準比リフト1.136
競馬場×距離帯×馬場×枠,東京,直線長め・持続型,ダ,中長距離(2100-2400),良,内枠(1-2),母父系統,ニアークティック系,303,25,63,0.0825,0.2079,110.8,0.0,8.02,0.183,0.0249,1.136,A,東京ダ中長距離(2100-2400)・良・内枠(1-2)で母父系統「ニアークティック系」は基準比リフト1.136
競馬場×距離帯×馬場×枠,中山,坂あり・パワー型,ダ,長距離(2500以上),良,中枠(3-6),母父系統,ニアークティック系,370,32,96,0.0865,0.2595,67.1,0.0,6.63,0.2287,0.0308,1.135,A,中山ダ長距離(2500以上)・良・中枠(3-6)で母父系統「ニアークティック系」は基準比リフト1.135
競馬場×距離帯×馬場×枠,中山,坂あり・パワー型,ダ,中距離(1700-2000),重不良,中枠(3-6),母父系統,ネイティヴダンサー系,399,34,92,0.0852,0.2306,129.9,0.0,7.47,0.2032,0.0274,1.135,A,中山ダ中距離(1700-2000)・重不良・中枠(3-6)で母父系統「ネイティヴダンサー系」は基準比リフト1.135
競馬場×距離帯×馬場×枠,阪神,坂あり・パワー型,ダ,短距離(1000-1300),良,内枠(1-2),父系統,ニアークティック系,319,19,65,0.0596,0.2038,74.9,0.0,8.33,0.1796,0.0242,1.135,A,阪神ダ短距離(1000-1300)・良・内枠(1-2)で父系統「ニアークティック系」は基準比リフト1.135
競馬場×距離帯×馬場×枠,中山,坂あり・パワー型,芝,中長距離(2100-2400),良,外枠(7-8),父系統,ロイヤルチャージャー系,400,28,97,0.07,0.2425,59.7,0.0,7.88,0.2138,0.0287,1.134,A,中山芝中長距離(2100-2400)・良・外枠(7-8)で父系統「ロイヤルチャージャー系」は基準比リフト1.134
競馬場×距離帯×馬場×枠,中山,坂あり・パワー型,ダ,中距離(1700-2000),稍,外枠(7-8),父系統,ネイティヴダンサー系,319,31,77,0.0972,0.2414,101.7,0.0,7.96,0.2128,0.0286,1.134,A,中山ダ中距離(1700-2000)・稍・外枠(7-8)で父系統「ネイティヴダンサー系」は基準比リフト1.134
競馬場×距離帯×馬場×枠,中京,直線長め・持続型,ダ,短距離(1000-1300),良,外枠(7-8),父系統,父系統不明,306,22,69,0.0719,0.2255,40.6,0.0,7.49,0.1988,0.0267,1.134,A,中京ダ短距離(1000-1300)・良・外枠(7-8)で父系統「父系統不明」は基準比リフト1.134
競馬場×距離帯×馬場×枠,阪神,坂あり・パワー型,ダ,短距離(1000-1300),稍,外枠(7-8),母父系統,ロイヤルチャージャー系,281,20,75,0.0712,0.2669,86.8,0.0,7.42,0.2356,0.0313,1.133,A,阪神ダ短距離(1000-1300)・稍・外枠(7-8)で母父系統「ロイヤルチャージャー系」は基準比リフト1.133
競馬場×距離帯×馬場×枠,阪神,坂あり・パワー型,芝,短中距離(1400-1600),良,外枠(7-8),父系統,ロイヤルチャージャー系,2296,161,496,0.0701,0.216,77.8,0.0,8.03,0.1907,0.0253,1.133,A,阪神芝短中距離(1400-1600)・良・外枠(7-8)で父系統「ロイヤルチャージャー系」は基準比リフト1.133
競馬場×距離帯×馬場×枠,中山,坂あり・パワー型,ダ,短距離(1000-1300),良,内枠(1-2),母父系統,ニアークティック系,1158,69,232,0.0596,0.2003,57.6,0.0,8.33,0.1768,0.0235,1.133,A,中山ダ短距離(1000-1300)・良・内枠(1-2)で母父系統「ニアークティック系」は基準比リフト1.133
競馬場×距離帯×馬場×枠,京都,平坦・スピード型,芝,中距離(1700-2000),良,外枠(7-8),父系統,ネイティヴダンサー系,441,48,113,0.1088,0.2562,91.7,0.0,7.28,0.2263,0.0299,1.132,A,京都芝中距離(1700-2000)・良・外枠(7-8)で父系統「ネイティヴダンサー系」は基準比リフト1.132
競馬場×距離帯×馬場×枠,京都,平坦・スピード型,ダ,中距離(1700-2000),良,中枠(3-6),母父,サンデーサイレンス,470,36,116,0.0766,0.2468,118.2,0.0,6.93,0.2181,0.0287,1.132,A,京都ダ中距離(1700-2000)・良・中枠(3-6)で母父「サンデーサイレンス」は基準比リフト1.132
競馬場×距離帯×馬場×枠,中京,直線長め・持続型,ダ,中距離(1700-2000),重不良,中枠(3-6),父系統,父系統不明,241,18,53,0.0747,0.2199,52.4,0.0,6.82,0.1943,0.0256,1.132,A,中京ダ中距離(1700-2000)・重不良・中枠(3-6)で父系統「父系統不明」は基準比リフト1.132
競馬場×距離帯×馬場×枠,東京,直線長め・持続型,ダ,短中距離(1400-1600),不,内枠(1-2),母父系統,ロイヤルチャージャー系,241,16,49,0.0664,0.2033,68.2,0.0,8.0,0.1796,0.0237,1.132,A,東京ダ短中距離(1400-1600)・不・内枠(1-2)で母父系統「ロイヤルチャージャー系」は基準比リフト1.132
競馬場×距離帯×馬場×枠,新潟,直線長め・平坦型,芝,中距離(1700-2000),良,中枠(3-6),父,ステイゴールド,167,11,41,0.0659,0.2455,75.6,0.0,7.24,0.2171,0.0284,1.131,A,新潟芝中距離(1700-2000)・良・中枠(3-6)で父「ステイゴールド」は基準比リフト1.131
競馬場×距離帯×馬場×枠,阪神,坂あり・パワー型,ダ,短距離(1000-1300),稍,中枠(3-6),母父系統,ニアークティック系,426,29,95,0.0681,0.223,52.0,0.0,7.68,0.1971,0.0259,1.131,A,阪神ダ短距離(1000-1300)・稍・中枠(3-6)で母父系統「ニアークティック系」は基準比リフト1.131
競馬場×距離帯×馬場×枠,小倉,小回り・機動型,芝,短距離(1000-1300),稍,中枠(3-6),父系統,父系統不明,418,33,91,0.0789,0.2177,82.2,0.0,8.53,0.1925,0.0252,1.131,A,小倉芝短距離(1000-1300)・稍・中枠(3-6)で父系統「父系統不明」は基準比リフト1.131
競馬場×距離帯×馬場×枠,京都,平坦・スピード型,芝,中距離(1700-2000),良,中枠(3-6),母父,サンデーサイレンス,476,39,132,0.0819,0.2773,106.6,0.0,6.51,0.2454,0.0319,1.13,A,京都芝中距離(1700-2000)・良・中枠(3-6)で母父「サンデーサイレンス」は基準比リフト1.13
競馬場×距離帯×馬場×枠,中山,坂あり・パワー型,芝,短中距離(1400-1600),良,内枠(1-2),父系統,父系統不明,491,48,133,0.0978,0.2709,73.8,0.0,7.25,0.2397,0.0312,1.13,A,中山芝短中距離(1400-1600)・良・内枠(1-2)で父系統「父系統不明」は基準比リフト1.13
競馬場×距離帯×馬場×枠,福島,小回り・機動型,ダ,短距離(1000-1300),稍,中枠(3-6),母父系統,ニアークティック系,185,13,45,0.0703,0.2432,55.0,0.0,7.69,0.2153,0.0279,1.13,A,福島ダ短距離(1000-1300)・稍・中枠(3-6)で母父系統「ニアークティック系」は基準比リフト1.13
競馬場×距離帯×馬場×枠,阪神,坂あり・パワー型,ダ,中距離(1700-2000),重不良,外枠(7-8),母父系統,ニアークティック系,299,26,71,0.087,0.2375,117.8,0.0,7.31,0.2101,0.0274,1.13,A,阪神ダ中距離(1700-2000)・重不良・外枠(7-8)で母父系統「ニアークティック系」は基準比リフト1.13
競馬場×距離帯×馬場×枠,小倉,小回り・機動型,芝,短距離(1000-1300),良,内枠(1-2),父系統,ナスルーラ系,294,27,63,0.0918,0.2143,89.6,0.0,8.02,0.1897,0.0246,1.13,A,小倉芝短距離(1000-1300)・良・内枠(1-2)で父系統「ナスルーラ系」は基準比リフト1.13
競馬場×距離帯×馬場×枠,阪神,坂あり・パワー型,ダ,中距離(1700-2000),良,外枠(7-8),父系統,父系統不明,1051,86,279,0.0818,0.2655,56.3,0.0,6.6,0.2351,0.0304,1.129,A,阪神ダ中距離(1700-2000)・良・外枠(7-8)で父系統「父系統不明」は基準比リフト1.129
競馬場×距離帯×馬場×枠,京都,平坦・スピード型,芝,長距離(2500以上),良,中枠(3-6),父系統,ロイヤルチャージャー系,220,13,56,0.0591,0.2545,49.8,0.0,7.66,0.2255,0.029,1.129,A,京都芝長距離(2500以上)・良・中枠(3-6)で父系統「ロイヤルチャージャー系」は基準比リフト1.129
競馬場×距離帯×馬場×枠,福島,小回り・機動型,芝,中距離(1700-2000),良,中枠(3-6),父,ハーツクライ,166,10,41,0.0602,0.247,62.7,0.0,6.48,0.2188,0.0282,1.129,A,福島芝中距離(1700-2000)・良・中枠(3-6)で父「ハーツクライ」は基準比リフト1.129
競馬場×距離帯×馬場×枠,阪神,坂あり・パワー型,ダ,中距離(1700-2000),重不良,外枠(7-8),父系統,父系統不明,156,15,37,0.0962,0.2372,69.8,0.0,6.68,0.2101,0.0271,1.129,A,阪神ダ中距離(1700-2000)・重不良・外枠(7-8)で父系統「父系統不明」は基準比リフト1.129
競馬場×距離帯×馬場×枠,中京,直線長め・持続型,ダ,中距離(1700-2000),良,外枠(7-8),父系統,父系統不明,802,60,189,0.0748,0.2357,54.8,0.0,6.84,0.2087,0.027,1.129,A,中京ダ中距離(1700-2000)・良・外枠(7-8)で父系統「父系統不明」は基準比リフト1.129
競馬場×距離帯×馬場×枠,東京,直線長め・持続型,ダ,短距離(1000-1300),良,内枠(1-2),父系統,父系統不明,190,14,43,0.0737,0.2263,226.5,0.0,7.62,0.2004,0.0259,1.129,A,東京ダ短距離(1000-1300)・良・内枠(1-2)で父系統「父系統不明」は基準比リフト1.129
競馬場×距離帯×馬場×枠,東京,直線長め・持続型,ダ,短中距離(1400-1600),重不良,内枠(1-2),父系統,父系統不明,282,18,53,0.0638,0.1879,51.7,0.0,8.02,0.1665,0.0214,1.129,A,東京ダ短中距離(1400-1600)・重不良・内枠(1-2)で父系統「父系統不明」は基準比リフト1.129
競馬場×距離帯×馬場×枠,阪神,坂あり・パワー型,芝,長距離(2500以上),良,外枠(7-8),父系統,ロイヤルチャージャー系,159,13,41,0.0818,0.2579,62.9,0.0,6.69,0.2287,0.0292,1.128,A,阪神芝長距離(2500以上)・良・外枠(7-8)で父系統「ロイヤルチャージャー系」は基準比リフト1.128
競馬場×距離帯×馬場×枠,新潟,直線長め・平坦型,芝,長距離(2500以上),良,中枠(3-6),父系統,ロイヤルチャージャー系,731,69,186,0.0944,0.2544,76.1,0.0,7.0,0.2255,0.0289,1.128,A,新潟芝長距離(2500以上)・良・中枠(3-6)で父系統「ロイヤルチャージャー系」は基準比リフト1.128
競馬場×距離帯×馬場×枠,福島,小回り・機動型,芝,中距離(1700-2000),良,中枠(3-6),父系統,ナスルーラ系,320,19,79,0.0594,0.2469,109.4,0.0,7.98,0.2188,0.0281,1.128,A,福島芝中距離(1700-2000)・良・中枠(3-6)で父系統「ナスルーラ系」は基準比リフト1.128
競馬場×距離帯×馬場×枠,中京,直線長め・持続型,ダ,中距離(1700-2000),稍,内枠(1-2),母父系統,ロイヤルチャージャー系,216,16,53,0.0741,0.2454,42.5,0.0,7.22,0.2175,0.0279,1.128,A,中京ダ中距離(1700-2000)・稍・内枠(1-2)で母父系統「ロイヤルチャージャー系」は基準比リフト1.128
競馬場×距離帯×馬場×枠,京都,平坦・スピード型,芝,短距離(1000-1300),良,中枠(3-6),母父系統,ナスルーラ系,305,21,71,0.0689,0.2328,45.4,0.0,8.09,0.2064,0.0264,1.128,A,京都芝短距離(1000-1300)・良・中枠(3-6)で母父系統「ナスルーラ系」は基準比リフト1.128
競馬場×距離帯×馬場×枠,福島,小回り・機動型,芝,短距離(1000-1300),良,中枠(3-6),父,ダイワメジャー,202,12,43,0.0594,0.2129,38.2,0.0,6.94,0.1887,0.0242,1.128,A,福島芝短距離(1000-1300)・良・中枠(3-6)で父「ダイワメジャー」は基準比リフト1.128
競馬場×距離帯×馬場×枠,東京,直線長め・持続型,ダ,短距離(1000-1300),良,外枠(7-8),母父系統,ニアークティック系,311,23,62,0.074,0.1994,59.0,0.0,7.69,0.1768,0.0226,1.128,A,東京ダ短距離(1000-1300)・良・外枠(7-8)で母父系統「ニアークティック系」は基準比リフト1.128
競馬場×距離帯×馬場×枠,阪神,坂あり・パワー型,ダ,中距離(1700-2000),稍,中枠(3-6),母父系統,ネイティヴダンサー系,699,48,165,0.0687,0.2361,111.4,0.0,7.6,0.2095,0.0266,1.127,A,阪神ダ中距離(1700-2000)・稍・中枠(3-6)で母父系統「ネイティヴダンサー系」は基準比リフト1.127
競馬場×距離帯×馬場×枠,中山,坂あり・パワー型,ダ,中距離(1700-2000),稍,中枠(3-6),母父系統,ニアークティック系,823,65,193,0.079,0.2345,69.2,0.0,7.71,0.2081,0.0264,1.127,A,中山ダ中距離(1700-2000)・稍・中枠(3-6)で母父系統「ニアークティック系」は基準比リフト1.127
競馬場×距離帯×馬場×枠,東京,直線長め・持続型,ダ,短中距離(1400-1600),重不良,中枠(3-6),父系統,父系統不明,580,45,127,0.0776,0.219,96.6,0.0,7.68,0.1943,0.0247,1.127,A,東京ダ短中距離(1400-1600)・重不良・中枠(3-6)で父系統「父系統不明」は基準比リフト1.127
競馬場×距離帯×馬場×枠,阪神,坂あり・パワー型,ダ,中距離(1700-2000),稍,外枠(7-8),父系統,ネイティヴダンサー系,311,28,85,0.09,0.2733,88.6,0.0,6.84,0.2427,0.0306,1.126,A,阪神ダ中距離(1700-2000)・稍・外枠(7-8)で父系統「ネイティヴダンサー系」は基準比リフト1.126
競馬場×距離帯×馬場×枠,東京,直線長め・持続型,芝,短中距離(1400-1600),稍,外枠(7-8),母父系統,ニアークティック系,295,22,69,0.0746,0.2339,94.4,0.0,8.02,0.2077,0.0262,1.126,A,東京芝短中距離(1400-1600)・稍・外枠(7-8)で母父系統「ニアークティック系」は基準比リフト1.126
競馬場×距離帯×馬場×枠,中山,坂あり・パワー型,ダ,中距離(1700-2000),重不良,外枠(7-8),父系統,父系統不明,159,16,45,0.1006,0.283,44.0,0.0,6.85,0.2515,0.0315,1.125,A,中山ダ中距離(1700-2000)・重不良・外枠(7-8)で父系統「父系統不明」は基準比リフト1.125
競馬場×距離帯×馬場×枠,京都,平坦・スピード型,芝,中長距離(2100-2400),良,中枠(3-6),父系統,ネイティヴダンサー系,243,19,64,0.0782,0.2634,49.4,0.0,6.66,0.2341,0.0293,1.125,A,京都芝中長距離(2100-2400)・良・中枠(3-6)で父系統「ネイティヴダンサー系」は基準比リフト1.125
競馬場×距離帯×馬場×枠,京都,平坦・スピード型,芝,短距離(1000-1300),良,中枠(3-6),父系統,父系統不明,254,20,59,0.0787,0.2323,51.1,0.0,7.74,0.2064,0.0259,1.125,A,京都芝短距離(1000-1300)・良・中枠(3-6)で父系統「父系統不明」は基準比リフト1.125
競馬場×距離帯×馬場×枠,京都,平坦・スピード型,ダ,短中距離(1400-1600),稍,中枠(3-6),父系統,父系統不明,207,15,48,0.0725,0.2319,49.6,0.0,7.74,0.2062,0.0257,1.125,A,京都ダ短中距離(1400-1600)・稍・中枠(3-6)で父系統「父系統不明」は基準比リフト1.125
競馬場×距離帯×馬場×枠,中山,坂あり・パワー型,ダ,短距離(1000-1300),良,外枠(7-8),母父系統,ニアークティック系,1193,100,273,0.0838,0.2288,55.7,0.0,7.61,0.2034,0.0254,1.125,A,中山ダ短距離(1000-1300)・良・外枠(7-8)で母父系統「ニアークティック系」は基準比リフト1.125
競馬場×距離帯×馬場×枠,中山,坂あり・パワー型,芝,中距離(1700-2000),稍,中枠(3-6),母父系統,ナスルーラ系,152,12,38,0.0789,0.25,97.4,0.0,7.54,0.2225,0.0275,1.124,A,中山芝中距離(1700-2000)・稍・中枠(3-6)で母父系統「ナスルーラ系」は基準比リフト1.124
競馬場×距離帯×馬場×枠,小倉,小回り・機動型,芝,短距離(1000-1300),良,中枠(3-6),父系統,ナスルーラ系,662,47,145,0.071,0.219,103.4,0.0,8.41,0.1949,0.0241,1.124,A,小倉芝短距離(1000-1300)・良・中枠(3-6)で父系統「ナスルーラ系」は基準比リフト1.124
競馬場×距離帯×馬場×枠,中京,直線長め・持続型,芝,中長距離(2100-2400),良,外枠(7-8),父系統,ロイヤルチャージャー系,382,30,99,0.0785,0.2592,46.8,0.0,7.38,0.2308,0.0284,1.123,A,中京芝中長距離(2100-2400)・良・外枠(7-8)で父系統「ロイヤルチャージャー系」は基準比リフト1.123
競馬場×距離帯×馬場×枠,阪神,坂あり・パワー型,ダ,中距離(1700-2000),良,中枠(3-6),父系統,父系統不明,1818,153,464,0.0842,0.2552,69.3,0.0,6.84,0.2273,0.0279,1.123,A,阪神ダ中距離(1700-2000)・良・中枠(3-6)で父系統「父系統不明」は基準比リフト1.123
競馬場×距離帯×馬場×枠,東京,直線長め・持続型,芝,短中距離(1400-1600),良,中枠(3-6),父,マンハッタンカフェ,158,12,36,0.0759,0.2278,293.9,0.0,6.49,0.2028,0.025,1.123,A,東京芝短中距離(1400-1600)・良・中枠(3-6)で父「マンハッタンカフェ」は基準比リフト1.123
競馬場×距離帯×馬場×枠,中山,坂あり・パワー型,芝,短中距離(1400-1600),稍,内枠(1-2),母父系統,ロイヤルチャージャー系,163,12,36,0.0736,0.2209,134.5,0.0,7.67,0.1967,0.0242,1.123,A,中山芝短中距離(1400-1600)・稍・内枠(1-2)で母父系統「ロイヤルチャージャー系」は基準比リフト1.123
競馬場×距離帯×馬場×枠,東京,直線長め・持続型,ダ,短距離(1000-1300),良,中枠(3-6),父系統,ネイティヴダンサー系,548,35,121,0.0639,0.2208,52.3,0.0,7.99,0.1967,0.0241,1.123,A,東京ダ短距離(1000-1300)・良・中枠(3-6)で父系統「ネイティヴダンサー系」は基準比リフト1.123
競馬場×距離帯×馬場×枠,中京,直線長め・持続型,ダ,短中距離(1400-1600),良,外枠(7-8),父系統,ニアークティック系,170,9,37,0.0529,0.2176,34.5,0.0,8.08,0.1938,0.0238,1.123,A,中京ダ短中距離(1400-1600)・良・外枠(7-8)で父系統「ニアークティック系」は基準比リフト1.123
競馬場×距離帯×馬場×枠,京都,平坦・スピード型,芝,短距離(1000-1300),良,外枠(7-8),父系統,ニアークティック系,215,13,42,0.0605,0.1953,96.4,0.0,8.15,0.1739,0.0214,1.123,A,京都芝短距離(1000-1300)・良・外枠(7-8)で父系統「ニアークティック系」は基準比リフト1.123
競馬場×距離帯×馬場×枠,小倉,小回り・機動型,芝,中距離(1700-2000),稍,内枠(1-2),父系統,父系統不明,172,18,46,0.1047,0.2674,98.9,0.0,7.27,0.2384,0.029,1.122,A,小倉芝中距離(1700-2000)・稍・内枠(1-2)で父系統「父系統不明」は基準比リフト1.122
競馬場×距離帯×馬場×枠,中京,直線長め・持続型,芝,中距離(1700-2000),良,内枠(1-2),父系統,ニアークティック系,194,20,49,0.1031,0.2526,84.9,0.0,7.65,0.2251,0.0275,1.122,A,中京芝中距離(1700-2000)・良・内枠(1-2)で父系統「ニアークティック系」は基準比リフト1.122
競馬場×距離帯×馬場×枠,中京,直線長め・持続型,芝,短中距離(1400-1600),稍,外枠(7-8),父系統,ロイヤルチャージャー系,257,22,61,0.0856,0.2374,91.1,0.0,7.65,0.2116,0.0258,1.122,A,中京芝短中距離(1400-1600)・稍・外枠(7-8)で父系統「ロイヤルチャージャー系」は基準比リフト1.122
競馬場×距離帯×馬場×枠,中京,直線長め・持続型,ダ,短中距離(1400-1600),良,内枠(1-2),母父系統,ネイティヴダンサー系,339,26,75,0.0767,0.2212,86.6,0.0,8.09,0.1971,0.0241,1.122,A,中京ダ短中距離(1400-1600)・良・内枠(1-2)で母父系統「ネイティヴダンサー系」は基準比リフト1.122
競馬場×距離帯×馬場×枠,中京,直線長め・持続型,ダ,短中距離(1400-1600),稍,中枠(3-6),母父系統,ロイヤルチャージャー系,320,18,69,0.0562,0.2156,159.3,0.0,8.42,0.1921,0.0235,1.122,A,中京ダ短中距離(1400-1600)・稍・中枠(3-6)で母父系統「ロイヤルチャージャー系」は基準比リフト1.122
競馬場×距離帯×馬場×枠,函館,小回り・持続型,ダ,中距離(1700-2000),稍,中枠(3-6),母父系統,ネイティヴダンサー系,192,18,51,0.0938,0.2656,63.7,0.0,6.58,0.2369,0.0287,1.121,A,函館ダ中距離(1700-2000)・稍・中枠(3-6)で母父系統「ネイティヴダンサー系」は基準比リフト1.121
競馬場×距離帯×馬場×枠,札幌,小回り・持続型,芝,短距離(1000-1300),良,外枠(7-8),父系統,ニアークティック系,154,14,38,0.0909,0.2468,42.3,0.0,7.71,0.2201,0.0267,1.121,A,札幌芝短距離(1000-1300)・良・外枠(7-8)で父系統「ニアークティック系」は基準比リフト1.121
競馬場×距離帯×馬場×枠,京都,平坦・スピード型,ダ,中距離(1700-2000),良,中枠(3-6),父,クロフネ,270,20,66,0.0741,0.2444,51.2,0.0,7.0,0.2181,0.0263,1.121,A,京都ダ中距離(1700-2000)・良・中枠(3-6)で父「クロフネ」は基準比リフト1.121
競馬場×距離帯×馬場×枠,新潟,直線長め・平坦型,ダ,短距離(1000-1300),良,中枠(3-6),母父,サンデーサイレンス,189,15,43,0.0794,0.2275,59.8,0.0,7.88,0.2029,0.0246,1.121,A,新潟ダ短距離(1000-1300)・良・中枠(3-6)で母父「サンデーサイレンス」は基準比リフト1.121
競馬場×距離帯×馬場×枠,中山,坂あり・パワー型,ダ,短距離(1000-1300),稍,内枠(1-2),母父系統,ニアークティック系,435,20,88,0.046,0.2023,65.3,0.0,8.07,0.1805,0.0218,1.121,A,中山ダ短距離(1000-1300)・稍・内枠(1-2)で母父系統「ニアークティック系」は基準比リフト1.121
競馬場×距離帯×馬場×枠,新潟,直線長め・平坦型,芝,中距離(1700-2000),稍,中枠(3-6),父系統,ロイヤルチャージャー系,428,32,104,0.0748,0.243,72.2,0.0,7.55,0.217,0.026,1.12,A,新潟芝中距離(1700-2000)・稍・中枠(3-6)で父系統「ロイヤルチャージャー系」は基準比リフト1.12
競馬場×距離帯×馬場×枠,中山,坂あり・パワー型,ダ,短距離(1000-1300),稍,外枠(7-8),父系統,ネイティヴダンサー系,384,32,97,0.0833,0.2526,106.5,0.0,7.96,0.2257,0.0269,1.119,A,中山ダ短距離(1000-1300)・稍・外枠(7-8)で父系統「ネイティヴダンサー系」は基準比リフト1.119
競馬場×距離帯×馬場×枠,阪神,坂あり・パワー型,ダ,短距離(1000-1300),不,中枠(3-6),母父系統,ロイヤルチャージャー系,190,12,45,0.0632,0.2368,63.5,0.0,8.44,0.2117,0.0251,1.119,A,阪神ダ短距離(1000-1300)・不・中枠(3-6)で母父系統「ロイヤルチャージャー系」は基準比リフト1.119
競馬場×距離帯×馬場×枠,京都,平坦・スピード型,ダ,中距離(1700-2000),良,外枠(7-8),父系統,ナスルーラ系,238,19,55,0.0798,0.2311,105.6,0.0,7.59,0.2066,0.0245,1.119,A,京都ダ中距離(1700-2000)・良・外枠(7-8)で父系統「ナスルーラ系」は基準比リフト1.119
競馬場×距離帯×馬場×枠,福島,小回り・機動型,ダ,短距離(1000-1300),良,内枠(1-2),母父系統,ニアークティック系,335,27,72,0.0806,0.2149,178.7,0.0,8.01,0.1921,0.0228,1.119,A,福島ダ短距離(1000-1300)・良・内枠(1-2)で母父系統「ニアークティック系」は基準比リフト1.119
競馬場×距離帯×馬場×枠,小倉,小回り・機動型,芝,短距離(1000-1300),重不良,外枠(7-8),父系統,父系統不明,150,15,31,0.1,0.2067,140.3,0.0,8.54,0.1848,0.0219,1.119,A,小倉芝短距離(1000-1300)・重不良・外枠(7-8)で父系統「父系統不明」は基準比リフト1.119
競馬場×距離帯×馬場×枠,札幌,小回り・持続型,芝,長距離(2500以上),良,外枠(7-8),父系統,ロイヤルチャージャー系,188,16,51,0.0851,0.2713,85.0,0.0,6.81,0.2426,0.0287,1.118,A,札幌芝長距離(2500以上)・良・外枠(7-8)で父系統「ロイヤルチャージャー系」は基準比リフト1.118
競馬場×距離帯×馬場×枠,中京,直線長め・持続型,ダ,中距離(1700-2000),良,内枠(1-2),父系統,ネイティヴダンサー系,342,21,86,0.0614,0.2515,78.4,0.0,7.39,0.225,0.0265,1.118,A,中京ダ中距離(1700-2000)・良・内枠(1-2)で父系統「ネイティヴダンサー系」は基準比リフト1.118
競馬場×距離帯×馬場×枠,中京,直線長め・持続型,芝,短中距離(1400-1600),重不良,中枠(3-6),父系統,ロイヤルチャージャー系,170,15,37,0.0882,0.2176,48.2,0.0,7.38,0.1946,0.023,1.118,A,中京芝短中距離(1400-1600)・重不良・中枠(3-6)で父系統「ロイヤルチャージャー系」は基準比リフト1.118
競馬場×距離帯×馬場×枠,京都,平坦・スピード型,芝,短距離(1000-1300),良,外枠(7-8),父系統,ネイティヴダンサー系,293,19,57,0.0648,0.1945,56.1,0.0,7.86,0.1739,0.0206,1.118,A,京都芝短距離(1000-1300)・良・外枠(7-8)で父系統「ネイティヴダンサー系」は基準比リフト1.118
競馬場×距離帯×馬場×枠,函館,小回り・持続型,ダ,中距離(1700-2000),良,外枠(7-8),父系統,父系統不明,313,30,84,0.0958,0.2684,106.5,0.0,6.24,0.2402,0.0282,1.117,A,函館ダ中距離(1700-2000)・良・外枠(7-8)で父系統「父系統不明」は基準比リフト1.117
競馬場×距離帯×馬場×枠,中山,坂あり・パワー型,芝,中距離(1700-2000),良,内枠(1-2),父系統,ネイティヴダンサー系,327,28,81,0.0856,0.2477,59.6,0.0,7.35,0.2217,0.026,1.117,A,中山芝中距離(1700-2000)・良・内枠(1-2)で父系統「ネイティヴダンサー系」は基準比リフト1.117
競馬場×距離帯×馬場×枠,東京,直線長め・持続型,芝,長距離(2500以上),良,中枠(3-6),母父系統,ロイヤルチャージャー系,173,10,38,0.0578,0.2197,29.9,0.0,7.61,0.1966,0.0231,1.117,A,東京芝長距離(2500以上)・良・中枠(3-6)で母父系統「ロイヤルチャージャー系」は基準比リフト1.117
競馬場×距離帯×馬場×枠,福島,小回り・機動型,芝,中距離(1700-2000),良,外枠(7-8),母父,サンデーサイレンス,186,17,39,0.0914,0.2097,146.9,0.0,7.91,0.1878,0.0219,1.117,A,福島芝中距離(1700-2000)・良・外枠(7-8)で母父「サンデーサイレンス」は基準比リフト1.117
競馬場×距離帯×馬場×枠,東京,直線長め・持続型,芝,中距離(1700-2000),良,内枠(1-2),母父,サンデーサイレンス,237,30,62,0.1266,0.2616,82.1,0.0,7.02,0.2345,0.0271,1.116,A,東京芝中距離(1700-2000)・良・内枠(1-2)で母父「サンデーサイレンス」は基準比リフト1.116
競馬場×距離帯×馬場×枠,東京,直線長め・持続型,芝,短中距離(1400-1600),稍,外枠(7-8),母父系統,ネイティヴダンサー系,220,18,51,0.0818,0.2318,86.4,0.0,8.03,0.2077,0.0241,1.116,A,東京芝短中距離(1400-1600)・稍・外枠(7-8)で母父系統「ネイティヴダンサー系」は基準比リフト1.116
競馬場×距離帯×馬場×枠,阪神,坂あり・パワー型,芝,短中距離(1400-1600),稍,中枠(3-6),母父系統,ニアークティック系,404,27,93,0.0668,0.2302,91.1,0.0,8.11,0.2062,0.024,1.116,A,阪神芝短中距離(1400-1600)・稍・中枠(3-6)で母父系統「ニアークティック系」は基準比リフト1.116
競馬場×距離帯×馬場×枠,京都,平坦・スピード型,ダ,短距離(1000-1300),良,外枠(7-8),父系統,父系統不明,294,23,67,0.0782,0.2279,37.2,0.0,7.36,0.2043,0.0236,1.116,A,京都ダ短距離(1000-1300)・良・外枠(7-8)で父系統「父系統不明」は基準比リフト1.116
競馬場×距離帯×馬場×枠,小倉,小回り・機動型,ダ,中距離(1700-2000),不,中枠(3-6),母父系統,ネイティヴダンサー系,169,14,38,0.0828,0.2249,120.9,0.0,7.79,0.2015,0.0234,1.116,A,小倉ダ中距離(1700-2000)・不・中枠(3-6)で母父系統「ネイティヴダンサー系」は基準比リフト1.116
競馬場×距離帯×馬場×枠,京都,平坦・スピード型,ダ,短中距離(1400-1600),良,中枠(3-6),母父,サンデーサイレンス,215,16,48,0.0744,0.2233,62.5,0.0,7.45,0.2,0.0233,1.116,A,京都ダ短中距離(1400-1600)・良・中枠(3-6)で母父「サンデーサイレンス」は基準比リフト1.116
競馬場×距離帯×馬場×枠,中山,坂あり・パワー型,ダ,中距離(1700-2000),不,中枠(3-6),母父系統,ニアークティック系,314,33,68,0.1051,0.2166,111.6,0.0,7.67,0.1941,0.0225,1.116,A,中山ダ中距離(1700-2000)・不・中枠(3-6)で母父系統「ニアークティック系」は基準比リフト1.116
競馬場×距離帯×馬場×枠,阪神,坂あり・パワー型,ダ,中距離(1700-2000),稍,外枠(7-8),母父系統,ネイティヴダンサー系,351,41,95,0.1168,0.2707,87.6,0.0,7.18,0.2427,0.028,1.115,A,阪神ダ中距離(1700-2000)・稍・外枠(7-8)で母父系統「ネイティヴダンサー系」は基準比リフト1.115
競馬場×距離帯×馬場×枠,札幌,小回り・持続型,ダ,中距離(1700-2000),稍,中枠(3-6),父系統,父系統不明,185,18,47,0.0973,0.2541,71.2,0.0,6.46,0.2278,0.0263,1.115,A,札幌ダ中距離(1700-2000)・稍・中枠(3-6)で父系統「父系統不明」は基準比リフト1.115
競馬場×距離帯×馬場×枠,東京,直線長め・持続型,ダ,短中距離(1400-1600),良,内枠(1-2),母父,サンデーサイレンス,353,22,66,0.0623,0.187,47.7,0.0,7.98,0.1677,0.0193,1.115,A,東京ダ短中距離(1400-1600)・良・内枠(1-2)で母父「サンデーサイレンス」は基準比リフト1.115
競馬場×距離帯×馬場×枠,小倉,小回り・機動型,芝,長距離(2500以上),良,中枠(3-6),母父系統,ニアークティック系,446,46,127,0.1031,0.2848,79.9,0.0,6.26,0.2556,0.0292,1.114,A,小倉芝長距離(2500以上)・良・中枠(3-6)で母父系統「ニアークティック系」は基準比リフト1.114
競馬場×距離帯×馬場×枠,阪神,坂あり・パワー型,ダ,短距離(1000-1300),良,外枠(7-8),母父系統,ネイティヴダンサー系,498,49,115,0.0984,0.2309,94.0,0.0,7.84,0.2072,0.0237,1.114,A,阪神ダ短距離(1000-1300)・良・外枠(7-8)で母父系統「ネイティヴダンサー系」は基準比リフト1.114
競馬場×距離帯×馬場×枠,福島,小回り・機動型,芝,短距離(1000-1300),良,外枠(7-8),母父系統,ニアークティック系,737,53,161,0.0719,0.2185,61.4,0.0,8.07,0.1962,0.0223,1.114,A,福島芝短距離(1000-1300)・良・外枠(7-8)で母父系統「ニアークティック系」は基準比リフト1.114
競馬場×距離帯×馬場×枠,阪神,坂あり・パワー型,ダ,中距離(1700-2000),良,中枠(3-6),父,ハーツクライ,166,13,42,0.0783,0.253,60.2,0.0,6.35,0.2273,0.0257,1.113,A,阪神ダ中距離(1700-2000)・良・中枠(3-6)で父「ハーツクライ」は基準比リフト1.113
競馬場×距離帯×馬場×枠,阪神,坂あり・パワー型,ダ,短中距離(1400-1600),不,中枠(3-6),母父系統,ネイティヴダンサー系,161,17,40,0.1056,0.2484,83.9,0.0,7.65,0.2231,0.0253,1.113,A,阪神ダ短中距離(1400-1600)・不・中枠(3-6)で母父系統「ネイティヴダンサー系」は基準比リフト1.113
競馬場×距離帯×馬場×枠,阪神,坂あり・パワー型,芝,中長距離(2100-2400),良,外枠(7-8),父系統,ネイティヴダンサー系,159,14,39,0.0881,0.2453,73.6,0.0,7.27,0.2204,0.0249,1.113,A,阪神芝中長距離(2100-2400)・良・外枠(7-8)で父系統「ネイティヴダンサー系」は基準比リフト1.113
競馬場×距離帯×馬場×枠,中京,直線長め・持続型,芝,短距離(1000-1300),良,内枠(1-2),母父系統,ロイヤルチャージャー系,280,25,60,0.0893,0.2143,126.8,0.0,8.86,0.1925,0.0218,1.113,A,中京芝短距離(1000-1300)・良・内枠(1-2)で母父系統「ロイヤルチャージャー系」は基準比リフト1.113
競馬場×距離帯×馬場×枠,東京,直線長め・持続型,ダ,短中距離(1400-1600),良,内枠(1-2),母父,フジキセキ,209,14,39,0.067,0.1866,132.3,0.0,8.13,0.1677,0.0189,1.113,A,東京ダ短中距離(1400-1600)・良・内枠(1-2)で母父「フジキセキ」は基準比リフト1.113
競馬場×距離帯×馬場×枠,東京,直線長め・持続型,ダ,短中距離(1400-1600),良,内枠(1-2),母父系統,ネイティヴダンサー系,1587,109,296,0.0687,0.1865,49.9,0.0,8.1,0.1677,0.0188,1.112,A,東京ダ短中距離(1400-1600)・良・内枠(1-2)で母父系統「ネイティヴダンサー系」は基準比リフト1.112
競馬場×距離帯×馬場×枠,福島,小回り・機動型,芝,短距離(1000-1300),良,内枠(1-2),父系統,父系統不明,438,37,107,0.0845,0.2443,63.6,0.0,7.26,0.2198,0.0245,1.111,A,福島芝短距離(1000-1300)・良・内枠(1-2)で父系統「父系統不明」は基準比リフト1.111
競馬場×距離帯×馬場×枠,中京,直線長め・持続型,ダ,短中距離(1400-1600),良,外枠(7-8),父系統,ネイティヴダンサー系,274,19,59,0.0693,0.2153,70.3,0.0,8.51,0.1938,0.0215,1.111,A,中京ダ短中距離(1400-1600)・良・外枠(7-8)で父系統「ネイティヴダンサー系」は基準比リフト1.111
競馬場×距離帯×馬場×枠,阪神,坂あり・パワー型,ダ,短距離(1000-1300),良,内枠(1-2),父系統,父系統不明,386,27,77,0.0699,0.1995,48.4,0.0,7.77,0.1796,0.0199,1.111,A,阪神ダ短距離(1000-1300)・良・内枠(1-2)で父系統「父系統不明」は基準比リフト1.111
競馬場×距離帯×馬場×枠,阪神,坂あり・パワー型,芝,中距離(1700-2000),良,中枠(3-6),父,キングカメハメハ,293,26,78,0.0887,0.2662,52.8,0.0,5.83,0.2399,0.0263,1.11,A,阪神芝中距離(1700-2000)・良・中枠(3-6)で父「キングカメハメハ」は基準比リフト1.11
競馬場×距離帯×馬場×枠,中京,直線長め・持続型,ダ,中距離(1700-2000),良,中枠(3-6),父系統,父系統不明,1303,107,316,0.0821,0.2425,105.5,0.0,6.9,0.2184,0.0241,1.11,A,中京ダ中距離(1700-2000)・良・中枠(3-6)で父系統「父系統不明」は基準比リフト1.11
競馬場×距離帯×馬場×枠,中京,直線長め・持続型,ダ,中距離(1700-2000),良,外枠(7-8),母父系統,ナスルーラ系,272,24,63,0.0882,0.2316,245.4,0.0,7.3,0.2087,0.0229,1.11,A,中京ダ中距離(1700-2000)・良・外枠(7-8)で母父系統「ナスルーラ系」は基準比リフト1.11
競馬場×距離帯×馬場×枠,東京,直線長め・持続型,ダ,短中距離(1400-1600),良,中枠(3-6),父系統,父系統不明,3146,224,697,0.0712,0.2216,73.6,0.0,7.8,0.1997,0.0219,1.11,A,東京ダ短中距離(1400-1600)・良・中枠(3-6)で父系統「父系統不明」は基準比リフト1.11
競馬場×距離帯×馬場×枠,小倉,小回り・機動型,ダ,中距離(1700-2000),稍,外枠(7-8),母父系統,ネイティヴダンサー系,219,12,46,0.0548,0.21,56.2,0.0,8.39,0.1892,0.0208,1.11,A,小倉ダ中距離(1700-2000)・稍・外枠(7-8)で母父系統「ネイティヴダンサー系」は基準比リフト1.11
競馬場×距離帯×馬場×枠,京都,平坦・スピード型,ダ,短距離(1000-1300),稍,中枠(3-6),父系統,父系統不明,183,14,38,0.0765,0.2077,65.8,0.0,7.74,0.1872,0.0205,1.11,A,京都ダ短距離(1000-1300)・稍・中枠(3-6)で父系統「父系統不明」は基準比リフト1.11
競馬場×距離帯×馬場×枠,東京,直線長め・持続型,芝,中距離(1700-2000),良,中枠(3-6),母父,サンデーサイレンス,582,58,153,0.0997,0.2629,79.1,0.0,6.72,0.237,0.0259,1.109,A,東京芝中距離(1700-2000)・良・中枠(3-6)で母父「サンデーサイレンス」は基準比リフト1.109
競馬場×距離帯×馬場×枠,新潟,直線長め・平坦型,芝,長距離(2500以上),良,中枠(3-6),母父系統,ナスルーラ系,176,11,44,0.0625,0.25,75.0,0.0,7.5,0.2255,0.0245,1.109,A,新潟芝長距離(2500以上)・良・中枠(3-6)で母父系統「ナスルーラ系」は基準比リフト1.109
競馬場×距離帯×馬場×枠,京都,平坦・スピード型,ダ,短距離(1000-1300),重不良,中枠(3-6),父系統,ネイティヴダンサー系,199,8,46,0.0402,0.2312,92.6,0.0,7.76,0.2085,0.0227,1.109,A,京都ダ短距離(1000-1300)・重不良・中枠(3-6)で父系統「ネイティヴダンサー系」は基準比リフト1.109
競馬場×距離帯×馬場×枠,小倉,小回り・機動型,ダ,中距離(1700-2000),稍,中枠(3-6),父系統,ネイティヴダンサー系,324,27,74,0.0833,0.2284,162.4,0.0,8.35,0.2059,0.0225,1.109,A,小倉ダ中距離(1700-2000)・稍・中枠(3-6)で父系統「ネイティヴダンサー系」は基準比リフト1.109
競馬場×距離帯×馬場×枠,小倉,小回り・機動型,ダ,中距離(1700-2000),稍,中枠(3-6),母父系統,ロイヤルチャージャー系,622,62,142,0.0997,0.2283,94.3,0.0,7.71,0.2059,0.0224,1.109,A,小倉ダ中距離(1700-2000)・稍・中枠(3-6)で母父系統「ロイヤルチャージャー系」は基準比リフト1.109
競馬場×距離帯×馬場×枠,新潟,直線長め・平坦型,ダ,短距離(1000-1300),稍,中枠(3-6),父系統,ニアークティック系,294,15,65,0.051,0.2211,47.2,0.0,7.48,0.1993,0.0218,1.109,A,新潟ダ短距離(1000-1300)・稍・中枠(3-6)で父系統「ニアークティック系」は基準比リフト1.109
競馬場×距離帯×馬場×枠,阪神,坂あり・パワー型,芝,中距離(1700-2000),良,中枠(3-6),父系統,父系統不明,1125,115,299,0.1022,0.2658,81.3,0.0,6.62,0.2399,0.0259,1.108,A,阪神芝中距離(1700-2000)・良・中枠(3-6)で父系統「父系統不明」は基準比リフト1.108
競馬場×距離帯×馬場×枠,京都,平坦・スピード型,ダ,中距離(1700-2000),重不良,外枠(7-8),母父系統,ネイティヴダンサー系,184,18,48,0.0978,0.2609,65.7,0.0,6.97,0.2355,0.0254,1.108,A,京都ダ中距離(1700-2000)・重不良・外枠(7-8)で母父系統「ネイティヴダンサー系」は基準比リフト1.108
競馬場×距離帯×馬場×枠,阪神,坂あり・パワー型,芝,中距離(1700-2000),稍,中枠(3-6),母父系統,ニアークティック系,312,29,81,0.0929,0.2596,89.1,0.0,7.1,0.2342,0.0254,1.108,A,阪神芝中距離(1700-2000)・稍・中枠(3-6)で母父系統「ニアークティック系」は基準比リフト1.108
競馬場×距離帯×馬場×枠,中京,直線長め・持続型,芝,中距離(1700-2000),良,内枠(1-2),母父系統,ニアークティック系,409,29,102,0.0709,0.2494,52.0,0.0,7.44,0.2251,0.0243,1.108,A,中京芝中距離(1700-2000)・良・内枠(1-2)で母父系統「ニアークティック系」は基準比リフト1.108
競馬場×距離帯×馬場×枠,阪神,坂あり・パワー型,芝,短距離(1000-1300),良,中枠(3-6),父系統,ネイティヴダンサー系,303,30,75,0.099,0.2475,118.6,0.0,7.54,0.2234,0.0241,1.108,A,阪神芝短距離(1000-1300)・良・中枠(3-6)で父系統「ネイティヴダンサー系」は基準比リフト1.108
競馬場×距離帯×馬場×枠,小倉,小回り・機動型,芝,中距離(1700-2000),良,中枠(3-6),母父,トニービン,179,16,44,0.0894,0.2458,80.0,0.0,7.2,0.2218,0.024,1.108,A,小倉芝中距離(1700-2000)・良・中枠(3-6)で母父「トニービン」は基準比リフト1.108
競馬場×距離帯×馬場×枠,中山,坂あり・パワー型,芝,中距離(1700-2000),良,中枠(3-6),母父,サンデーサイレンス,517,40,124,0.0774,0.2398,56.5,0.0,6.94,0.2165,0.0233,1.108,A,中山芝中距離(1700-2000)・良・中枠(3-6)で母父「サンデーサイレンス」は基準比リフト1.108
競馬場×距離帯×馬場×枠,中京,直線長め・持続型,ダ,短中距離(1400-1600),良,中枠(3-6),母父系統,ナスルーラ系,279,26,61,0.0932,0.2186,155.7,0.0,8.38,0.1973,0.0213,1.108,A,中京ダ短中距離(1400-1600)・良・中枠(3-6)で母父系統「ナスルーラ系」は基準比リフト1.108
競馬場×距離帯×馬場×枠,中京,直線長め・持続型,ダ,短中距離(1400-1600),稍,中枠(3-6),父系統,ネイティヴダンサー系,155,7,33,0.0452,0.2129,45.5,0.0,8.31,0.1921,0.0208,1.108,A,中京ダ短中距離(1400-1600)・稍・中枠(3-6)で父系統「ネイティヴダンサー系」は基準比リフト1.108
競馬場×距離帯×馬場×枠,阪神,坂あり・パワー型,ダ,長距離(2500以上),良,中枠(3-6),父系統,ロイヤルチャージャー系,434,46,123,0.106,0.2834,81.8,0.0,6.41,0.256,0.0274,1.107,A,阪神ダ長距離(2500以上)・良・中枠(3-6)で父系統「ロイヤルチャージャー系」は基準比リフト1.107
競馬場×距離帯×馬場×枠,札幌,小回り・持続型,芝,短中距離(1400-1600),良,中枠(3-6),母父系統,ロイヤルチャージャー系,500,36,137,0.072,0.274,64.8,0.0,6.76,0.2476,0.0264,1.107,A,札幌芝短中距離(1400-1600)・良・中枠(3-6)で母父系統「ロイヤルチャージャー系」は基準比リフト1.107
競馬場×距離帯×馬場×枠,東京,直線長め・持続型,芝,中距離(1700-2000),良,外枠(7-8),父系統,父系統不明,960,82,229,0.0854,0.2385,83.6,0.0,7.16,0.2154,0.0231,1.107,A,東京芝中距離(1700-2000)・良・外枠(7-8)で父系統「父系統不明」は基準比リフト1.107
競馬場×距離帯×馬場×枠,福島,小回り・機動型,ダ,中距離(1700-2000),良,内枠(1-2),母父系統,ニアークティック系,460,36,108,0.0783,0.2348,109.5,0.0,7.38,0.2121,0.0227,1.107,A,福島ダ中距離(1700-2000)・良・内枠(1-2)で母父系統「ニアークティック系」は基準比リフト1.107
競馬場×距離帯×馬場×枠,函館,小回り・持続型,芝,中距離(1700-2000),良,外枠(7-8),父系統,ネイティヴダンサー系,202,15,46,0.0743,0.2277,45.8,0.0,7.42,0.2056,0.0221,1.107,A,函館芝中距離(1700-2000)・良・外枠(7-8)で父系統「ネイティヴダンサー系」は基準比リフト1.107
競馬場×距離帯×馬場×枠,東京,直線長め・持続型,芝,短中距離(1400-1600),重不良,中枠(3-6),母父系統,ニアークティック系,160,12,35,0.075,0.2188,31.4,0.0,7.68,0.1977,0.0211,1.107,A,東京芝短中距離(1400-1600)・重不良・中枠(3-6)で母父系統「ニアークティック系」は基準比リフト1.107
競馬場×距離帯×馬場×枠,中山,坂あり・パワー型,ダ,短距離(1000-1300),良,中枠(3-6),父,クロフネ,150,12,32,0.08,0.2133,67.3,0.0,8.32,0.1927,0.0206,1.107,A,中山ダ短距離(1000-1300)・良・中枠(3-6)で父「クロフネ」は基準比リフト1.107
競馬場×距離帯×馬場×枠,東京,直線長め・持続型,ダ,長距離(2500以上),良,中枠(3-6),母父系統,ネイティヴダンサー系,192,21,50,0.1094,0.2604,112.5,0.0,7.06,0.2354,0.025,1.106,A,東京ダ長距離(2500以上)・良・中枠(3-6)で母父系統「ネイティヴダンサー系」は基準比リフト1.106
競馬場×距離帯×馬場×枠,中山,坂あり・パワー型,芝,中距離(1700-2000),稍,内枠(1-2),父系統,ロイヤルチャージャー系,233,18,58,0.0773,0.2489,53.3,0.0,7.4,0.2251,0.0238,1.106,A,中山芝中距離(1700-2000)・稍・内枠(1-2)で父系統「ロイヤルチャージャー系」は基準比リフト1.106
競馬場×距離帯×馬場×枠,阪神,坂あり・パワー型,芝,短中距離(1400-1600),良,内枠(1-2),母父系統,ナスルーラ系,398,30,98,0.0754,0.2462,67.1,0.0,7.74,0.2227,0.0235,1.106,A,阪神芝短中距離(1400-1600)・良・内枠(1-2)で母父系統「ナスルーラ系」は基準比リフト1.106
競馬場×距離帯×馬場×枠,中京,直線長め・持続型,芝,中距離(1700-2000),良,中枠(3-6),母父系統,ネイティヴダンサー系,586,47,143,0.0802,0.244,76.3,0.0,7.43,0.2207,0.0233,1.106,A,中京芝中距離(1700-2000)・良・中枠(3-6)で母父系統「ネイティヴダンサー系」は基準比リフト1.106
競馬場×距離帯×馬場×枠,東京,直線長め・持続型,芝,中長距離(2100-2400),良,内枠(1-2),父系統,ロイヤルチャージャー系,496,59,143,0.119,0.2883,114.4,0.0,6.81,0.261,0.0273,1.105,A,東京芝中長距離(2100-2400)・良・内枠(1-2)で父系統「ロイヤルチャージャー系」は基準比リフト1.105
競馬場×距離帯×馬場×枠,函館,小回り・持続型,ダ,短距離(1000-1300),良,外枠(7-8),母父系統,ロイヤルチャージャー系,281,27,81,0.0961,0.2883,81.9,0.0,6.45,0.261,0.0273,1.105,A,函館ダ短距離(1000-1300)・良・外枠(7-8)で母父系統「ロイヤルチャージャー系」は基準比リフト1.105
競馬場×距離帯×馬場×枠,京都,平坦・スピード型,芝,中距離(1700-2000),稍,外枠(7-8),父系統,ロイヤルチャージャー系,220,18,63,0.0818,0.2864,52.3,0.0,6.75,0.2593,0.0271,1.105,A,京都芝中距離(1700-2000)・稍・外枠(7-8)で父系統「ロイヤルチャージャー系」は基準比リフト1.105
競馬場×距離帯×馬場×枠,中山,坂あり・パワー型,ダ,中長距離(2100-2400),良,中枠(3-6),父系統,ロイヤルチャージャー系,228,24,60,0.1053,0.2632,140.7,0.0,7.27,0.2381,0.0251,1.105,A,中山ダ中長距離(2100-2400)・良・中枠(3-6)で父系統「ロイヤルチャージャー系」は基準比リフト1.105
競馬場×距離帯×馬場×枠,京都,平坦・スピード型,ダ,中距離(1700-2000),良,外枠(7-8),父系統,父系統不明,635,47,145,0.074,0.2283,57.4,0.0,7.08,0.2066,0.0217,1.105,A,京都ダ中距離(1700-2000)・良・外枠(7-8)で父系統「父系統不明」は基準比リフト1.105
競馬場×距離帯×馬場×枠,函館,小回り・持続型,芝,中距離(1700-2000),良,中枠(3-6),父系統,父系統不明,529,48,140,0.0907,0.2647,74.2,0.0,6.75,0.2397,0.025,1.104,A,函館芝中距離(1700-2000)・良・中枠(3-6)で父系統「父系統不明」は基準比リフト1.104
競馬場×距離帯×馬場×枠,中山,坂あり・パワー型,ダ,短距離(1000-1300),重不良,外枠(7-8),母父系統,ニアークティック系,203,20,53,0.0985,0.2611,112.6,0.0,7.61,0.2366,0.0245,1.104,A,中山ダ短距離(1000-1300)・重不良・外枠(7-8)で母父系統「ニアークティック系」は基準比リフト1.104
競馬場×距離帯×馬場×枠,福島,小回り・機動型,ダ,中距離(1700-2000),良,外枠(7-8),父系統,ナスルーラ系,166,12,40,0.0723,0.241,93.6,0.0,7.89,0.2183,0.0227,1.104,A,福島ダ中距離(1700-2000)・良・外枠(7-8)で父系統「ナスルーラ系」は基準比リフト1.104
競馬場×距離帯×馬場×枠,小倉,小回り・機動型,芝,中距離(1700-2000),良,外枠(7-8),父系統,父系統不明,650,48,147,0.0738,0.2262,104.9,0.0,7.64,0.2048,0.0214,1.104,A,小倉芝中距離(1700-2000)・良・外枠(7-8)で父系統「父系統不明」は基準比リフト1.104
競馬場×距離帯×馬場×枠,福島,小回り・機動型,ダ,中距離(1700-2000),良,中枠(3-6),父系統,ナスルーラ系,330,23,73,0.0697,0.2212,69.0,0.0,8.05,0.2003,0.0209,1.104,A,福島ダ中距離(1700-2000)・良・中枠(3-6)で父系統「ナスルーラ系」は基準比リフト1.104
競馬場×距離帯×馬場×枠,小倉,小回り・機動型,芝,短距離(1000-1300),良,中枠(3-6),母父,サクラバクシンオー,172,12,37,0.0698,0.2151,98.6,0.0,8.15,0.1949,0.0202,1.104,A,小倉芝短距離(1000-1300)・良・中枠(3-6)で母父「サクラバクシンオー」は基準比リフト1.104
競馬場×距離帯×馬場×枠,阪神,坂あり・パワー型,芝,中距離(1700-2000),良,中枠(3-6),母父,トニービン,170,16,45,0.0941,0.2647,59.6,0.0,6.61,0.2399,0.0248,1.103,A,阪神芝中距離(1700-2000)・良・中枠(3-6)で母父「トニービン」は基準比リフト1.103
競馬場×距離帯×馬場×枠,阪神,坂あり・パワー型,芝,中距離(1700-2000),良,中枠(3-6),父,ルーラーシップ,155,11,41,0.071,0.2645,53.0,0.0,6.85,0.2399,0.0246,1.103,A,阪神芝中距離(1700-2000)・良・中枠(3-6)で父「ルーラーシップ」は基準比リフト1.103
競馬場×距離帯×馬場×枠,函館,小回り・持続型,ダ,中距離(1700-2000),良,中枠(3-6),父系統,ネイティヴダンサー系,512,43,133,0.084,0.2598,72.3,0.0,6.75,0.2356,0.0242,1.103,A,函館ダ中距離(1700-2000)・良・中枠(3-6)で父系統「ネイティヴダンサー系」は基準比リフト1.103
競馬場×距離帯×馬場×枠,阪神,坂あり・パワー型,芝,中距離(1700-2000),稍,中枠(3-6),父系統,ネイティヴダンサー系,151,10,39,0.0662,0.2583,95.0,0.0,7.23,0.2342,0.0241,1.103,A,阪神芝中距離(1700-2000)・稍・中枠(3-6)で父系統「ネイティヴダンサー系」は基準比リフト1.103
競馬場×距離帯×馬場×枠,中山,坂あり・パワー型,ダ,中距離(1700-2000),稍,外枠(7-8),母父系統,ニアークティック系,409,38,96,0.0929,0.2347,65.0,0.0,7.38,0.2128,0.0219,1.103,A,中山ダ中距離(1700-2000)・稍・外枠(7-8)で母父系統「ニアークティック系」は基準比リフト1.103
競馬場×距離帯×馬場×枠,小倉,小回り・機動型,ダ,中距離(1700-2000),良,内枠(1-2),母父系統,ネイティヴダンサー系,428,31,100,0.0724,0.2336,99.8,0.0,8.19,0.2118,0.0218,1.103,A,小倉ダ中距離(1700-2000)・良・内枠(1-2)で母父系統「ネイティヴダンサー系」は基準比リフト1.103
競馬場×距離帯×馬場×枠,阪神,坂あり・パワー型,ダ,中距離(1700-2000),不,外枠(7-8),母父系統,ロイヤルチャージャー系,196,19,45,0.0969,0.2296,56.5,0.0,7.47,0.2081,0.0215,1.103,A,阪神ダ中距離(1700-2000)・不・外枠(7-8)で母父系統「ロイヤルチャージャー系」は基準比リフト1.103
競馬場×距離帯×馬場×枠,新潟,直線長め・平坦型,ダ,短距離(1000-1300),良,中枠(3-6),父系統,ネイティヴダンサー系,1014,67,227,0.0661,0.2239,57.6,0.0,7.91,0.2029,0.021,1.103,A,新潟ダ短距離(1000-1300)・良・中枠(3-6)で父系統「ネイティヴダンサー系」は基準比リフト1.103
競馬場×距離帯×馬場×枠,札幌,小回り・持続型,芝,中距離(1700-2000),良,内枠(1-2),母父系統,ロイヤルチャージャー系,377,34,115,0.0902,0.305,136.1,0.0,6.71,0.2768,0.0282,1.102,A,札幌芝中距離(1700-2000)・良・内枠(1-2)で母父系統「ロイヤルチャージャー系」は基準比リフト1.102
競馬場×距離帯×馬場×枠,札幌,小回り・持続型,芝,中距離(1700-2000),良,内枠(1-2),父系統,ニアークティック系,164,14,50,0.0854,0.3049,56.5,0.0,6.92,0.2768,0.0281,1.102,A,札幌芝中距離(1700-2000)・良・内枠(1-2)で父系統「ニアークティック系」は基準比リフト1.102
競馬場×距離帯×馬場×枠,東京,直線長め・持続型,ダ,長距離(2500以上),良,中枠(3-6),父系統,ロイヤルチャージャー系,420,41,109,0.0976,0.2595,69.7,0.0,7.06,0.2354,0.0241,1.102,A,東京ダ長距離(2500以上)・良・中枠(3-6)で父系統「ロイヤルチャージャー系」は基準比リフト1.102
競馬場×距離帯×馬場×枠,新潟,直線長め・平坦型,芝,短距離(1000-1300),良,外枠(7-8),母父系統,ナスルーラ系,377,33,97,0.0875,0.2573,89.8,0.0,7.68,0.2335,0.0238,1.102,A,新潟芝短距離(1000-1300)・良・外枠(7-8)で母父系統「ナスルーラ系」は基準比リフト1.102
競馬場×距離帯×馬場×枠,新潟,直線長め・平坦型,ダ,中距離(1700-2000),稍,中枠(3-6),父系統,父系統不明,305,32,77,0.1049,0.2525,67.4,0.0,6.92,0.2292,0.0233,1.102,A,新潟ダ中距離(1700-2000)・稍・中枠(3-6)で父系統「父系統不明」は基準比リフト1.102
競馬場×距離帯×馬場×枠,小倉,小回り・機動型,ダ,短距離(1000-1300),良,外枠(7-8),父系統,父系統不明,192,15,48,0.0781,0.25,130.3,0.0,6.82,0.2268,0.0232,1.102,A,小倉ダ短距離(1000-1300)・良・外枠(7-8)で父系統「父系統不明」は基準比リフト1.102
競馬場×距離帯×馬場×枠,京都,平坦・スピード型,芝,短中距離(1400-1600),稍,外枠(7-8),母父系統,ロイヤルチャージャー系,216,25,53,0.1157,0.2454,76.0,0.0,7.71,0.2226,0.0228,1.102,A,京都芝短中距離(1400-1600)・稍・外枠(7-8)で母父系統「ロイヤルチャージャー系」は基準比リフト1.102
競馬場×距離帯×馬場×枠,阪神,坂あり・パワー型,芝,短中距離(1400-1600),良,中枠(3-6),母父,フレンチデピュティ,159,10,38,0.0629,0.239,107.5,0.0,7.28,0.2169,0.0221,1.102,A,阪神芝短中距離(1400-1600)・良・中枠(3-6)で母父「フレンチデピュティ」は基準比リフト1.102
競馬場×距離帯×馬場×枠,東京,直線長め・持続型,ダ,短中距離(1400-1600),良,外枠(7-8),母父,フジキセキ,218,18,52,0.0826,0.2385,42.8,0.0,7.7,0.2165,0.022,1.102,A,東京ダ短中距離(1400-1600)・良・外枠(7-8)で母父「フジキセキ」は基準比リフト1.102
競馬場×距離帯×馬場×枠,函館,小回り・持続型,芝,中距離(1700-2000),良,外枠(7-8),父系統,父系統不明,287,21,65,0.0732,0.2265,104.7,0.0,7.34,0.2056,0.0209,1.102,A,函館芝中距離(1700-2000)・良・外枠(7-8)で父系統「父系統不明」は基準比リフト1.102
競馬場×距離帯×馬場×枠,中山,坂あり・パワー型,ダ,短距離(1000-1300),良,中枠(3-6),父系統,父系統不明,1784,141,379,0.079,0.2124,93.9,0.0,7.95,0.1927,0.0197,1.102,A,中山ダ短距離(1000-1300)・良・中枠(3-6)で父系統「父系統不明」は基準比リフト1.102
競馬場×距離帯×馬場×枠,東京,直線長め・持続型,ダ,短中距離(1400-1600),稍,内枠(1-2),母父系統,ロイヤルチャージャー系,653,36,126,0.0551,0.193,63.0,0.0,8.64,0.1751,0.0179,1.102,A,東京ダ短中距離(1400-1600)・稍・内枠(1-2)で母父系統「ロイヤルチャージャー系」は基準比リフト1.102
競馬場×距離帯×馬場×枠,阪神,坂あり・パワー型,芝,短中距離(1400-1600),良,中枠(3-6),父,ステイゴールド,155,18,37,0.1161,0.2387,112.2,0.0,7.41,0.2169,0.0218,1.101,A,阪神芝短中距離(1400-1600)・良・中枠(3-6)で父「ステイゴールド」は基準比リフト1.101
競馬場×距離帯×馬場×枠,中山,坂あり・パワー型,ダ,短距離(1000-1300),良,外枠(7-8),父系統,ネイティヴダンサー系,1058,73,237,0.069,0.224,58.5,0.0,8.03,0.2034,0.0206,1.101,A,中山ダ短距離(1000-1300)・良・外枠(7-8)で父系統「ネイティヴダンサー系」は基準比リフト1.101
競馬場×距離帯×馬場×枠,福島,小回り・機動型,芝,短距離(1000-1300),良,外枠(7-8),父系統,父系統不明,546,34,118,0.0623,0.2161,57.0,0.0,7.97,0.1962,0.0199,1.101,A,福島芝短距離(1000-1300)・良・外枠(7-8)で父系統「父系統不明」は基準比リフト1.101
競馬場×距離帯×馬場×枠,中山,坂あり・パワー型,ダ,短距離(1000-1300),重不良,中枠(3-6),母父系統,ネイティヴダンサー系,365,26,77,0.0712,0.211,36.0,0.0,8.19,0.1917,0.0193,1.101,A,中山ダ短距離(1000-1300)・重不良・中枠(3-6)で母父系統「ネイティヴダンサー系」は基準比リフト1.101
競馬場×距離帯×馬場×枠,函館,小回り・持続型,芝,中距離(1700-2000),良,内枠(1-2),母父系統,ニアークティック系,299,26,93,0.087,0.311,35.9,0.0,6.41,0.2826,0.0284,1.1,A,函館芝中距離(1700-2000)・良・内枠(1-2)で母父系統「ニアークティック系」は基準比リフト1.1
競馬場×距離帯×馬場×枠,京都,平坦・スピード型,芝,中距離(1700-2000),良,内枠(1-2),母父系統,ナスルーラ系,289,20,76,0.0692,0.263,53.6,0.0,7.32,0.239,0.024,1.1,A,京都芝中距離(1700-2000)・良・内枠(1-2)で母父系統「ナスルーラ系」は基準比リフト1.1
競馬場×距離帯×馬場×枠,京都,平坦・スピード型,ダ,中距離(1700-2000),良,内枠(1-2),母父,サンデーサイレンス,224,18,57,0.0804,0.2545,220.8,0.0,7.1,0.2314,0.0231,1.1,A,京都ダ中距離(1700-2000)・良・内枠(1-2)で母父「サンデーサイレンス」は基準比リフト1.1
競馬場×距離帯×馬場×枠,札幌,小回り・持続型,ダ,中距離(1700-2000),良,外枠(7-8),母父系統,ネイティヴダンサー系,447,37,112,0.0828,0.2506,90.0,0.0,6.72,0.2278,0.0228,1.1,A,札幌ダ中距離(1700-2000)・良・外枠(7-8)で母父系統「ネイティヴダンサー系」は基準比リフト1.1
競馬場×距離帯×馬場×枠,札幌,小回り・持続型,ダ,中距離(1700-2000),良,外枠(7-8),父系統,父系統不明,415,36,104,0.0867,0.2506,77.9,0.0,7.15,0.2278,0.0228,1.1,A,札幌ダ中距離(1700-2000)・良・外枠(7-8)で父系統「父系統不明」は基準比リフト1.1
競馬場×距離帯×馬場×枠,東京,直線長め・持続型,ダ,短中距離(1400-1600),稍,外枠(7-8),父系統,父系統不明,494,41,121,0.083,0.2449,45.9,0.0,7.51,0.2227,0.0222,1.1,A,東京ダ短中距離(1400-1600)・稍・外枠(7-8)で父系統「父系統不明」は基準比リフト1.1
競馬場×距離帯×馬場×枠,京都,平坦・スピード型,ダ,短距離(1000-1300),重不良,中枠(3-6),母父系統,ロイヤルチャージャー系,279,20,64,0.0717,0.2294,83.9,0.0,7.78,0.2085,0.0209,1.1,A,京都ダ短距離(1000-1300)・重不良・中枠(3-6)で母父系統「ロイヤルチャージャー系」は基準比リフト1.1
競馬場×距離帯×馬場×枠,京都,平坦・スピード型,芝,短距離(1000-1300),良,中枠(3-6),父系統,ナスルーラ系,251,20,57,0.0797,0.2271,94.3,0.0,8.31,0.2064,0.0207,1.1,A,京都芝短距離(1000-1300)・良・中枠(3-6)で父系統「ナスルーラ系」は基準比リフト1.1
競馬場×距離帯×馬場×枠,阪神,坂あり・パワー型,芝,短中距離(1400-1600),稍,中枠(3-6),母父系統,ネイティヴダンサー系,260,21,59,0.0808,0.2269,81.5,0.0,7.73,0.2062,0.0207,1.1,A,阪神芝短中距離(1400-1600)・稍・中枠(3-6)で母父系統「ネイティヴダンサー系」は基準比リフト1.1
競馬場×距離帯×馬場×枠,中山,坂あり・パワー型,芝,短中距離(1400-1600),良,中枠(3-6),父系統,ロイヤルチャージャー系,2473,185,548,0.0748,0.2216,74.2,0.0,7.57,0.2014,0.0202,1.1,A,中山芝短中距離(1400-1600)・良・中枠(3-6)で父系統「ロイヤルチャージャー系」は基準比リフト1.1
競馬場×距離帯×馬場×枠,福島,小回り・機動型,ダ,中距離(1700-2000),良,中枠(3-6),母父系統,ネイティヴダンサー系,1003,74,221,0.0738,0.2203,69.5,0.0,7.67,0.2003,0.02,1.1,A,福島ダ中距離(1700-2000)・良・中枠(3-6)で母父系統「ネイティヴダンサー系」は基準比リフト1.1
競馬場×距離帯×馬場×枠,東京,直線長め・持続型,ダ,短中距離(1400-1600),良,外枠(7-8),父,シニスターミニスター,98,15,42,0.1531,0.4286,194.1,0.0,6.28,0.2165,0.2121,1.98,B,東京ダ短中距離(1400-1600)・良・外枠(7-8)で父「シニスターミニスター」は基準比リフト1.98
競馬場×距離帯×馬場×枠,東京,直線長め・持続型,ダ,短中距離(1400-1600),良,外枠(7-8),父,ゼンノロブロイ,102,13,43,0.1275,0.4216,304.7,0.0,7.14,0.2165,0.2051,1.947,B,東京ダ短中距離(1400-1600)・良・外枠(7-8)で父「ゼンノロブロイ」は基準比リフト1.947
競馬場×距離帯×馬場×枠,中京,直線長め・持続型,芝,中距離(1700-2000),良,内枠(1-2),父,ディープインパクト,110,19,48,0.1727,0.4364,86.4,0.0,5.23,0.2251,0.2113,1.939,B,中京芝中距離(1700-2000)・良・内枠(1-2)で父「ディープインパクト」は基準比リフト1.939
競馬場×距離帯×馬場×枠,小倉,小回り・機動型,ダ,中距離(1700-2000),良,中枠(3-6),父,ネオユニヴァース,96,15,35,0.1562,0.3646,189.2,0.0,7.24,0.1947,0.1699,1.873,B,小倉ダ中距離(1700-2000)・良・中枠(3-6)で父「ネオユニヴァース」は基準比リフト1.873
競馬場×距離帯×馬場×枠,東京,直線長め・持続型,ダ,短中距離(1400-1600),良,中枠(3-6),父,ヴァーミリアン,102,12,38,0.1176,0.3725,49.0,0.0,6.74,0.1997,0.1728,1.865,B,東京ダ短中距離(1400-1600)・良・中枠(3-6)で父「ヴァーミリアン」は基準比リフト1.865
競馬場×距離帯×馬場×枠,中山,坂あり・パワー型,芝,中距離(1700-2000),良,内枠(1-2),父,キングカメハメハ,93,17,38,0.1828,0.4086,69.9,0.0,5.39,0.2217,0.1869,1.843,B,中山芝中距離(1700-2000)・良・内枠(1-2)で父「キングカメハメハ」は基準比リフト1.843
競馬場×距離帯×馬場×枠,中山,坂あり・パワー型,芝,短距離(1000-1300),良,中枠(3-6),父,ダイワメジャー,128,14,47,0.1094,0.3672,46.2,0.0,5.62,0.2011,0.1661,1.826,B,中山芝短距離(1000-1300)・良・中枠(3-6)で父「ダイワメジャー」は基準比リフト1.826
競馬場×距離帯×馬場×枠,中山,坂あり・パワー型,芝,中距離(1700-2000),良,中枠(3-6),父,ロードカナロア,84,13,33,0.1548,0.3929,74.9,0.0,5.1,0.2165,0.1764,1.815,B,中山芝中距離(1700-2000)・良・中枠(3-6)で父「ロードカナロア」は基準比リフト1.815
競馬場×距離帯×馬場×枠,中山,坂あり・パワー型,ダ,短距離(1000-1300),良,中枠(3-6),父,ヘニーヒューズ,141,28,49,0.1986,0.3475,95.0,0.0,5.63,0.1927,0.1548,1.803,B,中山ダ短距離(1000-1300)・良・中枠(3-6)で父「ヘニーヒューズ」は基準比リフト1.803
競馬場×距離帯×馬場×枠,札幌,小回り・持続型,ダ,中距離(1700-2000),良,中枠(3-6),父,ゴールドアリュール,104,12,46,0.1154,0.4423,106.6,0.0,5.95,0.2469,0.1954,1.791,B,札幌ダ中距離(1700-2000)・良・中枠(3-6)で父「ゴールドアリュール」は基準比リフト1.791
競馬場×距離帯×馬場×枠,中京,直線長め・持続型,芝,中距離(1700-2000),良,外枠(7-8),父,ディープインパクト,149,23,52,0.1544,0.349,76.0,0.0,5.05,0.1964,0.1526,1.777,B,中京芝中距離(1700-2000)・良・外枠(7-8)で父「ディープインパクト」は基準比リフト1.777
競馬場×距離帯×馬場×枠,中山,坂あり・パワー型,ダ,短距離(1000-1300),良,外枠(7-8),父,ヘニーヒューズ,81,14,29,0.1728,0.358,152.3,0.0,6.37,0.2034,0.1546,1.76,B,中山ダ短距離(1000-1300)・良・外枠(7-8)で父「ヘニーヒューズ」は基準比リフト1.76
競馬場×距離帯×馬場×枠,新潟,直線長め・平坦型,芝,中長距離(2100-2400),良,中枠(3-6),父,ディープインパクト,87,8,35,0.092,0.4023,43.3,0.0,5.62,0.229,0.1733,1.757,B,新潟芝中長距離(2100-2400)・良・中枠(3-6)で父「ディープインパクト」は基準比リフト1.757
競馬場×距離帯×馬場×枠,新潟,直線長め・平坦型,芝,中距離(1700-2000),良,内枠(1-2),父,ディープインパクト,129,14,42,0.1085,0.3256,90.2,0.0,5.62,0.1874,0.1382,1.737,B,新潟芝中距離(1700-2000)・良・内枠(1-2)で父「ディープインパクト」は基準比リフト1.737
競馬場×距離帯×馬場×枠,京都,平坦・スピード型,ダ,中距離(1700-2000),良,中枠(3-6),父,ディープインパクト,80,10,30,0.125,0.375,98.2,0.0,4.88,0.2181,0.1569,1.719,B,京都ダ中距離(1700-2000)・良・中枠(3-6)で父「ディープインパクト」は基準比リフト1.719
競馬場×距離帯×馬場×枠,福島,小回り・機動型,芝,中距離(1700-2000),良,外枠(7-8),父,ハーツクライ,93,8,30,0.086,0.3226,36.0,0.0,6.33,0.1878,0.1348,1.718,B,福島芝中距離(1700-2000)・良・外枠(7-8)で父「ハーツクライ」は基準比リフト1.718
競馬場×距離帯×馬場×枠,札幌,小回り・持続型,芝,短中距離(1400-1600),良,中枠(3-6),母父,サンデーサイレンス,107,13,45,0.1215,0.4206,65.1,0.0,5.47,0.2476,0.173,1.699,B,札幌芝短中距離(1400-1600)・良・中枠(3-6)で母父「サンデーサイレンス」は基準比リフト1.699
競馬場×距離帯×馬場×枠,東京,直線長め・持続型,芝,短中距離(1400-1600),良,中枠(3-6),父,エピファネイア,125,21,43,0.168,0.344,272.8,0.0,5.56,0.2028,0.1412,1.696,B,東京芝短中距離(1400-1600)・良・中枠(3-6)で父「エピファネイア」は基準比リフト1.696
競馬場×距離帯×馬場×枠,中山,坂あり・パワー型,芝,短中距離(1400-1600),良,外枠(7-8),父,ダイワメジャー,104,8,33,0.0769,0.3173,32.8,0.0,6.67,0.1887,0.1286,1.682,B,中山芝短中距離(1400-1600)・良・外枠(7-8)で父「ダイワメジャー」は基準比リフト1.682
競馬場×距離帯×馬場×枠,京都,平坦・スピード型,ダ,中距離(1700-2000),良,内枠(1-2),父,ネオユニヴァース,85,12,33,0.1412,0.3882,169.8,0.0,6.59,0.2314,0.1568,1.678,B,京都ダ中距離(1700-2000)・良・内枠(1-2)で父「ネオユニヴァース」は基準比リフト1.678
競馬場×距離帯×馬場×枠,中山,坂あり・パワー型,芝,短中距離(1400-1600),良,外枠(7-8),父,ディープインパクト,133,16,42,0.1203,0.3158,54.1,0.0,5.46,0.1887,0.1271,1.674,B,中山芝短中距離(1400-1600)・良・外枠(7-8)で父「ディープインパクト」は基準比リフト1.674
競馬場×距離帯×馬場×枠,東京,直線長め・持続型,芝,中距離(1700-2000),良,中枠(3-6),父,ロードカナロア,111,10,44,0.0901,0.3964,28.7,0.0,4.93,0.237,0.1594,1.673,B,東京芝中距離(1700-2000)・良・中枠(3-6)で父「ロードカナロア」は基準比リフト1.673
競馬場×距離帯×馬場×枠,小倉,小回り・機動型,ダ,中距離(1700-2000),良,中枠(3-6),母父,ダンスインザダーク,83,8,27,0.0964,0.3253,44.6,0.0,6.75,0.1947,0.1306,1.671,B,小倉ダ中距離(1700-2000)・良・中枠(3-6)で母父「ダンスインザダーク」は基準比リフト1.671
競馬場×距離帯×馬場×枠,東京,直線長め・持続型,芝,中距離(1700-2000),良,中枠(3-6),父,キズナ,86,10,34,0.1163,0.3953,99.7,0.0,6.03,0.237,0.1583,1.668,B,東京芝中距離(1700-2000)・良・中枠(3-6)で父「キズナ」は基準比リフト1.668
競馬場×距離帯×馬場×枠,中山,坂あり・パワー型,芝,中距離(1700-2000),良,外枠(7-8),父,キングカメハメハ,133,15,46,0.1128,0.3459,67.5,0.0,5.71,0.2074,0.1385,1.668,B,中山芝中距離(1700-2000)・良・外枠(7-8)で父「キングカメハメハ」は基準比リフト1.668
競馬場×距離帯×馬場×枠,東京,直線長め・持続型,芝,短中距離(1400-1600),良,中枠(3-6),母父,Storm Cat,101,16,34,0.1584,0.3366,165.7,0.0,6.75,0.2028,0.1338,1.66,B,東京芝短中距離(1400-1600)・良・中枠(3-6)で母父「Storm Cat」は基準比リフト1.66
競馬場×距離帯×馬場×枠,新潟,直線長め・平坦型,芝,短中距離(1400-1600),良,中枠(3-6),父,ハーツクライ,130,12,42,0.0923,0.3231,86.3,0.0,7.13,0.1947,0.1284,1.659,B,新潟芝短中距離(1400-1600)・良・中枠(3-6)で父「ハーツクライ」は基準比リフト1.659
競馬場×距離帯×馬場×枠,東京,直線長め・持続型,ダ,短中距離(1400-1600),良,中枠(3-6),父,ロードカナロア,142,20,47,0.1408,0.331,72.0,0.0,6.2,0.1997,0.1313,1.657,B,東京ダ短中距離(1400-1600)・良・中枠(3-6)で父「ロードカナロア」は基準比リフト1.657
競馬場×距離帯×馬場×枠,中山,坂あり・パワー型,ダ,短距離(1000-1300),良,外枠(7-8),父,キンシャサノキセキ,95,12,32,0.1263,0.3368,72.4,0.0,5.76,0.2034,0.1334,1.656,B,中山ダ短距離(1000-1300)・良・外枠(7-8)で父「キンシャサノキセキ」は基準比リフト1.656
競馬場×距離帯×馬場×枠,阪神,坂あり・パワー型,芝,短中距離(1400-1600),良,外枠(7-8),父,アグネスタキオン,86,12,27,0.1395,0.314,367.3,0.0,5.9,0.1907,0.1233,1.647,B,阪神芝短中距離(1400-1600)・良・外枠(7-8)で父「アグネスタキオン」は基準比リフト1.647
競馬場×距離帯×馬場×枠,中山,坂あり・パワー型,ダ,中距離(1700-2000),良,中枠(3-6),父,ヘニーヒューズ,101,9,33,0.0891,0.3267,52.6,0.0,5.45,0.199,0.1277,1.642,B,中山ダ中距離(1700-2000)・良・中枠(3-6)で父「ヘニーヒューズ」は基準比リフト1.642
競馬場×距離帯×馬場×枠,新潟,直線長め・平坦型,芝,短中距離(1400-1600),良,中枠(3-6),父,ロードカナロア,91,8,29,0.0879,0.3187,71.0,0.0,5.76,0.1947,0.124,1.637,B,新潟芝短中距離(1400-1600)・良・中枠(3-6)で父「ロードカナロア」は基準比リフト1.637
競馬場×距離帯×馬場×枠,小倉,小回り・機動型,芝,短距離(1000-1300),良,内枠(1-2),父,サクラバクシンオー,100,19,31,0.19,0.31,187.2,0.0,6.9,0.1897,0.1203,1.634,B,小倉芝短距離(1000-1300)・良・内枠(1-2)で父「サクラバクシンオー」は基準比リフト1.634
競馬場×距離帯×馬場×枠,小倉,小回り・機動型,芝,短距離(1000-1300),良,中枠(3-6),父,キングカメハメハ,132,13,42,0.0985,0.3182,66.2,0.0,7.19,0.1949,0.1233,1.633,B,小倉芝短距離(1000-1300)・良・中枠(3-6)で父「キングカメハメハ」は基準比リフト1.633
競馬場×距離帯×馬場×枠,京都,平坦・スピード型,芝,中距離(1700-2000),良,中枠(3-6),母父,ディープインパクト,90,12,36,0.1333,0.4,94.2,0.0,5.86,0.2454,0.1546,1.63,B,京都芝中距離(1700-2000)・良・中枠(3-6)で母父「ディープインパクト」は基準比リフト1.63
競馬場×距離帯×馬場×枠,中京,直線長め・持続型,芝,中長距離(2100-2400),良,中枠(3-6),父,ハーツクライ,80,10,30,0.125,0.375,152.4,0.0,6.16,0.2304,0.1446,1.628,B,中京芝中長距離(2100-2400)・良・中枠(3-6)で父「ハーツクライ」は基準比リフト1.628
競馬場×距離帯×馬場×枠,中山,坂あり・パワー型,芝,短中距離(1400-1600),良,中枠(3-6),父,マンハッタンカフェ,89,12,29,0.1348,0.3258,130.3,0.0,6.61,0.2014,0.1244,1.618,B,中山芝短中距離(1400-1600)・良・中枠(3-6)で父「マンハッタンカフェ」は基準比リフト1.618
競馬場×距離帯×馬場×枠,阪神,坂あり・パワー型,芝,中長距離(2100-2400),良,外枠(7-8),父,ディープインパクト,90,12,32,0.1333,0.3556,64.4,0.0,4.71,0.2204,0.1352,1.613,B,阪神芝中長距離(2100-2400)・良・外枠(7-8)で父「ディープインパクト」は基準比リフト1.613
競馬場×距離帯×馬場×枠,福島,小回り・機動型,芝,中距離(1700-2000),良,内枠(1-2),父,ステイゴールド,81,13,27,0.1605,0.3333,108.4,0.0,6.94,0.2066,0.1267,1.613,B,福島芝中距離(1700-2000)・良・内枠(1-2)で父「ステイゴールド」は基準比リフト1.613
競馬場×距離帯×馬場×枠,中山,坂あり・パワー型,ダ,中距離(1700-2000),良,外枠(7-8),父,ネオユニヴァース,92,12,33,0.1304,0.3587,102.6,0.0,6.76,0.2226,0.1361,1.611,B,中山ダ中距離(1700-2000)・良・外枠(7-8)で父「ネオユニヴァース」は基準比リフト1.611
競馬場×距離帯×馬場×枠,新潟,直線長め・平坦型,芝,短中距離(1400-1600),良,外枠(7-8),父,ディープインパクト,144,18,44,0.125,0.3056,44.0,0.0,5.56,0.1905,0.1151,1.604,B,新潟芝短中距離(1400-1600)・良・外枠(7-8)で父「ディープインパクト」は基準比リフト1.604
競馬場×距離帯×馬場×枠,東京,直線長め・持続型,芝,短中距離(1400-1600),良,外枠(7-8),父,ハービンジャー,82,11,26,0.1341,0.3171,60.1,0.0,6.18,0.1988,0.1183,1.595,B,東京芝短中距離(1400-1600)・良・外枠(7-8)で父「ハービンジャー」は基準比リフト1.595
競馬場×距離帯×馬場×枠,東京,直線長め・持続型,芝,中距離(1700-2000),稍,中枠(3-6),父,ディープインパクト,82,13,31,0.1585,0.378,72.2,0.0,4.91,0.2372,0.1408,1.594,B,東京芝中距離(1700-2000)・稍・中枠(3-6)で父「ディープインパクト」は基準比リフト1.594
競馬場×距離帯×馬場×枠,中京,直線長め・持続型,芝,短中距離(1400-1600),良,中枠(3-6),母父,クロフネ,83,7,27,0.0843,0.3253,83.1,0.0,7.27,0.2051,0.1202,1.586,B,中京芝短中距離(1400-1600)・良・中枠(3-6)で母父「クロフネ」は基準比リフト1.586
競馬場×距離帯×馬場×枠,新潟,直線長め・平坦型,ダ,中距離(1700-2000),良,外枠(7-8),父,シンボリクリスエス,81,12,29,0.1481,0.358,90.2,0.0,6.37,0.226,0.132,1.584,B,新潟ダ中距離(1700-2000)・良・外枠(7-8)で父「シンボリクリスエス」は基準比リフト1.584
競馬場×距離帯×馬場×枠,中京,直線長め・持続型,芝,短中距離(1400-1600),良,外枠(7-8),父,ロードカナロア,99,17,31,0.1717,0.3131,128.3,0.0,5.84,0.1978,0.1153,1.583,B,中京芝短中距離(1400-1600)・良・外枠(7-8)で父「ロードカナロア」は基準比リフト1.583
競馬場×距離帯×馬場×枠,京都,平坦・スピード型,芝,短中距離(1400-1600),良,外枠(7-8),父,ロードカナロア,95,13,29,0.1368,0.3053,58.5,0.0,6.09,0.1935,0.1118,1.578,B,京都芝短中距離(1400-1600)・良・外枠(7-8)で父「ロードカナロア」は基準比リフト1.578
競馬場×距離帯×馬場×枠,札幌,小回り・持続型,芝,中距離(1700-2000),良,内枠(1-2),母父,サンデーサイレンス,95,14,41,0.1474,0.4316,180.2,0.0,5.78,0.2768,0.1548,1.559,B,札幌芝中距離(1700-2000)・良・内枠(1-2)で母父「サンデーサイレンス」は基準比リフト1.559
競馬場×距離帯×馬場×枠,中京,直線長め・持続型,ダ,短中距離(1400-1600),良,中枠(3-6),父,ダイワメジャー,88,11,27,0.125,0.3068,76.1,0.0,6.52,0.1973,0.1095,1.555,B,中京ダ短中距離(1400-1600)・良・中枠(3-6)で父「ダイワメジャー」は基準比リフト1.555
競馬場×距離帯×馬場×枠,中山,坂あり・パワー型,ダ,短距離(1000-1300),良,内枠(1-2),父,キンシャサノキセキ,80,9,22,0.1125,0.275,150.9,0.0,7.72,0.1768,0.0982,1.555,B,中山ダ短距離(1000-1300)・良・内枠(1-2)で父「キンシャサノキセキ」は基準比リフト1.555
競馬場×距離帯×馬場×枠,中山,坂あり・パワー型,芝,短中距離(1400-1600),良,中枠(3-6),父,キングカメハメハ,144,18,45,0.125,0.3125,80.0,0.0,6.12,0.2014,0.1111,1.552,B,中山芝短中距離(1400-1600)・良・中枠(3-6)で父「キングカメハメハ」は基準比リフト1.552
競馬場×距離帯×馬場×枠,中京,直線長め・持続型,芝,短距離(1000-1300),良,外枠(7-8),父系統,ナスルーラ系,127,12,32,0.0945,0.252,102.5,0.0,8.36,0.1628,0.0892,1.548,B,中京芝短距離(1000-1300)・良・外枠(7-8)で父系統「ナスルーラ系」は基準比リフト1.548
競馬場×距離帯×馬場×枠,小倉,小回り・機動型,芝,短距離(1000-1300),良,中枠(3-6),父,ディープインパクト,113,13,34,0.115,0.3009,45.2,0.0,6.26,0.1949,0.106,1.544,B,小倉芝短距離(1000-1300)・良・中枠(3-6)で父「ディープインパクト」は基準比リフト1.544
競馬場×距離帯×馬場×枠,京都,平坦・スピード型,芝,短中距離(1400-1600),良,中枠(3-6),父,フジキセキ,118,18,39,0.1525,0.3305,82.5,0.0,6.33,0.2142,0.1163,1.543,B,京都芝短中距離(1400-1600)・良・中枠(3-6)で父「フジキセキ」は基準比リフト1.543
競馬場×距離帯×馬場×枠,京都,平坦・スピード型,ダ,中距離(1700-2000),稍,中枠(3-6),父,クロフネ,83,6,29,0.0723,0.3494,63.1,0.0,6.33,0.2269,0.1225,1.54,B,京都ダ中距離(1700-2000)・稍・中枠(3-6)で父「クロフネ」は基準比リフト1.54
競馬場×距離帯×馬場×枠,小倉,小回り・機動型,芝,短距離(1000-1300),良,外枠(7-8),父,ロードカナロア,105,16,32,0.1524,0.3048,73.5,0.0,6.38,0.1981,0.1067,1.539,B,小倉芝短距離(1000-1300)・良・外枠(7-8)で父「ロードカナロア」は基準比リフト1.539
競馬場×距離帯×馬場×枠,中山,坂あり・パワー型,ダ,中距離(1700-2000),良,内枠(1-2),母父,ブライアンズタイム,102,6,29,0.0588,0.2843,69.5,0.0,8.73,0.1848,0.0995,1.538,B,中山ダ中距離(1700-2000)・良・内枠(1-2)で母父「ブライアンズタイム」は基準比リフト1.538
競馬場×距離帯×馬場×枠,阪神,坂あり・パワー型,芝,短中距離(1400-1600),良,中枠(3-6),母父,Storm Cat,87,11,29,0.1264,0.3333,101.7,0.0,5.59,0.2169,0.1164,1.537,B,阪神芝短中距離(1400-1600)・良・中枠(3-6)で母父「Storm Cat」は基準比リフト1.537
競馬場×距離帯×馬場×枠,札幌,小回り・持続型,芝,短中距離(1400-1600),良,外枠(7-8),父系統,ネイティヴダンサー系,99,8,33,0.0808,0.3333,23.4,0.0,6.78,0.2171,0.1162,1.535,B,札幌芝短中距離(1400-1600)・良・外枠(7-8)で父系統「ネイティヴダンサー系」は基準比リフト1.535
競馬場×距離帯×馬場×枠,函館,小回り・持続型,ダ,短距離(1000-1300),稍,中枠(3-6),父系統,ネイティヴダンサー系,91,10,35,0.1099,0.3846,144.8,0.0,5.92,0.2507,0.1339,1.534,B,函館ダ短距離(1000-1300)・稍・中枠(3-6)で父系統「ネイティヴダンサー系」は基準比リフト1.534
競馬場×距離帯×馬場×枠,阪神,坂あり・パワー型,芝,短中距離(1400-1600),重不良,外枠(7-8),母父系統,ニアークティック系,85,3,25,0.0353,0.2941,19.4,0.0,7.86,0.1923,0.1018,1.529,B,阪神芝短中距離(1400-1600)・重不良・外枠(7-8)で母父系統「ニアークティック系」は基準比リフト1.529
競馬場×距離帯×馬場×枠,阪神,坂あり・パワー型,ダ,短中距離(1400-1600),良,中枠(3-6),父,キングカメハメハ,100,5,31,0.05,0.31,54.6,0.0,7.21,0.2031,0.1069,1.526,B,阪神ダ短中距離(1400-1600)・良・中枠(3-6)で父「キングカメハメハ」は基準比リフト1.526
競馬場×距離帯×馬場×枠,中山,坂あり・パワー型,ダ,短距離(1000-1300),良,内枠(1-2),母父,サクラバクシンオー,89,8,24,0.0899,0.2697,45.2,0.0,7.78,0.1768,0.0929,1.525,B,中山ダ短距離(1000-1300)・良・内枠(1-2)で母父「サクラバクシンオー」は基準比リフト1.525
競馬場×距離帯×馬場×枠,阪神,坂あり・パワー型,芝,中距離(1700-2000),良,中枠(3-6),母父,キングカメハメハ,145,17,53,0.1172,0.3655,112.1,0.0,5.55,0.2399,0.1256,1.524,B,阪神芝中距離(1700-2000)・良・中枠(3-6)で母父「キングカメハメハ」は基準比リフト1.524
競馬場×距離帯×馬場×枠,東京,直線長め・持続型,芝,短中距離(1400-1600),良,外枠(7-8),父,フジキセキ,86,10,26,0.1163,0.3023,83.7,0.0,7.12,0.1988,0.1035,1.521,B,東京芝短中距離(1400-1600)・良・外枠(7-8)で父「フジキセキ」は基準比リフト1.521
競馬場×距離帯×馬場×枠,新潟,直線長め・平坦型,芝,中距離(1700-2000),良,中枠(3-6),父,ルーラーシップ,97,14,32,0.1443,0.3299,110.7,0.0,6.71,0.2171,0.1128,1.52,B,新潟芝中距離(1700-2000)・良・中枠(3-6)で父「ルーラーシップ」は基準比リフト1.52
競馬場×距離帯×馬場×枠,中京,直線長め・持続型,ダ,中距離(1700-2000),良,外枠(7-8),父,キングカメハメハ,104,12,33,0.1154,0.3173,63.8,0.0,6.1,0.2087,0.1086,1.52,B,中京ダ中距離(1700-2000)・良・外枠(7-8)で父「キングカメハメハ」は基準比リフト1.52
競馬場×距離帯×馬場×枠,中山,坂あり・パワー型,芝,短中距離(1400-1600),良,中枠(3-6),父,ハービンジャー,85,8,26,0.0941,0.3059,45.2,0.0,6.26,0.2014,0.1045,1.519,B,中山芝短中距離(1400-1600)・良・中枠(3-6)で父「ハービンジャー」は基準比リフト1.519
競馬場×距離帯×馬場×枠,東京,直線長め・持続型,ダ,短中距離(1400-1600),稍,中枠(3-6),父,パイロ,80,8,23,0.1,0.2875,140.8,0.0,7.68,0.1894,0.0981,1.518,B,東京ダ短中距離(1400-1600)・稍・中枠(3-6)で父「パイロ」は基準比リフト1.518
競馬場×距離帯×馬場×枠,新潟,直線長め・平坦型,芝,短距離(1000-1300),良,中枠(3-6),母父,フジキセキ,104,9,27,0.0865,0.2596,125.1,0.0,8.61,0.1712,0.0884,1.516,B,新潟芝短距離(1000-1300)・良・中枠(3-6)で母父「フジキセキ」は基準比リフト1.516
競馬場×距離帯×馬場×枠,新潟,直線長め・平坦型,芝,短距離(1000-1300),良,中枠(3-6),母父,ダンスインザダーク,85,10,22,0.1176,0.2588,117.6,0.0,8.79,0.1712,0.0876,1.512,B,新潟芝短距離(1000-1300)・良・中枠(3-6)で母父「ダンスインザダーク」は基準比リフト1.512
競馬場×距離帯×馬場×枠,中山,坂あり・パワー型,ダ,中距離(1700-2000),良,外枠(7-8),父,キングカメハメハ,119,11,40,0.0924,0.3361,129.6,0.0,5.87,0.2226,0.1135,1.51,B,中山ダ中距離(1700-2000)・良・外枠(7-8)で父「キングカメハメハ」は基準比リフト1.51
競馬場×距離帯×馬場×枠,東京,直線長め・持続型,ダ,短中距離(1400-1600),良,中枠(3-6),父,フレンチデピュティ,136,14,41,0.1029,0.3015,87.5,0.0,7.76,0.1997,0.1018,1.51,B,東京ダ短中距離(1400-1600)・良・中枠(3-6)で父「フレンチデピュティ」は基準比リフト1.51
競馬場×距離帯×馬場×枠,福島,小回り・機動型,芝,中距離(1700-2000),良,中枠(3-6),母父,キングカメハメハ,97,9,32,0.0928,0.3299,174.9,0.0,7.34,0.2188,0.1111,1.508,B,福島芝中距離(1700-2000)・良・中枠(3-6)で母父「キングカメハメハ」は基準比リフト1.508
競馬場×距離帯×馬場×枠,京都,平坦・スピード型,ダ,短中距離(1400-1600),良,内枠(1-2),父,クロフネ,80,7,25,0.0875,0.3125,105.1,0.0,7.5,0.2074,0.1051,1.507,B,京都ダ短中距離(1400-1600)・良・内枠(1-2)で父「クロフネ」は基準比リフト1.507
競馬場×距離帯×馬場×枠,阪神,坂あり・パワー型,芝,中距離(1700-2000),良,外枠(7-8),母父,ディープインパクト,97,7,34,0.0722,0.3505,44.2,0.0,6.16,0.2332,0.1173,1.503,B,阪神芝中距離(1700-2000)・良・外枠(7-8)で母父「ディープインパクト」は基準比リフト1.503
競馬場×距離帯×馬場×枠,中山,坂あり・パワー型,ダ,中距離(1700-2000),良,中枠(3-6),父,プリサイスエンド,107,6,32,0.0561,0.2991,24.3,0.0,7.18,0.199,0.1001,1.503,B,中山ダ中距離(1700-2000)・良・中枠(3-6)で父「プリサイスエンド」は基準比リフト1.503
競馬場×距離帯×馬場×枠,京都,平坦・スピード型,芝,短中距離(1400-1600),良,外枠(7-8),母父,フレンチデピュティ,93,9,27,0.0968,0.2903,52.7,0.0,6.56,0.1935,0.0968,1.5,B,京都芝短中距離(1400-1600)・良・外枠(7-8)で母父「フレンチデピュティ」は基準比リフト1.5
競馬場×距離帯×馬場×枠,東京,直線長め・持続型,ダ,短中距離(1400-1600),稍,中枠(3-6),父,キングカメハメハ,120,11,34,0.0917,0.2833,66.4,0.0,7.13,0.1894,0.0939,1.496,B,東京ダ短中距離(1400-1600)・稍・中枠(3-6)で父「キングカメハメハ」は基準比リフト1.496
競馬場×距離帯×馬場×枠,中京,直線長め・持続型,芝,短中距離(1400-1600),良,内枠(1-2),父,ダイワメジャー,96,9,30,0.0938,0.3125,53.6,0.0,6.77,0.2091,0.1034,1.495,B,中京芝短中距離(1400-1600)・良・内枠(1-2)で父「ダイワメジャー」は基準比リフト1.495
競馬場×距離帯×馬場×枠,阪神,坂あり・パワー型,ダ,中距離(1700-2000),良,中枠(3-6),父,キズナ,106,9,36,0.0849,0.3396,27.5,0.0,5.3,0.2273,0.1123,1.494,B,阪神ダ中距離(1700-2000)・良・中枠(3-6)で父「キズナ」は基準比リフト1.494
競馬場×距離帯×馬場×枠,新潟,直線長め・平坦型,芝,中距離(1700-2000),良,中枠(3-6),父,キングカメハメハ,142,18,46,0.1268,0.3239,63.9,0.0,6.05,0.2171,0.1068,1.492,B,新潟芝中距離(1700-2000)・良・中枠(3-6)で父「キングカメハメハ」は基準比リフト1.492
競馬場×距離帯×馬場×枠,福島,小回り・機動型,芝,中距離(1700-2000),良,外枠(7-8),父,ディープインパクト,111,10,31,0.0901,0.2793,88.8,0.0,6.13,0.1878,0.0915,1.487,B,福島芝中距離(1700-2000)・良・外枠(7-8)で父「ディープインパクト」は基準比リフト1.487
競馬場×距離帯×馬場×枠,中京,直線長め・持続型,芝,短中距離(1400-1600),良,中枠(3-6),母父,ディープインパクト,128,19,39,0.1484,0.3047,162.5,0.0,7.02,0.2051,0.0996,1.486,B,中京芝短中距離(1400-1600)・良・中枠(3-6)で母父「ディープインパクト」は基準比リフト1.486
競馬場×距離帯×馬場×枠,東京,直線長め・持続型,芝,短中距離(1400-1600),良,中枠(3-6),父,フジキセキ,146,15,44,0.1027,0.3014,89.7,0.0,7.32,0.2028,0.0986,1.486,B,東京芝短中距離(1400-1600)・良・中枠(3-6)で父「フジキセキ」は基準比リフト1.486
競馬場×距離帯×馬場×枠,阪神,坂あり・パワー型,芝,中距離(1700-2000),良,中枠(3-6),父,キズナ,113,20,40,0.177,0.354,226.7,0.0,5.87,0.2399,0.1141,1.476,B,阪神芝中距離(1700-2000)・良・中枠(3-6)で父「キズナ」は基準比リフト1.476
競馬場×距離帯×馬場×枠,新潟,直線長め・平坦型,ダ,短距離(1000-1300),不,中枠(3-6),母父系統,ネイティヴダンサー系,110,10,35,0.0909,0.3182,80.5,0.0,7.53,0.2157,0.1025,1.475,B,新潟ダ短距離(1000-1300)・不・中枠(3-6)で母父系統「ネイティヴダンサー系」は基準比リフト1.475
競馬場×距離帯×馬場×枠,中山,坂あり・パワー型,芝,中距離(1700-2000),良,外枠(7-8),父,シンボリクリスエス,85,9,26,0.1059,0.3059,99.2,0.0,6.53,0.2074,0.0985,1.475,B,中山芝中距離(1700-2000)・良・外枠(7-8)で父「シンボリクリスエス」は基準比リフト1.475
競馬場×距離帯×馬場×枠,阪神,坂あり・パワー型,芝,短中距離(1400-1600),良,中枠(3-6),母父,トニービン,147,15,47,0.102,0.3197,99.0,0.0,7.71,0.2169,0.1028,1.474,B,阪神芝短中距離(1400-1600)・良・中枠(3-6)で母父「トニービン」は基準比リフト1.474
競馬場×距離帯×馬場×枠,京都,平坦・スピード型,芝,短中距離(1400-1600),良,内枠(1-2),父,ハーツクライ,87,7,28,0.0805,0.3218,189.1,0.0,6.86,0.2185,0.1033,1.473,B,京都芝短中距離(1400-1600)・良・内枠(1-2)で父「ハーツクライ」は基準比リフト1.473
競馬場×距離帯×馬場×枠,東京,直線長め・持続型,ダ,短距離(1000-1300),稍,中枠(3-6),母父系統,ニアークティック系,116,11,34,0.0948,0.2931,77.0,0.0,7.41,0.1991,0.094,1.472,B,東京ダ短距離(1000-1300)・稍・中枠(3-6)で母父系統「ニアークティック系」は基準比リフト1.472
競馬場×距離帯×馬場×枠,新潟,直線長め・平坦型,芝,短距離(1000-1300),良,中枠(3-6),父,ダイワメジャー,139,6,35,0.0432,0.2518,25.1,0.0,6.81,0.1712,0.0806,1.471,B,新潟芝短距離(1000-1300)・良・中枠(3-6)で父「ダイワメジャー」は基準比リフト1.471
競馬場×距離帯×馬場×枠,中山,坂あり・パワー型,芝,長距離(2500以上),良,中枠(3-6),父,ステイゴールド,98,16,35,0.1633,0.3571,77.2,0.0,6.19,0.2429,0.1142,1.47,B,中山芝長距離(2500以上)・良・中枠(3-6)で父「ステイゴールド」は基準比リフト1.47
競馬場×距離帯×馬場×枠,阪神,坂あり・パワー型,芝,中距離(1700-2000),稍,中枠(3-6),父,ディープインパクト,93,8,32,0.086,0.3441,24.1,0.0,4.59,0.2342,0.1099,1.469,B,阪神芝中距離(1700-2000)・稍・中枠(3-6)で父「ディープインパクト」は基準比リフト1.469
競馬場×距離帯×馬場×枠,小倉,小回り・機動型,芝,中距離(1700-2000),良,中枠(3-6),父,マンハッタンカフェ,132,14,43,0.1061,0.3258,76.8,0.0,7.03,0.2218,0.104,1.469,B,小倉芝中距離(1700-2000)・良・中枠(3-6)で父「マンハッタンカフェ」は基準比リフト1.469
競馬場×距離帯×馬場×枠,京都,平坦・スピード型,芝,中長距離(2100-2400),良,外枠(7-8),父,ディープインパクト,115,14,38,0.1217,0.3304,76.1,0.0,5.52,0.225,0.1054,1.468,B,京都芝中長距離(2100-2400)・良・外枠(7-8)で父「ディープインパクト」は基準比リフト1.468
競馬場×距離帯×馬場×枠,東京,直線長め・持続型,ダ,短中距離(1400-1600),良,内枠(1-2),父,シニスターミニスター,94,7,23,0.0745,0.2447,57.9,0.0,7.87,0.1677,0.077,1.459,B,東京ダ短中距離(1400-1600)・良・内枠(1-2)で父「シニスターミニスター」は基準比リフト1.459
競馬場×距離帯×馬場×枠,阪神,坂あり・パワー型,ダ,中距離(1700-2000),重不良,中枠(3-6),母父,サンデーサイレンス,107,14,35,0.1308,0.3271,111.2,0.0,6.82,0.2243,0.1028,1.458,B,阪神ダ中距離(1700-2000)・重不良・中枠(3-6)で母父「サンデーサイレンス」は基準比リフト1.458
競馬場×距離帯×馬場×枠,京都,平坦・スピード型,ダ,短距離(1000-1300),稍,外枠(7-8),父系統,父系統不明,100,12,33,0.12,0.33,83.1,0.0,6.76,0.2268,0.1032,1.455,B,京都ダ短距離(1000-1300)・稍・外枠(7-8)で父系統「父系統不明」は基準比リフト1.455
競馬場×距離帯×馬場×枠,阪神,坂あり・パワー型,芝,短中距離(1400-1600),稍,中枠(3-6),父,ディープインパクト,80,8,24,0.1,0.3,42.4,0.0,4.86,0.2062,0.0938,1.455,B,阪神芝短中距離(1400-1600)・稍・中枠(3-6)で父「ディープインパクト」は基準比リフト1.455
競馬場×距離帯×馬場×枠,東京,直線長め・持続型,芝,中長距離(2100-2400),良,外枠(7-8),父,ディープインパクト,143,18,47,0.1259,0.3287,77.5,0.0,5.81,0.2262,0.1025,1.453,B,東京芝中長距離(2100-2400)・良・外枠(7-8)で父「ディープインパクト」は基準比リフト1.453
競馬場×距離帯×馬場×枠,阪神,坂あり・パワー型,芝,短中距離(1400-1600),良,内枠(1-2),父,ロードカナロア,102,11,33,0.1078,0.3235,286.6,0.0,5.54,0.2227,0.1008,1.453,B,阪神芝短中距離(1400-1600)・良・内枠(1-2)で父「ロードカナロア」は基準比リフト1.453
競馬場×距離帯×馬場×枠,京都,平坦・スピード型,芝,短中距離(1400-1600),良,内枠(1-2),父,ダイワメジャー,104,12,33,0.1154,0.3173,87.7,0.0,6.26,0.2185,0.0988,1.452,B,京都芝短中距離(1400-1600)・良・内枠(1-2)で父「ダイワメジャー」は基準比リフト1.452
競馬場×距離帯×馬場×枠,中山,坂あり・パワー型,ダ,中距離(1700-2000),良,内枠(1-2),母父,クロフネ,82,10,22,0.122,0.2683,178.2,0.0,7.01,0.1848,0.0835,1.452,B,中山ダ中距離(1700-2000)・良・内枠(1-2)で母父「クロフネ」は基準比リフト1.452
競馬場×距離帯×馬場×枠,小倉,小回り・機動型,芝,中距離(1700-2000),良,中枠(3-6),父,アグネスタキオン,87,8,28,0.092,0.3218,45.5,0.0,6.22,0.2218,0.1,1.451,B,小倉芝中距離(1700-2000)・良・中枠(3-6)で父「アグネスタキオン」は基準比リフト1.451
競馬場×距離帯×馬場×枠,京都,平坦・スピード型,ダ,中距離(1700-2000),良,外枠(7-8),父,ゴールドアリュール,147,15,44,0.102,0.2993,236.8,0.0,6.15,0.2066,0.0927,1.449,B,京都ダ中距離(1700-2000)・良・外枠(7-8)で父「ゴールドアリュール」は基準比リフト1.449
競馬場×距離帯×馬場×枠,札幌,小回り・持続型,芝,短距離(1000-1300),良,中枠(3-6),父,サクラバクシンオー,80,4,24,0.05,0.3,22.9,0.0,6.95,0.2078,0.0922,1.444,B,札幌芝短距離(1000-1300)・良・中枠(3-6)で父「サクラバクシンオー」は基準比リフト1.444
競馬場×距離帯×馬場×枠,札幌,小回り・持続型,芝,中距離(1700-2000),良,中枠(3-6),父,キングカメハメハ,117,13,41,0.1111,0.3504,58.1,0.0,6.09,0.2428,0.1076,1.443,B,札幌芝中距離(1700-2000)・良・中枠(3-6)で父「キングカメハメハ」は基準比リフト1.443
競馬場×距離帯×馬場×枠,新潟,直線長め・平坦型,芝,短中距離(1400-1600),良,内枠(1-2),父,ダイワメジャー,91,9,22,0.0989,0.2418,66.7,0.0,7.04,0.1682,0.0736,1.438,B,新潟芝短中距離(1400-1600)・良・内枠(1-2)で父「ダイワメジャー」は基準比リフト1.438
競馬場×距離帯×馬場×枠,阪神,坂あり・パワー型,ダ,中距離(1700-2000),良,外枠(7-8),母父,フジキセキ,80,11,27,0.1375,0.3375,94.2,0.0,6.29,0.2351,0.1024,1.436,B,阪神ダ中距離(1700-2000)・良・外枠(7-8)で母父「フジキセキ」は基準比リフト1.436
競馬場×距離帯×馬場×枠,新潟,直線長め・平坦型,ダ,中距離(1700-2000),良,中枠(3-6),父,ハーツクライ,104,10,32,0.0962,0.3077,124.1,0.0,6.76,0.2144,0.0933,1.435,B,新潟ダ中距離(1700-2000)・良・中枠(3-6)で父「ハーツクライ」は基準比リフト1.435
競馬場×距離帯×馬場×枠,小倉,小回り・機動型,芝,短距離(1000-1300),良,外枠(7-8),母父,ダンスインザダーク,95,13,27,0.1368,0.2842,318.2,0.0,8.32,0.1981,0.0861,1.435,B,小倉芝短距離(1000-1300)・良・外枠(7-8)で母父「ダンスインザダーク」は基準比リフト1.435
競馬場×距離帯×馬場×枠,新潟,直線長め・平坦型,芝,短中距離(1400-1600),良,中枠(3-6),父,マンハッタンカフェ,86,3,24,0.0349,0.2791,13.1,0.0,7.59,0.1947,0.0844,1.433,B,新潟芝短中距離(1400-1600)・良・中枠(3-6)で父「マンハッタンカフェ」は基準比リフト1.433
競馬場×距離帯×馬場×枠,中山,坂あり・パワー型,芝,中距離(1700-2000),良,内枠(1-2),父,ステイゴールド,104,7,33,0.0673,0.3173,73.0,0.0,6.94,0.2217,0.0956,1.431,B,中山芝中距離(1700-2000)・良・内枠(1-2)で父「ステイゴールド」は基準比リフト1.431
競馬場×距離帯×馬場×枠,中山,坂あり・パワー型,芝,中距離(1700-2000),稍,外枠(7-8),父系統,ネイティヴダンサー系,88,7,25,0.0795,0.2841,45.2,0.0,7.58,0.1986,0.0855,1.431,B,中山芝中距離(1700-2000)・稍・外枠(7-8)で父系統「ネイティヴダンサー系」は基準比リフト1.431
競馬場×距離帯×馬場×枠,中山,坂あり・パワー型,ダ,短距離(1000-1300),稍,中枠(3-6),父,サウスヴィグラス,126,10,32,0.0794,0.254,249.3,0.0,8.08,0.1775,0.0765,1.431,B,中山ダ短距離(1000-1300)・稍・中枠(3-6)で父「サウスヴィグラス」は基準比リフト1.431
競馬場×距離帯×馬場×枠,東京,直線長め・持続型,芝,中距離(1700-2000),良,中枠(3-6),父,エピファネイア,118,17,40,0.1441,0.339,70.6,0.0,5.6,0.237,0.102,1.43,B,東京芝中距離(1700-2000)・良・中枠(3-6)で父「エピファネイア」は基準比リフト1.43
競馬場×距離帯×馬場×枠,京都,平坦・スピード型,ダ,中距離(1700-2000),良,内枠(1-2),父,クロフネ,109,16,36,0.1468,0.3303,72.6,0.0,5.94,0.2314,0.0989,1.427,B,京都ダ中距離(1700-2000)・良・内枠(1-2)で父「クロフネ」は基準比リフト1.427
競馬場×距離帯×馬場×枠,中山,坂あり・パワー型,芝,短中距離(1400-1600),良,中枠(3-6),父,ロードカナロア,108,10,31,0.0926,0.287,44.8,0.0,5.89,0.2014,0.0856,1.425,B,中山芝短中距離(1400-1600)・良・中枠(3-6)で父「ロードカナロア」は基準比リフト1.425
競馬場×距離帯×馬場×枠,新潟,直線長め・平坦型,芝,短中距離(1400-1600),稍,内枠(1-2),母父系統,ロイヤルチャージャー系,135,11,35,0.0815,0.2593,169.8,0.0,7.79,0.1821,0.0772,1.424,B,新潟芝短中距離(1400-1600)・稍・内枠(1-2)で母父系統「ロイヤルチャージャー系」は基準比リフト1.424
競馬場×距離帯×馬場×枠,小倉,小回り・機動型,芝,中距離(1700-2000),良,内枠(1-2),父,ハーツクライ,101,11,32,0.1089,0.3168,128.4,0.0,6.0,0.2226,0.0942,1.423,B,小倉芝中距離(1700-2000)・良・内枠(1-2)で父「ハーツクライ」は基準比リフト1.423
競馬場×距離帯×馬場×枠,小倉,小回り・機動型,芝,短距離(1000-1300),良,内枠(1-2),父,ダイワメジャー,100,11,27,0.11,0.27,144.3,0.0,6.97,0.1897,0.0803,1.423,B,小倉芝短距離(1000-1300)・良・内枠(1-2)で父「ダイワメジャー」は基準比リフト1.423
競馬場×距離帯×馬場×枠,阪神,坂あり・パワー型,芝,短中距離(1400-1600),良,中枠(3-6),母父系統,母父系統不明,94,11,29,0.117,0.3085,77.3,0.0,5.57,0.2169,0.0916,1.422,B,阪神芝短中距離(1400-1600)・良・中枠(3-6)で母父系統「母父系統不明」は基準比リフト1.422
競馬場×距離帯×馬場×枠,東京,直線長め・持続型,ダ,短中距離(1400-1600),良,中枠(3-6),父,キズナ,81,5,23,0.0617,0.284,30.5,0.0,6.77,0.1997,0.0843,1.422,B,東京ダ短中距離(1400-1600)・良・中枠(3-6)で父「キズナ」は基準比リフト1.422
競馬場×距離帯×馬場×枠,東京,直線長め・持続型,芝,中距離(1700-2000),良,内枠(1-2),父,キングカメハメハ,111,16,37,0.1441,0.3333,79.5,0.0,5.59,0.2345,0.0988,1.421,B,東京芝中距離(1700-2000)・良・内枠(1-2)で父「キングカメハメハ」は基準比リフト1.421
競馬場×距離帯×馬場×枠,阪神,坂あり・パワー型,芝,短中距離(1400-1600),良,中枠(3-6),父,キズナ,104,10,32,0.0962,0.3077,62.6,0.0,6.88,0.2169,0.0908,1.419,B,阪神芝短中距離(1400-1600)・良・中枠(3-6)で父「キズナ」は基準比リフト1.419
競馬場×距離帯×馬場×枠,小倉,小回り・機動型,芝,中距離(1700-2000),良,外枠(7-8),母父,ダンスインザダーク,117,12,34,0.1026,0.2906,128.6,0.0,7.05,0.2048,0.0858,1.419,B,小倉芝中距離(1700-2000)・良・外枠(7-8)で母父「ダンスインザダーク」は基準比リフト1.419
競馬場×距離帯×馬場×枠,阪神,坂あり・パワー型,ダ,短中距離(1400-1600),良,中枠(3-6),父,ヘニーヒューズ,118,16,34,0.1356,0.2881,221.9,0.0,7.39,0.2031,0.085,1.419,B,阪神ダ短中距離(1400-1600)・良・中枠(3-6)で父「ヘニーヒューズ」は基準比リフト1.419
競馬場×距離帯×馬場×枠,東京,直線長め・持続型,芝,中距離(1700-2000),良,中枠(3-6),母父,シンボリクリスエス,137,11,46,0.0803,0.3358,28.9,0.0,6.55,0.237,0.0988,1.417,B,東京芝中距離(1700-2000)・良・中枠(3-6)で母父「シンボリクリスエス」は基準比リフト1.417
競馬場×距離帯×馬場×枠,中京,直線長め・持続型,芝,中距離(1700-2000),重不良,中枠(3-6),母父系統,ロイヤルチャージャー系,95,9,25,0.0947,0.2632,49.2,0.0,7.33,0.1857,0.0775,1.417,B,中京芝中距離(1700-2000)・重不良・中枠(3-6)で母父系統「ロイヤルチャージャー系」は基準比リフト1.417
競馬場×距離帯×馬場×枠,京都,平坦・スピード型,芝,短中距離(1400-1600),良,中枠(3-6),母父,Storm Cat,89,10,27,0.1124,0.3034,61.0,0.0,5.26,0.2142,0.0892,1.416,B,京都芝短中距離(1400-1600)・良・中枠(3-6)で母父「Storm Cat」は基準比リフト1.416
競馬場×距離帯×馬場×枠,新潟,直線長め・平坦型,ダ,中距離(1700-2000),良,中枠(3-6),母父,キングカメハメハ,89,10,27,0.1124,0.3034,70.1,0.0,6.55,0.2144,0.089,1.415,B,新潟ダ中距離(1700-2000)・良・中枠(3-6)で母父「キングカメハメハ」は基準比リフト1.415
競馬場×距離帯×馬場×枠,福島,小回り・機動型,芝,短距離(1000-1300),良,中枠(3-6),父,サクラバクシンオー,146,16,39,0.1096,0.2671,63.0,0.0,6.34,0.1887,0.0784,1.415,B,福島芝短距離(1000-1300)・良・中枠(3-6)で父「サクラバクシンオー」は基準比リフト1.415
競馬場×距離帯×馬場×枠,福島,小回り・機動型,ダ,中距離(1700-2000),良,中枠(3-6),父,ゴールドアリュール,138,13,39,0.0942,0.2826,67.3,0.0,7.09,0.2003,0.0823,1.411,B,福島ダ中距離(1700-2000)・良・中枠(3-6)で父「ゴールドアリュール」は基準比リフト1.411
競馬場×距離帯×馬場×枠,京都,平坦・スピード型,ダ,中距離(1700-2000),良,内枠(1-2),母父,ブライアンズタイム,95,11,31,0.1158,0.3263,100.0,0.0,6.77,0.2314,0.0949,1.41,B,京都ダ中距離(1700-2000)・良・内枠(1-2)で母父「ブライアンズタイム」は基準比リフト1.41
競馬場×距離帯×馬場×枠,福島,小回り・機動型,ダ,中距離(1700-2000),良,中枠(3-6),母父系統,その他のエクリプス系,85,6,24,0.0706,0.2824,72.7,0.0,7.0,0.2003,0.0821,1.41,B,福島ダ中距離(1700-2000)・良・中枠(3-6)で母父系統「その他のエクリプス系」は基準比リフト1.41
競馬場×距離帯×馬場×枠,中京,直線長め・持続型,ダ,中距離(1700-2000),良,中枠(3-6),母父,フレンチデピュティ,130,16,40,0.1231,0.3077,143.5,0.0,6.75,0.2184,0.0893,1.409,B,中京ダ中距離(1700-2000)・良・中枠(3-6)で母父「フレンチデピュティ」は基準比リフト1.409
競馬場×距離帯×馬場×枠,中京,直線長め・持続型,ダ,短中距離(1400-1600),重不良,中枠(3-6),母父系統,ネイティヴダンサー系,111,11,32,0.0991,0.2883,64.1,0.0,7.29,0.2048,0.0835,1.408,B,中京ダ短中距離(1400-1600)・重不良・中枠(3-6)で母父系統「ネイティヴダンサー系」は基準比リフト1.408
競馬場×距離帯×馬場×枠,中山,坂あり・パワー型,芝,中距離(1700-2000),良,中枠(3-6),母父,フジキセキ,92,9,28,0.0978,0.3043,82.9,0.0,6.75,0.2165,0.0878,1.406,B,中山芝中距離(1700-2000)・良・中枠(3-6)で母父「フジキセキ」は基準比リフト1.406
競馬場×距離帯×馬場×枠,京都,平坦・スピード型,芝,中距離(1700-2000),良,中枠(3-6),母父,フレンチデピュティ,87,10,30,0.1149,0.3448,41.4,0.0,6.44,0.2454,0.0994,1.405,B,京都芝中距離(1700-2000)・良・中枠(3-6)で母父「フレンチデピュティ」は基準比リフト1.405
競馬場×距離帯×馬場×枠,新潟,直線長め・平坦型,芝,短中距離(1400-1600),良,外枠(7-8),父,ダイワメジャー,127,14,34,0.1102,0.2677,64.7,0.0,6.15,0.1905,0.0772,1.405,B,新潟芝短中距離(1400-1600)・良・外枠(7-8)で父「ダイワメジャー」は基準比リフト1.405
競馬場×距離帯×馬場×枠,小倉,小回り・機動型,ダ,中距離(1700-2000),良,中枠(3-6),父,キングカメハメハ,139,13,38,0.0935,0.2734,107.7,0.0,6.45,0.1947,0.0787,1.404,B,小倉ダ中距離(1700-2000)・良・中枠(3-6)で父「キングカメハメハ」は基準比リフト1.404
競馬場×距離帯×馬場×枠,阪神,坂あり・パワー型,芝,短中距離(1400-1600),良,中枠(3-6),父,モーリス,92,12,28,0.1304,0.3043,118.3,0.0,6.46,0.2169,0.0874,1.403,B,阪神芝短中距離(1400-1600)・良・中枠(3-6)で父「モーリス」は基準比リフト1.403
競馬場×距離帯×馬場×枠,新潟,直線長め・平坦型,ダ,中距離(1700-2000),良,中枠(3-6),父,キングカメハメハ,143,21,43,0.1469,0.3007,174.1,0.0,6.69,0.2144,0.0863,1.403,B,新潟ダ中距離(1700-2000)・良・中枠(3-6)で父「キングカメハメハ」は基準比リフト1.403
競馬場×距離帯×馬場×枠,京都,平坦・スピード型,ダ,短距離(1000-1300),良,中枠(3-6),父,クロフネ,139,13,38,0.0935,0.2734,142.7,0.0,6.62,0.1949,0.0785,1.403,B,京都ダ短距離(1000-1300)・良・中枠(3-6)で父「クロフネ」は基準比リフト1.403
競馬場×距離帯×馬場×枠,新潟,直線長め・平坦型,芝,中距離(1700-2000),良,外枠(7-8),父,キングカメハメハ,122,17,36,0.1393,0.2951,119.8,0.0,6.57,0.2107,0.0844,1.401,B,新潟芝中距離(1700-2000)・良・外枠(7-8)で父「キングカメハメハ」は基準比リフト1.401
競馬場×距離帯×馬場×枠,東京,直線長め・持続型,ダ,短中距離(1400-1600),良,中枠(3-6),母父,Seeking the Gold,93,9,26,0.0968,0.2796,42.9,0.0,6.95,0.1997,0.0799,1.4,B,東京ダ短中距離(1400-1600)・良・中枠(3-6)で母父「Seeking the Gold」は基準比リフト1.4
競馬場×距離帯×馬場×枠,小倉,小回り・機動型,芝,短距離(1000-1300),良,外枠(7-8),父,ダイワメジャー,137,16,38,0.1168,0.2774,101.4,0.0,7.55,0.1981,0.0793,1.4,B,小倉芝短距離(1000-1300)・良・外枠(7-8)で父「ダイワメジャー」は基準比リフト1.4
競馬場×距離帯×馬場×枠,小倉,小回り・機動型,ダ,中距離(1700-2000),不,外枠(7-8),父系統,父系統不明,86,9,20,0.1047,0.2326,62.7,0.0,7.23,0.1663,0.0663,1.399,B,小倉ダ中距離(1700-2000)・不・外枠(7-8)で父系統「父系統不明」は基準比リフト1.399
競馬場×距離帯×馬場×枠,新潟,直線長め・平坦型,ダ,短距離(1000-1300),良,中枠(3-6),母父,フジキセキ,134,16,38,0.1194,0.2836,113.3,0.0,6.88,0.2029,0.0807,1.398,B,新潟ダ短距離(1000-1300)・良・中枠(3-6)で母父「フジキセキ」は基準比リフト1.398
競馬場×距離帯×馬場×枠,福島,小回り・機動型,芝,短距離(1000-1300),良,外枠(7-8),父,サクラバクシンオー,84,12,23,0.1429,0.2738,100.2,0.0,6.35,0.1962,0.0776,1.396,B,福島芝短距離(1000-1300)・良・外枠(7-8)で父「サクラバクシンオー」は基準比リフト1.396
競馬場×距離帯×馬場×枠,新潟,直線長め・平坦型,芝,短距離(1000-1300),良,外枠(7-8),父,サクラバクシンオー,89,9,29,0.1011,0.3258,59.0,0.0,6.27,0.2335,0.0923,1.395,B,新潟芝短距離(1000-1300)・良・外枠(7-8)で父「サクラバクシンオー」は基準比リフト1.395
競馬場×距離帯×馬場×枠,京都,平坦・スピード型,芝,中長距離(2100-2400),良,中枠(3-6),父,ステイゴールド,92,9,30,0.0978,0.3261,68.6,0.0,7.05,0.2341,0.092,1.393,B,京都芝中長距離(2100-2400)・良・中枠(3-6)で父「ステイゴールド」は基準比リフト1.393
競馬場×距離帯×馬場×枠,福島,小回り・機動型,ダ,中距離(1700-2000),良,内枠(1-2),母父,サンデーサイレンス,88,12,26,0.1364,0.2955,336.2,0.0,6.59,0.2121,0.0834,1.393,B,福島ダ中距離(1700-2000)・良・内枠(1-2)で母父「サンデーサイレンス」は基準比リフト1.393
競馬場×距離帯×馬場×枠,中山,坂あり・パワー型,ダ,中距離(1700-2000),良,中枠(3-6),父,マンハッタンカフェ,101,15,28,0.1485,0.2772,92.6,0.0,7.08,0.199,0.0782,1.393,B,中山ダ中距離(1700-2000)・良・中枠(3-6)で父「マンハッタンカフェ」は基準比リフト1.393
競馬場×距離帯×馬場×枠,阪神,坂あり・パワー型,芝,中距離(1700-2000),良,内枠(1-2),父,ハーツクライ,132,15,46,0.1136,0.3485,51.8,0.0,5.59,0.2505,0.098,1.391,B,阪神芝中距離(1700-2000)・良・内枠(1-2)で父「ハーツクライ」は基準比リフト1.391
競馬場×距離帯×馬場×枠,新潟,直線長め・平坦型,ダ,中距離(1700-2000),良,外枠(7-8),母父,サンデーサイレンス,140,17,44,0.1214,0.3143,81.2,0.0,6.11,0.226,0.0883,1.391,B,新潟ダ中距離(1700-2000)・良・外枠(7-8)で母父「サンデーサイレンス」は基準比リフト1.391
競馬場×距離帯×馬場×枠,東京,直線長め・持続型,芝,中長距離(2100-2400),良,内枠(1-2),父,ディープインパクト,113,23,41,0.2035,0.3628,213.8,0.0,4.79,0.261,0.1018,1.39,B,東京芝中長距離(2100-2400)・良・内枠(1-2)で父「ディープインパクト」は基準比リフト1.39
競馬場×距離帯×馬場×枠,中山,坂あり・パワー型,芝,中長距離(2100-2400),良,中枠(3-6),父,ディープインパクト,93,9,27,0.0968,0.2903,40.6,0.0,5.15,0.2088,0.0815,1.39,B,中山芝中長距離(2100-2400)・良・中枠(3-6)で父「ディープインパクト」は基準比リフト1.39
競馬場×距離帯×馬場×枠,中山,坂あり・パワー型,ダ,短距離(1000-1300),良,中枠(3-6),父,ダイワメジャー,127,11,34,0.0866,0.2677,62.1,0.0,6.65,0.1927,0.075,1.389,B,中山ダ短距離(1000-1300)・良・中枠(3-6)で父「ダイワメジャー」は基準比リフト1.389
競馬場×距離帯×馬場×枠,東京,直線長め・持続型,芝,中距離(1700-2000),良,内枠(1-2),母父,キングカメハメハ,86,14,28,0.1628,0.3256,104.3,0.0,6.08,0.2345,0.0911,1.388,B,東京芝中距離(1700-2000)・良・内枠(1-2)で母父「キングカメハメハ」は基準比リフト1.388
競馬場×距離帯×馬場×枠,京都,平坦・スピード型,ダ,中距離(1700-2000),良,内枠(1-2),父,キングカメハメハ,137,15,44,0.1095,0.3212,53.3,0.0,5.06,0.2314,0.0898,1.388,B,京都ダ中距離(1700-2000)・良・内枠(1-2)で父「キングカメハメハ」は基準比リフト1.388
競馬場×距離帯×馬場×枠,中山,坂あり・パワー型,芝,短中距離(1400-1600),良,中枠(3-6),母父,サクラバクシンオー,86,10,24,0.1163,0.2791,56.4,0.0,7.72,0.2014,0.0777,1.386,B,中山芝短中距離(1400-1600)・良・中枠(3-6)で母父「サクラバクシンオー」は基準比リフト1.386
競馬場×距離帯×馬場×枠,東京,直線長め・持続型,芝,短中距離(1400-1600),良,中枠(3-6),父,アグネスタキオン,89,5,25,0.0562,0.2809,23.9,0.0,6.39,0.2028,0.0781,1.385,B,東京芝短中距離(1400-1600)・良・中枠(3-6)で父「アグネスタキオン」は基準比リフト1.385
競馬場×距離帯×馬場×枠,京都,平坦・スピード型,ダ,中距離(1700-2000),良,外枠(7-8),母父,キングカメハメハ,84,12,24,0.1429,0.2857,78.3,0.0,6.99,0.2066,0.0791,1.383,B,京都ダ中距離(1700-2000)・良・外枠(7-8)で母父「キングカメハメハ」は基準比リフト1.383
競馬場×距離帯×馬場×枠,函館,小回り・持続型,芝,短距離(1000-1300),良,中枠(3-6),父,ロードカナロア,87,10,28,0.1149,0.3218,70.0,0.0,6.38,0.2329,0.0889,1.382,B,函館芝短距離(1000-1300)・良・中枠(3-6)で父「ロードカナロア」は基準比リフト1.382
競馬場×距離帯×馬場×枠,中山,坂あり・パワー型,ダ,中距離(1700-2000),良,外枠(7-8),父,ハーツクライ,91,10,28,0.1099,0.3077,76.2,0.0,5.86,0.2226,0.0851,1.382,B,中山ダ中距離(1700-2000)・良・外枠(7-8)で父「ハーツクライ」は基準比リフト1.382
競馬場×距離帯×馬場×枠,福島,小回り・機動型,芝,短距離(1000-1300),良,中枠(3-6),父,ロードカナロア,96,5,25,0.0521,0.2604,48.0,0.0,5.98,0.1887,0.0717,1.38,B,福島芝短距離(1000-1300)・良・中枠(3-6)で父「ロードカナロア」は基準比リフト1.38
競馬場×距離帯×馬場×枠,福島,小回り・機動型,ダ,中距離(1700-2000),稍,内枠(1-2),母父系統,ニアークティック系,120,9,27,0.075,0.225,308.6,0.0,7.91,0.163,0.062,1.38,B,福島ダ中距離(1700-2000)・稍・内枠(1-2)で母父系統「ニアークティック系」は基準比リフト1.38
競馬場×距離帯×馬場×枠,東京,直線長め・持続型,芝,中長距離(2100-2400),良,内枠(1-2),母父系統,ナスルーラ系,100,11,36,0.11,0.36,56.3,0.0,6.73,0.261,0.099,1.379,B,東京芝中長距離(2100-2400)・良・内枠(1-2)で母父系統「ナスルーラ系」は基準比リフト1.379
競馬場×距離帯×馬場×枠,小倉,小回り・機動型,ダ,短距離(1000-1300),重不良,中枠(3-6),父系統,ニアークティック系,97,11,30,0.1134,0.3093,114.5,0.0,7.14,0.2243,0.085,1.379,B,小倉ダ短距離(1000-1300)・重不良・中枠(3-6)で父系統「ニアークティック系」は基準比リフト1.379
競馬場×距離帯×馬場×枠,新潟,直線長め・平坦型,芝,中距離(1700-2000),良,外枠(7-8),父,ステイゴールド,117,8,34,0.0684,0.2906,84.5,0.0,7.23,0.2107,0.0799,1.379,B,新潟芝中距離(1700-2000)・良・外枠(7-8)で父「ステイゴールド」は基準比リフト1.379
競馬場×距離帯×馬場×枠,福島,小回り・機動型,芝,中距離(1700-2000),良,中枠(3-6),母父,トニービン,126,16,38,0.127,0.3016,111.9,0.0,7.33,0.2188,0.0828,1.378,B,福島芝中距離(1700-2000)・良・中枠(3-6)で母父「トニービン」は基準比リフト1.378
競馬場×距離帯×馬場×枠,中京,直線長め・持続型,ダ,短中距離(1400-1600),稍,外枠(7-8),父系統,父系統不明,108,16,32,0.1481,0.2963,76.0,0.0,7.62,0.2151,0.0812,1.377,B,中京ダ短中距離(1400-1600)・稍・外枠(7-8)で父系統「父系統不明」は基準比リフト1.377
競馬場×距離帯×馬場×枠,新潟,直線長め・平坦型,ダ,中距離(1700-2000),良,中枠(3-6),父,ゴールドアリュール,122,12,36,0.0984,0.2951,64.1,0.0,6.5,0.2144,0.0807,1.376,B,新潟ダ中距離(1700-2000)・良・中枠(3-6)で父「ゴールドアリュール」は基準比リフト1.376
競馬場×距離帯×馬場×枠,小倉,小回り・機動型,芝,長距離(2500以上),良,外枠(7-8),母父系統,ナスルーラ系,102,16,33,0.1569,0.3235,271.5,0.0,6.74,0.2352,0.0883,1.375,B,小倉芝長距離(2500以上)・良・外枠(7-8)で母父系統「ナスルーラ系」は基準比リフト1.375
競馬場×距離帯×馬場×枠,阪神,坂あり・パワー型,芝,短中距離(1400-1600),良,外枠(7-8),父,ハーツクライ,122,11,32,0.0902,0.2623,68.0,0.0,7.07,0.1907,0.0716,1.375,B,阪神芝短中距離(1400-1600)・良・外枠(7-8)で父「ハーツクライ」は基準比リフト1.375
競馬場×距離帯×馬場×枠,阪神,坂あり・パワー型,芝,中長距離(2100-2400),良,中枠(3-6),父,ハーツクライ,120,15,43,0.125,0.3583,62.7,0.0,5.63,0.2609,0.0974,1.373,B,阪神芝中長距離(2100-2400)・良・中枠(3-6)で父「ハーツクライ」は基準比リフト1.373
競馬場×距離帯×馬場×枠,京都,平坦・スピード型,芝,短中距離(1400-1600),良,中枠(3-6),父,ロードカナロア,136,12,40,0.0882,0.2941,42.5,0.0,5.71,0.2142,0.0799,1.373,B,京都芝短中距離(1400-1600)・良・中枠(3-6)で父「ロードカナロア」は基準比リフト1.373
競馬場×距離帯×馬場×枠,中山,坂あり・パワー型,ダ,中距離(1700-2000),稍,中枠(3-6),母父,フジキセキ,91,8,26,0.0879,0.2857,49.8,0.0,7.07,0.2081,0.0776,1.373,B,中山ダ中距離(1700-2000)・稍・中枠(3-6)で母父「フジキセキ」は基準比リフト1.373
競馬場×距離帯×馬場×枠,阪神,坂あり・パワー型,ダ,短中距離(1400-1600),良,中枠(3-6),母父,キングカメハメハ,104,3,29,0.0288,0.2788,11.4,0.0,7.15,0.2031,0.0757,1.373,B,阪神ダ短中距離(1400-1600)・良・中枠(3-6)で母父「キングカメハメハ」は基準比リフト1.373
競馬場×距離帯×馬場×枠,新潟,直線長め・平坦型,ダ,中距離(1700-2000),稍,内枠(1-2),父系統,ネイティヴダンサー系,120,8,32,0.0667,0.2667,29.0,0.0,7.58,0.1942,0.0725,1.373,B,新潟ダ中距離(1700-2000)・稍・内枠(1-2)で父系統「ネイティヴダンサー系」は基準比リフト1.373
競馬場×距離帯×馬場×枠,中山,坂あり・パワー型,芝,中距離(1700-2000),良,中枠(3-6),母父,ディープインパクト,128,14,38,0.1094,0.2969,104.0,0.0,6.84,0.2165,0.0804,1.371,B,中山芝中距離(1700-2000)・良・中枠(3-6)で母父「ディープインパクト」は基準比リフト1.371
競馬場×距離帯×馬場×枠,京都,平坦・スピード型,ダ,短中距離(1400-1600),良,外枠(7-8),父,クロフネ,94,10,25,0.1064,0.266,114.5,0.0,7.32,0.1942,0.0718,1.37,B,京都ダ短中距離(1400-1600)・良・外枠(7-8)で父「クロフネ」は基準比リフト1.37
競馬場×距離帯×馬場×枠,中山,坂あり・パワー型,芝,中距離(1700-2000),良,中枠(3-6),父,エピファネイア,81,11,24,0.1358,0.2963,57.5,0.0,7.47,0.2165,0.0798,1.369,B,中山芝中距離(1700-2000)・良・中枠(3-6)で父「エピファネイア」は基準比リフト1.369
競馬場×距離帯×馬場×枠,阪神,坂あり・パワー型,ダ,短距離(1000-1300),良,中枠(3-6),父,ヘニーヒューズ,88,10,25,0.1136,0.2841,53.9,0.0,5.64,0.2076,0.0765,1.368,B,阪神ダ短距離(1000-1300)・良・中枠(3-6)で父「ヘニーヒューズ」は基準比リフト1.368
競馬場×距離帯×馬場×枠,東京,直線長め・持続型,ダ,短距離(1000-1300),良,内枠(1-2),父系統,ナスルーラ系,84,8,23,0.0952,0.2738,57.7,0.0,7.79,0.2004,0.0734,1.366,B,東京ダ短距離(1000-1300)・良・内枠(1-2)で父系統「ナスルーラ系」は基準比リフト1.366
競馬場×距離帯×馬場×枠,阪神,坂あり・パワー型,ダ,中距離(1700-2000),良,外枠(7-8),母父,クロフネ,134,14,43,0.1045,0.3209,81.6,0.0,6.48,0.2351,0.0858,1.365,B,阪神ダ中距離(1700-2000)・良・外枠(7-8)で母父「クロフネ」は基準比リフト1.365
競馬場×距離帯×馬場×枠,函館,小回り・持続型,芝,中距離(1700-2000),良,内枠(1-2),母父,サンデーサイレンス,83,11,32,0.1325,0.3855,85.2,0.0,5.89,0.2826,0.1029,1.364,B,函館芝中距離(1700-2000)・良・内枠(1-2)で母父「サンデーサイレンス」は基準比リフト1.364
競馬場×距離帯×馬場×枠,東京,直線長め・持続型,ダ,短距離(1000-1300),良,中枠(3-6),母父,サンデーサイレンス,82,6,22,0.0732,0.2683,32.1,0.0,7.4,0.1967,0.0716,1.364,B,東京ダ短距離(1000-1300)・良・中枠(3-6)で母父「サンデーサイレンス」は基準比リフト1.364
競馬場×距離帯×馬場×枠,東京,直線長め・持続型,ダ,短中距離(1400-1600),良,外枠(7-8),母父,クロフネ,122,16,36,0.1311,0.2951,89.7,0.0,7.38,0.2165,0.0786,1.363,B,東京ダ短中距離(1400-1600)・良・外枠(7-8)で母父「クロフネ」は基準比リフト1.363
競馬場×距離帯×馬場×枠,小倉,小回り・機動型,ダ,中距離(1700-2000),良,内枠(1-2),母父,サンデーサイレンス,111,13,32,0.1171,0.2883,103.4,0.0,7.44,0.2118,0.0765,1.361,B,小倉ダ中距離(1700-2000)・良・内枠(1-2)で母父「サンデーサイレンス」は基準比リフト1.361
競馬場×距離帯×馬場×枠,中京,直線長め・持続型,ダ,中距離(1700-2000),不,中枠(3-6),父系統,ネイティヴダンサー系,93,8,29,0.086,0.3118,56.1,0.0,7.46,0.2298,0.082,1.357,B,中京ダ中距離(1700-2000)・不・中枠(3-6)で父系統「ネイティヴダンサー系」は基準比リフト1.357
競馬場×距離帯×馬場×枠,京都,平坦・スピード型,ダ,中距離(1700-2000),良,中枠(3-6),父,エンパイアメーカー,125,12,37,0.096,0.296,180.9,0.0,6.73,0.2181,0.0779,1.357,B,京都ダ中距離(1700-2000)・良・中枠(3-6)で父「エンパイアメーカー」は基準比リフト1.357
競馬場×距離帯×馬場×枠,東京,直線長め・持続型,ダ,短中距離(1400-1600),不,中枠(3-6),父系統,ナスルーラ系,104,10,30,0.0962,0.2885,54.5,0.0,7.49,0.2126,0.0759,1.357,B,東京ダ短中距離(1400-1600)・不・中枠(3-6)で父系統「ナスルーラ系」は基準比リフト1.357
競馬場×距離帯×馬場×枠,中山,坂あり・パワー型,ダ,中距離(1700-2000),稍,中枠(3-6),父,クロフネ,85,8,24,0.0941,0.2824,84.7,0.0,7.0,0.2081,0.0743,1.357,B,中山ダ中距離(1700-2000)・稍・中枠(3-6)で父「クロフネ」は基準比リフト1.357
競馬場×距離帯×馬場×枠,中山,坂あり・パワー型,ダ,中距離(1700-2000),稍,中枠(3-6),父,ゴールドアリュール,85,14,24,0.1647,0.2824,149.6,0.0,6.85,0.2081,0.0743,1.357,B,中山ダ中距離(1700-2000)・稍・中枠(3-6)で父「ゴールドアリュール」は基準比リフト1.357
競馬場×距離帯×馬場×枠,阪神,坂あり・パワー型,芝,短中距離(1400-1600),良,内枠(1-2),父,ダイワメジャー,126,15,38,0.119,0.3016,88.3,0.0,6.5,0.2227,0.0789,1.354,B,阪神芝短中距離(1400-1600)・良・内枠(1-2)で父「ダイワメジャー」は基準比リフト1.354
競馬場×距離帯×馬場×枠,阪神,坂あり・パワー型,芝,短中距離(1400-1600),良,中枠(3-6),父,エピファネイア,109,13,32,0.1193,0.2936,307.7,0.0,6.77,0.2169,0.0767,1.354,B,阪神芝短中距離(1400-1600)・良・中枠(3-6)で父「エピファネイア」は基準比リフト1.354
競馬場×距離帯×馬場×枠,中山,坂あり・パワー型,ダ,短距離(1000-1300),良,中枠(3-6),父,ロードカナロア,92,13,24,0.1413,0.2609,100.3,0.0,6.46,0.1927,0.0682,1.354,B,中山ダ短距離(1000-1300)・良・中枠(3-6)で父「ロードカナロア」は基準比リフト1.354
競馬場×距離帯×馬場×枠,京都,平坦・スピード型,芝,短中距離(1400-1600),良,内枠(1-2),父,キングカメハメハ,122,9,36,0.0738,0.2951,51.0,0.0,6.49,0.2185,0.0766,1.351,B,京都芝短中距離(1400-1600)・良・内枠(1-2)で父「キングカメハメハ」は基準比リフト1.351
競馬場×距離帯×馬場×枠,新潟,直線長め・平坦型,芝,中距離(1700-2000),良,外枠(7-8),父,ハーツクライ,137,20,39,0.146,0.2847,79.8,0.0,6.5,0.2107,0.074,1.351,B,新潟芝中距離(1700-2000)・良・外枠(7-8)で父「ハーツクライ」は基準比リフト1.351
競馬場×距離帯×馬場×枠,札幌,小回り・持続型,ダ,中距離(1700-2000),良,中枠(3-6),母父,フジキセキ,84,12,28,0.1429,0.3333,95.2,0.0,7.25,0.2469,0.0864,1.35,B,札幌ダ中距離(1700-2000)・良・中枠(3-6)で母父「フジキセキ」は基準比リフト1.35
競馬場×距離帯×馬場×枠,東京,直線長め・持続型,芝,短中距離(1400-1600),稍,中枠(3-6),母父,サンデーサイレンス,95,8,25,0.0842,0.2632,76.7,0.0,7.46,0.195,0.0682,1.35,B,東京芝短中距離(1400-1600)・稍・中枠(3-6)で母父「サンデーサイレンス」は基準比リフト1.35
競馬場×距離帯×馬場×枠,阪神,坂あり・パワー型,芝,短中距離(1400-1600),良,中枠(3-6),母父,シンボリクリスエス,89,8,26,0.0899,0.2921,70.6,0.0,7.48,0.2169,0.0752,1.347,B,阪神芝短中距離(1400-1600)・良・中枠(3-6)で母父「シンボリクリスエス」は基準比リフト1.347
競馬場×距離帯×馬場×枠,京都,平坦・スピード型,ダ,短距離(1000-1300),良,中枠(3-6),母父系統,その他のエクリプス系,99,14,26,0.1414,0.2626,110.5,0.0,8.1,0.1949,0.0677,1.347,B,京都ダ短距離(1000-1300)・良・中枠(3-6)で母父系統「その他のエクリプス系」は基準比リフト1.347
競馬場×距離帯×馬場×枠,中山,坂あり・パワー型,芝,中長距離(2100-2400),良,中枠(3-6),父,ステイゴールド,89,11,25,0.1236,0.2809,95.5,0.0,6.67,0.2088,0.0721,1.345,B,中山芝中長距離(2100-2400)・良・中枠(3-6)で父「ステイゴールド」は基準比リフト1.345
競馬場×距離帯×馬場×枠,阪神,坂あり・パワー型,ダ,中距離(1700-2000),良,内枠(1-2),母父,クロフネ,83,5,23,0.0602,0.2771,24.7,0.0,6.45,0.206,0.0711,1.345,B,阪神ダ中距離(1700-2000)・良・内枠(1-2)で母父「クロフネ」は基準比リフト1.345
競馬場×距離帯×馬場×枠,小倉,小回り・機動型,芝,中距離(1700-2000),稍,中枠(3-6),母父系統,ナスルーラ系,145,13,39,0.0897,0.269,74.8,0.0,7.01,0.2,0.069,1.345,B,小倉芝中距離(1700-2000)・稍・中枠(3-6)で母父系統「ナスルーラ系」は基準比リフト1.345
競馬場×距離帯×馬場×枠,小倉,小回り・機動型,芝,長距離(2500以上),良,内枠(1-2),父系統,父系統不明,95,11,37,0.1158,0.3895,237.3,0.0,6.86,0.2897,0.0998,1.344,B,小倉芝長距離(2500以上)・良・内枠(1-2)で父系統「父系統不明」は基準比リフト1.344
競馬場×距離帯×馬場×枠,京都,平坦・スピード型,芝,長距離(2500以上),良,外枠(7-8),母父系統,ニアークティック系,90,8,22,0.0889,0.2444,66.0,0.0,7.31,0.1818,0.0626,1.344,B,京都芝長距離(2500以上)・良・外枠(7-8)で母父系統「ニアークティック系」は基準比リフト1.344
競馬場×距離帯×馬場×枠,阪神,坂あり・パワー型,芝,中距離(1700-2000),良,内枠(1-2),父,キングカメハメハ,107,14,36,0.1308,0.3364,88.6,0.0,6.36,0.2505,0.0859,1.343,B,阪神芝中距離(1700-2000)・良・内枠(1-2)で父「キングカメハメハ」は基準比リフト1.343
競馬場×距離帯×馬場×枠,阪神,坂あり・パワー型,芝,中距離(1700-2000),良,外枠(7-8),母父系統,その他のエクリプス系,83,7,26,0.0843,0.3133,51.2,0.0,6.87,0.2332,0.0801,1.343,B,阪神芝中距離(1700-2000)・良・外枠(7-8)で母父系統「その他のエクリプス系」は基準比リフト1.343
競馬場×距離帯×馬場×枠,阪神,坂あり・パワー型,芝,中距離(1700-2000),良,外枠(7-8),母父,キングカメハメハ,83,8,26,0.0964,0.3133,40.4,0.0,6.08,0.2332,0.0801,1.343,B,阪神芝中距離(1700-2000)・良・外枠(7-8)で母父「キングカメハメハ」は基準比リフト1.343
競馬場×距離帯×馬場×枠,阪神,坂あり・パワー型,芝,短中距離(1400-1600),良,外枠(7-8),母父,スペシャルウィーク,82,9,21,0.1098,0.2561,76.8,0.0,8.59,0.1907,0.0654,1.343,B,阪神芝短中距離(1400-1600)・良・外枠(7-8)で母父「スペシャルウィーク」は基準比リフト1.343
競馬場×距離帯×馬場×枠,東京,直線長め・持続型,ダ,短中距離(1400-1600),良,内枠(1-2),母父,フォーティナイナー,80,8,18,0.1,0.225,131.0,0.0,8.78,0.1677,0.0573,1.342,B,東京ダ短中距離(1400-1600)・良・内枠(1-2)で母父「フォーティナイナー」は基準比リフト1.342
競馬場×距離帯×馬場×枠,函館,小回り・持続型,芝,中距離(1700-2000),良,中枠(3-6),父,キングカメハメハ,112,14,36,0.125,0.3214,70.5,0.0,5.83,0.2397,0.0817,1.341,B,函館芝中距離(1700-2000)・良・中枠(3-6)で父「キングカメハメハ」は基準比リフト1.341
競馬場×距離帯×馬場×枠,小倉,小回り・機動型,芝,中距離(1700-2000),良,外枠(7-8),母父系統,その他のエクリプス系,91,12,25,0.1319,0.2747,82.1,0.0,7.76,0.2048,0.0699,1.341,B,小倉芝中距離(1700-2000)・良・外枠(7-8)で母父系統「その他のエクリプス系」は基準比リフト1.341
競馬場×距離帯×馬場×枠,京都,平坦・スピード型,ダ,短中距離(1400-1600),不,中枠(3-6),母父系統,ネイティヴダンサー系,109,11,29,0.1009,0.2661,62.3,0.0,7.28,0.1985,0.0676,1.341,B,京都ダ短中距離(1400-1600)・不・中枠(3-6)で母父系統「ネイティヴダンサー系」は基準比リフト1.341
競馬場×距離帯×馬場×枠,中山,坂あり・パワー型,ダ,中距離(1700-2000),良,内枠(1-2),父,キングカメハメハ,113,11,28,0.0973,0.2478,63.4,0.0,6.63,0.1848,0.063,1.341,B,中山ダ中距離(1700-2000)・良・内枠(1-2)で父「キングカメハメハ」は基準比リフト1.341
競馬場×距離帯×馬場×枠,小倉,小回り・機動型,ダ,中距離(1700-2000),良,中枠(3-6),母父,ブライアンズタイム,138,12,36,0.087,0.2609,186.2,0.0,8.03,0.1947,0.0662,1.34,B,小倉ダ中距離(1700-2000)・良・中枠(3-6)で母父「ブライアンズタイム」は基準比リフト1.34
競馬場×距離帯×馬場×枠,新潟,直線長め・平坦型,ダ,短距離(1000-1300),不,中枠(3-6),父系統,ネイティヴダンサー系,135,11,39,0.0815,0.2889,117.3,0.0,7.13,0.2157,0.0732,1.339,B,新潟ダ短距離(1000-1300)・不・中枠(3-6)で父系統「ネイティヴダンサー系」は基準比リフト1.339
競馬場×距離帯×馬場×枠,中京,直線長め・持続型,ダ,中距離(1700-2000),良,中枠(3-6),父,ハーツクライ,130,12,38,0.0923,0.2923,52.8,0.0,6.63,0.2184,0.0739,1.338,B,中京ダ中距離(1700-2000)・良・中枠(3-6)で父「ハーツクライ」は基準比リフト1.338
競馬場×距離帯×馬場×枠,中京,直線長め・持続型,ダ,短距離(1000-1300),重不良,中枠(3-6),父系統,父系統不明,140,10,33,0.0714,0.2357,248.5,0.0,7.88,0.1762,0.0595,1.338,B,中京ダ短距離(1000-1300)・重不良・中枠(3-6)で父系統「父系統不明」は基準比リフト1.338
競馬場×距離帯×馬場×枠,阪神,坂あり・パワー型,ダ,中距離(1700-2000),良,外枠(7-8),父,ハーツクライ,105,14,33,0.1333,0.3143,75.2,0.0,5.99,0.2351,0.0792,1.337,B,阪神ダ中距離(1700-2000)・良・外枠(7-8)で父「ハーツクライ」は基準比リフト1.337
競馬場×距離帯×馬場×枠,中山,坂あり・パワー型,芝,短中距離(1400-1600),良,中枠(3-6),父,ステイゴールド,104,6,28,0.0577,0.2692,35.0,0.0,6.36,0.2014,0.0678,1.337,B,中山芝短中距離(1400-1600)・良・中枠(3-6)で父「ステイゴールド」は基準比リフト1.337
競馬場×距離帯×馬場×枠,京都,平坦・スピード型,ダ,短距離(1000-1300),良,中枠(3-6),父,ゴールドアリュール,142,9,37,0.0634,0.2606,33.6,0.0,6.94,0.1949,0.0657,1.337,B,京都ダ短距離(1000-1300)・良・中枠(3-6)で父「ゴールドアリュール」は基準比リフト1.337
競馬場×距離帯×馬場×枠,中山,坂あり・パワー型,芝,短距離(1000-1300),稍,外枠(7-8),母父系統,ニアークティック系,82,7,17,0.0854,0.2073,229.8,0.0,7.44,0.155,0.0523,1.337,B,中山芝短距離(1000-1300)・稍・外枠(7-8)で母父系統「ニアークティック系」は基準比リフト1.337
競馬場×距離帯×馬場×枠,京都,平坦・スピード型,ダ,中距離(1700-2000),良,外枠(7-8),母父,クロフネ,87,8,24,0.092,0.2759,33.7,0.0,6.29,0.2066,0.0693,1.335,B,京都ダ中距離(1700-2000)・良・外枠(7-8)で母父「クロフネ」は基準比リフト1.335
競馬場×距離帯×馬場×枠,阪神,坂あり・パワー型,芝,短中距離(1400-1600),良,中枠(3-6),父,ルーラーシップ,121,10,35,0.0826,0.2893,77.8,0.0,6.91,0.2169,0.0724,1.334,B,阪神芝短中距離(1400-1600)・良・中枠(3-6)で父「ルーラーシップ」は基準比リフト1.334
競馬場×距離帯×馬場×枠,札幌,小回り・持続型,芝,中距離(1700-2000),良,外枠(7-8),父,ディープインパクト,83,9,23,0.1084,0.2771,37.7,0.0,4.81,0.2079,0.0692,1.333,B,札幌芝中距離(1700-2000)・良・外枠(7-8)で父「ディープインパクト」は基準比リフト1.333
競馬場×距離帯×馬場×枠,東京,直線長め・持続型,芝,中距離(1700-2000),稍,外枠(7-8),父系統,父系統不明,91,7,24,0.0769,0.2637,100.3,0.0,6.58,0.1978,0.0659,1.333,B,東京芝中距離(1700-2000)・稍・外枠(7-8)で父系統「父系統不明」は基準比リフト1.333
競馬場×距離帯×馬場×枠,東京,直線長め・持続型,ダ,短中距離(1400-1600),良,外枠(7-8),母父,キングカメハメハ,111,10,32,0.0901,0.2883,40.3,0.0,7.37,0.2165,0.0718,1.332,B,東京ダ短中距離(1400-1600)・良・外枠(7-8)で母父「キングカメハメハ」は基準比リフト1.332
競馬場×距離帯×馬場×枠,新潟,直線長め・平坦型,芝,短距離(1000-1300),稍,中枠(3-6),母父系統,ナスルーラ系,100,14,22,0.14,0.22,226.4,0.0,8.58,0.1652,0.0548,1.332,B,新潟芝短距離(1000-1300)・稍・中枠(3-6)で母父系統「ナスルーラ系」は基準比リフト1.332
競馬場×距離帯×馬場×枠,中京,直線長め・持続型,ダ,中距離(1700-2000),良,中枠(3-6),父,ゴールドアリュール,124,13,36,0.1048,0.2903,60.6,0.0,6.98,0.2184,0.0719,1.329,B,中京ダ中距離(1700-2000)・良・中枠(3-6)で父「ゴールドアリュール」は基準比リフト1.329
競馬場×距離帯×馬場×枠,福島,小回り・機動型,芝,短距離(1000-1300),稍,内枠(1-2),父系統,父系統不明,81,7,21,0.0864,0.2593,58.5,0.0,7.46,0.1951,0.0642,1.329,B,福島芝短距離(1000-1300)・稍・内枠(1-2)で父系統「父系統不明」は基準比リフト1.329
競馬場×距離帯×馬場×枠,中山,坂あり・パワー型,ダ,中距離(1700-2000),不,外枠(7-8),父系統,ネイティヴダンサー系,113,13,33,0.115,0.292,84.9,0.0,7.6,0.2199,0.0721,1.328,B,中山ダ中距離(1700-2000)・不・外枠(7-8)で父系統「ネイティヴダンサー系」は基準比リフト1.328
競馬場×距離帯×馬場×枠,中山,坂あり・パワー型,ダ,中距離(1700-2000),稍,外枠(7-8),母父,サンデーサイレンス,92,8,26,0.087,0.2826,136.7,0.0,7.52,0.2128,0.0698,1.328,B,中山ダ中距離(1700-2000)・稍・外枠(7-8)で母父「サンデーサイレンス」は基準比リフト1.328
競馬場×距離帯×馬場×枠,新潟,直線長め・平坦型,ダ,短距離(1000-1300),重不良,内枠(1-2),父系統,ロイヤルチャージャー系,96,9,26,0.0938,0.2708,114.3,0.0,7.79,0.2039,0.0669,1.328,B,新潟ダ短距離(1000-1300)・重不良・内枠(1-2)で父系統「ロイヤルチャージャー系」は基準比リフト1.328
競馬場×距離帯×馬場×枠,中山,坂あり・パワー型,ダ,短距離(1000-1300),良,中枠(3-6),父,フレンチデピュティ,86,6,22,0.0698,0.2558,42.3,0.0,7.71,0.1927,0.0631,1.327,B,中山ダ短距離(1000-1300)・良・中枠(3-6)で父「フレンチデピュティ」は基準比リフト1.327
競馬場×距離帯×馬場×枠,福島,小回り・機動型,芝,中距離(1700-2000),重不良,中枠(3-6),母父系統,ロイヤルチャージャー系,97,10,28,0.1031,0.2887,72.2,0.0,7.18,0.2177,0.071,1.326,B,福島芝中距離(1700-2000)・重不良・中枠(3-6)で母父系統「ロイヤルチャージャー系」は基準比リフト1.326
競馬場×距離帯×馬場×枠,阪神,坂あり・パワー型,ダ,短距離(1000-1300),重不良,中枠(3-6),父系統,ナスルーラ系,104,13,28,0.125,0.2692,150.5,0.0,7.91,0.203,0.0662,1.326,B,阪神ダ短距離(1000-1300)・重不良・中枠(3-6)で父系統「ナスルーラ系」は基準比リフト1.326
競馬場×距離帯×馬場×枠,福島,小回り・機動型,ダ,中距離(1700-2000),良,中枠(3-6),父,クロフネ,113,4,30,0.0354,0.2655,15.0,0.0,6.67,0.2003,0.0652,1.326,B,福島ダ中距離(1700-2000)・良・中枠(3-6)で父「クロフネ」は基準比リフト1.326
競馬場×距離帯×馬場×枠,阪神,坂あり・パワー型,芝,中距離(1700-2000),良,外枠(7-8),母父,トニービン,110,11,34,0.1,0.3091,278.9,0.0,6.93,0.2332,0.0759,1.325,B,阪神芝中距離(1700-2000)・良・外枠(7-8)で母父「トニービン」は基準比リフト1.325
競馬場×距離帯×馬場×枠,中山,坂あり・パワー型,ダ,中距離(1700-2000),重不良,中枠(3-6),母父,サンデーサイレンス,104,13,28,0.125,0.2692,110.6,0.0,7.36,0.2032,0.066,1.325,B,中山ダ中距離(1700-2000)・重不良・中枠(3-6)で母父「サンデーサイレンス」は基準比リフト1.325
競馬場×距離帯×馬場×枠,福島,小回り・機動型,芝,短距離(1000-1300),良,中枠(3-6),父,キングカメハメハ,96,7,24,0.0729,0.25,61.3,0.0,7.12,0.1887,0.0613,1.325,B,福島芝短距離(1000-1300)・良・中枠(3-6)で父「キングカメハメハ」は基準比リフト1.325
競馬場×距離帯×馬場×枠,阪神,坂あり・パワー型,芝,短中距離(1400-1600),良,内枠(1-2),父,キングカメハメハ,95,8,28,0.0842,0.2947,130.7,0.0,6.43,0.2227,0.072,1.323,B,阪神芝短中距離(1400-1600)・良・内枠(1-2)で父「キングカメハメハ」は基準比リフト1.323
競馬場×距離帯×馬場×枠,小倉,小回り・機動型,芝,中距離(1700-2000),重不良,中枠(3-6),父系統,ネイティヴダンサー系,94,5,26,0.0532,0.2766,87.3,0.0,6.81,0.209,0.0676,1.323,B,小倉芝中距離(1700-2000)・重不良・中枠(3-6)で父系統「ネイティヴダンサー系」は基準比リフト1.323
競馬場×距離帯×馬場×枠,阪神,坂あり・パワー型,ダ,短中距離(1400-1600),稍,内枠(1-2),父系統,ナスルーラ系,82,9,20,0.1098,0.2439,162.7,0.0,7.7,0.1843,0.0596,1.323,B,阪神ダ短中距離(1400-1600)・稍・内枠(1-2)で父系統「ナスルーラ系」は基準比リフト1.323
競馬場×距離帯×馬場×枠,京都,平坦・スピード型,ダ,中距離(1700-2000),稍,中枠(3-6),父,キングカメハメハ,90,9,27,0.1,0.3,48.8,0.0,5.76,0.2269,0.0731,1.322,B,京都ダ中距離(1700-2000)・稍・中枠(3-6)で父「キングカメハメハ」は基準比リフト1.322
競馬場×距離帯×馬場×枠,京都,平坦・スピード型,芝,中長距離(2100-2400),良,内枠(1-2),母父,サンデーサイレンス,91,14,35,0.1538,0.3846,281.1,0.0,6.57,0.2911,0.0935,1.321,B,京都芝中長距離(2100-2400)・良・内枠(1-2)で母父「サンデーサイレンス」は基準比リフト1.321
競馬場×距離帯×馬場×枠,小倉,小回り・機動型,芝,短距離(1000-1300),良,外枠(7-8),母父,タイキシャトル,107,10,28,0.0935,0.2617,105.0,0.0,8.39,0.1981,0.0636,1.321,B,小倉芝短距離(1000-1300)・良・外枠(7-8)で母父「タイキシャトル」は基準比リフト1.321
競馬場×距離帯×馬場×枠,中山,坂あり・パワー型,ダ,短距離(1000-1300),良,中枠(3-6),父,ファスリエフ,110,10,28,0.0909,0.2545,70.0,0.0,7.9,0.1927,0.0618,1.321,B,中山ダ短距離(1000-1300)・良・中枠(3-6)で父「ファスリエフ」は基準比リフト1.321
競馬場×距離帯×馬場×枠,中京,直線長め・持続型,ダ,中距離(1700-2000),良,外枠(7-8),母父,クロフネ,98,5,27,0.051,0.2755,27.2,0.0,6.62,0.2087,0.0668,1.32,B,中京ダ中距離(1700-2000)・良・外枠(7-8)で母父「クロフネ」は基準比リフト1.32
競馬場×距離帯×馬場×枠,阪神,坂あり・パワー型,芝,短中距離(1400-1600),良,外枠(7-8),父,ロードカナロア,139,16,35,0.1151,0.2518,61.9,0.0,5.62,0.1907,0.0611,1.32,B,阪神芝短中距離(1400-1600)・良・外枠(7-8)で父「ロードカナロア」は基準比リフト1.32
競馬場×距離帯×馬場×枠,東京,直線長め・持続型,芝,短中距離(1400-1600),良,中枠(3-6),母父,ゼンノロブロイ,86,9,23,0.1047,0.2674,43.0,0.0,8.03,0.2028,0.0646,1.319,B,東京芝短中距離(1400-1600)・良・中枠(3-6)で母父「ゼンノロブロイ」は基準比リフト1.319
競馬場×距離帯×馬場×枠,小倉,小回り・機動型,ダ,中距離(1700-2000),良,中枠(3-6),父,シンボリクリスエス,109,9,28,0.0826,0.2569,71.7,0.0,6.79,0.1947,0.0622,1.319,B,小倉ダ中距離(1700-2000)・良・中枠(3-6)で父「シンボリクリスエス」は基準比リフト1.319
競馬場×距離帯×馬場×枠,京都,平坦・スピード型,ダ,短中距離(1400-1600),稍,内枠(1-2),父系統,父系統不明,86,6,22,0.0698,0.2558,119.3,0.0,7.02,0.1939,0.0619,1.319,B,京都ダ短中距離(1400-1600)・稍・内枠(1-2)で父系統「父系統不明」は基準比リフト1.319
競馬場×距離帯×馬場×枠,中京,直線長め・持続型,芝,中距離(1700-2000),良,外枠(7-8),父,ハーツクライ,112,11,29,0.0982,0.2589,54.8,0.0,7.26,0.1964,0.0625,1.318,B,中京芝中距離(1700-2000)・良・外枠(7-8)で父「ハーツクライ」は基準比リフト1.318
競馬場×距離帯×馬場×枠,中京,直線長め・持続型,芝,中距離(1700-2000),良,中枠(3-6),母父,トニービン,86,8,25,0.093,0.2907,36.4,0.0,6.9,0.2207,0.07,1.317,B,中京芝中距離(1700-2000)・良・中枠(3-6)で母父「トニービン」は基準比リフト1.317
競馬場×距離帯×馬場×枠,東京,直線長め・持続型,ダ,短中距離(1400-1600),良,外枠(7-8),父,パイロ,137,13,39,0.0949,0.2847,70.1,0.0,7.31,0.2165,0.0682,1.315,B,東京ダ短中距離(1400-1600)・良・外枠(7-8)で父「パイロ」は基準比リフト1.315
競馬場×距離帯×馬場×枠,阪神,坂あり・パワー型,芝,中距離(1700-2000),重不良,中枠(3-6),母父系統,ニアークティック系,115,18,38,0.1565,0.3304,632.3,0.0,7.1,0.2514,0.079,1.314,B,阪神芝中距離(1700-2000)・重不良・中枠(3-6)で母父系統「ニアークティック系」は基準比リフト1.314
競馬場×距離帯×馬場×枠,中京,直線長め・持続型,ダ,中距離(1700-2000),稍,内枠(1-2),父系統,父系統不明,133,8,38,0.0602,0.2857,47.5,0.0,6.52,0.2175,0.0682,1.314,B,中京ダ中距離(1700-2000)・稍・内枠(1-2)で父系統「父系統不明」は基準比リフト1.314
競馬場×距離帯×馬場×枠,阪神,坂あり・パワー型,ダ,中距離(1700-2000),良,中枠(3-6),父,シニスターミニスター,94,13,28,0.1383,0.2979,153.7,0.0,6.63,0.2273,0.0706,1.311,B,阪神ダ中距離(1700-2000)・良・中枠(3-6)で父「シニスターミニスター」は基準比リフト1.311
競馬場×距離帯×馬場×枠,東京,直線長め・持続型,芝,中距離(1700-2000),良,外枠(7-8),母父,クロフネ,85,9,24,0.1059,0.2824,192.1,0.0,6.32,0.2154,0.067,1.311,B,東京芝中距離(1700-2000)・良・外枠(7-8)で母父「クロフネ」は基準比リフト1.311
競馬場×距離帯×馬場×枠,小倉,小回り・機動型,芝,短距離(1000-1300),良,中枠(3-6),母父,タイキシャトル,133,7,34,0.0526,0.2556,21.4,0.0,8.01,0.1949,0.0607,1.311,B,小倉芝短距離(1000-1300)・良・中枠(3-6)で母父「タイキシャトル」は基準比リフト1.311
競馬場×距離帯×馬場×枠,阪神,坂あり・パワー型,芝,短中距離(1400-1600),良,外枠(7-8),母父系統,その他のエクリプス系,92,8,23,0.087,0.25,118.6,0.0,6.83,0.1907,0.0593,1.311,B,阪神芝短中距離(1400-1600)・良・外枠(7-8)で母父系統「その他のエクリプス系」は基準比リフト1.311
競馬場×距離帯×馬場×枠,京都,平坦・スピード型,ダ,短中距離(1400-1600),重不良,外枠(7-8),母父系統,ネイティヴダンサー系,106,8,29,0.0755,0.2736,54.4,0.0,7.41,0.2088,0.0648,1.31,B,京都ダ短中距離(1400-1600)・重不良・外枠(7-8)で母父系統「ネイティヴダンサー系」は基準比リフト1.31
競馬場×距離帯×馬場×枠,中山,坂あり・パワー型,ダ,短距離(1000-1300),良,内枠(1-2),父,ヘニーヒューズ,95,10,22,0.1053,0.2316,134.4,0.0,6.19,0.1768,0.0548,1.31,B,中山ダ短距離(1000-1300)・良・内枠(1-2)で父「ヘニーヒューズ」は基準比リフト1.31
競馬場×距離帯×馬場×枠,新潟,直線長め・平坦型,芝,中距離(1700-2000),稍,中枠(3-6),父系統,ネイティヴダンサー系,81,9,23,0.1111,0.284,83.2,0.0,7.15,0.217,0.067,1.309,B,新潟芝中距離(1700-2000)・稍・中枠(3-6)で父系統「ネイティヴダンサー系」は基準比リフト1.309
競馬場×距離帯×馬場×枠,札幌,小回り・持続型,ダ,中距離(1700-2000),不,中枠(3-6),父系統,ロイヤルチャージャー系,100,13,34,0.13,0.34,112.0,0.0,6.84,0.26,0.08,1.308,B,札幌ダ中距離(1700-2000)・不・中枠(3-6)で父系統「ロイヤルチャージャー系」は基準比リフト1.308
競馬場×距離帯×馬場×枠,阪神,坂あり・パワー型,芝,短距離(1000-1300),良,中枠(3-6),父,ダイワメジャー,89,9,26,0.1011,0.2921,252.2,0.0,6.84,0.2234,0.0687,1.308,B,阪神芝短距離(1000-1300)・良・中枠(3-6)で父「ダイワメジャー」は基準比リフト1.308
競馬場×距離帯×馬場×枠,阪神,坂あり・パワー型,ダ,短距離(1000-1300),良,中枠(3-6),父,クロフネ,81,7,22,0.0864,0.2716,34.6,0.0,7.46,0.2076,0.064,1.308,B,阪神ダ短距離(1000-1300)・良・中枠(3-6)で父「クロフネ」は基準比リフト1.308
競馬場×距離帯×馬場×枠,函館,小回り・持続型,ダ,中距離(1700-2000),重不良,外枠(7-8),父系統,ロイヤルチャージャー系,98,12,36,0.1224,0.3673,124.4,0.0,6.13,0.2811,0.0862,1.307,B,函館ダ中距離(1700-2000)・重不良・外枠(7-8)で父系統「ロイヤルチャージャー系」は基準比リフト1.307
競馬場×距離帯×馬場×枠,新潟,直線長め・平坦型,ダ,短距離(1000-1300),重不良,外枠(7-8),父系統,父系統不明,96,11,28,0.1146,0.2917,163.0,0.0,7.4,0.2233,0.0684,1.306,B,新潟ダ短距離(1000-1300)・重不良・外枠(7-8)で父系統「父系統不明」は基準比リフト1.306
競馬場×距離帯×馬場×枠,阪神,坂あり・パワー型,芝,中長距離(2100-2400),良,外枠(7-8),母父系統,ナスルーラ系,132,10,38,0.0758,0.2879,108.6,0.0,7.08,0.2204,0.0675,1.306,B,阪神芝中長距離(2100-2400)・良・外枠(7-8)で母父系統「ナスルーラ系」は基準比リフト1.306
競馬場×距離帯×馬場×枠,東京,直線長め・持続型,ダ,短中距離(1400-1600),良,中枠(3-6),母父,Giant's Causeway,92,7,24,0.0761,0.2609,27.5,0.0,6.38,0.1997,0.0612,1.306,B,東京ダ短中距離(1400-1600)・良・中枠(3-6)で母父「Giant's Causeway」は基準比リフト1.306
競馬場×距離帯×馬場×枠,新潟,直線長め・平坦型,ダ,短距離(1000-1300),不,内枠(1-2),母父系統,ロイヤルチャージャー系,81,4,18,0.0494,0.2222,25.6,0.0,7.56,0.1701,0.0521,1.306,B,新潟ダ短距離(1000-1300)・不・内枠(1-2)で母父系統「ロイヤルチャージャー系」は基準比リフト1.306
競馬場×距離帯×馬場×枠,中京,直線長め・持続型,ダ,中距離(1700-2000),重不良,外枠(7-8),母父系統,ネイティヴダンサー系,114,11,32,0.0965,0.2807,46.1,0.0,6.85,0.2151,0.0656,1.305,B,中京ダ中距離(1700-2000)・重不良・外枠(7-8)で母父系統「ネイティヴダンサー系」は基準比リフト1.305
競馬場×距離帯×馬場×枠,中山,坂あり・パワー型,ダ,中距離(1700-2000),不,外枠(7-8),母父系統,ネイティヴダンサー系,136,14,39,0.1029,0.2868,72.3,0.0,7.4,0.2199,0.0669,1.304,B,中山ダ中距離(1700-2000)・不・外枠(7-8)で母父系統「ネイティヴダンサー系」は基準比リフト1.304
競馬場×距離帯×馬場×枠,福島,小回り・機動型,ダ,中距離(1700-2000),良,中枠(3-6),父,キングカメハメハ,134,14,35,0.1045,0.2612,47.0,0.0,6.24,0.2003,0.0609,1.304,B,福島ダ中距離(1700-2000)・良・中枠(3-6)で父「キングカメハメハ」は基準比リフト1.304
競馬場×距離帯×馬場×枠,新潟,直線長め・平坦型,ダ,中距離(1700-2000),稍,外枠(7-8),母父系統,ナスルーラ系,106,12,31,0.1132,0.2925,91.4,0.0,6.74,0.2244,0.0681,1.303,B,新潟ダ中距離(1700-2000)・稍・外枠(7-8)で母父系統「ナスルーラ系」は基準比リフト1.303
競馬場×距離帯×馬場×枠,中山,坂あり・パワー型,芝,中距離(1700-2000),稍,中枠(3-6),父系統,ネイティヴダンサー系,138,13,40,0.0942,0.2899,124.0,0.0,6.96,0.2225,0.0674,1.303,B,中山芝中距離(1700-2000)・稍・中枠(3-6)で父系統「ネイティヴダンサー系」は基準比リフト1.303
競馬場×距離帯×馬場×枠,小倉,小回り・機動型,芝,中距離(1700-2000),良,中枠(3-6),父,エピファネイア,90,11,26,0.1222,0.2889,33.4,0.0,5.79,0.2218,0.0671,1.303,B,小倉芝中距離(1700-2000)・良・中枠(3-6)で父「エピファネイア」は基準比リフト1.303
競馬場×距離帯×馬場×枠,京都,平坦・スピード型,芝,短中距離(1400-1600),良,中枠(3-6),父,アグネスタキオン,147,11,41,0.0748,0.2789,61.6,0.0,5.57,0.2142,0.0647,1.302,B,京都芝短中距離(1400-1600)・良・中枠(3-6)で父「アグネスタキオン」は基準比リフト1.302
競馬場×距離帯×馬場×枠,京都,平坦・スピード型,ダ,短中距離(1400-1600),良,中枠(3-6),父,ダイワメジャー,96,5,25,0.0521,0.2604,35.9,0.0,7.45,0.2,0.0604,1.302,B,京都ダ短中距離(1400-1600)・良・中枠(3-6)で父「ダイワメジャー」は基準比リフト1.302
競馬場×距離帯×馬場×枠,東京,直線長め・持続型,ダ,短中距離(1400-1600),良,内枠(1-2),父,ヘニーヒューズ,133,9,29,0.0677,0.218,35.9,0.0,6.86,0.1677,0.0503,1.3,B,東京ダ短中距離(1400-1600)・良・内枠(1-2)で父「ヘニーヒューズ」は基準比リフト1.3
競馬場×距離帯×馬場×枠,中山,坂あり・パワー型,ダ,中距離(1700-2000),良,内枠(1-2),父,シンボリクリスエス,100,6,24,0.06,0.24,46.5,0.0,7.94,0.1848,0.0552,1.299,B,中山ダ中距離(1700-2000)・良・内枠(1-2)で父「シンボリクリスエス」は基準比リフト1.299
競馬場×距離帯×馬場×枠,新潟,直線長め・平坦型,芝,中長距離(2100-2400),良,内枠(1-2),母父系統,ナスルーラ系,88,10,26,0.1136,0.2955,155.3,0.0,7.56,0.2278,0.0677,1.297,B,新潟芝中長距離(2100-2400)・良・内枠(1-2)で母父系統「ナスルーラ系」は基準比リフト1.297
競馬場×距離帯×馬場×枠,函館,小回り・持続型,ダ,短距離(1000-1300),良,内枠(1-2),父系統,ニアークティック系,82,7,30,0.0854,0.3659,30.6,0.0,5.72,0.2824,0.0835,1.296,B,函館ダ短距離(1000-1300)・良・内枠(1-2)で父系統「ニアークティック系」は基準比リフト1.296
競馬場×距離帯×馬場×枠,東京,直線長め・持続型,ダ,中長距離(2100-2400),稍,外枠(7-8),母父系統,ニアークティック系,92,6,21,0.0652,0.2283,57.9,0.0,7.22,0.1761,0.0522,1.296,B,東京ダ中長距離(2100-2400)・稍・外枠(7-8)で母父系統「ニアークティック系」は基準比リフト1.296
競馬場×距離帯×馬場×枠,中京,直線長め・持続型,ダ,中距離(1700-2000),良,中枠(3-6),母父,キングカメハメハ,124,14,35,0.1129,0.2823,109.4,0.0,7.05,0.2184,0.0639,1.293,B,中京ダ中距離(1700-2000)・良・中枠(3-6)で母父「キングカメハメハ」は基準比リフト1.293
競馬場×距離帯×馬場×枠,東京,直線長め・持続型,芝,短中距離(1400-1600),良,内枠(1-2),父,ロードカナロア,106,11,28,0.1038,0.2642,34.7,0.0,5.42,0.2047,0.0595,1.291,B,東京芝短中距離(1400-1600)・良・内枠(1-2)で父「ロードカナロア」は基準比リフト1.291
競馬場×距離帯×馬場×枠,札幌,小回り・持続型,芝,中距離(1700-2000),良,中枠(3-6),父,マンハッタンカフェ,83,8,26,0.0964,0.3133,127.7,0.0,6.69,0.2428,0.0705,1.29,B,札幌芝中距離(1700-2000)・良・中枠(3-6)で父「マンハッタンカフェ」は基準比リフト1.29
競馬場×距離帯×馬場×枠,京都,平坦・スピード型,ダ,中距離(1700-2000),良,中枠(3-6),父,アグネスタキオン,89,7,25,0.0787,0.2809,42.4,0.0,6.27,0.2181,0.0628,1.288,B,京都ダ中距離(1700-2000)・良・中枠(3-6)で父「アグネスタキオン」は基準比リフト1.288
競馬場×距離帯×馬場×枠,新潟,直線長め・平坦型,ダ,中距離(1700-2000),良,中枠(3-6),父,ゼンノロブロイ,87,9,24,0.1034,0.2759,112.5,0.0,6.68,0.2144,0.0615,1.287,B,新潟ダ中距離(1700-2000)・良・中枠(3-6)で父「ゼンノロブロイ」は基準比リフト1.287
競馬場×距離帯×馬場×枠,京都,平坦・スピード型,ダ,短距離(1000-1300),稍,外枠(7-8),父系統,ニアークティック系,103,8,30,0.0777,0.2913,32.1,0.0,7.17,0.2268,0.0645,1.284,B,京都ダ短距離(1000-1300)・稍・外枠(7-8)で父系統「ニアークティック系」は基準比リフト1.284
競馬場×距離帯×馬場×枠,新潟,直線長め・平坦型,芝,中距離(1700-2000),良,中枠(3-6),母父,ディープインパクト,104,15,29,0.1442,0.2788,64.3,0.0,7.25,0.2171,0.0617,1.284,B,新潟芝中距離(1700-2000)・良・中枠(3-6)で母父「ディープインパクト」は基準比リフト1.284
競馬場×距離帯×馬場×枠,中山,坂あり・パワー型,芝,中距離(1700-2000),良,内枠(1-2),父,ハーツクライ,116,8,33,0.069,0.2845,25.1,0.0,6.0,0.2217,0.0628,1.283,B,中山芝中距離(1700-2000)・良・内枠(1-2)で父「ハーツクライ」は基準比リフト1.283
競馬場×距離帯×馬場×枠,函館,小回り・持続型,芝,短距離(1000-1300),稍,外枠(7-8),父系統,父系統不明,116,11,30,0.0948,0.2586,34.1,0.0,6.9,0.2015,0.0571,1.283,B,函館芝短距離(1000-1300)・稍・外枠(7-8)で父系統「父系統不明」は基準比リフト1.283
競馬場×距離帯×馬場×枠,中山,坂あり・パワー型,ダ,長距離(2500以上),良,内枠(1-2),母父系統,ロイヤルチャージャー系,98,11,35,0.1122,0.3571,79.6,0.0,6.56,0.2785,0.0786,1.282,B,中山ダ長距離(2500以上)・良・内枠(1-2)で母父系統「ロイヤルチャージャー系」は基準比リフト1.282
競馬場×距離帯×馬場×枠,札幌,小回り・持続型,芝,中距離(1700-2000),稍,中枠(3-6),母父系統,ニアークティック系,136,11,40,0.0809,0.2941,113.2,0.0,6.92,0.2294,0.0647,1.282,B,札幌芝中距離(1700-2000)・稍・中枠(3-6)で母父系統「ニアークティック系」は基準比リフト1.282
競馬場×距離帯×馬場×枠,阪神,坂あり・パワー型,ダ,中距離(1700-2000),良,中枠(3-6),父,ゼンノロブロイ,127,15,37,0.1181,0.2913,96.1,0.0,6.78,0.2273,0.064,1.282,B,阪神ダ中距離(1700-2000)・良・中枠(3-6)で父「ゼンノロブロイ」は基準比リフト1.282
競馬場×距離帯×馬場×枠,小倉,小回り・機動型,芝,中距離(1700-2000),良,中枠(3-6),父,ダンスインザダーク,88,5,25,0.0568,0.2841,23.3,0.0,7.94,0.2218,0.0623,1.281,B,小倉芝中距離(1700-2000)・良・中枠(3-6)で父「ダンスインザダーク」は基準比リフト1.281
競馬場×距離帯×馬場×枠,札幌,小回り・持続型,芝,中距離(1700-2000),稍,中枠(3-6),父系統,父系統不明,143,14,42,0.0979,0.2937,130.3,0.0,6.29,0.2294,0.0643,1.28,B,札幌芝中距離(1700-2000)・稍・中枠(3-6)で父系統「父系統不明」は基準比リフト1.28
競馬場×距離帯×馬場×枠,新潟,直線長め・平坦型,芝,短中距離(1400-1600),良,外枠(7-8),父,キングカメハメハ,82,6,20,0.0732,0.2439,83.0,0.0,7.12,0.1905,0.0534,1.28,B,新潟芝短中距離(1400-1600)・良・外枠(7-8)で父「キングカメハメハ」は基準比リフト1.28
競馬場×距離帯×馬場×枠,京都,平坦・スピード型,ダ,短距離(1000-1300),重不良,内枠(1-2),母父系統,ロイヤルチャージャー系,115,8,26,0.0696,0.2261,72.2,0.0,8.71,0.1768,0.0493,1.279,B,京都ダ短距離(1000-1300)・重不良・内枠(1-2)で母父系統「ロイヤルチャージャー系」は基準比リフト1.279
競馬場×距離帯×馬場×枠,京都,平坦・スピード型,芝,中距離(1700-2000),重不良,外枠(7-8),母父系統,ロイヤルチャージャー系,100,11,30,0.11,0.3,86.4,0.0,6.68,0.2347,0.0653,1.278,B,京都芝中距離(1700-2000)・重不良・外枠(7-8)で母父系統「ロイヤルチャージャー系」は基準比リフト1.278
競馬場×距離帯×馬場×枠,中山,坂あり・パワー型,芝,中長距離(2100-2400),良,内枠(1-2),父系統,父系統不明,94,10,27,0.1064,0.2872,102.2,0.0,7.85,0.2248,0.0624,1.278,B,中山芝中長距離(2100-2400)・良・内枠(1-2)で父系統「父系統不明」は基準比リフト1.278
競馬場×距離帯×馬場×枠,中山,坂あり・パワー型,芝,短中距離(1400-1600),良,外枠(7-8),父,キングカメハメハ,112,9,27,0.0804,0.2411,78.2,0.0,6.26,0.1887,0.0524,1.278,B,中山芝短中距離(1400-1600)・良・外枠(7-8)で父「キングカメハメハ」は基準比リフト1.278
競馬場×距離帯×馬場×枠,阪神,坂あり・パワー型,ダ,中距離(1700-2000),稍,内枠(1-2),母父系統,ナスルーラ系,110,10,32,0.0909,0.2909,67.1,0.0,6.78,0.2278,0.0631,1.277,B,阪神ダ中距離(1700-2000)・稍・内枠(1-2)で母父系統「ナスルーラ系」は基準比リフト1.277
競馬場×距離帯×馬場×枠,京都,平坦・スピード型,芝,短中距離(1400-1600),稍,中枠(3-6),母父,サンデーサイレンス,82,11,22,0.1341,0.2683,145.0,0.0,7.61,0.2103,0.058,1.276,B,京都芝短中距離(1400-1600)・稍・中枠(3-6)で母父「サンデーサイレンス」は基準比リフト1.276
競馬場×距離帯×馬場×枠,札幌,小回り・持続型,芝,中距離(1700-2000),良,中枠(3-6),母父,キングカメハメハ,84,8,26,0.0952,0.3095,65.1,0.0,6.48,0.2428,0.0667,1.275,B,札幌芝中距離(1700-2000)・良・中枠(3-6)で母父「キングカメハメハ」は基準比リフト1.275
競馬場×距離帯×馬場×枠,中京,直線長め・持続型,ダ,中距離(1700-2000),良,中枠(3-6),父,ディープインパクト,97,14,27,0.1443,0.2784,86.8,0.0,5.99,0.2184,0.06,1.275,B,中京ダ中距離(1700-2000)・良・中枠(3-6)で父「ディープインパクト」は基準比リフト1.275
競馬場×距離帯×馬場×枠,中山,坂あり・パワー型,ダ,中距離(1700-2000),重不良,内枠(1-2),父系統,ニアークティック系,97,6,20,0.0619,0.2062,58.2,0.0,8.35,0.1617,0.0445,1.275,B,中山ダ中距離(1700-2000)・重不良・内枠(1-2)で父系統「ニアークティック系」は基準比リフト1.275
競馬場×距離帯×馬場×枠,阪神,坂あり・パワー型,芝,短距離(1000-1300),良,内枠(1-2),父系統,ニアークティック系,117,11,37,0.094,0.3162,120.5,0.0,7.52,0.2482,0.068,1.274,B,阪神芝短距離(1000-1300)・良・内枠(1-2)で父系統「ニアークティック系」は基準比リフト1.274
競馬場×距離帯×馬場×枠,中山,坂あり・パワー型,芝,中距離(1700-2000),良,外枠(7-8),母父系統,その他のエクリプス系,106,8,28,0.0755,0.2642,53.8,0.0,7.32,0.2074,0.0568,1.274,B,中山芝中距離(1700-2000)・良・外枠(7-8)で母父系統「その他のエクリプス系」は基準比リフト1.274
競馬場×距離帯×馬場×枠,新潟,直線長め・平坦型,芝,短中距離(1400-1600),良,内枠(1-2),父,ディープインパクト,98,5,21,0.051,0.2143,17.8,0.0,6.53,0.1682,0.0461,1.274,B,新潟芝短中距離(1400-1600)・良・内枠(1-2)で父「ディープインパクト」は基準比リフト1.274
競馬場×距離帯×馬場×枠,京都,平坦・スピード型,芝,短中距離(1400-1600),良,中枠(3-6),母父,フレンチデピュティ,143,14,39,0.0979,0.2727,202.4,0.0,6.71,0.2142,0.0585,1.273,B,京都芝短中距離(1400-1600)・良・中枠(3-6)で母父「フレンチデピュティ」は基準比リフト1.273
競馬場×距離帯×馬場×枠,京都,平坦・スピード型,芝,中距離(1700-2000),良,内枠(1-2),父,キングカメハメハ,102,10,31,0.098,0.3039,66.6,0.0,6.12,0.239,0.0649,1.272,B,京都芝中距離(1700-2000)・良・内枠(1-2)で父「キングカメハメハ」は基準比リフト1.272
競馬場×距離帯×馬場×枠,阪神,坂あり・パワー型,芝,中距離(1700-2000),良,外枠(7-8),父,ハービンジャー,118,12,35,0.1017,0.2966,55.8,0.0,6.19,0.2332,0.0634,1.272,B,阪神芝中距離(1700-2000)・良・外枠(7-8)で父「ハービンジャー」は基準比リフト1.272
競馬場×距離帯×馬場×枠,阪神,坂あり・パワー型,ダ,中距離(1700-2000),良,中枠(3-6),父,オルフェーヴル,97,11,28,0.1134,0.2887,101.2,0.0,5.52,0.2273,0.0614,1.27,B,阪神ダ中距離(1700-2000)・良・中枠(3-6)で父「オルフェーヴル」は基準比リフト1.27
競馬場×距離帯×馬場×枠,中京,直線長め・持続型,芝,短中距離(1400-1600),良,内枠(1-2),父,ディープインパクト,128,16,34,0.125,0.2656,110.9,0.0,6.34,0.2091,0.0565,1.27,B,中京芝短中距離(1400-1600)・良・内枠(1-2)で父「ディープインパクト」は基準比リフト1.27
競馬場×距離帯×馬場×枠,中山,坂あり・パワー型,ダ,中距離(1700-2000),良,中枠(3-6),父,エンパイアメーカー,91,7,23,0.0769,0.2527,54.1,0.0,7.3,0.199,0.0537,1.27,B,中山ダ中距離(1700-2000)・良・中枠(3-6)で父「エンパイアメーカー」は基準比リフト1.27
競馬場×距離帯×馬場×枠,中山,坂あり・パワー型,ダ,中距離(1700-2000),良,外枠(7-8),母父,フレンチデピュティ,85,12,24,0.1412,0.2824,176.6,0.0,6.52,0.2226,0.0598,1.269,B,中山ダ中距離(1700-2000)・良・外枠(7-8)で母父「フレンチデピュティ」は基準比リフト1.269
競馬場×距離帯×馬場×枠,中山,坂あり・パワー型,芝,短中距離(1400-1600),良,中枠(3-6),母父,ディープインパクト,90,4,23,0.0444,0.2556,26.8,0.0,6.71,0.2014,0.0542,1.269,B,中山芝短中距離(1400-1600)・良・中枠(3-6)で母父「ディープインパクト」は基準比リフト1.269
競馬場×距離帯×馬場×枠,阪神,坂あり・パワー型,芝,中距離(1700-2000),良,内枠(1-2),母父,ディープインパクト,85,11,27,0.1294,0.3176,61.2,0.0,6.02,0.2505,0.0671,1.268,B,阪神芝中距離(1700-2000)・良・内枠(1-2)で母父「ディープインパクト」は基準比リフト1.268
競馬場×距離帯×馬場×枠,中山,坂あり・パワー型,芝,短中距離(1400-1600),良,内枠(1-2),父,ダイワメジャー,102,11,31,0.1078,0.3039,66.2,0.0,6.02,0.2397,0.0642,1.268,B,中山芝短中距離(1400-1600)・良・内枠(1-2)で父「ダイワメジャー」は基準比リフト1.268
競馬場×距離帯×馬場×枠,新潟,直線長め・平坦型,芝,中長距離(2100-2400),良,内枠(1-2),母父系統,ネイティヴダンサー系,90,11,26,0.1222,0.2889,466.4,0.0,7.81,0.2278,0.0611,1.268,B,新潟芝中長距離(2100-2400)・良・内枠(1-2)で母父系統「ネイティヴダンサー系」は基準比リフト1.268
競馬場×距離帯×馬場×枠,福島,小回り・機動型,ダ,中距離(1700-2000),重不良,外枠(7-8),母父系統,ネイティヴダンサー系,98,11,26,0.1122,0.2653,322.2,0.0,7.52,0.2092,0.0561,1.268,B,福島ダ中距離(1700-2000)・重不良・外枠(7-8)で母父系統「ネイティヴダンサー系」は基準比リフト1.268
競馬場×距離帯×馬場×枠,小倉,小回り・機動型,芝,中距離(1700-2000),良,中枠(3-6),母父,キングカメハメハ,121,12,34,0.0992,0.281,70.0,0.0,6.79,0.2218,0.0592,1.267,B,小倉芝中距離(1700-2000)・良・中枠(3-6)で母父「キングカメハメハ」は基準比リフト1.267
競馬場×距離帯×馬場×枠,東京,直線長め・持続型,芝,短中距離(1400-1600),良,内枠(1-2),母父,アグネスタキオン,108,10,28,0.0926,0.2593,70.2,0.0,7.47,0.2047,0.0546,1.267,B,東京芝短中距離(1400-1600)・良・内枠(1-2)で母父「アグネスタキオン」は基準比リフト1.267
競馬場×距離帯×馬場×枠,函館,小回り・持続型,芝,短距離(1000-1300),稍,外枠(7-8),父系統,ロイヤルチャージャー系,145,8,37,0.0552,0.2552,37.4,0.0,7.65,0.2015,0.0537,1.267,B,函館芝短距離(1000-1300)・稍・外枠(7-8)で父系統「ロイヤルチャージャー系」は基準比リフト1.267
競馬場×距離帯×馬場×枠,小倉,小回り・機動型,芝,短距離(1000-1300),良,中枠(3-6),父,クロフネ,81,4,20,0.0494,0.2469,46.4,0.0,8.04,0.1949,0.052,1.267,B,小倉芝短距離(1000-1300)・良・中枠(3-6)で父「クロフネ」は基準比リフト1.267
競馬場×距離帯×馬場×枠,中京,直線長め・持続型,ダ,短距離(1000-1300),重不良,中枠(3-6),父系統,ネイティヴダンサー系,103,8,23,0.0777,0.2233,73.4,0.0,8.5,0.1762,0.0471,1.267,B,中京ダ短距離(1000-1300)・重不良・中枠(3-6)で父系統「ネイティヴダンサー系」は基準比リフト1.267
競馬場×距離帯×馬場×枠,東京,直線長め・持続型,ダ,短中距離(1400-1600),良,内枠(1-2),父,フジキセキ,80,5,17,0.0625,0.2125,18.9,0.0,8.02,0.1677,0.0448,1.267,B,東京ダ短中距離(1400-1600)・良・内枠(1-2)で父「フジキセキ」は基準比リフト1.267
競馬場×距離帯×馬場×枠,東京,直線長め・持続型,芝,中距離(1700-2000),良,中枠(3-6),父,ルーラーシップ,140,8,42,0.0571,0.3,145.8,0.0,6.21,0.237,0.063,1.266,B,東京芝中距離(1700-2000)・良・中枠(3-6)で父「ルーラーシップ」は基準比リフト1.266
競馬場×距離帯×馬場×枠,中山,坂あり・パワー型,ダ,短距離(1000-1300),不,外枠(7-8),父系統,父系統不明,97,6,22,0.0619,0.2268,26.6,0.0,7.51,0.1791,0.0477,1.266,B,中山ダ短距離(1000-1300)・不・外枠(7-8)で父系統「父系統不明」は基準比リフト1.266
競馬場×距離帯×馬場×枠,小倉,小回り・機動型,ダ,短距離(1000-1300),稍,中枠(3-6),父系統,ナスルーラ系,92,8,24,0.087,0.2609,34.7,0.0,7.58,0.2062,0.0547,1.265,B,小倉ダ短距離(1000-1300)・稍・中枠(3-6)で父系統「ナスルーラ系」は基準比リフト1.265
競馬場×距離帯×馬場×枠,東京,直線長め・持続型,ダ,短中距離(1400-1600),稍,内枠(1-2),父系統,ナスルーラ系,131,12,29,0.0916,0.2214,123.4,0.0,7.92,0.1751,0.0463,1.264,B,東京ダ短中距離(1400-1600)・稍・内枠(1-2)で父系統「ナスルーラ系」は基準比リフト1.264
競馬場×距離帯×馬場×枠,京都,平坦・スピード型,芝,短中距離(1400-1600),良,中枠(3-6),父,ゼンノロブロイ,122,11,33,0.0902,0.2705,273.0,0.0,8.35,0.2142,0.0563,1.263,B,京都芝短中距離(1400-1600)・良・中枠(3-6)で父「ゼンノロブロイ」は基準比リフト1.263
競馬場×距離帯×馬場×枠,小倉,小回り・機動型,芝,短距離(1000-1300),良,中枠(3-6),父,キンシャサノキセキ,130,12,32,0.0923,0.2462,76.6,0.0,7.24,0.1949,0.0513,1.263,B,小倉芝短距離(1000-1300)・良・中枠(3-6)で父「キンシャサノキセキ」は基準比リフト1.263
競馬場×距離帯×馬場×枠,小倉,小回り・機動型,芝,短距離(1000-1300),良,外枠(7-8),父,ディープインパクト,96,10,24,0.1042,0.25,46.0,0.0,6.79,0.1981,0.0519,1.262,B,小倉芝短距離(1000-1300)・良・外枠(7-8)で父「ディープインパクト」は基準比リフト1.262
競馬場×距離帯×馬場×枠,阪神,坂あり・パワー型,芝,中距離(1700-2000),良,中枠(3-6),父,オルフェーヴル,86,14,26,0.1628,0.3023,65.5,0.0,6.43,0.2399,0.0624,1.26,B,阪神芝中距離(1700-2000)・良・中枠(3-6)で父「オルフェーヴル」は基準比リフト1.26
競馬場×距離帯×馬場×枠,中山,坂あり・パワー型,ダ,中距離(1700-2000),良,外枠(7-8),父,ゴールドアリュール,107,16,30,0.1495,0.2804,124.4,0.0,6.52,0.2226,0.0578,1.26,B,中山ダ中距離(1700-2000)・良・外枠(7-8)で父「ゴールドアリュール」は基準比リフト1.26
競馬場×距離帯×馬場×枠,阪神,坂あり・パワー型,ダ,中距離(1700-2000),稍,中枠(3-6),父,キングカメハメハ,125,13,33,0.104,0.264,52.7,0.0,6.58,0.2095,0.0545,1.26,B,阪神ダ中距離(1700-2000)・稍・中枠(3-6)で父「キングカメハメハ」は基準比リフト1.26
競馬場×距離帯×馬場×枠,阪神,坂あり・パワー型,芝,中距離(1700-2000),良,中枠(3-6),父,ロードカナロア,96,11,29,0.1146,0.3021,40.7,0.0,5.76,0.2399,0.0622,1.259,B,阪神芝中距離(1700-2000)・良・中枠(3-6)で父「ロードカナロア」は基準比リフト1.259
競馬場×距離帯×馬場×枠,中京,直線長め・持続型,ダ,中距離(1700-2000),良,中枠(3-6),父,マンハッタンカフェ,80,10,22,0.125,0.275,58.6,0.0,5.86,0.2184,0.0566,1.259,B,中京ダ中距離(1700-2000)・良・中枠(3-6)で父「マンハッタンカフェ」は基準比リフト1.259
競馬場×距離帯×馬場×枠,小倉,小回り・機動型,芝,中距離(1700-2000),良,中枠(3-6),母父,ディープインパクト,129,14,36,0.1085,0.2791,56.0,0.0,6.82,0.2218,0.0573,1.258,B,小倉芝中距離(1700-2000)・良・中枠(3-6)で母父「ディープインパクト」は基準比リフト1.258
競馬場×距離帯×馬場×枠,中京,直線長め・持続型,ダ,短距離(1000-1300),良,外枠(7-8),父系統,ナスルーラ系,108,10,27,0.0926,0.25,164.5,0.0,8.02,0.1988,0.0512,1.258,B,中京ダ短距離(1000-1300)・良・外枠(7-8)で父系統「ナスルーラ系」は基準比リフト1.258
競馬場×距離帯×馬場×枠,小倉,小回り・機動型,芝,中距離(1700-2000),良,中枠(3-6),母父,フレンチデピュティ,104,10,29,0.0962,0.2788,63.0,0.0,7.17,0.2218,0.057,1.257,B,小倉芝中距離(1700-2000)・良・中枠(3-6)で母父「フレンチデピュティ」は基準比リフト1.257
競馬場×距離帯×馬場×枠,新潟,直線長め・平坦型,芝,短中距離(1400-1600),良,中枠(3-6),母父,キングカメハメハ,94,10,23,0.1064,0.2447,91.1,0.0,7.61,0.1947,0.05,1.257,B,新潟芝短中距離(1400-1600)・良・中枠(3-6)で母父「キングカメハメハ」は基準比リフト1.257
競馬場×距離帯×馬場×枠,東京,直線長め・持続型,ダ,短中距離(1400-1600),重不良,中枠(3-6),父,ゴールドアリュール,86,6,21,0.0698,0.2442,25.7,0.0,7.13,0.1943,0.0499,1.257,B,東京ダ短中距離(1400-1600)・重不良・中枠(3-6)で父「ゴールドアリュール」は基準比リフト1.257
競馬場×距離帯×馬場×枠,中山,坂あり・パワー型,ダ,中距離(1700-2000),良,外枠(7-8),母父,クロフネ,93,8,26,0.086,0.2796,49.1,0.0,7.45,0.2226,0.057,1.256,B,中山ダ中距離(1700-2000)・良・外枠(7-8)で母父「クロフネ」は基準比リフト1.256
競馬場×距離帯×馬場×枠,中山,坂あり・パワー型,ダ,中距離(1700-2000),良,中枠(3-6),父,シニスターミニスター,108,12,27,0.1111,0.25,89.9,0.0,6.9,0.199,0.051,1.256,B,中山ダ中距離(1700-2000)・良・中枠(3-6)で父「シニスターミニスター」は基準比リフト1.256
競馬場×距離帯×馬場×枠,福島,小回り・機動型,芝,短距離(1000-1300),良,中枠(3-6),母父,フレンチデピュティ,97,11,23,0.1134,0.2371,73.4,0.0,7.18,0.1887,0.0484,1.256,B,福島芝短距離(1000-1300)・良・中枠(3-6)で母父「フレンチデピュティ」は基準比リフト1.256
競馬場×距離帯×馬場×枠,京都,平坦・スピード型,芝,中距離(1700-2000),良,内枠(1-2),父,ハービンジャー,80,2,24,0.025,0.3,13.0,0.0,6.18,0.239,0.061,1.255,B,京都芝中距離(1700-2000)・良・内枠(1-2)で父「ハービンジャー」は基準比リフト1.255
競馬場×距離帯×馬場×枠,阪神,坂あり・パワー型,ダ,短中距離(1400-1600),重不良,外枠(7-8),父系統,ネイティヴダンサー系,111,12,32,0.1081,0.2883,127.0,0.0,7.69,0.2297,0.0586,1.255,B,阪神ダ短中距離(1400-1600)・重不良・外枠(7-8)で父系統「ネイティヴダンサー系」は基準比リフト1.255
競馬場×距離帯×馬場×枠,東京,直線長め・持続型,ダ,短距離(1000-1300),重不良,中枠(3-6),母父系統,ニアークティック系,122,7,26,0.0574,0.2131,161.7,0.0,7.11,0.17,0.0431,1.254,B,東京ダ短距離(1000-1300)・重不良・中枠(3-6)で母父系統「ニアークティック系」は基準比リフト1.254
競馬場×距離帯×馬場×枠,阪神,坂あり・パワー型,芝,中長距離(2100-2400),良,中枠(3-6),父,キングカメハメハ,101,12,33,0.1188,0.3267,59.7,0.0,6.49,0.2609,0.0658,1.252,B,阪神芝中長距離(2100-2400)・良・中枠(3-6)で父「キングカメハメハ」は基準比リフト1.252
競馬場×距離帯×馬場×枠,京都,平坦・スピード型,芝,中距離(1700-2000),良,外枠(7-8),父,マンハッタンカフェ,120,10,34,0.0833,0.2833,122.3,0.0,6.88,0.2263,0.057,1.252,B,京都芝中距離(1700-2000)・良・外枠(7-8)で父「マンハッタンカフェ」は基準比リフト1.252
競馬場×距離帯×馬場×枠,東京,直線長め・持続型,ダ,短中距離(1400-1600),良,中枠(3-6),父,マンハッタンカフェ,128,8,32,0.0625,0.25,18.4,0.0,6.76,0.1997,0.0503,1.252,B,東京ダ短中距離(1400-1600)・良・中枠(3-6)で父「マンハッタンカフェ」は基準比リフト1.252
競馬場×距離帯×馬場×枠,阪神,坂あり・パワー型,ダ,短距離(1000-1300),重不良,内枠(1-2),父系統,ネイティヴダンサー系,113,10,25,0.0885,0.2212,89.7,0.0,7.58,0.1767,0.0445,1.252,B,阪神ダ短距離(1000-1300)・重不良・内枠(1-2)で父系統「ネイティヴダンサー系」は基準比リフト1.252
競馬場×距離帯×馬場×枠,新潟,直線長め・平坦型,ダ,短距離(1000-1300),稍,外枠(7-8),父系統,父系統不明,115,16,34,0.1391,0.2957,63.1,0.0,6.47,0.2363,0.0594,1.251,B,新潟ダ短距離(1000-1300)・稍・外枠(7-8)で父系統「父系統不明」は基準比リフト1.251
競馬場×距離帯×馬場×枠,中京,直線長め・持続型,芝,長距離(2500以上),良,内枠(1-2),母父系統,ニアークティック系,80,8,25,0.1,0.3125,36.6,0.0,6.32,0.25,0.0625,1.25,B,中京芝長距離(2500以上)・良・内枠(1-2)で母父系統「ニアークティック系」は基準比リフト1.25
競馬場×距離帯×馬場×枠,福島,小回り・機動型,芝,短距離(1000-1300),稍,中枠(3-6),父系統,ネイティヴダンサー系,122,16,31,0.1311,0.2541,214.5,0.0,8.43,0.2033,0.0508,1.25,B,福島芝短距離(1000-1300)・稍・中枠(3-6)で父系統「ネイティヴダンサー系」は基準比リフト1.25
競馬場×距離帯×馬場×枠,京都,平坦・スピード型,芝,中長距離(2100-2400),良,内枠(1-2),父系統,父系統不明,88,13,32,0.1477,0.3636,77.5,0.0,5.59,0.2911,0.0725,1.249,B,京都芝中長距離(2100-2400)・良・内枠(1-2)で父系統「父系統不明」は基準比リフト1.249
競馬場×距離帯×馬場×枠,小倉,小回り・機動型,芝,短距離(1000-1300),良,外枠(7-8),母父系統,その他のエクリプス系,101,8,25,0.0792,0.2475,67.1,0.0,8.64,0.1981,0.0494,1.249,B,小倉芝短距離(1000-1300)・良・外枠(7-8)で母父系統「その他のエクリプス系」は基準比リフト1.249
競馬場×距離帯×馬場×枠,京都,平坦・スピード型,ダ,短距離(1000-1300),重不良,内枠(1-2),父系統,ネイティヴダンサー系,86,6,19,0.0698,0.2209,109.1,0.0,8.53,0.1768,0.0441,1.249,B,京都ダ短距離(1000-1300)・重不良・内枠(1-2)で父系統「ネイティヴダンサー系」は基準比リフト1.249
競馬場×距離帯×馬場×枠,小倉,小回り・機動型,ダ,短距離(1000-1300),稍,外枠(7-8),母父系統,ニアークティック系,126,12,36,0.0952,0.2857,106.1,0.0,6.86,0.2289,0.0568,1.248,B,小倉ダ短距離(1000-1300)・稍・外枠(7-8)で母父系統「ニアークティック系」は基準比リフト1.248
競馬場×距離帯×馬場×枠,新潟,直線長め・平坦型,芝,中距離(1700-2000),良,中枠(3-6),母父,キングカメハメハ,107,7,29,0.0654,0.271,47.3,0.0,7.24,0.2171,0.0539,1.248,B,新潟芝中距離(1700-2000)・良・中枠(3-6)で母父「キングカメハメハ」は基準比リフト1.248
競馬場×距離帯×馬場×枠,東京,直線長め・持続型,芝,中距離(1700-2000),良,外枠(7-8),父,ダイワメジャー,93,8,25,0.086,0.2688,30.3,0.0,5.44,0.2154,0.0534,1.248,B,東京芝中距離(1700-2000)・良・外枠(7-8)で父「ダイワメジャー」は基準比リフト1.248
競馬場×距離帯×馬場×枠,新潟,直線長め・平坦型,芝,短距離(1000-1300),稍,中枠(3-6),父系統,ネイティヴダンサー系,131,7,27,0.0534,0.2061,142.1,0.0,8.66,0.1652,0.0409,1.248,B,新潟芝短距離(1000-1300)・稍・中枠(3-6)で父系統「ネイティヴダンサー系」は基準比リフト1.248
競馬場×距離帯×馬場×枠,阪神,坂あり・パワー型,ダ,長距離(2500以上),良,内枠(1-2),母父系統,ニアークティック系,114,12,38,0.1053,0.3333,67.9,0.0,5.87,0.2672,0.0661,1.247,B,阪神ダ長距離(2500以上)・良・内枠(1-2)で母父系統「ニアークティック系」は基準比リフト1.247
競馬場×距離帯×馬場×枠,新潟,直線長め・平坦型,芝,中距離(1700-2000),稍,外枠(7-8),母父系統,ネイティヴダンサー系,97,7,25,0.0722,0.2577,40.3,0.0,6.58,0.2066,0.0511,1.247,B,新潟芝中距離(1700-2000)・稍・外枠(7-8)で母父系統「ネイティヴダンサー系」は基準比リフト1.247
競馬場×距離帯×馬場×枠,東京,直線長め・持続型,芝,短中距離(1400-1600),良,内枠(1-2),母父,フレンチデピュティ,94,7,24,0.0745,0.2553,453.5,0.0,8.0,0.2047,0.0506,1.247,B,東京芝短中距離(1400-1600)・良・内枠(1-2)で母父「フレンチデピュティ」は基準比リフト1.247
競馬場×距離帯×馬場×枠,新潟,直線長め・平坦型,ダ,短距離(1000-1300),良,中枠(3-6),父,ヘニーヒューズ,83,8,21,0.0964,0.253,77.0,0.0,6.65,0.2029,0.0501,1.247,B,新潟ダ短距離(1000-1300)・良・中枠(3-6)で父「ヘニーヒューズ」は基準比リフト1.247
競馬場×距離帯×馬場×枠,東京,直線長め・持続型,芝,短中距離(1400-1600),良,中枠(3-6),父,モーリス,91,9,23,0.0989,0.2527,57.4,0.0,6.31,0.2028,0.0499,1.246,B,東京芝短中距離(1400-1600)・良・中枠(3-6)で父「モーリス」は基準比リフト1.246
競馬場×距離帯×馬場×枠,福島,小回り・機動型,ダ,中距離(1700-2000),稍,内枠(1-2),母父系統,ロイヤルチャージャー系,133,12,27,0.0902,0.203,45.9,0.0,7.66,0.163,0.04,1.245,B,福島ダ中距離(1700-2000)・稍・内枠(1-2)で母父系統「ロイヤルチャージャー系」は基準比リフト1.245
競馬場×距離帯×馬場×枠,新潟,直線長め・平坦型,ダ,中距離(1700-2000),良,中枠(3-6),母父,フレンチデピュティ,105,12,28,0.1143,0.2667,94.5,0.0,7.23,0.2144,0.0523,1.244,B,新潟ダ中距離(1700-2000)・良・中枠(3-6)で母父「フレンチデピュティ」は基準比リフト1.244
競馬場×距離帯×馬場×枠,阪神,坂あり・パワー型,芝,短距離(1000-1300),良,内枠(1-2),母父系統,ナスルーラ系,107,12,33,0.1121,0.3084,87.2,0.0,7.38,0.2482,0.0602,1.243,B,阪神芝短距離(1000-1300)・良・内枠(1-2)で母父系統「ナスルーラ系」は基準比リフト1.243
競馬場×距離帯×馬場×枠,函館,小回り・持続型,ダ,中距離(1700-2000),良,中枠(3-6),父,ゴールドアリュール,99,14,29,0.1414,0.2929,179.5,0.0,6.05,0.2356,0.0573,1.243,B,函館ダ中距離(1700-2000)・良・中枠(3-6)で父「ゴールドアリュール」は基準比リフト1.243
競馬場×距離帯×馬場×枠,阪神,坂あり・パワー型,芝,短中距離(1400-1600),重不良,内枠(1-2),父系統,ロイヤルチャージャー系,88,10,26,0.1136,0.2955,59.0,0.0,7.3,0.2379,0.0576,1.242,B,阪神芝短中距離(1400-1600)・重不良・内枠(1-2)で父系統「ロイヤルチャージャー系」は基準比リフト1.242
競馬場×距離帯×馬場×枠,阪神,坂あり・パワー型,ダ,中距離(1700-2000),良,内枠(1-2),母父,フレンチデピュティ,86,5,22,0.0581,0.2558,35.9,0.0,7.59,0.206,0.0498,1.242,B,阪神ダ中距離(1700-2000)・良・内枠(1-2)で母父「フレンチデピュティ」は基準比リフト1.242
競馬場×距離帯×馬場×枠,京都,平坦・スピード型,ダ,中距離(1700-2000),不,外枠(7-8),母父系統,ネイティヴダンサー系,98,11,24,0.1122,0.2449,81.6,0.0,6.76,0.1972,0.0477,1.242,B,京都ダ中距離(1700-2000)・不・外枠(7-8)で母父系統「ネイティヴダンサー系」は基準比リフト1.242
競馬場×距離帯×馬場×枠,中山,坂あり・パワー型,ダ,短距離(1000-1300),重不良,内枠(1-2),母父系統,ナスルーラ系,91,4,16,0.044,0.1758,36.7,0.0,8.05,0.1416,0.0342,1.242,B,中山ダ短距離(1000-1300)・重不良・内枠(1-2)で母父系統「ナスルーラ系」は基準比リフト1.242
競馬場×距離帯×馬場×枠,小倉,小回り・機動型,ダ,短距離(1000-1300),良,中枠(3-6),父,サウスヴィグラス,94,13,26,0.1383,0.2766,96.1,0.0,5.98,0.2229,0.0537,1.241,B,小倉ダ短距離(1000-1300)・良・中枠(3-6)で父「サウスヴィグラス」は基準比リフト1.241
競馬場×距離帯×馬場×枠,阪神,坂あり・パワー型,ダ,短中距離(1400-1600),稍,中枠(3-6),母父,サンデーサイレンス,86,8,21,0.093,0.2442,78.0,0.0,6.63,0.1968,0.0474,1.241,B,阪神ダ短中距離(1400-1600)・稍・中枠(3-6)で母父「サンデーサイレンス」は基準比リフト1.241
競馬場×距離帯×馬場×枠,中山,坂あり・パワー型,芝,中長距離(2100-2400),良,中枠(3-6),母父,サンデーサイレンス,112,7,29,0.0625,0.2589,65.9,0.0,6.71,0.2088,0.0501,1.24,B,中山芝中長距離(2100-2400)・良・中枠(3-6)で母父「サンデーサイレンス」は基準比リフト1.24
競馬場×距離帯×馬場×枠,東京,直線長め・持続型,ダ,短中距離(1400-1600),良,外枠(7-8),父,ハーツクライ,82,11,22,0.1341,0.2683,241.5,0.0,6.57,0.2165,0.0518,1.239,B,東京ダ短中距離(1400-1600)・良・外枠(7-8)で父「ハーツクライ」は基準比リフト1.239
競馬場×距離帯×馬場×枠,中山,坂あり・パワー型,ダ,短距離(1000-1300),良,外枠(7-8),母父,フジキセキ,123,7,31,0.0569,0.252,42.2,0.0,8.04,0.2034,0.0486,1.239,B,中山ダ短距離(1000-1300)・良・外枠(7-8)で母父「フジキセキ」は基準比リフト1.239
競馬場×距離帯×馬場×枠,中京,直線長め・持続型,ダ,中距離(1700-2000),重不良,中枠(3-6),母父系統,ナスルーラ系,108,9,26,0.0833,0.2407,48.4,0.0,7.53,0.1943,0.0464,1.239,B,中京ダ中距離(1700-2000)・重不良・中枠(3-6)で母父系統「ナスルーラ系」は基準比リフト1.239
競馬場×距離帯×馬場×枠,東京,直線長め・持続型,芝,中距離(1700-2000),良,外枠(7-8),父,ハービンジャー,120,10,32,0.0833,0.2667,41.0,0.0,6.37,0.2154,0.0513,1.238,B,東京芝中距離(1700-2000)・良・外枠(7-8)で父「ハービンジャー」は基準比リフト1.238
競馬場×距離帯×馬場×枠,中京,直線長め・持続型,芝,短中距離(1400-1600),良,外枠(7-8),父,ダイワメジャー,143,10,35,0.0699,0.2448,25.1,0.0,6.91,0.1978,0.047,1.238,B,中京芝短中距離(1400-1600)・良・外枠(7-8)で父「ダイワメジャー」は基準比リフト1.238
競馬場×距離帯×馬場×枠,福島,小回り・機動型,芝,短距離(1000-1300),良,中枠(3-6),母父,アグネスタキオン,107,9,25,0.0841,0.2336,62.4,0.0,8.56,0.1887,0.0449,1.238,B,福島芝短距離(1000-1300)・良・中枠(3-6)で母父「アグネスタキオン」は基準比リフト1.238
競馬場×距離帯×馬場×枠,福島,小回り・機動型,芝,中距離(1700-2000),稍,外枠(7-8),父系統,父系統不明,98,10,31,0.102,0.3163,123.1,0.0,7.58,0.2558,0.0605,1.237,B,福島芝中距離(1700-2000)・稍・外枠(7-8)で父系統「父系統不明」は基準比リフト1.237
競馬場×距離帯×馬場×枠,中京,直線長め・持続型,芝,短距離(1000-1300),良,内枠(1-2),父系統,父系統不明,147,17,35,0.1156,0.2381,142.9,0.0,7.96,0.1925,0.0456,1.237,B,中京芝短距離(1000-1300)・良・内枠(1-2)で父系統「父系統不明」は基準比リフト1.237
競馬場×距離帯×馬場×枠,京都,平坦・スピード型,芝,短中距離(1400-1600),良,中枠(3-6),父,アドマイヤムーン,136,14,36,0.1029,0.2647,43.2,0.0,6.86,0.2142,0.0505,1.236,B,京都芝短中距離(1400-1600)・良・中枠(3-6)で父「アドマイヤムーン」は基準比リフト1.236
競馬場×距離帯×馬場×枠,中京,直線長め・持続型,ダ,中距離(1700-2000),不,内枠(1-2),父系統,ロイヤルチャージャー系,82,8,24,0.0976,0.2927,63.7,0.0,7.34,0.237,0.0557,1.235,B,中京ダ中距離(1700-2000)・不・内枠(1-2)で父系統「ロイヤルチャージャー系」は基準比リフト1.235
競馬場×距離帯×馬場×枠,東京,直線長め・持続型,芝,中距離(1700-2000),良,外枠(7-8),父,ルーラーシップ,94,8,25,0.0851,0.266,62.2,0.0,7.67,0.2154,0.0506,1.235,B,東京芝中距離(1700-2000)・良・外枠(7-8)で父「ルーラーシップ」は基準比リフト1.235
競馬場×距離帯×馬場×枠,中京,直線長め・持続型,ダ,中距離(1700-2000),不,外枠(7-8),父系統,父系統不明,110,8,26,0.0727,0.2364,83.3,0.0,6.52,0.1914,0.045,1.235,B,中京ダ中距離(1700-2000)・不・外枠(7-8)で父系統「父系統不明」は基準比リフト1.235
競馬場×距離帯×馬場×枠,小倉,小回り・機動型,ダ,中距離(1700-2000),不,外枠(7-8),母父系統,ニアークティック系,112,9,23,0.0804,0.2054,46.7,0.0,7.87,0.1663,0.0391,1.235,B,小倉ダ中距離(1700-2000)・不・外枠(7-8)で母父系統「ニアークティック系」は基準比リフト1.235
競馬場×距離帯×馬場×枠,中京,直線長め・持続型,芝,中距離(1700-2000),重不良,中枠(3-6),父系統,父系統不明,96,9,22,0.0938,0.2292,47.9,0.0,7.58,0.1857,0.0435,1.234,B,中京芝中距離(1700-2000)・重不良・中枠(3-6)で父系統「父系統不明」は基準比リフト1.234
競馬場×距離帯×馬場×枠,阪神,坂あり・パワー型,芝,中距離(1700-2000),良,中枠(3-6),父,エピファネイア,98,9,29,0.0918,0.2959,135.3,0.0,5.97,0.2399,0.056,1.233,B,阪神芝中距離(1700-2000)・良・中枠(3-6)で父「エピファネイア」は基準比リフト1.233
競馬場×距離帯×馬場×枠,東京,直線長め・持続型,芝,中距離(1700-2000),良,内枠(1-2),父,ステイゴールド,128,14,37,0.1094,0.2891,61.7,0.0,6.03,0.2345,0.0546,1.233,B,東京芝中距離(1700-2000)・良・内枠(1-2)で父「ステイゴールド」は基準比リフト1.233
競馬場×距離帯×馬場×枠,中山,坂あり・パワー型,芝,中距離(1700-2000),重不良,外枠(7-8),父系統,ロイヤルチャージャー系,129,17,33,0.1318,0.2558,134.8,0.0,7.53,0.2076,0.0482,1.232,B,中山芝中距離(1700-2000)・重不良・外枠(7-8)で父系統「ロイヤルチャージャー系」は基準比リフト1.232
競馬場×距離帯×馬場×枠,阪神,坂あり・パワー型,ダ,長距離(2500以上),稍,中枠(3-6),父系統,ロイヤルチャージャー系,93,15,35,0.1613,0.3763,192.6,0.0,5.69,0.3057,0.0706,1.231,B,阪神ダ長距離(2500以上)・稍・中枠(3-6)で父系統「ロイヤルチャージャー系」は基準比リフト1.231
競馬場×距離帯×馬場×枠,東京,直線長め・持続型,ダ,中長距離(2100-2400),重不良,中枠(3-6),父系統,ネイティヴダンサー系,94,11,27,0.117,0.2872,133.8,0.0,7.74,0.2334,0.0538,1.231,B,東京ダ中長距離(2100-2400)・重不良・中枠(3-6)で父系統「ネイティヴダンサー系」は基準比リフト1.231
競馬場×距離帯×馬場×枠,阪神,坂あり・パワー型,ダ,短中距離(1400-1600),良,中枠(3-6),母父,アグネスタキオン,116,9,29,0.0776,0.25,67.1,0.0,7.7,0.2031,0.0469,1.231,B,阪神ダ短中距離(1400-1600)・良・中枠(3-6)で母父「アグネスタキオン」は基準比リフト1.231
競馬場×距離帯×馬場×枠,阪神,坂あり・パワー型,ダ,短中距離(1400-1600),良,中枠(3-6),父,ネオユニヴァース,80,10,20,0.125,0.25,74.2,0.0,8.02,0.2031,0.0469,1.231,B,阪神ダ短中距離(1400-1600)・良・中枠(3-6)で父「ネオユニヴァース」は基準比リフト1.231
競馬場×距離帯×馬場×枠,京都,平坦・スピード型,ダ,短距離(1000-1300),良,中枠(3-6),父,サクラバクシンオー,100,8,24,0.08,0.24,41.7,0.0,6.88,0.1949,0.0451,1.231,B,京都ダ短距離(1000-1300)・良・中枠(3-6)で父「サクラバクシンオー」は基準比リフト1.231
競馬場×距離帯×馬場×枠,阪神,坂あり・パワー型,ダ,中距離(1700-2000),良,中枠(3-6),母父,マンハッタンカフェ,93,12,26,0.129,0.2796,103.9,0.0,6.97,0.2273,0.0523,1.23,B,阪神ダ中距離(1700-2000)・良・中枠(3-6)で母父「マンハッタンカフェ」は基準比リフト1.23
競馬場×距離帯×馬場×枠,中京,直線長め・持続型,ダ,短距離(1000-1300),稍,外枠(7-8),母父系統,ロイヤルチャージャー系,124,10,29,0.0806,0.2339,170.9,0.0,8.18,0.1902,0.0437,1.23,B,中京ダ短距離(1000-1300)・稍・外枠(7-8)で母父系統「ロイヤルチャージャー系」は基準比リフト1.23
競馬場×距離帯×馬場×枠,中山,坂あり・パワー型,ダ,中距離(1700-2000),良,内枠(1-2),父,ゴールドアリュール,110,8,25,0.0727,0.2273,50.9,0.0,7.5,0.1848,0.0425,1.23,B,中山ダ中距離(1700-2000)・良・内枠(1-2)で父「ゴールドアリュール」は基準比リフト1.23
競馬場×距離帯×馬場×枠,小倉,小回り・機動型,芝,長距離(2500以上),良,外枠(7-8),父系統,ネイティヴダンサー系,128,10,37,0.0781,0.2891,25.3,0.0,6.38,0.2352,0.0539,1.229,B,小倉芝長距離(2500以上)・良・外枠(7-8)で父系統「ネイティヴダンサー系」は基準比リフト1.229
競馬場×距離帯×馬場×枠,京都,平坦・スピード型,芝,短中距離(1400-1600),稍,外枠(7-8),父系統,父系統不明,117,13,32,0.1111,0.2735,59.0,0.0,7.7,0.2226,0.0509,1.229,B,京都芝短中距離(1400-1600)・稍・外枠(7-8)で父系統「父系統不明」は基準比リフト1.229
競馬場×距離帯×馬場×枠,福島,小回り・機動型,芝,中距離(1700-2000),良,中枠(3-6),父,ダイワメジャー,93,12,25,0.129,0.2688,87.5,0.0,6.14,0.2188,0.05,1.229,B,福島芝中距離(1700-2000)・良・中枠(3-6)で父「ダイワメジャー」は基準比リフト1.229
競馬場×距離帯×馬場×枠,京都,平坦・スピード型,芝,短中距離(1400-1600),良,中枠(3-6),父,スペシャルウィーク,95,9,25,0.0947,0.2632,140.1,0.0,6.55,0.2142,0.049,1.229,B,京都芝短中距離(1400-1600)・良・中枠(3-6)で父「スペシャルウィーク」は基準比リフト1.229
競馬場×距離帯×馬場×枠,阪神,坂あり・パワー型,芝,長距離(2500以上),良,外枠(7-8),母父系統,ニアークティック系,89,6,25,0.0674,0.2809,22.4,0.0,6.64,0.2287,0.0522,1.228,B,阪神芝長距離(2500以上)・良・外枠(7-8)で母父系統「ニアークティック系」は基準比リフト1.228
競馬場×距離帯×馬場×枠,阪神,坂あり・パワー型,ダ,中距離(1700-2000),良,中枠(3-6),父,マンハッタンカフェ,129,15,36,0.1163,0.2791,68.9,0.0,6.42,0.2273,0.0518,1.228,B,阪神ダ中距離(1700-2000)・良・中枠(3-6)で父「マンハッタンカフェ」は基準比リフト1.228
競馬場×距離帯×馬場×枠,京都,平坦・スピード型,芝,短中距離(1400-1600),良,外枠(7-8),父,ステイゴールド,101,7,24,0.0693,0.2376,38.1,0.0,7.9,0.1935,0.0441,1.228,B,京都芝短中距離(1400-1600)・良・外枠(7-8)で父「ステイゴールド」は基準比リフト1.228
競馬場×距離帯×馬場×枠,札幌,小回り・持続型,ダ,中距離(1700-2000),良,中枠(3-6),父,シンボリクリスエス,99,11,30,0.1111,0.303,37.5,0.0,5.98,0.2469,0.0561,1.227,B,札幌ダ中距離(1700-2000)・良・中枠(3-6)で父「シンボリクリスエス」は基準比リフト1.227
競馬場×距離帯×馬場×枠,中山,坂あり・パワー型,芝,長距離(2500以上),良,内枠(1-2),母父系統,ニアークティック系,132,14,37,0.1061,0.2803,118.5,0.0,7.17,0.2284,0.0519,1.227,B,中山芝長距離(2500以上)・良・内枠(1-2)で母父系統「ニアークティック系」は基準比リフト1.227
競馬場×距離帯×馬場×枠,福島,小回り・機動型,ダ,中距離(1700-2000),良,中枠(3-6),父,シンボリクリスエス,118,4,29,0.0339,0.2458,12.9,0.0,6.42,0.2003,0.0455,1.227,B,福島ダ中距離(1700-2000)・良・中枠(3-6)で父「シンボリクリスエス」は基準比リフト1.227
競馬場×距離帯×馬場×枠,東京,直線長め・持続型,芝,短中距離(1400-1600),良,外枠(7-8),母父,キングカメハメハ,123,7,30,0.0569,0.2439,25.1,0.0,7.21,0.1988,0.0451,1.227,B,東京芝短中距離(1400-1600)・良・外枠(7-8)で母父「キングカメハメハ」は基準比リフト1.227
競馬場×距離帯×馬場×枠,東京,直線長め・持続型,芝,短中距離(1400-1600),良,外枠(7-8),父,ゼンノロブロイ,82,6,20,0.0732,0.2439,74.1,0.0,8.0,0.1988,0.0451,1.227,B,東京芝短中距離(1400-1600)・良・外枠(7-8)で父「ゼンノロブロイ」は基準比リフト1.227
競馬場×距離帯×馬場×枠,小倉,小回り・機動型,芝,短距離(1000-1300),良,外枠(7-8),父,サクラバクシンオー,107,13,26,0.1215,0.243,93.6,0.0,6.2,0.1981,0.0449,1.227,B,小倉芝短距離(1000-1300)・良・外枠(7-8)で父「サクラバクシンオー」は基準比リフト1.227
競馬場×距離帯×馬場×枠,阪神,坂あり・パワー型,芝,短中距離(1400-1600),良,外枠(7-8),母父,ディープインパクト,94,8,22,0.0851,0.234,33.4,0.0,6.55,0.1907,0.0433,1.227,B,阪神芝短中距離(1400-1600)・良・外枠(7-8)で母父「ディープインパクト」は基準比リフト1.227
競馬場×距離帯×馬場×枠,函館,小回り・持続型,芝,短距離(1000-1300),稍,内枠(1-2),母父系統,ロイヤルチャージャー系,116,13,36,0.1121,0.3103,103.0,0.0,6.72,0.253,0.0573,1.226,B,函館芝短距離(1000-1300)・稍・内枠(1-2)で母父系統「ロイヤルチャージャー系」は基準比リフト1.226
競馬場×距離帯×馬場×枠,京都,平坦・スピード型,芝,中距離(1700-2000),良,中枠(3-6),父,ルーラーシップ,113,11,34,0.0973,0.3009,56.1,0.0,6.29,0.2454,0.0555,1.226,B,京都芝中距離(1700-2000)・良・中枠(3-6)で父「ルーラーシップ」は基準比リフト1.226
競馬場×距離帯×馬場×枠,中京,直線長め・持続型,芝,中距離(1700-2000),良,中枠(3-6),母父,ディープインパクト,85,9,23,0.1059,0.2706,41.2,0.0,6.52,0.2207,0.0499,1.226,B,中京芝中距離(1700-2000)・良・中枠(3-6)で母父「ディープインパクト」は基準比リフト1.226
競馬場×距離帯×馬場×枠,京都,平坦・スピード型,ダ,中距離(1700-2000),良,中枠(3-6),父,ロージズインメイ,101,7,27,0.0693,0.2673,78.9,0.0,7.35,0.2181,0.0492,1.226,B,京都ダ中距離(1700-2000)・良・中枠(3-6)で父「ロージズインメイ」は基準比リフト1.226
競馬場×距離帯×馬場×枠,東京,直線長め・持続型,ダ,短中距離(1400-1600),良,外枠(7-8),母父,アフリート,113,9,30,0.0796,0.2655,76.5,0.0,8.34,0.2165,0.049,1.226,B,東京ダ短中距離(1400-1600)・良・外枠(7-8)で母父「アフリート」は基準比リフト1.226
競馬場×距離帯×馬場×枠,阪神,坂あり・パワー型,芝,中距離(1700-2000),良,外枠(7-8),父,ダイワメジャー,84,7,24,0.0833,0.2857,58.5,0.0,6.48,0.2332,0.0525,1.225,B,阪神芝中距離(1700-2000)・良・外枠(7-8)で父「ダイワメジャー」は基準比リフト1.225
競馬場×距離帯×馬場×枠,中山,坂あり・パワー型,ダ,中距離(1700-2000),良,内枠(1-2),父,クロフネ,137,7,31,0.0511,0.2263,19.5,0.0,6.55,0.1848,0.0415,1.225,B,中山ダ中距離(1700-2000)・良・内枠(1-2)で父「クロフネ」は基準比リフト1.225
競馬場×距離帯×馬場×枠,新潟,直線長め・平坦型,ダ,中距離(1700-2000),良,外枠(7-8),父,キングカメハメハ,94,15,26,0.1596,0.2766,78.3,0.0,5.95,0.226,0.0506,1.224,B,新潟ダ中距離(1700-2000)・良・外枠(7-8)で父「キングカメハメハ」は基準比リフト1.224
競馬場×距離帯×馬場×枠,中山,坂あり・パワー型,芝,中距離(1700-2000),稍,内枠(1-2),母父系統,ニアークティック系,127,11,35,0.0866,0.2756,83.1,0.0,7.13,0.2251,0.0505,1.224,B,中山芝中距離(1700-2000)・稍・内枠(1-2)で母父系統「ニアークティック系」は基準比リフト1.224
競馬場×距離帯×馬場×枠,阪神,坂あり・パワー型,芝,短中距離(1400-1600),重不良,中枠(3-6),母父系統,ニアークティック系,131,13,31,0.0992,0.2366,89.5,0.0,8.02,0.1933,0.0433,1.224,B,阪神芝短中距離(1400-1600)・重不良・中枠(3-6)で母父系統「ニアークティック系」は基準比リフト1.224
競馬場×距離帯×馬場×枠,福島,小回り・機動型,芝,中距離(1700-2000),良,中枠(3-6),父,ルーラーシップ,86,11,23,0.1279,0.2674,52.8,0.0,6.67,0.2188,0.0486,1.222,B,福島芝中距離(1700-2000)・良・中枠(3-6)で父「ルーラーシップ」は基準比リフト1.222
競馬場×距離帯×馬場×枠,小倉,小回り・機動型,ダ,短距離(1000-1300),重不良,外枠(7-8),父系統,ネイティヴダンサー系,82,7,21,0.0854,0.2561,50.0,0.0,7.23,0.2096,0.0465,1.222,B,小倉ダ短距離(1000-1300)・重不良・外枠(7-8)で父系統「ネイティヴダンサー系」は基準比リフト1.222
競馬場×距離帯×馬場×枠,阪神,坂あり・パワー型,ダ,短距離(1000-1300),稍,内枠(1-2),母父系統,ナスルーラ系,100,6,21,0.06,0.21,40.6,0.0,8.41,0.1721,0.0379,1.22,B,阪神ダ短距離(1000-1300)・稍・内枠(1-2)で母父系統「ナスルーラ系」は基準比リフト1.22
競馬場×距離帯×馬場×枠,東京,直線長め・持続型,芝,中距離(1700-2000),良,中枠(3-6),母父,Storm Cat,97,10,28,0.1031,0.2887,45.5,0.0,5.39,0.237,0.0517,1.218,B,東京芝中距離(1700-2000)・良・中枠(3-6)で母父「Storm Cat」は基準比リフト1.218
競馬場×距離帯×馬場×枠,中山,坂あり・パワー型,芝,短中距離(1400-1600),良,中枠(3-6),母父,ブライアンズタイム,106,13,26,0.1226,0.2453,361.7,0.0,8.42,0.2014,0.0439,1.218,B,中山芝短中距離(1400-1600)・良・中枠(3-6)で母父「ブライアンズタイム」は基準比リフト1.218
競馬場×距離帯×馬場×枠,京都,平坦・スピード型,ダ,短中距離(1400-1600),良,内枠(1-2),母父,サンデーサイレンス,99,7,25,0.0707,0.2525,54.3,0.0,7.76,0.2074,0.0451,1.217,B,京都ダ短中距離(1400-1600)・良・内枠(1-2)で母父「サンデーサイレンス」は基準比リフト1.217
競馬場×距離帯×馬場×枠,東京,直線長め・持続型,ダ,短中距離(1400-1600),良,中枠(3-6),母父系統,母父系統不明,107,12,26,0.1121,0.243,95.4,0.0,6.89,0.1997,0.0433,1.217,B,東京ダ短中距離(1400-1600)・良・中枠(3-6)で母父系統「母父系統不明」は基準比リフト1.217
競馬場×距離帯×馬場×枠,京都,平坦・スピード型,ダ,長距離(2500以上),良,内枠(1-2),母父系統,ニアークティック系,117,10,34,0.0855,0.2906,137.7,0.0,6.89,0.239,0.0516,1.216,B,京都ダ長距離(2500以上)・良・内枠(1-2)で母父系統「ニアークティック系」は基準比リフト1.216
競馬場×距離帯×馬場×枠,東京,直線長め・持続型,芝,中距離(1700-2000),重不良,中枠(3-6),母父系統,ニアークティック系,113,10,32,0.0885,0.2832,53.4,0.0,7.12,0.2328,0.0504,1.216,B,東京芝中距離(1700-2000)・重不良・中枠(3-6)で母父系統「ニアークティック系」は基準比リフト1.216
競馬場×距離帯×馬場×枠,中京,直線長め・持続型,ダ,短中距離(1400-1600),不,中枠(3-6),父系統,父系統不明,133,13,35,0.0977,0.2632,93.2,0.0,7.41,0.2164,0.0468,1.216,B,中京ダ短中距離(1400-1600)・不・中枠(3-6)で父系統「父系統不明」は基準比リフト1.216
競馬場×距離帯×馬場×枠,東京,直線長め・持続型,芝,中距離(1700-2000),稍,中枠(3-6),母父系統,ナスルーラ系,132,14,38,0.1061,0.2879,76.2,0.0,6.89,0.2372,0.0507,1.214,B,東京芝中距離(1700-2000)・稍・中枠(3-6)で母父系統「ナスルーラ系」は基準比リフト1.214
競馬場×距離帯×馬場×枠,新潟,直線長め・平坦型,芝,中距離(1700-2000),良,中枠(3-6),父,ハービンジャー,129,13,34,0.1008,0.2636,64.4,0.0,7.02,0.2171,0.0465,1.214,B,新潟芝中距離(1700-2000)・良・中枠(3-6)で父「ハービンジャー」は基準比リフト1.214
競馬場×距離帯×馬場×枠,東京,直線長め・持続型,ダ,短中距離(1400-1600),稍,中枠(3-6),父,ゴールドアリュール,100,10,23,0.1,0.23,72.8,0.0,7.42,0.1894,0.0406,1.214,B,東京ダ短中距離(1400-1600)・稍・中枠(3-6)で父「ゴールドアリュール」は基準比リフト1.214
競馬場×距離帯×馬場×枠,小倉,小回り・機動型,芝,長距離(2500以上),稍,中枠(3-6),母父系統,ロイヤルチャージャー系,125,16,42,0.128,0.336,163.7,0.0,6.3,0.2771,0.0589,1.213,B,小倉芝長距離(2500以上)・稍・中枠(3-6)で母父系統「ロイヤルチャージャー系」は基準比リフト1.213
競馬場×距離帯×馬場×枠,東京,直線長め・持続型,芝,短中距離(1400-1600),良,外枠(7-8),母父,クロフネ,112,8,27,0.0714,0.2411,63.0,0.0,8.0,0.1988,0.0423,1.213,B,東京芝短中距離(1400-1600)・良・外枠(7-8)で母父「クロフネ」は基準比リフト1.213
競馬場×距離帯×馬場×枠,東京,直線長め・持続型,芝,中長距離(2100-2400),良,外枠(7-8),母父,サンデーサイレンス,124,12,34,0.0968,0.2742,45.8,0.0,7.41,0.2262,0.048,1.212,B,東京芝中長距離(2100-2400)・良・外枠(7-8)で母父「サンデーサイレンス」は基準比リフト1.212
競馬場×距離帯×馬場×枠,中山,坂あり・パワー型,芝,短中距離(1400-1600),良,内枠(1-2),父,ディープインパクト,93,14,27,0.1505,0.2903,120.4,0.0,5.16,0.2397,0.0506,1.211,B,中山芝短中距離(1400-1600)・良・内枠(1-2)で父「ディープインパクト」は基準比リフト1.211
競馬場×距離帯×馬場×枠,新潟,直線長め・平坦型,芝,短距離(1000-1300),良,外枠(7-8),母父,サンデーサイレンス,99,10,28,0.101,0.2828,144.4,0.0,7.39,0.2335,0.0493,1.211,B,新潟芝短距離(1000-1300)・良・外枠(7-8)で母父「サンデーサイレンス」は基準比リフト1.211
競馬場×距離帯×馬場×枠,中山,坂あり・パワー型,芝,中距離(1700-2000),稍,中枠(3-6),父系統,ニアークティック系,130,7,35,0.0538,0.2692,70.8,0.0,8.35,0.2225,0.0467,1.21,B,中山芝中距離(1700-2000)・稍・中枠(3-6)で父系統「ニアークティック系」は基準比リフト1.21
競馬場×距離帯×馬場×枠,中京,直線長め・持続型,芝,短中距離(1400-1600),良,中枠(3-6),父,ハーツクライ,137,12,34,0.0876,0.2482,70.1,0.0,6.94,0.2051,0.0431,1.21,B,中京芝短中距離(1400-1600)・良・中枠(3-6)で父「ハーツクライ」は基準比リフト1.21
競馬場×距離帯×馬場×枠,京都,平坦・スピード型,芝,長距離(2500以上),良,中枠(3-6),母父系統,ニアークティック系,121,9,33,0.0744,0.2727,61.5,0.0,7.17,0.2255,0.0472,1.209,B,京都芝長距離(2500以上)・良・中枠(3-6)で母父系統「ニアークティック系」は基準比リフト1.209
競馬場×距離帯×馬場×枠,東京,直線長め・持続型,芝,短中距離(1400-1600),良,内枠(1-2),母父,クロフネ,97,7,24,0.0722,0.2474,48.0,0.0,7.32,0.2047,0.0427,1.209,B,東京芝短中距離(1400-1600)・良・内枠(1-2)で母父「クロフネ」は基準比リフト1.209
競馬場×距離帯×馬場×枠,小倉,小回り・機動型,芝,短距離(1000-1300),重不良,中枠(3-6),父系統,ニアークティック系,89,7,21,0.0787,0.236,48.4,0.0,8.49,0.1952,0.0408,1.209,B,小倉芝短距離(1000-1300)・重不良・中枠(3-6)で父系統「ニアークティック系」は基準比リフト1.209
競馬場×距離帯×馬場×枠,中京,直線長め・持続型,芝,短中距離(1400-1600),良,中枠(3-6),母父,フレンチデピュティ,109,7,27,0.0642,0.2477,45.8,0.0,7.5,0.2051,0.0426,1.208,B,中京芝短中距離(1400-1600)・良・中枠(3-6)で母父「フレンチデピュティ」は基準比リフト1.208
競馬場×距離帯×馬場×枠,新潟,直線長め・平坦型,芝,短距離(1000-1300),稍,外枠(7-8),母父系統,ニアークティック系,122,10,37,0.082,0.3033,38.0,0.0,7.71,0.2512,0.0521,1.207,B,新潟芝短距離(1000-1300)・稍・外枠(7-8)で母父系統「ニアークティック系」は基準比リフト1.207
競馬場×距離帯×馬場×枠,東京,直線長め・持続型,ダ,中長距離(2100-2400),稍,中枠(3-6),母父系統,ネイティヴダンサー系,148,12,42,0.0811,0.2838,46.5,0.0,7.32,0.2351,0.0487,1.207,B,東京ダ中長距離(2100-2400)・稍・中枠(3-6)で母父系統「ネイティヴダンサー系」は基準比リフト1.207
競馬場×距離帯×馬場×枠,中京,直線長め・持続型,芝,短中距離(1400-1600),稍,外枠(7-8),母父系統,ニアークティック系,137,14,35,0.1022,0.2555,78.0,0.0,7.69,0.2116,0.0439,1.207,B,中京芝短中距離(1400-1600)・稍・外枠(7-8)で母父系統「ニアークティック系」は基準比リフト1.207
競馬場×距離帯×馬場×枠,東京,直線長め・持続型,芝,短中距離(1400-1600),良,外枠(7-8),父,ステイゴールド,100,8,24,0.08,0.24,61.5,0.0,7.65,0.1988,0.0412,1.207,B,東京芝短中距離(1400-1600)・良・外枠(7-8)で父「ステイゴールド」は基準比リフト1.207
競馬場×距離帯×馬場×枠,小倉,小回り・機動型,芝,短距離(1000-1300),良,中枠(3-6),母父,クロフネ,102,14,24,0.1373,0.2353,162.6,0.0,7.87,0.1949,0.0404,1.207,B,小倉芝短距離(1000-1300)・良・中枠(3-6)で母父「クロフネ」は基準比リフト1.207
競馬場×距離帯×馬場×枠,阪神,坂あり・パワー型,芝,短中距離(1400-1600),良,外枠(7-8),父,キングカメハメハ,139,12,32,0.0863,0.2302,38.0,0.0,6.67,0.1907,0.0395,1.207,B,阪神芝短中距離(1400-1600)・良・外枠(7-8)で父「キングカメハメハ」は基準比リフト1.207
競馬場×距離帯×馬場×枠,阪神,坂あり・パワー型,芝,短中距離(1400-1600),良,外枠(7-8),父,ステイゴールド,87,7,20,0.0805,0.2299,152.5,0.0,7.77,0.1907,0.0392,1.206,B,阪神芝短中距離(1400-1600)・良・外枠(7-8)で父「ステイゴールド」は基準比リフト1.206
競馬場×距離帯×馬場×枠,東京,直線長め・持続型,ダ,短中距離(1400-1600),不,中枠(3-6),母父,サンデーサイレンス,82,5,21,0.061,0.2561,58.4,0.0,7.39,0.2126,0.0435,1.205,B,東京ダ短中距離(1400-1600)・不・中枠(3-6)で母父「サンデーサイレンス」は基準比リフト1.205
競馬場×距離帯×馬場×枠,函館,小回り・持続型,ダ,短距離(1000-1300),良,内枠(1-2),母父系統,ニアークティック系,147,17,50,0.1156,0.3401,130.1,0.0,5.8,0.2824,0.0577,1.204,B,函館ダ短距離(1000-1300)・良・内枠(1-2)で母父系統「ニアークティック系」は基準比リフト1.204
競馬場×距離帯×馬場×枠,中京,直線長め・持続型,ダ,短中距離(1400-1600),稍,外枠(7-8),母父系統,ネイティヴダンサー系,112,10,29,0.0893,0.2589,172.9,0.0,7.83,0.2151,0.0438,1.204,B,中京ダ短中距離(1400-1600)・稍・外枠(7-8)で母父系統「ネイティヴダンサー系」は基準比リフト1.204
競馬場×距離帯×馬場×枠,東京,直線長め・持続型,芝,短中距離(1400-1600),良,中枠(3-6),母父,ダイワメジャー,86,7,21,0.0814,0.2442,94.3,0.0,7.79,0.2028,0.0414,1.204,B,東京芝短中距離(1400-1600)・良・中枠(3-6)で母父「ダイワメジャー」は基準比リフト1.204
競馬場×距離帯×馬場×枠,中京,直線長め・持続型,ダ,中距離(1700-2000),重不良,内枠(1-2),母父系統,ネイティヴダンサー系,95,10,28,0.1053,0.2947,91.7,0.0,7.58,0.2449,0.0498,1.203,B,中京ダ中距離(1700-2000)・重不良・内枠(1-2)で母父系統「ネイティヴダンサー系」は基準比リフト1.203
競馬場×距離帯×馬場×枠,阪神,坂あり・パワー型,芝,短中距離(1400-1600),良,中枠(3-6),母父系統,その他のエクリプス系,138,14,36,0.1014,0.2609,60.2,0.0,6.95,0.2169,0.044,1.203,B,阪神芝短中距離(1400-1600)・良・中枠(3-6)で母父系統「その他のエクリプス系」は基準比リフト1.203
競馬場×距離帯×馬場×枠,中山,坂あり・パワー型,芝,長距離(2500以上),良,中枠(3-6),父系統,父系統不明,113,13,33,0.115,0.292,93.7,0.0,6.61,0.2429,0.0491,1.202,B,中山芝長距離(2500以上)・良・中枠(3-6)で父系統「父系統不明」は基準比リフト1.202
競馬場×距離帯×馬場×枠,京都,平坦・スピード型,芝,中距離(1700-2000),良,中枠(3-6),母父,キングカメハメハ,95,12,28,0.1263,0.2947,54.1,0.0,6.26,0.2454,0.0493,1.201,B,京都芝中距離(1700-2000)・良・中枠(3-6)で母父「キングカメハメハ」は基準比リフト1.201
競馬場×距離帯×馬場×枠,中山,坂あり・パワー型,ダ,短距離(1000-1300),良,外枠(7-8),父,ゴールドアリュール,86,9,21,0.1047,0.2442,82.0,0.0,6.94,0.2034,0.0408,1.201,B,中山ダ短距離(1000-1300)・良・外枠(7-8)で父「ゴールドアリュール」は基準比リフト1.201
競馬場×距離帯×馬場×枠,中山,坂あり・パワー型,芝,短距離(1000-1300),良,中枠(3-6),父,サクラバクシンオー,112,13,27,0.1161,0.2411,71.2,0.0,7.15,0.2011,0.04,1.199,B,中山芝短距離(1000-1300)・良・中枠(3-6)で父「サクラバクシンオー」は基準比リフト1.199
競馬場×距離帯×馬場×枠,東京,直線長め・持続型,ダ,中長距離(2100-2400),良,内枠(1-2),母父,サンデーサイレンス,82,6,18,0.0732,0.2195,45.2,0.0,6.39,0.183,0.0365,1.199,B,東京ダ中長距離(2100-2400)・良・内枠(1-2)で母父「サンデーサイレンス」は基準比リフト1.199
競馬場×距離帯×馬場×枠,小倉,小回り・機動型,ダ,中距離(1700-2000),不,中枠(3-6),父系統,父系統不明,145,13,35,0.0897,0.2414,71.9,0.0,7.2,0.2015,0.0399,1.198,B,小倉ダ中距離(1700-2000)・不・中枠(3-6)で父系統「父系統不明」は基準比リフト1.198
競馬場×距離帯×馬場×枠,中山,坂あり・パワー型,芝,短距離(1000-1300),良,中枠(3-6),母父,フジキセキ,83,8,20,0.0964,0.241,67.0,0.0,8.94,0.2011,0.0399,1.198,B,中山芝短距離(1000-1300)・良・中枠(3-6)で母父「フジキセキ」は基準比リフト1.198
競馬場×距離帯×馬場×枠,福島,小回り・機動型,芝,短距離(1000-1300),良,内枠(1-2),母父,サンデーサイレンス,114,8,30,0.0702,0.2632,40.4,0.0,6.83,0.2198,0.0434,1.197,B,福島芝短距離(1000-1300)・良・内枠(1-2)で母父「サンデーサイレンス」は基準比リフト1.197
競馬場×距離帯×馬場×枠,小倉,小回り・機動型,ダ,中距離(1700-2000),重不良,内枠(1-2),父系統,父系統不明,131,15,34,0.1145,0.2595,57.1,0.0,7.56,0.2168,0.0427,1.197,B,小倉ダ中距離(1700-2000)・重不良・内枠(1-2)で父系統「父系統不明」は基準比リフト1.197
競馬場×距離帯×馬場×枠,東京,直線長め・持続型,芝,中距離(1700-2000),良,外枠(7-8),父,シンボリクリスエス,128,8,33,0.0625,0.2578,46.0,0.0,6.51,0.2154,0.0424,1.197,B,東京芝中距離(1700-2000)・良・外枠(7-8)で父「シンボリクリスエス」は基準比リフト1.197
競馬場×距離帯×馬場×枠,新潟,直線長め・平坦型,芝,中距離(1700-2000),稍,内枠(1-2),母父系統,ネイティヴダンサー系,87,7,21,0.0805,0.2414,53.9,0.0,8.28,0.2017,0.0397,1.197,B,新潟芝中距離(1700-2000)・稍・内枠(1-2)で母父系統「ネイティヴダンサー系」は基準比リフト1.197
競馬場×距離帯×馬場×枠,中山,坂あり・パワー型,ダ,短距離(1000-1300),不,外枠(7-8),父系統,ニアークティック系,84,10,18,0.119,0.2143,92.3,0.0,8.06,0.1791,0.0352,1.197,B,中山ダ短距離(1000-1300)・不・外枠(7-8)で父系統「ニアークティック系」は基準比リフト1.197
競馬場×距離帯×馬場×枠,中山,坂あり・パワー型,芝,長距離(2500以上),良,外枠(7-8),父系統,ニアークティック系,83,9,22,0.1084,0.2651,71.9,0.0,6.84,0.2217,0.0434,1.196,B,中山芝長距離(2500以上)・良・外枠(7-8)で父系統「ニアークティック系」は基準比リフト1.196
競馬場×距離帯×馬場×枠,京都,平坦・スピード型,ダ,中距離(1700-2000),良,中枠(3-6),父,ブライアンズタイム,115,10,30,0.087,0.2609,50.4,0.0,6.75,0.2181,0.0428,1.196,B,京都ダ中距離(1700-2000)・良・中枠(3-6)で父「ブライアンズタイム」は基準比リフト1.196
競馬場×距離帯×馬場×枠,東京,直線長め・持続型,芝,短中距離(1400-1600),良,内枠(1-2),父,ネオユニヴァース,98,6,24,0.0612,0.2449,86.4,0.0,8.42,0.2047,0.0402,1.196,B,東京芝短中距離(1400-1600)・良・内枠(1-2)で父「ネオユニヴァース」は基準比リフト1.196
競馬場×距離帯×馬場×枠,小倉,小回り・機動型,芝,中距離(1700-2000),良,外枠(7-8),母父,トニービン,98,8,24,0.0816,0.2449,110.0,0.0,7.33,0.2048,0.0401,1.196,B,小倉芝中距離(1700-2000)・良・外枠(7-8)で母父「トニービン」は基準比リフト1.196
競馬場×距離帯×馬場×枠,東京,直線長め・持続型,芝,短中距離(1400-1600),良,内枠(1-2),父,キングカメハメハ,143,13,35,0.0909,0.2448,58.7,0.0,6.48,0.2047,0.0401,1.196,B,東京芝短中距離(1400-1600)・良・内枠(1-2)で父「キングカメハメハ」は基準比リフト1.196
競馬場×距離帯×馬場×枠,福島,小回り・機動型,ダ,中距離(1700-2000),不,中枠(3-6),母父系統,ロイヤルチャージャー系,98,6,23,0.0612,0.2347,26.5,0.0,7.43,0.1963,0.0384,1.196,B,福島ダ中距離(1700-2000)・不・中枠(3-6)で母父系統「ロイヤルチャージャー系」は基準比リフト1.196
競馬場×距離帯×馬場×枠,福島,小回り・機動型,ダ,短距離(1000-1300),良,中枠(3-6),父,サウスヴィグラス,120,12,27,0.1,0.225,87.3,0.0,7.12,0.1882,0.0368,1.196,B,福島ダ短距離(1000-1300)・良・中枠(3-6)で父「サウスヴィグラス」は基準比リフト1.196
競馬場×距離帯×馬場×枠,阪神,坂あり・パワー型,芝,中距離(1700-2000),良,中枠(3-6),父,ダイワメジャー,129,10,37,0.0775,0.2868,67.9,0.0,6.63,0.2399,0.0469,1.195,B,阪神芝中距離(1700-2000)・良・中枠(3-6)で父「ダイワメジャー」は基準比リフト1.195
競馬場×距離帯×馬場×枠,京都,平坦・スピード型,芝,中距離(1700-2000),良,内枠(1-2),父,ハーツクライ,112,10,32,0.0893,0.2857,102.6,0.0,5.74,0.239,0.0467,1.195,B,京都芝中距離(1700-2000)・良・内枠(1-2)で父「ハーツクライ」は基準比リフト1.195
競馬場×距離帯×馬場×枠,新潟,直線長め・平坦型,ダ,中距離(1700-2000),不,中枠(3-6),父系統,ネイティヴダンサー系,104,7,29,0.0673,0.2788,79.2,0.0,7.58,0.2333,0.0455,1.195,B,新潟ダ中距離(1700-2000)・不・中枠(3-6)で父系統「ネイティヴダンサー系」は基準比リフト1.195
競馬場×距離帯×馬場×枠,札幌,小回り・持続型,芝,短距離(1000-1300),良,内枠(1-2),母父系統,ナスルーラ系,126,12,35,0.0952,0.2778,108.7,0.0,7.29,0.2324,0.0454,1.195,B,札幌芝短距離(1000-1300)・良・内枠(1-2)で母父系統「ナスルーラ系」は基準比リフト1.195
競馬場×距離帯×馬場×枠,阪神,坂あり・パワー型,芝,中長距離(2100-2400),稍,外枠(7-8),母父系統,ニアークティック系,89,7,24,0.0787,0.2697,105.5,0.0,7.1,0.2257,0.044,1.195,B,阪神芝中長距離(2100-2400)・稍・外枠(7-8)で母父系統「ニアークティック系」は基準比リフト1.195
競馬場×距離帯×馬場×枠,函館,小回り・持続型,芝,短距離(1000-1300),稍,外枠(7-8),母父系統,ニアークティック系,108,7,26,0.0648,0.2407,21.2,0.0,7.14,0.2015,0.0392,1.195,B,函館芝短距離(1000-1300)・稍・外枠(7-8)で母父系統「ニアークティック系」は基準比リフト1.195
競馬場×距離帯×馬場×枠,福島,小回り・機動型,芝,中距離(1700-2000),良,外枠(7-8),父,ステイゴールド,98,10,22,0.102,0.2245,125.7,0.0,7.91,0.1878,0.0367,1.195,B,福島芝中距離(1700-2000)・良・外枠(7-8)で父「ステイゴールド」は基準比リフト1.195
競馬場×距離帯×馬場×枠,中山,坂あり・パワー型,ダ,短距離(1000-1300),良,中枠(3-6),父,キングカメハメハ,100,7,23,0.07,0.23,69.4,0.0,6.87,0.1927,0.0373,1.194,B,中山ダ短距離(1000-1300)・良・中枠(3-6)で父「キングカメハメハ」は基準比リフト1.194
競馬場×距離帯×馬場×枠,中京,直線長め・持続型,芝,中距離(1700-2000),良,中枠(3-6),父,キングカメハメハ,133,11,35,0.0827,0.2632,110.3,0.0,6.5,0.2207,0.0425,1.193,B,中京芝中距離(1700-2000)・良・中枠(3-6)で父「キングカメハメハ」は基準比リフト1.193
競馬場×距離帯×馬場×枠,福島,小回り・機動型,芝,中距離(1700-2000),良,中枠(3-6),母父,ブライアンズタイム,92,10,24,0.1087,0.2609,140.4,0.0,7.57,0.2188,0.0421,1.192,B,福島芝中距離(1700-2000)・良・中枠(3-6)で母父「ブライアンズタイム」は基準比リフト1.192
競馬場×距離帯×馬場×枠,中山,坂あり・パワー型,芝,中距離(1700-2000),良,外枠(7-8),母父,キングカメハメハ,93,10,23,0.1075,0.2473,68.0,0.0,7.96,0.2074,0.0399,1.192,B,中山芝中距離(1700-2000)・良・外枠(7-8)で母父「キングカメハメハ」は基準比リフト1.192
競馬場×距離帯×馬場×枠,阪神,坂あり・パワー型,ダ,中距離(1700-2000),良,内枠(1-2),父,キングカメハメハ,114,8,28,0.0702,0.2456,31.9,0.0,6.07,0.206,0.0396,1.192,B,阪神ダ中距離(1700-2000)・良・内枠(1-2)で父「キングカメハメハ」は基準比リフト1.192
競馬場×距離帯×馬場×枠,東京,直線長め・持続型,芝,中距離(1700-2000),良,中枠(3-6),父,ダイワメジャー,124,11,35,0.0887,0.2823,38.7,0.0,6.3,0.237,0.0453,1.191,B,東京芝中距離(1700-2000)・良・中枠(3-6)で父「ダイワメジャー」は基準比リフト1.191
競馬場×距離帯×馬場×枠,阪神,坂あり・パワー型,ダ,中距離(1700-2000),良,外枠(7-8),父,シンボリクリスエス,100,7,28,0.07,0.28,23.8,0.0,6.33,0.2351,0.0449,1.191,B,阪神ダ中距離(1700-2000)・良・外枠(7-8)で父「シンボリクリスエス」は基準比リフト1.191
競馬場×距離帯×馬場×枠,小倉,小回り・機動型,芝,中距離(1700-2000),重不良,内枠(1-2),父系統,ロイヤルチャージャー系,125,13,38,0.104,0.304,257.6,0.0,7.52,0.2555,0.0485,1.19,B,小倉芝中距離(1700-2000)・重不良・内枠(1-2)で父系統「ロイヤルチャージャー系」は基準比リフト1.19
競馬場×距離帯×馬場×枠,阪神,坂あり・パワー型,ダ,中距離(1700-2000),良,外枠(7-8),父,クロフネ,118,14,33,0.1186,0.2797,126.3,0.0,6.29,0.2351,0.0446,1.19,B,阪神ダ中距離(1700-2000)・良・外枠(7-8)で父「クロフネ」は基準比リフト1.19
競馬場×距離帯×馬場×枠,東京,直線長め・持続型,ダ,短中距離(1400-1600),良,中枠(3-6),母父,ダイワメジャー,101,6,24,0.0594,0.2376,26.1,0.0,7.69,0.1997,0.0379,1.19,B,東京ダ短中距離(1400-1600)・良・中枠(3-6)で母父「ダイワメジャー」は基準比リフト1.19
競馬場×距離帯×馬場×枠,京都,平坦・スピード型,ダ,短距離(1000-1300),稍,内枠(1-2),母父系統,ニアークティック系,141,11,32,0.078,0.227,67.7,0.0,7.96,0.1908,0.0362,1.19,B,京都ダ短距離(1000-1300)・稍・内枠(1-2)で母父系統「ニアークティック系」は基準比リフト1.19
競馬場×距離帯×馬場×枠,中山,坂あり・パワー型,ダ,短距離(1000-1300),不,外枠(7-8),父系統,ネイティヴダンサー系,136,8,29,0.0588,0.2132,29.3,0.0,8.03,0.1791,0.0341,1.19,B,中山ダ短距離(1000-1300)・不・外枠(7-8)で父系統「ネイティヴダンサー系」は基準比リフト1.19
競馬場×距離帯×馬場×枠,京都,平坦・スピード型,芝,中距離(1700-2000),良,中枠(3-6),母父,クロフネ,96,11,28,0.1146,0.2917,54.9,0.0,6.23,0.2454,0.0463,1.189,B,京都芝中距離(1700-2000)・良・中枠(3-6)で母父「クロフネ」は基準比リフト1.189
競馬場×距離帯×馬場×枠,函館,小回り・持続型,芝,長距離(2500以上),良,外枠(7-8),母父系統,ロイヤルチャージャー系,99,8,28,0.0808,0.2828,162.4,0.0,7.28,0.2378,0.045,1.189,B,函館芝長距離(2500以上)・良・外枠(7-8)で母父系統「ロイヤルチャージャー系」は基準比リフト1.189
競馬場×距離帯×馬場×枠,阪神,坂あり・パワー型,ダ,短中距離(1400-1600),良,外枠(7-8),母父,サンデーサイレンス,114,7,30,0.0614,0.2632,76.7,0.0,7.89,0.2213,0.0419,1.189,B,阪神ダ短中距離(1400-1600)・良・外枠(7-8)で母父「サンデーサイレンス」は基準比リフト1.189
競馬場×距離帯×馬場×枠,新潟,直線長め・平坦型,芝,短中距離(1400-1600),稍,中枠(3-6),母父系統,ネイティヴダンサー系,141,12,31,0.0851,0.2199,172.5,0.0,8.24,0.1849,0.035,1.189,B,新潟芝短中距離(1400-1600)・稍・中枠(3-6)で母父系統「ネイティヴダンサー系」は基準比リフト1.189
競馬場×距離帯×馬場×枠,新潟,直線長め・平坦型,芝,短距離(1000-1300),重不良,中枠(3-6),母父系統,ロイヤルチャージャー系,132,5,21,0.0379,0.1591,33.0,0.0,8.37,0.1339,0.0252,1.188,B,新潟芝短距離(1000-1300)・重不良・中枠(3-6)で母父系統「ロイヤルチャージャー系」は基準比リフト1.188
競馬場×距離帯×馬場×枠,新潟,直線長め・平坦型,ダ,短距離(1000-1300),良,外枠(7-8),父,サウスヴィグラス,85,8,23,0.0941,0.2706,67.3,0.0,6.26,0.2279,0.0427,1.187,B,新潟ダ短距離(1000-1300)・良・外枠(7-8)で父「サウスヴィグラス」は基準比リフト1.187
競馬場×距離帯×馬場×枠,中京,直線長め・持続型,芝,短中距離(1400-1600),重不良,外枠(7-8),父系統,父系統不明,82,8,22,0.0976,0.2683,57.6,0.0,7.17,0.2261,0.0422,1.187,B,中京芝短中距離(1400-1600)・重不良・外枠(7-8)で父系統「父系統不明」は基準比リフト1.187
競馬場×距離帯×馬場×枠,小倉,小回り・機動型,芝,中距離(1700-2000),良,外枠(7-8),父,キングカメハメハ,107,7,26,0.0654,0.243,41.5,0.0,6.7,0.2048,0.0382,1.187,B,小倉芝中距離(1700-2000)・良・外枠(7-8)で父「キングカメハメハ」は基準比リフト1.187
競馬場×距離帯×馬場×枠,中山,坂あり・パワー型,ダ,中距離(1700-2000),良,中枠(3-6),父,ダイワメジャー,127,7,30,0.0551,0.2362,60.6,0.0,6.83,0.199,0.0372,1.187,B,中山ダ中距離(1700-2000)・良・中枠(3-6)で父「ダイワメジャー」は基準比リフト1.187
競馬場×距離帯×馬場×枠,新潟,直線長め・平坦型,芝,中長距離(2100-2400),稍,中枠(3-6),母父系統,ロイヤルチャージャー系,91,8,23,0.0879,0.2527,81.9,0.0,7.15,0.2131,0.0396,1.186,B,新潟芝中長距離(2100-2400)・稍・中枠(3-6)で母父系統「ロイヤルチャージャー系」は基準比リフト1.186
競馬場×距離帯×馬場×枠,阪神,坂あり・パワー型,ダ,中距離(1700-2000),良,内枠(1-2),父,シンボリクリスエス,90,6,22,0.0667,0.2444,186.8,0.0,6.61,0.206,0.0384,1.186,B,阪神ダ中距離(1700-2000)・良・内枠(1-2)で父「シンボリクリスエス」は基準比リフト1.186
競馬場×距離帯×馬場×枠,札幌,小回り・持続型,芝,短距離(1000-1300),稍,中枠(3-6),母父系統,ネイティヴダンサー系,86,8,22,0.093,0.2558,101.7,0.0,7.05,0.2158,0.04,1.185,B,札幌芝短距離(1000-1300)・稍・中枠(3-6)で母父系統「ネイティヴダンサー系」は基準比リフト1.185
競馬場×距離帯×馬場×枠,中京,直線長め・持続型,芝,中長距離(2100-2400),良,内枠(1-2),母父系統,ニアークティック系,141,10,35,0.0709,0.2482,101.0,0.0,7.37,0.2094,0.0388,1.185,B,中京芝中長距離(2100-2400)・良・内枠(1-2)で母父系統「ニアークティック系」は基準比リフト1.185
競馬場×距離帯×馬場×枠,京都,平坦・スピード型,芝,短中距離(1400-1600),稍,内枠(1-2),母父系統,ロイヤルチャージャー系,126,7,30,0.0556,0.2381,22.0,0.0,7.59,0.2009,0.0372,1.185,B,京都芝短中距離(1400-1600)・稍・内枠(1-2)で母父系統「ロイヤルチャージャー系」は基準比リフト1.185
競馬場×距離帯×馬場×枠,福島,小回り・機動型,ダ,中距離(1700-2000),稍,外枠(7-8),母父系統,ネイティヴダンサー系,125,15,37,0.12,0.296,133.3,0.0,7.3,0.25,0.046,1.184,B,福島ダ中距離(1700-2000)・稍・外枠(7-8)で母父系統「ネイティヴダンサー系」は基準比リフト1.184
競馬場×距離帯×馬場×枠,東京,直線長め・持続型,芝,短中距離(1400-1600),良,外枠(7-8),父,シンボリクリスエス,119,8,28,0.0672,0.2353,39.7,0.0,7.81,0.1988,0.0365,1.184,B,東京芝短中距離(1400-1600)・良・外枠(7-8)で父「シンボリクリスエス」は基準比リフト1.184
競馬場×距離帯×馬場×枠,阪神,坂あり・パワー型,芝,中距離(1700-2000),良,中枠(3-6),父,マンハッタンカフェ,148,13,42,0.0878,0.2838,68.4,0.0,6.91,0.2399,0.0439,1.183,B,阪神芝中距離(1700-2000)・良・中枠(3-6)で父「マンハッタンカフェ」は基準比リフト1.183
競馬場×距離帯×馬場×枠,函館,小回り・持続型,芝,短距離(1000-1300),良,内枠(1-2),父系統,ナスルーラ系,113,13,35,0.115,0.3097,78.7,0.0,6.32,0.262,0.0477,1.182,B,函館芝短距離(1000-1300)・良・内枠(1-2)で父系統「ナスルーラ系」は基準比リフト1.182
競馬場×距離帯×馬場×枠,京都,平坦・スピード型,芝,中距離(1700-2000),重不良,中枠(3-6),父系統,父系統不明,89,9,27,0.1011,0.3034,60.7,0.0,5.7,0.2566,0.0468,1.182,B,京都芝中距離(1700-2000)・重不良・中枠(3-6)で父系統「父系統不明」は基準比リフト1.182
競馬場×距離帯×馬場×枠,中山,坂あり・パワー型,ダ,中距離(1700-2000),重不良,内枠(1-2),母父系統,ネイティヴダンサー系,136,12,26,0.0882,0.1912,164.0,0.0,7.83,0.1617,0.0295,1.182,B,中山ダ中距離(1700-2000)・重不良・内枠(1-2)で母父系統「ネイティヴダンサー系」は基準比リフト1.182
競馬場×距離帯×馬場×枠,東京,直線長め・持続型,ダ,短中距離(1400-1600),良,中枠(3-6),母父,ゴールドアリュール,123,9,29,0.0732,0.2358,73.3,0.0,8.4,0.1997,0.0361,1.181,B,東京ダ短中距離(1400-1600)・良・中枠(3-6)で母父「ゴールドアリュール」は基準比リフト1.181
競馬場×距離帯×馬場×枠,阪神,坂あり・パワー型,ダ,中距離(1700-2000),良,中枠(3-6),父,ネオユニヴァース,123,11,33,0.0894,0.2683,40.2,0.0,6.44,0.2273,0.041,1.18,B,阪神ダ中距離(1700-2000)・良・中枠(3-6)で父「ネオユニヴァース」は基準比リフト1.18
競馬場×距離帯×馬場×枠,福島,小回り・機動型,芝,短距離(1000-1300),稍,内枠(1-2),母父系統,ニアークティック系,100,8,23,0.08,0.23,49.8,0.0,7.81,0.1951,0.0349,1.179,B,福島芝短距離(1000-1300)・稍・内枠(1-2)で母父系統「ニアークティック系」は基準比リフト1.179
競馬場×距離帯×馬場×枠,小倉,小回り・機動型,芝,短距離(1000-1300),良,中枠(3-6),父,ロードカナロア,148,14,34,0.0946,0.2297,66.1,0.0,7.01,0.1949,0.0348,1.179,B,小倉芝短距離(1000-1300)・良・中枠(3-6)で父「ロードカナロア」は基準比リフト1.179
競馬場×距離帯×馬場×枠,小倉,小回り・機動型,芝,中距離(1700-2000),良,中枠(3-6),父,ゼンノロブロイ,111,10,29,0.0901,0.2613,42.6,0.0,7.09,0.2218,0.0395,1.178,B,小倉芝中距離(1700-2000)・良・中枠(3-6)で父「ゼンノロブロイ」は基準比リフト1.178
競馬場×距離帯×馬場×枠,小倉,小回り・機動型,芝,短距離(1000-1300),良,中枠(3-6),父,タイキシャトル,109,6,25,0.055,0.2294,47.3,0.0,8.22,0.1949,0.0345,1.177,B,小倉芝短距離(1000-1300)・良・中枠(3-6)で父「タイキシャトル」は基準比リフト1.177
競馬場×距離帯×馬場×枠,新潟,直線長め・平坦型,ダ,短距離(1000-1300),稍,内枠(1-2),父系統,父系統不明,88,6,18,0.0682,0.2045,40.0,0.0,7.64,0.1741,0.0304,1.175,B,新潟ダ短距離(1000-1300)・稍・内枠(1-2)で父系統「父系統不明」は基準比リフト1.175
競馬場×距離帯×馬場×枠,東京,直線長め・持続型,芝,中長距離(2100-2400),良,中枠(3-6),父,キングカメハメハ,98,10,26,0.102,0.2653,51.5,0.0,7.05,0.226,0.0393,1.174,B,東京芝中長距離(2100-2400)・良・中枠(3-6)で父「キングカメハメハ」は基準比リフト1.174
競馬場×距離帯×馬場×枠,札幌,小回り・持続型,ダ,短距離(1000-1300),良,内枠(1-2),父系統,ネイティヴダンサー系,104,10,26,0.0962,0.25,81.7,0.0,6.4,0.2129,0.0371,1.174,B,札幌ダ短距離(1000-1300)・良・内枠(1-2)で父系統「ネイティヴダンサー系」は基準比リフト1.174
競馬場×距離帯×馬場×枠,京都,平坦・スピード型,ダ,短距離(1000-1300),不,中枠(3-6),母父系統,ロイヤルチャージャー系,103,10,25,0.0971,0.2427,92.4,0.0,8.11,0.2068,0.0359,1.174,B,京都ダ短距離(1000-1300)・不・中枠(3-6)で母父系統「ロイヤルチャージャー系」は基準比リフト1.174
競馬場×距離帯×馬場×枠,阪神,坂あり・パワー型,芝,短距離(1000-1300),良,外枠(7-8),父系統,ナスルーラ系,123,5,28,0.0407,0.2276,61.1,0.0,7.38,0.1938,0.0338,1.174,B,阪神芝短距離(1000-1300)・良・外枠(7-8)で父系統「ナスルーラ系」は基準比リフト1.174
競馬場×距離帯×馬場×枠,京都,平坦・スピード型,ダ,中距離(1700-2000),重不良,中枠(3-6),父系統,ナスルーラ系,99,13,26,0.1313,0.2626,121.2,0.0,6.97,0.2239,0.0387,1.173,B,京都ダ中距離(1700-2000)・重不良・中枠(3-6)で父系統「ナスルーラ系」は基準比リフト1.173
競馬場×距離帯×馬場×枠,東京,直線長め・持続型,ダ,短中距離(1400-1600),稍,外枠(7-8),母父,サンデーサイレンス,111,12,29,0.1081,0.2613,63.2,0.0,8.14,0.2227,0.0386,1.173,B,東京ダ短中距離(1400-1600)・稍・外枠(7-8)で母父「サンデーサイレンス」は基準比リフト1.173
競馬場×距離帯×馬場×枠,京都,平坦・スピード型,ダ,中距離(1700-2000),良,中枠(3-6),母父,マンハッタンカフェ,86,6,22,0.0698,0.2558,44.0,0.0,6.83,0.2181,0.0377,1.173,B,京都ダ中距離(1700-2000)・良・中枠(3-6)で母父「マンハッタンカフェ」は基準比リフト1.173
競馬場×距離帯×馬場×枠,東京,直線長め・持続型,芝,中距離(1700-2000),良,外枠(7-8),母父,キングカメハメハ,95,5,24,0.0526,0.2526,29.6,0.0,6.23,0.2154,0.0372,1.173,B,東京芝中距離(1700-2000)・良・外枠(7-8)で母父「キングカメハメハ」は基準比リフト1.173
競馬場×距離帯×馬場×枠,阪神,坂あり・パワー型,芝,短距離(1000-1300),良,中枠(3-6),父,サクラバクシンオー,84,8,22,0.0952,0.2619,46.8,0.0,6.69,0.2234,0.0385,1.172,B,阪神芝短距離(1000-1300)・良・中枠(3-6)で父「サクラバクシンオー」は基準比リフト1.172
競馬場×距離帯×馬場×枠,小倉,小回り・機動型,ダ,中距離(1700-2000),不,中枠(3-6),父系統,ネイティヴダンサー系,144,10,34,0.0694,0.2361,75.0,0.0,7.54,0.2015,0.0346,1.172,B,小倉ダ中距離(1700-2000)・不・中枠(3-6)で父系統「ネイティヴダンサー系」は基準比リフト1.172
競馬場×距離帯×馬場×枠,小倉,小回り・機動型,芝,中距離(1700-2000),重不良,外枠(7-8),母父系統,ニアークティック系,129,10,30,0.0775,0.2326,177.7,0.0,7.43,0.1987,0.0339,1.171,B,小倉芝中距離(1700-2000)・重不良・外枠(7-8)で母父系統「ニアークティック系」は基準比リフト1.171
競馬場×距離帯×馬場×枠,小倉,小回り・機動型,芝,短距離(1000-1300),重不良,外枠(7-8),母父系統,ニアークティック系,134,14,29,0.1045,0.2164,224.9,0.0,8.66,0.1848,0.0316,1.171,B,小倉芝短距離(1000-1300)・重不良・外枠(7-8)で母父系統「ニアークティック系」は基準比リフト1.171
競馬場×距離帯×馬場×枠,東京,直線長め・持続型,芝,長距離(2500以上),良,外枠(7-8),母父系統,ニアークティック系,111,7,23,0.0631,0.2072,44.2,0.0,7.93,0.177,0.0302,1.171,B,東京芝長距離(2500以上)・良・外枠(7-8)で母父系統「ニアークティック系」は基準比リフト1.171
競馬場×距離帯×馬場×枠,阪神,坂あり・パワー型,ダ,短距離(1000-1300),重不良,外枠(7-8),父系統,ニアークティック系,101,10,25,0.099,0.2475,75.3,0.0,8.19,0.2115,0.036,1.17,B,阪神ダ短距離(1000-1300)・重不良・外枠(7-8)で父系統「ニアークティック系」は基準比リフト1.17
競馬場×距離帯×馬場×枠,小倉,小回り・機動型,ダ,中距離(1700-2000),稍,内枠(1-2),母父系統,ナスルーラ系,89,9,21,0.1011,0.236,171.3,0.0,7.65,0.2017,0.0343,1.17,B,小倉ダ中距離(1700-2000)・稍・内枠(1-2)で母父系統「ナスルーラ系」は基準比リフト1.17
競馬場×距離帯×馬場×枠,阪神,坂あり・パワー型,ダ,短中距離(1400-1600),重不良,中枠(3-6),母父系統,ナスルーラ系,106,10,22,0.0943,0.2075,77.3,0.0,8.05,0.1774,0.0301,1.17,B,阪神ダ短中距離(1400-1600)・重不良・中枠(3-6)で母父系統「ナスルーラ系」は基準比リフト1.17
競馬場×距離帯×馬場×枠,中京,直線長め・持続型,芝,中長距離(2100-2400),良,内枠(1-2),父系統,父系統不明,94,7,23,0.0745,0.2447,38.1,0.0,6.99,0.2094,0.0353,1.169,B,中京芝中長距離(2100-2400)・良・内枠(1-2)で父系統「父系統不明」は基準比リフト1.169
競馬場×距離帯×馬場×枠,阪神,坂あり・パワー型,ダ,短中距離(1400-1600),良,中枠(3-6),母父,スペシャルウィーク,80,7,19,0.0875,0.2375,112.4,0.0,8.02,0.2031,0.0344,1.169,B,阪神ダ短中距離(1400-1600)・良・中枠(3-6)で母父「スペシャルウィーク」は基準比リフト1.169
競馬場×距離帯×馬場×枠,東京,直線長め・持続型,芝,短中距離(1400-1600),良,中枠(3-6),父,ルーラーシップ,135,13,32,0.0963,0.237,50.2,0.0,7.19,0.2028,0.0342,1.169,B,東京芝短中距離(1400-1600)・良・中枠(3-6)で父「ルーラーシップ」は基準比リフト1.169
競馬場×距離帯×馬場×枠,東京,直線長め・持続型,ダ,短中距離(1400-1600),良,内枠(1-2),母父,スペシャルウィーク,102,7,20,0.0686,0.1961,68.7,0.0,7.79,0.1677,0.0284,1.169,B,東京ダ短中距離(1400-1600)・良・内枠(1-2)で母父「スペシャルウィーク」は基準比リフト1.169
競馬場×距離帯×馬場×枠,中山,坂あり・パワー型,芝,短中距離(1400-1600),重不良,中枠(3-6),母父系統,ロイヤルチャージャー系,92,11,23,0.1196,0.25,129.1,0.0,7.62,0.214,0.036,1.168,B,中山芝短中距離(1400-1600)・重不良・中枠(3-6)で母父系統「ロイヤルチャージャー系」は基準比リフト1.168
競馬場×距離帯×馬場×枠,京都,平坦・スピード型,ダ,短中距離(1400-1600),稍,外枠(7-8),父系統,ネイティヴダンサー系,138,10,30,0.0725,0.2174,50.8,0.0,8.37,0.1862,0.0312,1.168,B,京都ダ短中距離(1400-1600)・稍・外枠(7-8)で父系統「ネイティヴダンサー系」は基準比リフト1.168
競馬場×距離帯×馬場×枠,中山,坂あり・パワー型,ダ,中距離(1700-2000),稍,内枠(1-2),父系統,ナスルーラ系,98,8,21,0.0816,0.2143,157.8,0.0,7.83,0.1835,0.0308,1.168,B,中山ダ中距離(1700-2000)・稍・内枠(1-2)で父系統「ナスルーラ系」は基準比リフト1.168
競馬場×距離帯×馬場×枠,阪神,坂あり・パワー型,ダ,短距離(1000-1300),良,内枠(1-2),父系統,ナスルーラ系,143,12,30,0.0839,0.2098,195.9,0.0,8.14,0.1796,0.0302,1.168,B,阪神ダ短距離(1000-1300)・良・内枠(1-2)で父系統「ナスルーラ系」は基準比リフト1.168
競馬場×距離帯×馬場×枠,中京,直線長め・持続型,ダ,短中距離(1400-1600),不,中枠(3-6),母父系統,ネイティヴダンサー系,99,9,25,0.0909,0.2525,124.0,0.0,7.9,0.2164,0.0361,1.167,B,中京ダ短中距離(1400-1600)・不・中枠(3-6)で母父系統「ネイティヴダンサー系」は基準比リフト1.167
競馬場×距離帯×馬場×枠,新潟,直線長め・平坦型,芝,中距離(1700-2000),重不良,外枠(7-8),父系統,ロイヤルチャージャー系,98,8,23,0.0816,0.2347,33.9,0.0,7.2,0.2011,0.0336,1.167,B,新潟芝中距離(1700-2000)・重不良・外枠(7-8)で父系統「ロイヤルチャージャー系」は基準比リフト1.167
競馬場×距離帯×馬場×枠,京都,平坦・スピード型,芝,短中距離(1400-1600),良,外枠(7-8),父,アドマイヤムーン,93,8,21,0.086,0.2258,61.6,0.0,7.59,0.1935,0.0323,1.167,B,京都芝短中距離(1400-1600)・良・外枠(7-8)で父「アドマイヤムーン」は基準比リフト1.167
競馬場×距離帯×馬場×枠,小倉,小回り・機動型,芝,短距離(1000-1300),良,中枠(3-6),父,アドマイヤムーン,110,10,25,0.0909,0.2273,40.4,0.0,7.88,0.1949,0.0324,1.166,B,小倉芝短距離(1000-1300)・良・中枠(3-6)で父「アドマイヤムーン」は基準比リフト1.166
競馬場×距離帯×馬場×枠,東京,直線長め・持続型,ダ,短中距離(1400-1600),不,外枠(7-8),父系統,ニアークティック系,108,6,23,0.0556,0.213,50.6,0.0,8.08,0.1827,0.0303,1.166,B,東京ダ短中距離(1400-1600)・不・外枠(7-8)で父系統「ニアークティック系」は基準比リフト1.166
競馬場×距離帯×馬場×枠,小倉,小回り・機動型,ダ,中距離(1700-2000),良,中枠(3-6),父,クロフネ,119,8,27,0.0672,0.2269,26.1,0.0,7.15,0.1947,0.0322,1.165,B,小倉ダ中距離(1700-2000)・良・中枠(3-6)で父「クロフネ」は基準比リフト1.165
競馬場×距離帯×馬場×枠,阪神,坂あり・パワー型,ダ,短距離(1000-1300),重不良,外枠(7-8),母父系統,ネイティヴダンサー系,130,12,32,0.0923,0.2462,116.2,0.0,7.52,0.2115,0.0347,1.164,B,阪神ダ短距離(1000-1300)・重不良・外枠(7-8)で母父系統「ネイティヴダンサー系」は基準比リフト1.164
競馬場×距離帯×馬場×枠,札幌,小回り・持続型,ダ,中距離(1700-2000),稍,外枠(7-8),母父系統,ネイティヴダンサー系,87,7,23,0.0805,0.2644,91.6,0.0,6.87,0.2274,0.037,1.163,B,札幌ダ中距離(1700-2000)・稍・外枠(7-8)で母父系統「ネイティヴダンサー系」は基準比リフト1.163
競馬場×距離帯×馬場×枠,阪神,坂あり・パワー型,ダ,短距離(1000-1300),良,中枠(3-6),母父,ブライアンズタイム,87,7,21,0.0805,0.2414,95.4,0.0,7.54,0.2076,0.0338,1.163,B,阪神ダ短距離(1000-1300)・良・中枠(3-6)で母父「ブライアンズタイム」は基準比リフト1.163
競馬場×距離帯×馬場×枠,函館,小回り・持続型,ダ,中距離(1700-2000),稍,外枠(7-8),母父系統,ネイティヴダンサー系,119,13,38,0.1092,0.3193,56.5,0.0,5.97,0.2747,0.0446,1.162,B,函館ダ中距離(1700-2000)・稍・外枠(7-8)で母父系統「ネイティヴダンサー系」は基準比リフト1.162
競馬場×距離帯×馬場×枠,札幌,小回り・持続型,ダ,中距離(1700-2000),良,中枠(3-6),父,キングカメハメハ,129,14,37,0.1085,0.2868,91.1,0.0,5.73,0.2469,0.0399,1.162,B,札幌ダ中距離(1700-2000)・良・中枠(3-6)で父「キングカメハメハ」は基準比リフト1.162
競馬場×距離帯×馬場×枠,札幌,小回り・持続型,ダ,中距離(1700-2000),良,外枠(7-8),父系統,ナスルーラ系,136,15,36,0.1103,0.2647,87.8,0.0,6.57,0.2278,0.0369,1.162,B,札幌ダ中距離(1700-2000)・良・外枠(7-8)で父系統「ナスルーラ系」は基準比リフト1.162
競馬場×距離帯×馬場×枠,中山,坂あり・パワー型,ダ,短距離(1000-1300),稍,外枠(7-8),父系統,ナスルーラ系,122,15,32,0.123,0.2623,143.9,0.0,7.47,0.2257,0.0366,1.162,B,中山ダ短距離(1000-1300)・稍・外枠(7-8)で父系統「ナスルーラ系」は基準比リフト1.162
競馬場×距離帯×馬場×枠,中山,坂あり・パワー型,芝,中距離(1700-2000),良,内枠(1-2),父,ハービンジャー,97,11,25,0.1134,0.2577,86.9,0.0,6.84,0.2217,0.036,1.162,B,中山芝中距離(1700-2000)・良・内枠(1-2)で父「ハービンジャー」は基準比リフト1.162
競馬場×距離帯×馬場×枠,中山,坂あり・パワー型,芝,短中距離(1400-1600),良,中枠(3-6),母父,フレンチデピュティ,94,10,22,0.1064,0.234,114.5,0.0,7.46,0.2014,0.0326,1.162,B,中山芝短中距離(1400-1600)・良・中枠(3-6)で母父「フレンチデピュティ」は基準比リフト1.162
競馬場×距離帯×馬場×枠,東京,直線長め・持続型,ダ,中長距離(2100-2400),稍,内枠(1-2),父系統,ロイヤルチャージャー系,93,6,21,0.0645,0.2258,32.7,0.0,7.86,0.1944,0.0314,1.162,B,東京ダ中長距離(2100-2400)・稍・内枠(1-2)で父系統「ロイヤルチャージャー系」は基準比リフト1.162
競馬場×距離帯×馬場×枠,東京,直線長め・持続型,ダ,短中距離(1400-1600),良,内枠(1-2),父,ダイワメジャー,118,9,23,0.0763,0.1949,26.7,0.0,7.04,0.1677,0.0272,1.162,B,東京ダ短中距離(1400-1600)・良・内枠(1-2)で父「ダイワメジャー」は基準比リフト1.162
競馬場×距離帯×馬場×枠,東京,直線長め・持続型,芝,中距離(1700-2000),良,外枠(7-8),母父,ディープインパクト,92,7,23,0.0761,0.25,45.5,0.0,7.25,0.2154,0.0346,1.161,B,東京芝中距離(1700-2000)・良・外枠(7-8)で母父「ディープインパクト」は基準比リフト1.161
競馬場×距離帯×馬場×枠,東京,直線長め・持続型,ダ,短中距離(1400-1600),良,中枠(3-6),父,ブライアンズタイム,138,4,32,0.029,0.2319,13.1,0.0,7.0,0.1997,0.0322,1.161,B,東京ダ短中距離(1400-1600)・良・中枠(3-6)で父「ブライアンズタイム」は基準比リフト1.161
競馬場×距離帯×馬場×枠,小倉,小回り・機動型,芝,長距離(2500以上),稍,中枠(3-6),父系統,ロイヤルチャージャー系,140,14,45,0.1,0.3214,116.6,0.0,5.84,0.2771,0.0443,1.16,B,小倉芝長距離(2500以上)・稍・中枠(3-6)で父系統「ロイヤルチャージャー系」は基準比リフト1.16
競馬場×距離帯×馬場×枠,中京,直線長め・持続型,芝,中距離(1700-2000),稍,内枠(1-2),父系統,ロイヤルチャージャー系,95,10,27,0.1053,0.2842,48.0,0.0,7.12,0.2451,0.0391,1.16,B,中京芝中距離(1700-2000)・稍・内枠(1-2)で父系統「ロイヤルチャージャー系」は基準比リフト1.16
競馬場×距離帯×馬場×枠,中京,直線長め・持続型,ダ,中距離(1700-2000),重不良,内枠(1-2),父系統,父系統不明,88,8,25,0.0909,0.2841,111.4,0.0,7.09,0.2449,0.0392,1.16,B,中京ダ中距離(1700-2000)・重不良・内枠(1-2)で父系統「父系統不明」は基準比リフト1.16
競馬場×距離帯×馬場×枠,福島,小回り・機動型,芝,中距離(1700-2000),良,中枠(3-6),母父,アグネスタキオン,130,12,33,0.0923,0.2538,137.7,0.0,7.7,0.2188,0.035,1.16,B,福島芝中距離(1700-2000)・良・中枠(3-6)で母父「アグネスタキオン」は基準比リフト1.16
競馬場×距離帯×馬場×枠,新潟,直線長め・平坦型,芝,中距離(1700-2000),稍,外枠(7-8),父系統,父系統不明,121,9,29,0.0744,0.2397,58.8,0.0,7.19,0.2066,0.0331,1.16,B,新潟芝中距離(1700-2000)・稍・外枠(7-8)で父系統「父系統不明」は基準比リフト1.16
競馬場×距離帯×馬場×枠,福島,小回り・機動型,ダ,短距離(1000-1300),良,中枠(3-6),母父,フジキセキ,87,4,19,0.046,0.2184,44.9,0.0,8.13,0.1882,0.0302,1.16,B,福島ダ短距離(1000-1300)・良・中枠(3-6)で母父「フジキセキ」は基準比リフト1.16
競馬場×距離帯×馬場×枠,中京,直線長め・持続型,ダ,短中距離(1400-1600),稍,内枠(1-2),母父系統,ロイヤルチャージャー系,142,10,32,0.0704,0.2254,85.9,0.0,7.99,0.1944,0.031,1.159,B,中京ダ短中距離(1400-1600)・稍・内枠(1-2)で母父系統「ロイヤルチャージャー系」は基準比リフト1.159
競馬場×距離帯×馬場×枠,京都,平坦・スピード型,ダ,短中距離(1400-1600),良,外枠(7-8),父,ゴールドアリュール,80,8,18,0.1,0.225,42.6,0.0,6.79,0.1942,0.0308,1.159,B,京都ダ短中距離(1400-1600)・良・外枠(7-8)で父「ゴールドアリュール」は基準比リフト1.159
競馬場×距離帯×馬場×枠,中京,直線長め・持続型,ダ,短距離(1000-1300),不,中枠(3-6),母父系統,ロイヤルチャージャー系,88,7,17,0.0795,0.1932,114.4,0.0,8.32,0.1667,0.0265,1.159,B,中京ダ短距離(1000-1300)・不・中枠(3-6)で母父系統「ロイヤルチャージャー系」は基準比リフト1.159
競馬場×距離帯×馬場×枠,東京,直線長め・持続型,ダ,中長距離(2100-2400),重不良,中枠(3-6),母父系統,ロイヤルチャージャー系,148,13,40,0.0878,0.2703,63.3,0.0,7.32,0.2334,0.0369,1.158,B,東京ダ中長距離(2100-2400)・重不良・中枠(3-6)で母父系統「ロイヤルチャージャー系」は基準比リフト1.158
競馬場×距離帯×馬場×枠,京都,平坦・スピード型,芝,中距離(1700-2000),良,外枠(7-8),母父,トニービン,103,9,27,0.0874,0.2621,51.7,0.0,6.64,0.2263,0.0358,1.158,B,京都芝中距離(1700-2000)・良・外枠(7-8)で母父「トニービン」は基準比リフト1.158
競馬場×距離帯×馬場×枠,小倉,小回り・機動型,芝,中距離(1700-2000),稍,外枠(7-8),母父系統,ナスルーラ系,83,4,21,0.0482,0.253,43.6,0.0,7.51,0.2184,0.0346,1.158,B,小倉芝中距離(1700-2000)・稍・外枠(7-8)で母父系統「ナスルーラ系」は基準比リフト1.158
競馬場×距離帯×馬場×枠,東京,直線長め・持続型,芝,中長距離(2100-2400),良,中枠(3-6),父,ハービンジャー,88,10,23,0.1136,0.2614,83.4,0.0,6.57,0.226,0.0354,1.157,B,東京芝中長距離(2100-2400)・良・中枠(3-6)で父「ハービンジャー」は基準比リフト1.157
競馬場×距離帯×馬場×枠,中山,坂あり・パワー型,芝,中距離(1700-2000),稍,内枠(1-2),母父系統,ネイティヴダンサー系,96,8,25,0.0833,0.2604,47.7,0.0,8.14,0.2251,0.0353,1.157,B,中山芝中距離(1700-2000)・稍・内枠(1-2)で母父系統「ネイティヴダンサー系」は基準比リフト1.157
競馬場×距離帯×馬場×枠,中京,直線長め・持続型,芝,短中距離(1400-1600),良,中枠(3-6),父,ロードカナロア,139,12,33,0.0863,0.2374,48.9,0.0,6.17,0.2051,0.0323,1.157,B,中京芝短中距離(1400-1600)・良・中枠(3-6)で父「ロードカナロア」は基準比リフト1.157
競馬場×距離帯×馬場×枠,小倉,小回り・機動型,芝,中距離(1700-2000),重不良,外枠(7-8),父系統,父系統不明,148,12,34,0.0811,0.2297,122.3,0.0,7.56,0.1987,0.031,1.156,B,小倉芝中距離(1700-2000)・重不良・外枠(7-8)で父系統「父系統不明」は基準比リフト1.156
競馬場×距離帯×馬場×枠,京都,平坦・スピード型,芝,中距離(1700-2000),稍,内枠(1-2),父系統,ロイヤルチャージャー系,132,17,37,0.1288,0.2803,59.0,0.0,6.42,0.2426,0.0377,1.155,B,京都芝中距離(1700-2000)・稍・内枠(1-2)で父系統「ロイヤルチャージャー系」は基準比リフト1.155
競馬場×距離帯×馬場×枠,京都,平坦・スピード型,芝,中距離(1700-2000),良,外枠(7-8),母父系統,その他のエクリプス系,88,9,23,0.1023,0.2614,41.4,0.0,6.36,0.2263,0.0351,1.155,B,京都芝中距離(1700-2000)・良・外枠(7-8)で母父系統「その他のエクリプス系」は基準比リフト1.155
競馬場×距離帯×馬場×枠,中山,坂あり・パワー型,芝,中距離(1700-2000),良,中枠(3-6),父,ヴィクトワールピサ,80,9,20,0.1125,0.25,58.8,0.0,6.89,0.2165,0.0335,1.155,B,中山芝中距離(1700-2000)・良・中枠(3-6)で父「ヴィクトワールピサ」は基準比リフト1.155
競馬場×距離帯×馬場×枠,函館,小回り・持続型,ダ,短距離(1000-1300),良,中枠(3-6),父系統,ナスルーラ系,131,15,39,0.1145,0.2977,77.3,0.0,5.77,0.2579,0.0398,1.154,B,函館ダ短距離(1000-1300)・良・中枠(3-6)で父系統「ナスルーラ系」は基準比リフト1.154
競馬場×距離帯×馬場×枠,阪神,坂あり・パワー型,芝,短中距離(1400-1600),良,中枠(3-6),父,アグネスタキオン,96,9,24,0.0938,0.25,52.7,0.0,6.09,0.2169,0.0331,1.153,B,阪神芝短中距離(1400-1600)・良・中枠(3-6)で父「アグネスタキオン」は基準比リフト1.153
競馬場×距離帯×馬場×枠,阪神,坂あり・パワー型,芝,短距離(1000-1300),稍,中枠(3-6),母父系統,ロイヤルチャージャー系,119,14,36,0.1176,0.3025,114.3,0.0,6.99,0.2627,0.0398,1.152,B,阪神芝短距離(1000-1300)・稍・中枠(3-6)で母父系統「ロイヤルチャージャー系」は基準比リフト1.152
競馬場×距離帯×馬場×枠,新潟,直線長め・平坦型,芝,中長距離(2100-2400),良,中枠(3-6),母父,サンデーサイレンス,91,6,24,0.0659,0.2637,92.0,0.0,7.82,0.229,0.0347,1.152,B,新潟芝中長距離(2100-2400)・良・中枠(3-6)で母父「サンデーサイレンス」は基準比リフト1.152
競馬場×距離帯×馬場×枠,阪神,坂あり・パワー型,ダ,中距離(1700-2000),良,中枠(3-6),父,ヘニーヒューズ,84,8,22,0.0952,0.2619,35.0,0.0,6.67,0.2273,0.0346,1.152,B,阪神ダ中距離(1700-2000)・良・中枠(3-6)で父「ヘニーヒューズ」は基準比リフト1.152
競馬場×距離帯×馬場×枠,新潟,直線長め・平坦型,ダ,短距離(1000-1300),良,内枠(1-2),父系統,ナスルーラ系,143,11,29,0.0769,0.2028,100.6,0.0,7.3,0.1762,0.0266,1.151,B,新潟ダ短距離(1000-1300)・良・内枠(1-2)で父系統「ナスルーラ系」は基準比リフト1.151
競馬場×距離帯×馬場×枠,福島,小回り・機動型,芝,中距離(1700-2000),稍,外枠(7-8),母父系統,ニアークティック系,119,11,35,0.0924,0.2941,70.9,0.0,7.76,0.2558,0.0383,1.15,B,福島芝中距離(1700-2000)・稍・外枠(7-8)で母父系統「ニアークティック系」は基準比リフト1.15
競馬場×距離帯×馬場×枠,阪神,坂あり・パワー型,芝,中長距離(2100-2400),稍,中枠(3-6),母父系統,ロイヤルチャージャー系,141,12,38,0.0851,0.2695,69.4,0.0,6.6,0.2344,0.0351,1.15,B,阪神芝中長距離(2100-2400)・稍・中枠(3-6)で母父系統「ロイヤルチャージャー系」は基準比リフト1.15
競馬場×距離帯×馬場×枠,中京,直線長め・持続型,芝,中長距離(2100-2400),稍,外枠(7-8),父系統,ロイヤルチャージャー系,91,9,24,0.0989,0.2637,77.5,0.0,7.18,0.2293,0.0344,1.15,B,中京芝中長距離(2100-2400)・稍・外枠(7-8)で父系統「ロイヤルチャージャー系」は基準比リフト1.15
競馬場×距離帯×馬場×枠,札幌,小回り・持続型,ダ,中距離(1700-2000),良,外枠(7-8),母父,サンデーサイレンス,126,8,33,0.0635,0.2619,55.3,0.0,6.56,0.2278,0.0341,1.15,B,札幌ダ中距離(1700-2000)・良・外枠(7-8)で母父「サンデーサイレンス」は基準比リフト1.15
競馬場×距離帯×馬場×枠,中山,坂あり・パワー型,芝,長距離(2500以上),稍,外枠(7-8),父系統,ロイヤルチャージャー系,84,5,18,0.0595,0.2143,17.4,0.0,6.95,0.1863,0.028,1.15,B,中山芝長距離(2500以上)・稍・外枠(7-8)で父系統「ロイヤルチャージャー系」は基準比リフト1.15
競馬場×距離帯×馬場×枠,阪神,坂あり・パワー型,芝,短中距離(1400-1600),良,内枠(1-2),母父系統,その他のエクリプス系,86,11,22,0.1279,0.2558,74.3,0.0,7.65,0.2227,0.0331,1.149,B,阪神芝短中距離(1400-1600)・良・内枠(1-2)で母父系統「その他のエクリプス系」は基準比リフト1.149
競馬場×距離帯×馬場×枠,中山,坂あり・パワー型,芝,短中距離(1400-1600),稍,中枠(3-6),父系統,ニアークティック系,126,7,30,0.0556,0.2381,41.3,0.0,7.79,0.2072,0.0309,1.149,B,中山芝短中距離(1400-1600)・稍・中枠(3-6)で父系統「ニアークティック系」は基準比リフト1.149
競馬場×距離帯×馬場×枠,京都,平坦・スピード型,ダ,短中距離(1400-1600),不,中枠(3-6),母父系統,ロイヤルチャージャー系,114,7,26,0.0614,0.2281,60.9,0.0,7.54,0.1985,0.0296,1.149,B,京都ダ短中距離(1400-1600)・不・中枠(3-6)で母父系統「ロイヤルチャージャー系」は基準比リフト1.149
競馬場×距離帯×馬場×枠,中京,直線長め・持続型,ダ,中距離(1700-2000),不,中枠(3-6),母父系統,ネイティヴダンサー系,144,12,38,0.0833,0.2639,112.5,0.0,7.4,0.2298,0.0341,1.148,B,中京ダ中距離(1700-2000)・不・中枠(3-6)で母父系統「ネイティヴダンサー系」は基準比リフト1.148
競馬場×距離帯×馬場×枠,阪神,坂あり・パワー型,ダ,短中距離(1400-1600),不,中枠(3-6),父系統,ネイティヴダンサー系,121,12,31,0.0992,0.2562,108.0,0.0,7.64,0.2231,0.0331,1.148,B,阪神ダ短中距離(1400-1600)・不・中枠(3-6)で父系統「ネイティヴダンサー系」は基準比リフト1.148
競馬場×距離帯×馬場×枠,小倉,小回り・機動型,芝,中距離(1700-2000),良,内枠(1-2),父,ステイゴールド,90,9,23,0.1,0.2556,52.2,0.0,7.09,0.2226,0.033,1.148,B,小倉芝中距離(1700-2000)・良・内枠(1-2)で父「ステイゴールド」は基準比リフト1.148
競馬場×距離帯×馬場×枠,阪神,坂あり・パワー型,芝,短中距離(1400-1600),稍,内枠(1-2),母父系統,ナスルーラ系,83,6,21,0.0723,0.253,113.5,0.0,7.47,0.2203,0.0327,1.148,B,阪神芝短中距離(1400-1600)・稍・内枠(1-2)で母父系統「ナスルーラ系」は基準比リフト1.148
競馬場×距離帯×馬場×枠,阪神,坂あり・パワー型,ダ,短距離(1000-1300),良,中枠(3-6),母父,アグネスタキオン,84,8,20,0.0952,0.2381,42.4,0.0,7.89,0.2076,0.0305,1.147,B,阪神ダ短距離(1000-1300)・良・中枠(3-6)で母父「アグネスタキオン」は基準比リフト1.147
競馬場×距離帯×馬場×枠,中山,坂あり・パワー型,ダ,短距離(1000-1300),良,外枠(7-8),母父,ダンスインザダーク,90,7,21,0.0778,0.2333,40.4,0.0,8.01,0.2034,0.0299,1.147,B,中山ダ短距離(1000-1300)・良・外枠(7-8)で母父「ダンスインザダーク」は基準比リフト1.147
競馬場×距離帯×馬場×枠,阪神,坂あり・パワー型,ダ,短中距離(1400-1600),良,中枠(3-6),母父,フレンチデピュティ,103,9,24,0.0874,0.233,228.6,0.0,7.78,0.2031,0.0299,1.147,B,阪神ダ短中距離(1400-1600)・良・中枠(3-6)で母父「フレンチデピュティ」は基準比リフト1.147
競馬場×距離帯×馬場×枠,福島,小回り・機動型,ダ,中距離(1700-2000),重不良,中枠(3-6),父系統,父系統不明,147,8,32,0.0544,0.2177,255.4,0.0,7.94,0.1898,0.0279,1.147,B,福島ダ中距離(1700-2000)・重不良・中枠(3-6)で父系統「父系統不明」は基準比リフト1.147
競馬場×距離帯×馬場×枠,京都,平坦・スピード型,芝,長距離(2500以上),良,内枠(1-2),父系統,ロイヤルチャージャー系,99,13,28,0.1313,0.2828,284.3,0.0,7.1,0.2468,0.036,1.146,B,京都芝長距離(2500以上)・良・内枠(1-2)で父系統「ロイヤルチャージャー系」は基準比リフト1.146
競馬場×距離帯×馬場×枠,京都,平坦・スピード型,ダ,中距離(1700-2000),良,中枠(3-6),母父,ノーザンテースト,88,6,22,0.0682,0.25,59.4,0.0,7.33,0.2181,0.0319,1.146,B,京都ダ中距離(1700-2000)・良・中枠(3-6)で母父「ノーザンテースト」は基準比リフト1.146
競馬場×距離帯×馬場×枠,新潟,直線長め・平坦型,芝,短距離(1000-1300),良,内枠(1-2),母父,サンデーサイレンス,81,5,13,0.0617,0.1605,147.2,0.0,9.75,0.14,0.0205,1.146,B,新潟芝短距離(1000-1300)・良・内枠(1-2)で母父「サンデーサイレンス」は基準比リフト1.146
競馬場×距離帯×馬場×枠,東京,直線長め・持続型,芝,中長距離(2100-2400),良,中枠(3-6),父,ステイゴールド,143,16,37,0.1119,0.2587,64.8,0.0,6.54,0.226,0.0327,1.145,B,東京芝中長距離(2100-2400)・良・中枠(3-6)で父「ステイゴールド」は基準比リフト1.145
競馬場×距離帯×馬場×枠,中京,直線長め・持続型,ダ,中距離(1700-2000),良,中枠(3-6),母父,アフリート,80,8,20,0.1,0.25,87.9,0.0,7.94,0.2184,0.0316,1.145,B,中京ダ中距離(1700-2000)・良・中枠(3-6)で母父「アフリート」は基準比リフト1.145
競馬場×距離帯×馬場×枠,東京,直線長め・持続型,ダ,短中距離(1400-1600),不,内枠(1-2),父系統,父系統不明,141,15,29,0.1064,0.2057,92.5,0.0,8.0,0.1796,0.0261,1.145,B,東京ダ短中距離(1400-1600)・不・内枠(1-2)で父系統「父系統不明」は基準比リフト1.145
競馬場×距離帯×馬場×枠,京都,平坦・スピード型,芝,中距離(1700-2000),良,外枠(7-8),父,ハービンジャー,112,11,29,0.0982,0.2589,56.2,0.0,5.54,0.2263,0.0326,1.144,B,京都芝中距離(1700-2000)・良・外枠(7-8)で父「ハービンジャー」は基準比リフト1.144
競馬場×距離帯×馬場×枠,東京,直線長め・持続型,芝,短中距離(1400-1600),良,中枠(3-6),父,ハービンジャー,125,6,29,0.048,0.232,18.6,0.0,6.56,0.2028,0.0292,1.144,B,東京芝短中距離(1400-1600)・良・中枠(3-6)で父「ハービンジャー」は基準比リフト1.144
競馬場×距離帯×馬場×枠,中山,坂あり・パワー型,ダ,中距離(1700-2000),不,内枠(1-2),父系統,父系統不明,96,8,22,0.0833,0.2292,292.9,0.0,8.1,0.2004,0.0288,1.144,B,中山ダ中距離(1700-2000)・不・内枠(1-2)で父系統「父系統不明」は基準比リフト1.144
競馬場×距離帯×馬場×枠,中京,直線長め・持続型,芝,短距離(1000-1300),良,中枠(3-6),母父,サンデーサイレンス,93,4,21,0.043,0.2258,27.6,0.0,8.61,0.1973,0.0285,1.144,B,中京芝短距離(1000-1300)・良・中枠(3-6)で母父「サンデーサイレンス」は基準比リフト1.144
競馬場×距離帯×馬場×枠,京都,平坦・スピード型,ダ,短距離(1000-1300),稍,内枠(1-2),母父系統,ネイティヴダンサー系,110,9,24,0.0818,0.2182,53.9,0.0,7.68,0.1908,0.0274,1.144,B,京都ダ短距離(1000-1300)・稍・内枠(1-2)で母父系統「ネイティヴダンサー系」は基準比リフト1.144
競馬場×距離帯×馬場×枠,阪神,坂あり・パワー型,芝,短中距離(1400-1600),良,中枠(3-6),母父,スペシャルウィーク,125,10,31,0.08,0.248,84.4,0.0,7.4,0.2169,0.0311,1.143,B,阪神芝短中距離(1400-1600)・良・中枠(3-6)で母父「スペシャルウィーク」は基準比リフト1.143
競馬場×距離帯×馬場×枠,東京,直線長め・持続型,ダ,短中距離(1400-1600),良,中枠(3-6),父,ドレフォン,92,4,21,0.0435,0.2283,24.0,0.0,6.61,0.1997,0.0286,1.143,B,東京ダ短中距離(1400-1600)・良・中枠(3-6)で父「ドレフォン」は基準比リフト1.143
競馬場×距離帯×馬場×枠,函館,小回り・持続型,芝,中距離(1700-2000),良,中枠(3-6),父,ステイゴールド,95,13,26,0.1368,0.2737,113.3,0.0,6.24,0.2397,0.034,1.142,B,函館芝中距離(1700-2000)・良・中枠(3-6)で父「ステイゴールド」は基準比リフト1.142
競馬場×距離帯×馬場×枠,新潟,直線長め・平坦型,芝,中距離(1700-2000),稍,中枠(3-6),母父系統,ナスルーラ系,113,9,28,0.0796,0.2478,52.9,0.0,8.02,0.217,0.0308,1.142,B,新潟芝中距離(1700-2000)・稍・中枠(3-6)で母父系統「ナスルーラ系」は基準比リフト1.142
競馬場×距離帯×馬場×枠,中京,直線長め・持続型,ダ,短中距離(1400-1600),重不良,内枠(1-2),父系統,ロイヤルチャージャー系,87,9,18,0.1034,0.2069,261.7,0.0,8.23,0.1811,0.0258,1.142,B,中京ダ短中距離(1400-1600)・重不良・内枠(1-2)で父系統「ロイヤルチャージャー系」は基準比リフト1.142
競馬場×距離帯×馬場×枠,東京,直線長め・持続型,ダ,短中距離(1400-1600),重不良,外枠(7-8),母父,サンデーサイレンス,89,7,23,0.0787,0.2584,97.5,0.0,7.58,0.2265,0.0319,1.141,B,東京ダ短中距離(1400-1600)・重不良・外枠(7-8)で母父「サンデーサイレンス」は基準比リフト1.141
競馬場×距離帯×馬場×枠,小倉,小回り・機動型,ダ,短距離(1000-1300),良,内枠(1-2),父系統,ニアークティック系,92,9,22,0.0978,0.2391,71.5,0.0,6.46,0.2096,0.0295,1.141,B,小倉ダ短距離(1000-1300)・良・内枠(1-2)で父系統「ニアークティック系」は基準比リフト1.141
競馬場×距離帯×馬場×枠,阪神,坂あり・パワー型,ダ,中距離(1700-2000),不,外枠(7-8),父系統,父系統不明,139,11,33,0.0791,0.2374,31.0,0.0,6.94,0.2081,0.0293,1.141,B,阪神ダ中距離(1700-2000)・不・外枠(7-8)で父系統「父系統不明」は基準比リフト1.141
競馬場×距離帯×馬場×枠,新潟,直線長め・平坦型,芝,短距離(1000-1300),稍,内枠(1-2),母父系統,ロイヤルチャージャー系,124,7,19,0.0565,0.1532,59.6,0.0,9.67,0.1343,0.0189,1.141,B,新潟芝短距離(1000-1300)・稍・内枠(1-2)で母父系統「ロイヤルチャージャー系」は基準比リフト1.141
競馬場×距離帯×馬場×枠,小倉,小回り・機動型,芝,中距離(1700-2000),良,中枠(3-6),母父,シンボリクリスエス,87,6,22,0.069,0.2529,38.9,0.0,6.83,0.2218,0.0311,1.14,B,小倉芝中距離(1700-2000)・良・中枠(3-6)で母父「シンボリクリスエス」は基準比リフト1.14
競馬場×距離帯×馬場×枠,新潟,直線長め・平坦型,芝,中距離(1700-2000),良,中枠(3-6),父,ゼンノロブロイ,97,4,24,0.0412,0.2474,42.4,0.0,7.22,0.2171,0.0303,1.14,B,新潟芝中距離(1700-2000)・良・中枠(3-6)で父「ゼンノロブロイ」は基準比リフト1.14
競馬場×距離帯×馬場×枠,小倉,小回り・機動型,ダ,中距離(1700-2000),不,内枠(1-2),母父系統,ネイティヴダンサー系,82,7,20,0.0854,0.2439,123.2,0.0,8.4,0.2139,0.03,1.14,B,小倉ダ中距離(1700-2000)・不・内枠(1-2)で母父系統「ネイティヴダンサー系」は基準比リフト1.14
競馬場×距離帯×馬場×枠,京都,平坦・スピード型,芝,短距離(1000-1300),良,中枠(3-6),父,サクラバクシンオー,119,12,28,0.1008,0.2353,88.9,0.0,6.9,0.2064,0.0289,1.14,B,京都芝短距離(1000-1300)・良・中枠(3-6)で父「サクラバクシンオー」は基準比リフト1.14
競馬場×距離帯×馬場×枠,阪神,坂あり・パワー型,ダ,短距離(1000-1300),稍,外枠(7-8),父系統,ナスルーラ系,82,6,22,0.0732,0.2683,54.6,0.0,7.01,0.2356,0.0327,1.139,B,阪神ダ短距離(1000-1300)・稍・外枠(7-8)で父系統「ナスルーラ系」は基準比リフト1.139
競馬場×距離帯×馬場×枠,札幌,小回り・持続型,ダ,中距離(1700-2000),稍,外枠(7-8),父系統,ロイヤルチャージャー系,139,11,36,0.0791,0.259,59.9,0.0,6.58,0.2274,0.0316,1.139,B,札幌ダ中距離(1700-2000)・稍・外枠(7-8)で父系統「ロイヤルチャージャー系」は基準比リフト1.139
競馬場×距離帯×馬場×枠,阪神,坂あり・パワー型,ダ,中距離(1700-2000),良,内枠(1-2),母父,スペシャルウィーク,81,6,19,0.0741,0.2346,23.0,0.0,6.78,0.206,0.0286,1.139,B,阪神ダ中距離(1700-2000)・良・内枠(1-2)で母父「スペシャルウィーク」は基準比リフト1.139
競馬場×距離帯×馬場×枠,福島,小回り・機動型,芝,長距離(2500以上),稍,中枠(3-6),父系統,ロイヤルチャージャー系,133,15,37,0.1128,0.2782,53.5,0.0,6.02,0.2445,0.0337,1.138,B,福島芝長距離(2500以上)・稍・中枠(3-6)で父系統「ロイヤルチャージャー系」は基準比リフト1.138
競馬場×距離帯×馬場×枠,函館,小回り・持続型,ダ,中距離(1700-2000),良,中枠(3-6),父,キングカメハメハ,97,9,26,0.0928,0.268,55.8,0.0,5.86,0.2356,0.0324,1.138,B,函館ダ中距離(1700-2000)・良・中枠(3-6)で父「キングカメハメハ」は基準比リフト1.138
競馬場×距離帯×馬場×枠,東京,直線長め・持続型,ダ,短中距離(1400-1600),良,外枠(7-8),母父,シンボリクリスエス,138,12,34,0.087,0.2464,75.6,0.0,7.69,0.2165,0.0299,1.138,B,東京ダ短中距離(1400-1600)・良・外枠(7-8)で母父「シンボリクリスエス」は基準比リフト1.138
競馬場×距離帯×馬場×枠,京都,平坦・スピード型,ダ,短中距離(1400-1600),稍,内枠(1-2),父系統,ネイティヴダンサー系,136,6,30,0.0441,0.2206,60.4,0.0,8.33,0.1939,0.0267,1.138,B,京都ダ短中距離(1400-1600)・稍・内枠(1-2)で父系統「ネイティヴダンサー系」は基準比リフト1.138
競馬場×距離帯×馬場×枠,新潟,直線長め・平坦型,芝,短距離(1000-1300),良,中枠(3-6),父,サクラバクシンオー,118,9,23,0.0763,0.1949,87.7,0.0,7.47,0.1712,0.0237,1.138,B,新潟芝短距離(1000-1300)・良・中枠(3-6)で父「サクラバクシンオー」は基準比リフト1.138
競馬場×距離帯×馬場×枠,小倉,小回り・機動型,芝,長距離(2500以上),良,中枠(3-6),母父,サンデーサイレンス,86,13,25,0.1512,0.2907,87.8,0.0,6.09,0.2556,0.0351,1.137,B,小倉芝長距離(2500以上)・良・中枠(3-6)で母父「サンデーサイレンス」は基準比リフト1.137
競馬場×距離帯×馬場×枠,阪神,坂あり・パワー型,芝,中距離(1700-2000),良,中枠(3-6),母父,スペシャルウィーク,88,9,24,0.1023,0.2727,141.8,0.0,8.02,0.2399,0.0328,1.137,B,阪神芝中距離(1700-2000)・良・中枠(3-6)で母父「スペシャルウィーク」は基準比リフト1.137
競馬場×距離帯×馬場×枠,東京,直線長め・持続型,芝,中距離(1700-2000),稍,中枠(3-6),父系統,ネイティヴダンサー系,126,12,34,0.0952,0.2698,49.7,0.0,6.78,0.2372,0.0326,1.137,B,東京芝中距離(1700-2000)・稍・中枠(3-6)で父系統「ネイティヴダンサー系」は基準比リフト1.137
競馬場×距離帯×馬場×枠,京都,平坦・スピード型,ダ,中距離(1700-2000),良,内枠(1-2),父,ゴールドアリュール,114,13,30,0.114,0.2632,91.0,0.0,6.66,0.2314,0.0318,1.137,B,京都ダ中距離(1700-2000)・良・内枠(1-2)で父「ゴールドアリュール」は基準比リフト1.137
競馬場×距離帯×馬場×枠,新潟,直線長め・平坦型,芝,長距離(2500以上),良,内枠(1-2),父系統,ネイティヴダンサー系,87,7,22,0.0805,0.2529,50.2,0.0,7.2,0.2225,0.0304,1.137,B,新潟芝長距離(2500以上)・良・内枠(1-2)で父系統「ネイティヴダンサー系」は基準比リフト1.137
競馬場×距離帯×馬場×枠,福島,小回り・機動型,芝,長距離(2500以上),良,内枠(1-2),父系統,ネイティヴダンサー系,112,12,32,0.1071,0.2857,64.2,0.0,6.89,0.2516,0.0341,1.136,B,福島芝長距離(2500以上)・良・内枠(1-2)で父系統「ネイティヴダンサー系」は基準比リフト1.136
競馬場×距離帯×馬場×枠,東京,直線長め・持続型,ダ,短中距離(1400-1600),良,中枠(3-6),父,カネヒキリ,119,8,27,0.0672,0.2269,50.4,0.0,7.87,0.1997,0.0272,1.136,B,東京ダ短中距離(1400-1600)・良・中枠(3-6)で父「カネヒキリ」は基準比リフト1.136
競馬場×距離帯×馬場×枠,中山,坂あり・パワー型,ダ,中距離(1700-2000),良,中枠(3-6),父,ブラックタイド,115,10,26,0.087,0.2261,81.9,0.0,8.42,0.199,0.0271,1.136,B,中山ダ中距離(1700-2000)・良・中枠(3-6)で父「ブラックタイド」は基準比リフト1.136
競馬場×距離帯×馬場×枠,中山,坂あり・パワー型,ダ,短距離(1000-1300),良,中枠(3-6),母父,フォーティナイナー,137,10,30,0.073,0.219,71.8,0.0,8.01,0.1927,0.0263,1.136,B,中山ダ短距離(1000-1300)・良・中枠(3-6)で母父「フォーティナイナー」は基準比リフト1.136
競馬場×距離帯×馬場×枠,福島,小回り・機動型,ダ,中距離(1700-2000),稍,内枠(1-2),父系統,ネイティヴダンサー系,81,7,15,0.0864,0.1852,439.4,0.0,7.89,0.163,0.0222,1.136,B,福島ダ中距離(1700-2000)・稍・内枠(1-2)で父系統「ネイティヴダンサー系」は基準比リフト1.136
競馬場×距離帯×馬場×枠,中京,直線長め・持続型,ダ,中距離(1700-2000),良,中枠(3-6),父,シンボリクリスエス,117,6,29,0.0513,0.2479,44.2,0.0,7.34,0.2184,0.0295,1.135,B,中京ダ中距離(1700-2000)・良・中枠(3-6)で父「シンボリクリスエス」は基準比リフト1.135
競馬場×距離帯×馬場×枠,札幌,小回り・持続型,ダ,短距離(1000-1300),良,内枠(1-2),母父系統,ニアークティック系,120,12,29,0.1,0.2417,71.3,0.0,6.33,0.2129,0.0288,1.135,B,札幌ダ短距離(1000-1300)・良・内枠(1-2)で母父系統「ニアークティック系」は基準比リフト1.135
競馬場×距離帯×馬場×枠,京都,平坦・スピード型,ダ,短距離(1000-1300),稍,中枠(3-6),父系統,ナスルーラ系,113,4,24,0.0354,0.2124,21.2,0.0,7.27,0.1872,0.0252,1.135,B,京都ダ短距離(1000-1300)・稍・中枠(3-6)で父系統「ナスルーラ系」は基準比リフト1.135
競馬場×距離帯×馬場×枠,札幌,小回り・持続型,ダ,短距離(1000-1300),良,外枠(7-8),父系統,父系統不明,144,15,47,0.1042,0.3264,79.1,0.0,5.78,0.2879,0.0385,1.134,B,札幌ダ短距離(1000-1300)・良・外枠(7-8)で父系統「父系統不明」は基準比リフト1.134
競馬場×距離帯×馬場×枠,阪神,坂あり・パワー型,芝,中距離(1700-2000),良,内枠(1-2),父,ステイゴールド,88,6,25,0.0682,0.2841,75.9,0.0,7.01,0.2505,0.0336,1.134,B,阪神芝中距離(1700-2000)・良・内枠(1-2)で父「ステイゴールド」は基準比リフト1.134
競馬場×距離帯×馬場×枠,阪神,坂あり・パワー型,芝,中距離(1700-2000),良,外枠(7-8),父,ルーラーシップ,87,8,23,0.092,0.2644,48.3,0.0,6.39,0.2332,0.0312,1.134,B,阪神芝中距離(1700-2000)・良・外枠(7-8)で父「ルーラーシップ」は基準比リフト1.134
競馬場×距離帯×馬場×枠,東京,直線長め・持続型,ダ,短中距離(1400-1600),良,外枠(7-8),父,サウスヴィグラス,114,10,28,0.0877,0.2456,99.1,0.0,8.42,0.2165,0.0291,1.134,B,東京ダ短中距離(1400-1600)・良・外枠(7-8)で父「サウスヴィグラス」は基準比リフト1.134
競馬場×距離帯×馬場×枠,新潟,直線長め・平坦型,ダ,中距離(1700-2000),良,中枠(3-6),父,ネオユニヴァース,111,10,27,0.0901,0.2432,163.7,0.0,7.33,0.2144,0.0288,1.134,B,新潟ダ中距離(1700-2000)・良・中枠(3-6)で父「ネオユニヴァース」は基準比リフト1.134
競馬場×距離帯×馬場×枠,新潟,直線長め・平坦型,ダ,中距離(1700-2000),良,中枠(3-6),母父,アグネスタキオン,111,7,27,0.0631,0.2432,50.2,0.0,7.17,0.2144,0.0288,1.134,B,新潟ダ中距離(1700-2000)・良・中枠(3-6)で母父「アグネスタキオン」は基準比リフト1.134
競馬場×距離帯×馬場×枠,小倉,小回り・機動型,ダ,短距離(1000-1300),重不良,外枠(7-8),母父系統,ニアークティック系,101,6,24,0.0594,0.2376,33.5,0.0,7.42,0.2096,0.028,1.134,B,小倉ダ短距離(1000-1300)・重不良・外枠(7-8)で母父系統「ニアークティック系」は基準比リフト1.134
競馬場×距離帯×馬場×枠,小倉,小回り・機動型,芝,短距離(1000-1300),良,内枠(1-2),母父,フジキセキ,93,3,20,0.0323,0.2151,23.7,0.0,8.04,0.1897,0.0254,1.134,B,小倉芝短距離(1000-1300)・良・内枠(1-2)で母父「フジキセキ」は基準比リフト1.134
競馬場×距離帯×馬場×枠,小倉,小回り・機動型,芝,短距離(1000-1300),重不良,内枠(1-2),母父系統,ニアークティック系,94,7,17,0.0745,0.1809,49.7,0.0,8.51,0.1595,0.0214,1.134,B,小倉芝短距離(1000-1300)・重不良・内枠(1-2)で母父系統「ニアークティック系」は基準比リフト1.134
競馬場×距離帯×馬場×枠,東京,直線長め・持続型,芝,中長距離(2100-2400),良,中枠(3-6),母父,キングカメハメハ,82,7,21,0.0854,0.2561,69.3,0.0,6.35,0.226,0.0301,1.133,B,東京芝中長距離(2100-2400)・良・中枠(3-6)で母父「キングカメハメハ」は基準比リフト1.133
競馬場×距離帯×馬場×枠,函館,小回り・持続型,ダ,中距離(1700-2000),不,中枠(3-6),母父系統,ロイヤルチャージャー系,110,12,29,0.1091,0.2636,126.5,0.0,6.57,0.2329,0.0307,1.132,B,函館ダ中距離(1700-2000)・不・中枠(3-6)で母父系統「ロイヤルチャージャー系」は基準比リフト1.132
競馬場×距離帯×馬場×枠,福島,小回り・機動型,ダ,中距離(1700-2000),良,中枠(3-6),母父,アグネスタキオン,97,6,22,0.0619,0.2268,38.7,0.0,6.76,0.2003,0.0265,1.132,B,福島ダ中距離(1700-2000)・良・中枠(3-6)で母父「アグネスタキオン」は基準比リフト1.132
競馬場×距離帯×馬場×枠,中山,坂あり・パワー型,ダ,中距離(1700-2000),良,中枠(3-6),父,パイロ,111,6,25,0.0541,0.2252,65.8,0.0,8.05,0.199,0.0262,1.132,B,中山ダ中距離(1700-2000)・良・中枠(3-6)で父「パイロ」は基準比リフト1.132
競馬場×距離帯×馬場×枠,京都,平坦・スピード型,芝,中長距離(2100-2400),良,中枠(3-6),父,ハーツクライ,136,17,36,0.125,0.2647,132.0,0.0,6.25,0.2341,0.0306,1.131,B,京都芝中長距離(2100-2400)・良・中枠(3-6)で父「ハーツクライ」は基準比リフト1.131
競馬場×距離帯×馬場×枠,中京,直線長め・持続型,芝,中距離(1700-2000),良,外枠(7-8),父,ステイゴールド,81,10,18,0.1235,0.2222,144.4,0.0,8.14,0.1964,0.0258,1.131,B,中京芝中距離(1700-2000)・良・外枠(7-8)で父「ステイゴールド」は基準比リフト1.131
競馬場×距離帯×馬場×枠,札幌,小回り・持続型,芝,中距離(1700-2000),良,中枠(3-6),父,ステイゴールド,113,10,31,0.0885,0.2743,50.1,0.0,6.54,0.2428,0.0315,1.13,B,札幌芝中距離(1700-2000)・良・中枠(3-6)で父「ステイゴールド」は基準比リフト1.13
競馬場×距離帯×馬場×枠,新潟,直線長め・平坦型,ダ,中距離(1700-2000),不,中枠(3-6),父系統,父系統不明,110,13,29,0.1182,0.2636,58.1,0.0,6.71,0.2333,0.0303,1.13,B,新潟ダ中距離(1700-2000)・不・中枠(3-6)で父系統「父系統不明」は基準比リフト1.13
競馬場×距離帯×馬場×枠,東京,直線長め・持続型,芝,短中距離(1400-1600),不,中枠(3-6),母父系統,ニアークティック系,91,10,23,0.1099,0.2527,431.6,0.0,6.85,0.2237,0.029,1.13,B,東京芝短中距離(1400-1600)・不・中枠(3-6)で母父系統「ニアークティック系」は基準比リフト1.13
競馬場×距離帯×馬場×枠,阪神,坂あり・パワー型,芝,短中距離(1400-1600),良,中枠(3-6),父,ゼンノロブロイ,102,7,25,0.0686,0.2451,80.1,0.0,7.96,0.2169,0.0282,1.13,B,阪神芝短中距離(1400-1600)・良・中枠(3-6)で父「ゼンノロブロイ」は基準比リフト1.13
競馬場×距離帯×馬場×枠,東京,直線長め・持続型,芝,短中距離(1400-1600),重不良,内枠(1-2),父系統,ロイヤルチャージャー系,99,9,24,0.0909,0.2424,52.6,0.0,7.41,0.2146,0.0278,1.13,B,東京芝短中距離(1400-1600)・重不良・内枠(1-2)で父系統「ロイヤルチャージャー系」は基準比リフト1.13
競馬場×距離帯×馬場×枠,東京,直線長め・持続型,ダ,短中距離(1400-1600),稍,内枠(1-2),母父,サンデーサイレンス,91,6,18,0.0659,0.1978,65.3,0.0,8.89,0.1751,0.0227,1.13,B,東京ダ短中距離(1400-1600)・稍・内枠(1-2)で母父「サンデーサイレンス」は基準比リフト1.13
競馬場×距離帯×馬場×枠,小倉,小回り・機動型,芝,短距離(1000-1300),重不良,内枠(1-2),父系統,ロイヤルチャージャー系,122,9,22,0.0738,0.1803,58.6,0.0,9.11,0.1595,0.0208,1.13,B,小倉芝短距離(1000-1300)・重不良・内枠(1-2)で父系統「ロイヤルチャージャー系」は基準比リフト1.13
競馬場×距離帯×馬場×枠,福島,小回り・機動型,芝,長距離(2500以上),良,外枠(7-8),母父,サンデーサイレンス,88,6,20,0.0682,0.2273,51.4,0.0,6.39,0.2014,0.0259,1.129,B,福島芝長距離(2500以上)・良・外枠(7-8)で母父「サンデーサイレンス」は基準比リフト1.129
競馬場×距離帯×馬場×枠,東京,直線長め・持続型,ダ,短中距離(1400-1600),良,中枠(3-6),母父,ゼンノロブロイ,102,6,23,0.0588,0.2255,23.1,0.0,7.83,0.1997,0.0258,1.129,B,東京ダ短中距離(1400-1600)・良・中枠(3-6)で母父「ゼンノロブロイ」は基準比リフト1.129
競馬場×距離帯×馬場×枠,京都,平坦・スピード型,芝,中長距離(2100-2400),稍,外枠(7-8),父系統,ロイヤルチャージャー系,90,12,29,0.1333,0.3222,111.2,0.0,6.06,0.2857,0.0365,1.128,B,京都芝中長距離(2100-2400)・稍・外枠(7-8)で父系統「ロイヤルチャージャー系」は基準比リフト1.128
競馬場×距離帯×馬場×枠,新潟,直線長め・平坦型,ダ,中距離(1700-2000),重不良,内枠(1-2),父系統,ロイヤルチャージャー系,116,4,26,0.0345,0.2241,17.3,0.0,8.11,0.1987,0.0254,1.128,B,新潟ダ中距離(1700-2000)・重不良・内枠(1-2)で父系統「ロイヤルチャージャー系」は基準比リフト1.128
競馬場×距離帯×馬場×枠,阪神,坂あり・パワー型,芝,中距離(1700-2000),良,内枠(1-2),母父,トニービン,85,3,24,0.0353,0.2824,22.2,0.0,6.21,0.2505,0.0319,1.127,B,阪神芝中距離(1700-2000)・良・内枠(1-2)で母父「トニービン」は基準比リフト1.127
競馬場×距離帯×馬場×枠,京都,平坦・スピード型,芝,長距離(2500以上),良,中枠(3-6),母父系統,ロイヤルチャージャー系,122,6,31,0.0492,0.2541,51.2,0.0,8.35,0.2255,0.0286,1.127,B,京都芝長距離(2500以上)・良・中枠(3-6)で母父系統「ロイヤルチャージャー系」は基準比リフト1.127
競馬場×距離帯×馬場×枠,新潟,直線長め・平坦型,ダ,中距離(1700-2000),良,中枠(3-6),母父,フジキセキ,120,7,29,0.0583,0.2417,83.4,0.0,7.82,0.2144,0.0273,1.127,B,新潟ダ中距離(1700-2000)・良・中枠(3-6)で母父「フジキセキ」は基準比リフト1.127
競馬場×距離帯×馬場×枠,新潟,直線長め・平坦型,芝,中距離(1700-2000),良,外枠(7-8),父,シンボリクリスエス,80,8,19,0.1,0.2375,263.4,0.0,7.69,0.2107,0.0268,1.127,B,新潟芝中距離(1700-2000)・良・外枠(7-8)で父「シンボリクリスエス」は基準比リフト1.127
競馬場×距離帯×馬場×枠,中山,坂あり・パワー型,ダ,中距離(1700-2000),良,中枠(3-6),父,アグネスデジタル,107,9,24,0.0841,0.2243,60.2,0.0,7.71,0.199,0.0253,1.127,B,中山ダ中距離(1700-2000)・良・中枠(3-6)で父「アグネスデジタル」は基準比リフト1.127
競馬場×距離帯×馬場×枠,京都,平坦・スピード型,芝,短中距離(1400-1600),重不良,外枠(7-8),父系統,ロイヤルチャージャー系,148,13,36,0.0878,0.2432,65.9,0.0,7.51,0.2162,0.027,1.125,B,京都芝短中距離(1400-1600)・重不良・外枠(7-8)で父系統「ロイヤルチャージャー系」は基準比リフト1.125
競馬場×距離帯×馬場×枠,新潟,直線長め・平坦型,芝,短中距離(1400-1600),良,中枠(3-6),父,ステイゴールド,105,6,23,0.0571,0.219,83.9,0.0,8.77,0.1947,0.0243,1.125,B,新潟芝短中距離(1400-1600)・良・中枠(3-6)で父「ステイゴールド」は基準比リフト1.125
競馬場×距離帯×馬場×枠,京都,平坦・スピード型,ダ,短中距離(1400-1600),稍,外枠(7-8),父系統,父系統不明,105,12,22,0.1143,0.2095,93.0,0.0,7.18,0.1862,0.0233,1.125,B,京都ダ短中距離(1400-1600)・稍・外枠(7-8)で父系統「父系統不明」は基準比リフト1.125
競馬場×距離帯×馬場×枠,中山,坂あり・パワー型,芝,中長距離(2100-2400),良,外枠(7-8),母父系統,ナスルーラ系,104,10,25,0.0962,0.2404,120.2,0.0,8.26,0.2138,0.0266,1.124,B,中山芝中長距離(2100-2400)・良・外枠(7-8)で母父系統「ナスルーラ系」は基準比リフト1.124
競馬場×距離帯×馬場×枠,京都,平坦・スピード型,ダ,中距離(1700-2000),良,外枠(7-8),父,ネオユニヴァース,99,9,23,0.0909,0.2323,92.5,0.0,7.46,0.2066,0.0257,1.124,B,京都ダ中距離(1700-2000)・良・外枠(7-8)で父「ネオユニヴァース」は基準比リフト1.124
競馬場×距離帯×馬場×枠,新潟,直線長め・平坦型,芝,短中距離(1400-1600),重不良,中枠(3-6),母父系統,ニアークティック系,87,7,18,0.0805,0.2069,134.6,0.0,8.54,0.1841,0.0228,1.124,B,新潟芝短中距離(1400-1600)・重不良・中枠(3-6)で母父系統「ニアークティック系」は基準比リフト1.124
競馬場×距離帯×馬場×枠,中京,直線長め・持続型,芝,中長距離(2100-2400),良,中枠(3-6),父系統,ネイティヴダンサー系,143,12,37,0.0839,0.2587,92.0,0.0,7.83,0.2304,0.0283,1.123,B,中京芝中長距離(2100-2400)・良・中枠(3-6)で父系統「ネイティヴダンサー系」は基準比リフト1.123
競馬場×距離帯×馬場×枠,東京,直線長め・持続型,ダ,短中距離(1400-1600),重不良,外枠(7-8),父系統,ナスルーラ系,114,11,29,0.0965,0.2544,120.2,0.0,7.77,0.2265,0.0279,1.123,B,東京ダ短中距離(1400-1600)・重不良・外枠(7-8)で父系統「ナスルーラ系」は基準比リフト1.123
競馬場×距離帯×馬場×枠,福島,小回り・機動型,芝,短距離(1000-1300),良,中枠(3-6),母父系統,その他のエクリプス系,118,8,25,0.0678,0.2119,57.9,0.0,7.7,0.1887,0.0232,1.123,B,福島芝短距離(1000-1300)・良・中枠(3-6)で母父系統「その他のエクリプス系」は基準比リフト1.123
競馬場×距離帯×馬場×枠,阪神,坂あり・パワー型,芝,中距離(1700-2000),良,中枠(3-6),母父,フレンチデピュティ,104,11,28,0.1058,0.2692,45.9,0.0,6.52,0.2399,0.0293,1.122,B,阪神芝中距離(1700-2000)・良・中枠(3-6)で母父「フレンチデピュティ」は基準比リフト1.122
競馬場×距離帯×馬場×枠,東京,直線長め・持続型,芝,中距離(1700-2000),良,中枠(3-6),父,ヴィクトワールピサ,94,6,25,0.0638,0.266,178.1,0.0,7.79,0.237,0.029,1.122,B,東京芝中距離(1700-2000)・良・中枠(3-6)で父「ヴィクトワールピサ」は基準比リフト1.122
競馬場×距離帯×馬場×枠,京都,平坦・スピード型,ダ,中距離(1700-2000),良,中枠(3-6),母父,クロフネ,143,14,35,0.0979,0.2448,53.0,0.0,7.63,0.2181,0.0267,1.122,B,京都ダ中距離(1700-2000)・良・中枠(3-6)で母父「クロフネ」は基準比リフト1.122
競馬場×距離帯×馬場×枠,中京,直線長め・持続型,芝,中距離(1700-2000),重不良,外枠(7-8),父系統,ロイヤルチャージャー系,80,4,19,0.05,0.2375,49.1,0.0,8.3,0.2116,0.0259,1.122,B,中京芝中距離(1700-2000)・重不良・外枠(7-8)で父系統「ロイヤルチャージャー系」は基準比リフト1.122
競馬場×距離帯×馬場×枠,東京,直線長め・持続型,ダ,短中距離(1400-1600),稍,中枠(3-6),父,ヘニーヒューズ,80,7,17,0.0875,0.2125,55.8,0.0,7.54,0.1894,0.0231,1.122,B,東京ダ短中距離(1400-1600)・稍・中枠(3-6)で父「ヘニーヒューズ」は基準比リフト1.122
競馬場×距離帯×馬場×枠,東京,直線長め・持続型,ダ,中長距離(2100-2400),稍,外枠(7-8),父系統,父系統不明,81,4,16,0.0494,0.1975,73.2,0.0,7.99,0.1761,0.0214,1.122,B,東京ダ中長距離(2100-2400)・稍・外枠(7-8)で父系統「父系統不明」は基準比リフト1.122
競馬場×距離帯×馬場×枠,京都,平坦・スピード型,芝,中長距離(2100-2400),良,内枠(1-2),父系統,ネイティヴダンサー系,95,15,31,0.1579,0.3263,432.6,0.0,7.29,0.2911,0.0352,1.121,B,京都芝中長距離(2100-2400)・良・内枠(1-2)で父系統「ネイティヴダンサー系」は基準比リフト1.121
競馬場×距離帯×馬場×枠,東京,直線長め・持続型,ダ,長距離(2500以上),良,内枠(1-2),母父系統,ニアークティック系,96,6,29,0.0625,0.3021,33.3,0.0,6.8,0.2695,0.0326,1.121,B,東京ダ長距離(2500以上)・良・内枠(1-2)で母父系統「ニアークティック系」は基準比リフト1.121
競馬場×距離帯×馬場×枠,中京,直線長め・持続型,芝,中長距離(2100-2400),稍,中枠(3-6),母父系統,ロイヤルチャージャー系,93,10,25,0.1075,0.2688,268.3,0.0,7.25,0.2398,0.029,1.121,B,中京芝中長距離(2100-2400)・稍・中枠(3-6)で母父系統「ロイヤルチャージャー系」は基準比リフト1.121
競馬場×距離帯×馬場×枠,東京,直線長め・持続型,芝,中距離(1700-2000),良,内枠(1-2),父,ハーツクライ,137,8,36,0.0584,0.2628,29.3,0.0,6.07,0.2345,0.0283,1.121,B,東京芝中距離(1700-2000)・良・内枠(1-2)で父「ハーツクライ」は基準比リフト1.121
競馬場×距離帯×馬場×枠,中山,坂あり・パワー型,芝,短中距離(1400-1600),稍,外枠(7-8),母父系統,ネイティヴダンサー系,106,10,26,0.0943,0.2453,124.7,0.0,8.76,0.2188,0.0265,1.121,B,中山芝短中距離(1400-1600)・稍・外枠(7-8)で母父系統「ネイティヴダンサー系」は基準比リフト1.121
競馬場×距離帯×馬場×枠,東京,直線長め・持続型,芝,短中距離(1400-1600),良,内枠(1-2),父,ハーツクライ,109,8,25,0.0734,0.2294,42.8,0.0,6.64,0.2047,0.0247,1.121,B,東京芝短中距離(1400-1600)・良・内枠(1-2)で父「ハーツクライ」は基準比リフト1.121
競馬場×距離帯×馬場×枠,中山,坂あり・パワー型,芝,中距離(1700-2000),良,中枠(3-6),母父,トニービン,132,9,32,0.0682,0.2424,42.0,0.0,7.69,0.2165,0.0259,1.12,B,中山芝中距離(1700-2000)・良・中枠(3-6)で母父「トニービン」は基準比リフト1.12
競馬場×距離帯×馬場×枠,小倉,小回り・機動型,芝,中距離(1700-2000),良,外枠(7-8),父,ハービンジャー,109,8,25,0.0734,0.2294,61.6,0.0,6.63,0.2048,0.0246,1.12,B,小倉芝中距離(1700-2000)・良・外枠(7-8)で父「ハービンジャー」は基準比リフト1.12
競馬場×距離帯×馬場×枠,京都,平坦・スピード型,ダ,短距離(1000-1300),良,内枠(1-2),父,サウスヴィグラス,93,7,22,0.0753,0.2366,57.7,0.0,7.18,0.2115,0.0251,1.119,B,京都ダ短距離(1000-1300)・良・内枠(1-2)で父「サウスヴィグラス」は基準比リフト1.119
競馬場×距離帯×馬場×枠,新潟,直線長め・平坦型,ダ,中距離(1700-2000),稍,内枠(1-2),父系統,ニアークティック系,92,6,20,0.0652,0.2174,46.5,0.0,7.89,0.1942,0.0232,1.119,B,新潟ダ中距離(1700-2000)・稍・内枠(1-2)で父系統「ニアークティック系」は基準比リフト1.119
競馬場×距離帯×馬場×枠,東京,直線長め・持続型,ダ,短中距離(1400-1600),稍,中枠(3-6),母父,フジキセキ,118,6,25,0.0508,0.2119,53.8,0.0,8.32,0.1894,0.0225,1.119,B,東京ダ短中距離(1400-1600)・稍・中枠(3-6)で母父「フジキセキ」は基準比リフト1.119
競馬場×距離帯×馬場×枠,東京,直線長め・持続型,ダ,短中距離(1400-1600),重不良,内枠(1-2),父系統,ナスルーラ系,102,5,19,0.049,0.1863,27.2,0.0,8.25,0.1665,0.0198,1.119,B,東京ダ短中距離(1400-1600)・重不良・内枠(1-2)で父系統「ナスルーラ系」は基準比リフト1.119
競馬場×距離帯×馬場×枠,中京,直線長め・持続型,芝,短中距離(1400-1600),稍,外枠(7-8),父系統,父系統不明,93,7,22,0.0753,0.2366,34.4,0.0,7.55,0.2116,0.025,1.118,B,中京芝短中距離(1400-1600)・稍・外枠(7-8)で父系統「父系統不明」は基準比リフト1.118
競馬場×距離帯×馬場×枠,中山,坂あり・パワー型,ダ,中距離(1700-2000),不,内枠(1-2),母父系統,ネイティヴダンサー系,125,9,28,0.072,0.224,264.3,0.0,8.61,0.2004,0.0236,1.118,B,中山ダ中距離(1700-2000)・不・内枠(1-2)で母父系統「ネイティヴダンサー系」は基準比リフト1.118
競馬場×距離帯×馬場×枠,京都,平坦・スピード型,ダ,短中距離(1400-1600),良,中枠(3-6),父,サウスヴィグラス,85,4,19,0.0471,0.2235,46.4,0.0,8.11,0.2,0.0235,1.118,B,京都ダ短中距離(1400-1600)・良・中枠(3-6)で父「サウスヴィグラス」は基準比リフト1.118
競馬場×距離帯×馬場×枠,東京,直線長め・持続型,芝,長距離(2500以上),良,外枠(7-8),母父系統,ロイヤルチャージャー系,91,9,18,0.0989,0.1978,52.6,0.0,7.93,0.177,0.0208,1.118,B,東京芝長距離(2500以上)・良・外枠(7-8)で母父系統「ロイヤルチャージャー系」は基準比リフト1.118
競馬場×距離帯×馬場×枠,東京,直線長め・持続型,ダ,短中距離(1400-1600),良,内枠(1-2),父,プリサイスエンド,96,6,18,0.0625,0.1875,28.1,0.0,8.51,0.1677,0.0198,1.118,B,東京ダ短中距離(1400-1600)・良・内枠(1-2)で父「プリサイスエンド」は基準比リフト1.118
競馬場×距離帯×馬場×枠,函館,小回り・持続型,芝,中距離(1700-2000),稍,中枠(3-6),母父系統,ニアークティック系,107,10,32,0.0935,0.2991,96.6,0.0,6.83,0.2678,0.0313,1.117,B,函館芝中距離(1700-2000)・稍・中枠(3-6)で母父系統「ニアークティック系」は基準比リフト1.117
競馬場×距離帯×馬場×枠,中山,坂あり・パワー型,ダ,中距離(1700-2000),重不良,外枠(7-8),母父系統,ナスルーラ系,89,7,25,0.0787,0.2809,43.3,0.0,7.66,0.2515,0.0294,1.117,B,中山ダ中距離(1700-2000)・重不良・外枠(7-8)で母父系統「ナスルーラ系」は基準比リフト1.117
競馬場×距離帯×馬場×枠,京都,平坦・スピード型,ダ,短距離(1000-1300),良,外枠(7-8),父,クロフネ,92,5,21,0.0543,0.2283,35.7,0.0,7.2,0.2043,0.024,1.117,B,京都ダ短距離(1000-1300)・良・外枠(7-8)で父「クロフネ」は基準比リフト1.117
競馬場×距離帯×馬場×枠,中山,坂あり・パワー型,ダ,中距離(1700-2000),良,中枠(3-6),母父,マンハッタンカフェ,99,8,22,0.0808,0.2222,79.6,0.0,8.78,0.199,0.0232,1.117,B,中山ダ中距離(1700-2000)・良・中枠(3-6)で母父「マンハッタンカフェ」は基準比リフト1.117
競馬場×距離帯×馬場×枠,小倉,小回り・機動型,芝,短距離(1000-1300),良,中枠(3-6),父,ジャングルポケット,101,6,22,0.0594,0.2178,71.8,0.0,8.16,0.1949,0.0229,1.117,B,小倉芝短距離(1000-1300)・良・中枠(3-6)で父「ジャングルポケット」は基準比リフト1.117
競馬場×距離帯×馬場×枠,新潟,直線長め・平坦型,芝,短中距離(1400-1600),重不良,中枠(3-6),父系統,ロイヤルチャージャー系,107,9,22,0.0841,0.2056,133.3,0.0,7.6,0.1841,0.0215,1.117,B,新潟芝短中距離(1400-1600)・重不良・中枠(3-6)で父系統「ロイヤルチャージャー系」は基準比リフト1.117
競馬場×距離帯×馬場×枠,京都,平坦・スピード型,ダ,長距離(2500以上),良,外枠(7-8),母父系統,ネイティヴダンサー系,142,18,39,0.1268,0.2746,87.0,0.0,6.33,0.246,0.0286,1.116,B,京都ダ長距離(2500以上)・良・外枠(7-8)で母父系統「ネイティヴダンサー系」は基準比リフト1.116
競馬場×距離帯×馬場×枠,阪神,坂あり・パワー型,ダ,中距離(1700-2000),良,中枠(3-6),父,ディープインパクト,138,17,35,0.1232,0.2536,130.7,0.0,5.83,0.2273,0.0263,1.116,B,阪神ダ中距離(1700-2000)・良・中枠(3-6)で父「ディープインパクト」は基準比リフト1.116
競馬場×距離帯×馬場×枠,東京,直線長め・持続型,芝,中距離(1700-2000),良,外枠(7-8),母父系統,その他のエクリプス系,129,9,31,0.0698,0.2403,27.4,0.0,6.67,0.2154,0.0249,1.116,B,東京芝中距離(1700-2000)・良・外枠(7-8)で母父系統「その他のエクリプス系」は基準比リフト1.116
競馬場×距離帯×馬場×枠,阪神,坂あり・パワー型,芝,中長距離(2100-2400),良,内枠(1-2),父系統,父系統不明,120,10,36,0.0833,0.3,122.7,0.0,6.42,0.2691,0.0309,1.115,B,阪神芝中長距離(2100-2400)・良・内枠(1-2)で父系統「父系統不明」は基準比リフト1.115
競馬場×距離帯×馬場×枠,京都,平坦・スピード型,芝,短中距離(1400-1600),良,中枠(3-6),母父,アグネスタキオン,113,10,27,0.0885,0.2389,82.2,0.0,8.12,0.2142,0.0247,1.115,B,京都芝短中距離(1400-1600)・良・中枠(3-6)で母父「アグネスタキオン」は基準比リフト1.115
競馬場×距離帯×馬場×枠,中山,坂あり・パワー型,ダ,短距離(1000-1300),良,中枠(3-6),父,プリサイスエンド,135,10,29,0.0741,0.2148,72.8,0.0,8.13,0.1927,0.0221,1.115,B,中山ダ短距離(1000-1300)・良・中枠(3-6)で父「プリサイスエンド」は基準比リフト1.115
競馬場×距離帯×馬場×枠,小倉,小回り・機動型,ダ,中距離(1700-2000),稍,外枠(7-8),母父系統,ナスルーラ系,109,7,23,0.0642,0.211,38.1,0.0,7.95,0.1892,0.0218,1.115,B,小倉ダ中距離(1700-2000)・稍・外枠(7-8)で母父系統「ナスルーラ系」は基準比リフト1.115
競馬場×距離帯×馬場×枠,新潟,直線長め・平坦型,芝,短中距離(1400-1600),稍,外枠(7-8),母父系統,ネイティヴダンサー系,99,15,23,0.1515,0.2323,252.7,0.0,8.58,0.2086,0.0237,1.114,B,新潟芝短中距離(1400-1600)・稍・外枠(7-8)で母父系統「ネイティヴダンサー系」は基準比リフト1.114
競馬場×距離帯×馬場×枠,東京,直線長め・持続型,芝,短中距離(1400-1600),良,中枠(3-6),母父,シンボリクリスエス,146,9,33,0.0616,0.226,31.8,0.0,7.31,0.2028,0.0232,1.114,B,東京芝短中距離(1400-1600)・良・中枠(3-6)で母父「シンボリクリスエス」は基準比リフト1.114
競馬場×距離帯×馬場×枠,函館,小回り・持続型,芝,中距離(1700-2000),良,中枠(3-6),父,ハービンジャー,120,13,32,0.1083,0.2667,30.7,0.0,6.36,0.2397,0.027,1.113,B,函館芝中距離(1700-2000)・良・中枠(3-6)で父「ハービンジャー」は基準比リフト1.113
競馬場×距離帯×馬場×枠,函館,小回り・持続型,ダ,中距離(1700-2000),不,中枠(3-6),母父系統,ニアークティック系,81,7,21,0.0864,0.2593,56.9,0.0,6.72,0.2329,0.0264,1.113,B,函館ダ中距離(1700-2000)・不・中枠(3-6)で母父系統「ニアークティック系」は基準比リフト1.113
競馬場×距離帯×馬場×枠,東京,直線長め・持続型,ダ,短中距離(1400-1600),良,中枠(3-6),父系統,その他のエクリプス系,144,10,32,0.0694,0.2222,67.7,0.0,7.81,0.1997,0.0225,1.113,B,東京ダ短中距離(1400-1600)・良・中枠(3-6)で父系統「その他のエクリプス系」は基準比リフト1.113
競馬場×距離帯×馬場×枠,東京,直線長め・持続型,ダ,短中距離(1400-1600),良,中枠(3-6),母父,Kingmambo,81,9,18,0.1111,0.2222,122.5,0.0,8.12,0.1997,0.0225,1.113,B,東京ダ短中距離(1400-1600)・良・中枠(3-6)で母父「Kingmambo」は基準比リフト1.113
競馬場×距離帯×馬場×枠,新潟,直線長め・平坦型,芝,短中距離(1400-1600),良,中枠(3-6),父,キングカメハメハ,120,5,26,0.0417,0.2167,52.4,0.0,6.7,0.1947,0.022,1.113,B,新潟芝短中距離(1400-1600)・良・中枠(3-6)で父「キングカメハメハ」は基準比リフト1.113
競馬場×距離帯×馬場×枠,東京,直線長め・持続型,ダ,短距離(1000-1300),良,外枠(7-8),母父系統,ナスルーラ系,122,7,24,0.0574,0.1967,48.2,0.0,8.09,0.1768,0.0199,1.113,B,東京ダ短距離(1000-1300)・良・外枠(7-8)で母父系統「ナスルーラ系」は基準比リフト1.113
競馬場×距離帯×馬場×枠,東京,直線長め・持続型,芝,中距離(1700-2000),良,中枠(3-6),母父,クロフネ,148,11,39,0.0743,0.2635,49.1,0.0,6.7,0.237,0.0265,1.112,B,東京芝中距離(1700-2000)・良・中枠(3-6)で母父「クロフネ」は基準比リフト1.112
競馬場×距離帯×馬場×枠,中山,坂あり・パワー型,芝,短中距離(1400-1600),稍,外枠(7-8),父系統,父系統不明,148,11,36,0.0743,0.2432,45.7,0.0,7.91,0.2188,0.0244,1.112,B,中山芝短中距離(1400-1600)・稍・外枠(7-8)で父系統「父系統不明」は基準比リフト1.112
競馬場×距離帯×馬場×枠,阪神,坂あり・パワー型,ダ,中距離(1700-2000),不,内枠(1-2),母父系統,ニアークティック系,128,8,28,0.0625,0.2188,62.4,0.0,7.48,0.1968,0.022,1.112,B,阪神ダ中距離(1700-2000)・不・内枠(1-2)で母父系統「ニアークティック系」は基準比リフト1.112
競馬場×距離帯×馬場×枠,新潟,直線長め・平坦型,ダ,中距離(1700-2000),重不良,外枠(7-8),母父系統,ネイティヴダンサー系,103,8,25,0.0777,0.2427,32.4,0.0,7.11,0.2184,0.0243,1.111,B,新潟ダ中距離(1700-2000)・重不良・外枠(7-8)で母父系統「ネイティヴダンサー系」は基準比リフト1.111
競馬場×距離帯×馬場×枠,中山,坂あり・パワー型,芝,中長距離(2100-2400),良,外枠(7-8),父系統,ニアークティック系,101,9,24,0.0891,0.2376,87.5,0.0,8.67,0.2138,0.0238,1.111,B,中山芝中長距離(2100-2400)・良・外枠(7-8)で父系統「ニアークティック系」は基準比リフト1.111
競馬場×距離帯×馬場×枠,東京,直線長め・持続型,芝,短中距離(1400-1600),稍,内枠(1-2),母父系統,ネイティヴダンサー系,144,6,33,0.0417,0.2292,23.8,0.0,7.62,0.2063,0.0229,1.111,B,東京芝短中距離(1400-1600)・稍・内枠(1-2)で母父系統「ネイティヴダンサー系」は基準比リフト1.111
競馬場×距離帯×馬場×枠,中山,坂あり・パワー型,芝,短距離(1000-1300),稍,中枠(3-6),父系統,父系統不明,125,8,29,0.064,0.232,53.9,0.0,7.24,0.2091,0.0229,1.11,B,中山芝短距離(1000-1300)・稍・中枠(3-6)で父系統「父系統不明」は基準比リフト1.11
競馬場×距離帯×馬場×枠,中京,直線長め・持続型,芝,短中距離(1400-1600),重不良,中枠(3-6),母父系統,ニアークティック系,125,12,27,0.096,0.216,118.6,0.0,7.11,0.1946,0.0214,1.11,B,中京芝短中距離(1400-1600)・重不良・中枠(3-6)で母父系統「ニアークティック系」は基準比リフト1.11
競馬場×距離帯×馬場×枠,小倉,小回り・機動型,芝,中距離(1700-2000),稍,内枠(1-2),母父系統,ニアークティック系,140,16,37,0.1143,0.2643,67.9,0.0,7.32,0.2384,0.0259,1.109,B,小倉芝中距離(1700-2000)・稍・内枠(1-2)で母父系統「ニアークティック系」は基準比リフト1.109
競馬場×距離帯×馬場×枠,東京,直線長め・持続型,ダ,中長距離(2100-2400),稍,外枠(7-8),父系統,ロイヤルチャージャー系,128,6,25,0.0469,0.1953,31.1,0.0,7.18,0.1761,0.0192,1.109,B,東京ダ中長距離(2100-2400)・稍・外枠(7-8)で父系統「ロイヤルチャージャー系」は基準比リフト1.109
競馬場×距離帯×馬場×枠,小倉,小回り・機動型,ダ,短距離(1000-1300),不,中枠(3-6),母父系統,ロイヤルチャージャー系,106,6,26,0.0566,0.2453,42.0,0.0,6.93,0.2213,0.024,1.108,B,小倉ダ短距離(1000-1300)・不・中枠(3-6)で母父系統「ロイヤルチャージャー系」は基準比リフト1.108
競馬場×距離帯×馬場×枠,福島,小回り・機動型,芝,中距離(1700-2000),良,中枠(3-6),父,ジャングルポケット,99,7,24,0.0707,0.2424,52.2,0.0,7.38,0.2188,0.0236,1.108,B,福島芝中距離(1700-2000)・良・中枠(3-6)で父「ジャングルポケット」は基準比リフト1.108
競馬場×距離帯×馬場×枠,阪神,坂あり・パワー型,芝,短中距離(1400-1600),良,中枠(3-6),父,ハービンジャー,104,10,25,0.0962,0.2404,129.8,0.0,7.58,0.2169,0.0235,1.108,B,阪神芝短中距離(1400-1600)・良・中枠(3-6)で父「ハービンジャー」は基準比リフト1.108
競馬場×距離帯×馬場×枠,京都,平坦・スピード型,芝,短中距離(1400-1600),良,中枠(3-6),父,ジャングルポケット,118,8,28,0.0678,0.2373,40.8,0.0,8.26,0.2142,0.0231,1.108,B,京都芝短中距離(1400-1600)・良・中枠(3-6)で父「ジャングルポケット」は基準比リフト1.108
競馬場×距離帯×馬場×枠,中京,直線長め・持続型,芝,短距離(1000-1300),稍,中枠(3-6),母父系統,ロイヤルチャージャー系,83,9,19,0.1084,0.2289,94.1,0.0,9.1,0.2066,0.0223,1.108,B,中京芝短距離(1000-1300)・稍・中枠(3-6)で母父系統「ロイヤルチャージャー系」は基準比リフト1.108
競馬場×距離帯×馬場×枠,京都,平坦・スピード型,ダ,中距離(1700-2000),良,外枠(7-8),父,ハーツクライ,83,7,19,0.0843,0.2289,66.6,0.0,6.18,0.2066,0.0223,1.108,B,京都ダ中距離(1700-2000)・良・外枠(7-8)で父「ハーツクライ」は基準比リフト1.108
競馬場×距離帯×馬場×枠,阪神,坂あり・パワー型,ダ,中距離(1700-2000),良,内枠(1-2),父,クロフネ,92,10,21,0.1087,0.2283,46.2,0.0,6.91,0.206,0.0223,1.108,B,阪神ダ中距離(1700-2000)・良・内枠(1-2)で父「クロフネ」は基準比リフト1.108
競馬場×距離帯×馬場×枠,東京,直線長め・持続型,芝,短中距離(1400-1600),良,中枠(3-6),父,オルフェーヴル,89,4,20,0.0449,0.2247,19.7,0.0,7.22,0.2028,0.0219,1.108,B,東京芝短中距離(1400-1600)・良・中枠(3-6)で父「オルフェーヴル」は基準比リフト1.108
競馬場×距離帯×馬場×枠,東京,直線長め・持続型,芝,短中距離(1400-1600),良,中枠(3-6),母父,ホワイトマズル,89,9,20,0.1011,0.2247,255.8,0.0,7.79,0.2028,0.0219,1.108,B,東京芝短中距離(1400-1600)・良・中枠(3-6)で母父「ホワイトマズル」は基準比リフト1.108
競馬場×距離帯×馬場×枠,東京,直線長め・持続型,ダ,短中距離(1400-1600),良,中枠(3-6),父,ファスリエフ,104,6,23,0.0577,0.2212,49.6,0.0,8.12,0.1997,0.0215,1.108,B,東京ダ短中距離(1400-1600)・良・中枠(3-6)で父「ファスリエフ」は基準比リフト1.108
競馬場×距離帯×馬場×枠,新潟,直線長め・平坦型,ダ,短距離(1000-1300),重不良,外枠(7-8),母父系統,ネイティヴダンサー系,85,8,21,0.0941,0.2471,65.9,0.0,7.74,0.2233,0.0238,1.107,B,新潟ダ短距離(1000-1300)・重不良・外枠(7-8)で母父系統「ネイティヴダンサー系」は基準比リフト1.107
競馬場×距離帯×馬場×枠,阪神,坂あり・パワー型,芝,短中距離(1400-1600),良,外枠(7-8),母父,フレンチデピュティ,90,8,19,0.0889,0.2111,118.4,0.0,8.37,0.1907,0.0204,1.107,B,阪神芝短中距離(1400-1600)・良・外枠(7-8)で母父「フレンチデピュティ」は基準比リフト1.107
競馬場×距離帯×馬場×枠,中山,坂あり・パワー型,ダ,中距離(1700-2000),良,内枠(1-2),母父,シンボリクリスエス,88,11,18,0.125,0.2045,181.9,0.0,7.16,0.1848,0.0197,1.107,B,中山ダ中距離(1700-2000)・良・内枠(1-2)で母父「シンボリクリスエス」は基準比リフト1.107
競馬場×距離帯×馬場×枠,京都,平坦・スピード型,芝,中距離(1700-2000),良,中枠(3-6),父,ジャングルポケット,129,8,35,0.062,0.2713,70.0,0.0,6.98,0.2454,0.0259,1.106,B,京都芝中距離(1700-2000)・良・中枠(3-6)で父「ジャングルポケット」は基準比リフト1.106
競馬場×距離帯×馬場×枠,京都,平坦・スピード型,ダ,中距離(1700-2000),重不良,外枠(7-8),父系統,父系統不明,96,8,25,0.0833,0.2604,122.1,0.0,6.72,0.2355,0.0249,1.106,B,京都ダ中距離(1700-2000)・重不良・外枠(7-8)で父系統「父系統不明」は基準比リフト1.106
競馬場×距離帯×馬場×枠,京都,平坦・スピード型,芝,短中距離(1400-1600),重不良,内枠(1-2),父系統,ロイヤルチャージャー系,103,10,25,0.0971,0.2427,79.5,0.0,7.31,0.2195,0.0232,1.106,B,京都芝短中距離(1400-1600)・重不良・内枠(1-2)で父系統「ロイヤルチャージャー系」は基準比リフト1.106
競馬場×距離帯×馬場×枠,京都,平坦・スピード型,ダ,短距離(1000-1300),良,内枠(1-2),母父,サンデーサイレンス,94,8,22,0.0851,0.234,108.4,0.0,7.23,0.2115,0.0225,1.106,B,京都ダ短距離(1000-1300)・良・内枠(1-2)で母父「サンデーサイレンス」は基準比リフト1.106
競馬場×距離帯×馬場×枠,中京,直線長め・持続型,ダ,短中距離(1400-1600),良,外枠(7-8),父系統,ナスルーラ系,126,9,27,0.0714,0.2143,45.9,0.0,7.96,0.1938,0.0205,1.106,B,中京ダ短中距離(1400-1600)・良・外枠(7-8)で父系統「ナスルーラ系」は基準比リフト1.106
競馬場×距離帯×馬場×枠,東京,直線長め・持続型,芝,短中距離(1400-1600),重不良,外枠(7-8),母父系統,ニアークティック系,81,6,17,0.0741,0.2099,56.8,0.0,8.47,0.1897,0.0202,1.106,B,東京芝短中距離(1400-1600)・重不良・外枠(7-8)で母父系統「ニアークティック系」は基準比リフト1.106
競馬場×距離帯×馬場×枠,札幌,小回り・持続型,芝,中距離(1700-2000),稍,外枠(7-8),父系統,父系統不明,86,8,25,0.093,0.2907,45.9,0.0,7.02,0.263,0.0277,1.105,B,札幌芝中距離(1700-2000)・稍・外枠(7-8)で父系統「父系統不明」は基準比リフト1.105
競馬場×距離帯×馬場×枠,函館,小回り・持続型,芝,短距離(1000-1300),稍,中枠(3-6),母父系統,ナスルーラ系,112,13,30,0.1161,0.2679,175.5,0.0,6.93,0.2425,0.0254,1.105,B,函館芝短距離(1000-1300)・稍・中枠(3-6)で母父系統「ナスルーラ系」は基準比リフト1.105
競馬場×距離帯×馬場×枠,京都,平坦・スピード型,ダ,中距離(1700-2000),良,内枠(1-2),父,シンボリクリスエス,86,5,22,0.0581,0.2558,83.4,0.0,6.6,0.2314,0.0244,1.105,B,京都ダ中距離(1700-2000)・良・内枠(1-2)で父「シンボリクリスエス」は基準比リフト1.105
競馬場×距離帯×馬場×枠,東京,直線長め・持続型,芝,中長距離(2100-2400),良,外枠(7-8),父,ハーツクライ,88,6,22,0.0682,0.25,29.9,0.0,6.68,0.2262,0.0238,1.105,B,東京芝中長距離(2100-2400)・良・外枠(7-8)で父「ハーツクライ」は基準比リフト1.105
競馬場×距離帯×馬場×枠,京都,平坦・スピード型,芝,短中距離(1400-1600),良,中枠(3-6),父,ダンスインザダーク,93,6,22,0.0645,0.2366,39.8,0.0,8.59,0.2142,0.0224,1.105,B,京都芝短中距離(1400-1600)・良・中枠(3-6)で父「ダンスインザダーク」は基準比リフト1.105
競馬場×距離帯×馬場×枠,東京,直線長め・持続型,芝,短中距離(1400-1600),重不良,中枠(3-6),父系統,父系統不明,87,8,19,0.092,0.2184,37.4,0.0,7.86,0.1977,0.0207,1.105,B,東京芝短中距離(1400-1600)・重不良・中枠(3-6)で父系統「父系統不明」は基準比リフト1.105
競馬場×距離帯×馬場×枠,京都,平坦・スピード型,芝,中距離(1700-2000),稍,内枠(1-2),母父系統,ロイヤルチャージャー系,112,12,30,0.1071,0.2679,91.7,0.0,6.69,0.2426,0.0253,1.104,B,京都芝中距離(1700-2000)・稍・内枠(1-2)で母父系統「ロイヤルチャージャー系」は基準比リフト1.104
競馬場×距離帯×馬場×枠,札幌,小回り・持続型,芝,短中距離(1400-1600),稍,中枠(3-6),父系統,ロイヤルチャージャー系,95,8,25,0.0842,0.2632,111.4,0.0,6.48,0.2385,0.0247,1.104,B,札幌芝短中距離(1400-1600)・稍・中枠(3-6)で父系統「ロイヤルチャージャー系」は基準比リフト1.104
競馬場×距離帯×馬場×枠,中京,直線長め・持続型,芝,中長距離(2100-2400),良,中枠(3-6),母父系統,ナスルーラ系,114,13,29,0.114,0.2544,140.3,0.0,7.21,0.2304,0.024,1.104,B,中京芝中長距離(2100-2400)・良・中枠(3-6)で母父系統「ナスルーラ系」は基準比リフト1.104
競馬場×距離帯×馬場×枠,中山,坂あり・パワー型,ダ,中長距離(2100-2400),良,内枠(1-2),父系統,ロイヤルチャージャー系,98,7,19,0.0714,0.1939,73.3,0.0,7.27,0.1757,0.0182,1.104,B,中山ダ中長距離(2100-2400)・良・内枠(1-2)で父系統「ロイヤルチャージャー系」は基準比リフト1.104
競馬場×距離帯×馬場×枠,京都,平坦・スピード型,芝,中長距離(2100-2400),良,外枠(7-8),父系統,父系統不明,129,13,32,0.1008,0.2481,106.5,0.0,6.94,0.225,0.0231,1.103,B,京都芝中長距離(2100-2400)・良・外枠(7-8)で父系統「父系統不明」は基準比リフト1.103
競馬場×距離帯×馬場×枠,中山,坂あり・パワー型,ダ,中距離(1700-2000),良,外枠(7-8),母父,ブライアンズタイム,114,11,28,0.0965,0.2456,65.8,0.0,7.69,0.2226,0.023,1.103,B,中山ダ中距離(1700-2000)・良・外枠(7-8)で母父「ブライアンズタイム」は基準比リフト1.103
競馬場×距離帯×馬場×枠,阪神,坂あり・パワー型,ダ,中距離(1700-2000),良,内枠(1-2),父,ゴールドアリュール,88,8,20,0.0909,0.2273,113.2,0.0,6.76,0.206,0.0213,1.103,B,阪神ダ中距離(1700-2000)・良・内枠(1-2)で父「ゴールドアリュール」は基準比リフト1.103
競馬場×距離帯×馬場×枠,京都,平坦・スピード型,芝,中距離(1700-2000),不,中枠(3-6),父系統,ロイヤルチャージャー系,91,8,23,0.0879,0.2527,102.0,0.0,6.47,0.2293,0.0234,1.102,B,京都芝中距離(1700-2000)・不・中枠(3-6)で父系統「ロイヤルチャージャー系」は基準比リフト1.102
競馬場×距離帯×馬場×枠,東京,直線長め・持続型,ダ,短中距離(1400-1600),良,外枠(7-8),父,シンボリクリスエス,130,11,31,0.0846,0.2385,41.2,0.0,6.96,0.2165,0.022,1.102,B,東京ダ短中距離(1400-1600)・良・外枠(7-8)で父「シンボリクリスエス」は基準比リフト1.102
競馬場×距離帯×馬場×枠,京都,平坦・スピード型,ダ,中距離(1700-2000),良,外枠(7-8),母父系統,その他のエクリプス系,101,6,23,0.0594,0.2277,126.2,0.0,7.5,0.2066,0.0211,1.102,B,京都ダ中距離(1700-2000)・良・外枠(7-8)で母父系統「その他のエクリプス系」は基準比リフト1.102
競馬場×距離帯×馬場×枠,京都,平坦・スピード型,ダ,短中距離(1400-1600),良,中枠(3-6),父,キングカメハメハ,118,7,26,0.0593,0.2203,40.5,0.0,6.67,0.2,0.0203,1.102,B,京都ダ短中距離(1400-1600)・良・中枠(3-6)で父「キングカメハメハ」は基準比リフト1.102
競馬場×距離帯×馬場×枠,阪神,坂あり・パワー型,ダ,短中距離(1400-1600),不,内枠(1-2),父系統,ロイヤルチャージャー系,98,3,17,0.0306,0.1735,15.7,0.0,8.74,0.1574,0.0161,1.102,B,阪神ダ短中距離(1400-1600)・不・内枠(1-2)で父系統「ロイヤルチャージャー系」は基準比リフト1.102
競馬場×距離帯×馬場×枠,京都,平坦・スピード型,芝,中長距離(2100-2400),良,外枠(7-8),母父,サンデーサイレンス,113,6,28,0.0531,0.2478,78.1,0.0,7.29,0.225,0.0228,1.101,B,京都芝中長距離(2100-2400)・良・外枠(7-8)で母父「サンデーサイレンス」は基準比リフト1.101
競馬場×距離帯×馬場×枠,新潟,直線長め・平坦型,芝,中距離(1700-2000),良,中枠(3-6),父,タニノギムレット,92,7,22,0.0761,0.2391,33.7,0.0,8.28,0.2171,0.022,1.101,B,新潟芝中距離(1700-2000)・良・中枠(3-6)で父「タニノギムレット」は基準比リフト1.101
競馬場×距離帯×馬場×枠,中京,直線長め・持続型,芝,短中距離(1400-1600),良,中枠(3-6),母父系統,その他のエクリプス系,93,6,21,0.0645,0.2258,55.2,0.0,7.59,0.2051,0.0207,1.101,B,中京芝短中距離(1400-1600)・良・中枠(3-6)で母父系統「その他のエクリプス系」は基準比リフト1.101
競馬場×距離帯×馬場×枠,函館,小回り・持続型,ダ,中距離(1700-2000),稍,外枠(7-8),父系統,ネイティヴダンサー系,96,9,29,0.0938,0.3021,85.1,0.0,6.84,0.2747,0.0274,1.1,B,函館ダ中距離(1700-2000)・稍・外枠(7-8)で父系統「ネイティヴダンサー系」は基準比リフト1.1
競馬場×距離帯×馬場×枠,京都,平坦・スピード型,芝,中距離(1700-2000),良,中枠(3-6),母父系統,トゥルビヨン系,100,11,27,0.11,0.27,54.1,0.0,6.96,0.2454,0.0246,1.1,B,京都芝中距離(1700-2000)・良・中枠(3-6)で母父系統「トゥルビヨン系」は基準比リフト1.1
競馬場×距離帯×馬場×枠,阪神,坂あり・パワー型,ダ,中距離(1700-2000),良,中枠(3-6),母父,シンボリクリスエス,100,10,25,0.1,0.25,76.4,0.0,7.22,0.2273,0.0227,1.1,B,阪神ダ中距離(1700-2000)・良・中枠(3-6)で母父「シンボリクリスエス」は基準比リフト1.1
競馬場×距離帯×馬場×枠,阪神,坂あり・パワー型,ダ,中距離(1700-2000),良,中枠(3-6),父,パイロ,92,4,23,0.0435,0.25,37.7,0.0,6.25,0.2273,0.0227,1.1,B,阪神ダ中距離(1700-2000)・良・中枠(3-6)で父「パイロ」は基準比リフト1.1
競馬場×距離帯×馬場×枠,小倉,小回り・機動型,芝,中距離(1700-2000),重不良,内枠(1-2),母父系統,ニアークティック系,89,5,25,0.0562,0.2809,67.8,0.0,7.61,0.2555,0.0254,1.099,B,小倉芝中距離(1700-2000)・重不良・内枠(1-2)で母父系統「ニアークティック系」は基準比リフト1.099
競馬場×距離帯×馬場×枠,福島,小回り・機動型,芝,長距離(2500以上),良,内枠(1-2),父系統,父系統不明,123,16,34,0.1301,0.2764,302.8,0.0,7.05,0.2516,0.0248,1.099,B,福島芝長距離(2500以上)・良・内枠(1-2)で父系統「父系統不明」は基準比リフト1.099
競馬場×距離帯×馬場×枠,東京,直線長め・持続型,芝,中距離(1700-2000),良,中枠(3-6),父,ドゥラメンテ,119,12,31,0.1008,0.2605,44.8,0.0,5.93,0.237,0.0235,1.099,B,東京芝中距離(1700-2000)・良・中枠(3-6)で父「ドゥラメンテ」は基準比リフト1.099
競馬場×距離帯×馬場×枠,新潟,直線長め・平坦型,ダ,中距離(1700-2000),重不良,中枠(3-6),母父系統,ニアークティック系,231,18,59,0.0779,0.2554,53.9,0.0,7.03,0.2323,0.0231,1.099,B,新潟ダ中距離(1700-2000)・重不良・中枠(3-6)で母父系統「ニアークティック系」は基準比リフト1.099
競馬場×距離帯×馬場×枠,京都,平坦・スピード型,芝,中長距離(2100-2400),良,外枠(7-8),母父系統,ロイヤルチャージャー系,360,24,89,0.0667,0.2472,98.8,0.0,7.36,0.225,0.0222,1.099,B,京都芝中長距離(2100-2400)・良・外枠(7-8)で母父系統「ロイヤルチャージャー系」は基準比リフト1.099
競馬場×距離帯×馬場×枠,新潟,直線長め・平坦型,芝,長距離(2500以上),良,内枠(1-2),母父系統,ニアークティック系,139,12,34,0.0863,0.2446,57.6,0.0,6.86,0.2225,0.0221,1.099,B,新潟芝長距離(2500以上)・良・内枠(1-2)で母父系統「ニアークティック系」は基準比リフト1.099
競馬場×距離帯×馬場×枠,小倉,小回り・機動型,芝,中距離(1700-2000),重不良,中枠(3-6),父系統,ロイヤルチャージャー系,283,20,65,0.0707,0.2297,70.5,0.0,7.29,0.209,0.0207,1.099,B,小倉芝中距離(1700-2000)・重不良・中枠(3-6)で父系統「ロイヤルチャージャー系」は基準比リフト1.099
競馬場×距離帯×馬場×枠,新潟,直線長め・平坦型,ダ,中距離(1700-2000),重不良,内枠(1-2),母父系統,ニアークティック系,87,5,19,0.0575,0.2184,58.2,0.0,7.78,0.1987,0.0197,1.099,B,新潟ダ中距離(1700-2000)・重不良・内枠(1-2)で母父系統「ニアークティック系」は基準比リフト1.099
競馬場×距離帯×馬場×枠,小倉,小回り・機動型,芝,短距離(1000-1300),良,外枠(7-8),母父,ブライアンズタイム,101,10,22,0.099,0.2178,116.1,0.0,8.51,0.1981,0.0197,1.099,B,小倉芝短距離(1000-1300)・良・外枠(7-8)で母父「ブライアンズタイム」は基準比リフト1.099
競馬場×距離帯×馬場×枠,新潟,直線長め・平坦型,芝,短距離(1000-1300),重不良,中枠(3-6),母父系統,ニアークティック系,102,5,15,0.049,0.1471,220.5,0.0,9.32,0.1339,0.0132,1.099,B,新潟芝短距離(1000-1300)・重不良・中枠(3-6)で母父系統「ニアークティック系」は基準比リフト1.099
競馬場×距離帯×馬場×枠,小倉,小回り・機動型,芝,長距離(2500以上),良,内枠(1-2),母父系統,ネイティヴダンサー系,132,18,42,0.1364,0.3182,153.2,0.0,6.96,0.2897,0.0285,1.098,B,小倉芝長距離(2500以上)・良・内枠(1-2)で母父系統「ネイティヴダンサー系」は基準比リフト1.098
競馬場×距離帯×馬場×枠,阪神,坂あり・パワー型,ダ,短距離(1000-1300),稍,外枠(7-8),父系統,ネイティヴダンサー系,170,17,44,0.1,0.2588,139.8,0.0,8.13,0.2356,0.0232,1.098,B,阪神ダ短距離(1000-1300)・稍・外枠(7-8)で父系統「ネイティヴダンサー系」は基準比リフト1.098
競馬場×距離帯×馬場×枠,京都,平坦・スピード型,ダ,中距離(1700-2000),良,内枠(1-2),母父系統,ナスルーラ系,362,38,92,0.105,0.2541,76.3,0.0,7.54,0.2314,0.0227,1.098,B,京都ダ中距離(1700-2000)・良・内枠(1-2)で母父系統「ナスルーラ系」は基準比リフト1.098
競馬場×距離帯×馬場×枠,中京,直線長め・持続型,ダ,中距離(1700-2000),不,中枠(3-6),母父系統,ロイヤルチャージャー系,222,23,56,0.1036,0.2523,82.8,0.0,7.54,0.2298,0.0225,1.098,B,中京ダ中距離(1700-2000)・不・中枠(3-6)で母父系統「ロイヤルチャージャー系」は基準比リフト1.098
競馬場×距離帯×馬場×枠,東京,直線長め・持続型,芝,中長距離(2100-2400),良,中枠(3-6),父系統,ネイティヴダンサー系,266,22,66,0.0827,0.2481,41.4,0.0,7.51,0.226,0.0221,1.098,B,東京芝中長距離(2100-2400)・良・中枠(3-6)で父系統「ネイティヴダンサー系」は基準比リフト1.098
競馬場×距離帯×馬場×枠,中京,直線長め・持続型,ダ,中距離(1700-2000),重不良,外枠(7-8),父系統,父系統不明,127,10,30,0.0787,0.2362,107.3,0.0,7.06,0.2151,0.0211,1.098,B,中京ダ中距離(1700-2000)・重不良・外枠(7-8)で父系統「父系統不明」は基準比リフト1.098
競馬場×距離帯×馬場×枠,京都,平坦・スピード型,ダ,短距離(1000-1300),良,内枠(1-2),父系統,父系統不明,211,16,49,0.0758,0.2322,78.8,0.0,7.18,0.2115,0.0207,1.098,B,京都ダ短距離(1000-1300)・良・内枠(1-2)で父系統「父系統不明」は基準比リフト1.098
競馬場×距離帯×馬場×枠,阪神,坂あり・パワー型,ダ,中距離(1700-2000),不,外枠(7-8),母父系統,ニアークティック系,162,8,37,0.0494,0.2284,25.5,0.0,7.2,0.2081,0.0203,1.098,B,阪神ダ中距離(1700-2000)・不・外枠(7-8)で母父系統「ニアークティック系」は基準比リフト1.098
競馬場×距離帯×馬場×枠,中山,坂あり・パワー型,ダ,短距離(1000-1300),良,外枠(7-8),父,スウェプトオーヴァーボード,103,6,23,0.0583,0.2233,42.5,0.0,8.31,0.2034,0.0199,1.098,B,中山ダ短距離(1000-1300)・良・外枠(7-8)で父「スウェプトオーヴァーボード」は基準比リフト1.098
競馬場×距離帯×馬場×枠,阪神,坂あり・パワー型,ダ,中距離(1700-2000),重不良,内枠(1-2),母父系統,ネイティヴダンサー系,168,10,37,0.0595,0.2202,46.1,0.0,8.07,0.2005,0.0197,1.098,B,阪神ダ中距離(1700-2000)・重不良・内枠(1-2)で母父系統「ネイティヴダンサー系」は基準比リフト1.098
競馬場×距離帯×馬場×枠,小倉,小回り・機動型,ダ,中距離(1700-2000),重不良,外枠(7-8),父系統,ネイティヴダンサー系,117,9,24,0.0769,0.2051,91.3,0.0,8.37,0.1868,0.0183,1.098,B,小倉ダ中距離(1700-2000)・重不良・外枠(7-8)で父系統「ネイティヴダンサー系」は基準比リフト1.098
競馬場×距離帯×馬場×枠,中山,坂あり・パワー型,ダ,短距離(1000-1300),不,外枠(7-8),母父系統,ロイヤルチャージャー系,178,9,35,0.0506,0.1966,30.2,0.0,8.03,0.1791,0.0175,1.098,B,中山ダ短距離(1000-1300)・不・外枠(7-8)で母父系統「ロイヤルチャージャー系」は基準比リフト1.098
競馬場×距離帯×馬場×枠,阪神,坂あり・パワー型,芝,中距離(1700-2000),重不良,中枠(3-6),父系統,ロイヤルチャージャー系,185,21,51,0.1135,0.2757,394.9,0.0,7.15,0.2514,0.0243,1.097,B,阪神芝中距離(1700-2000)・重不良・中枠(3-6)で父系統「ロイヤルチャージャー系」は基準比リフト1.097
競馬場×距離帯×馬場×枠,函館,小回り・持続型,芝,短距離(1000-1300),良,中枠(3-6),母父,フジキセキ,90,6,23,0.0667,0.2556,59.7,0.0,7.59,0.2329,0.0227,1.097,B,函館芝短距離(1000-1300)・良・中枠(3-6)で母父「フジキセキ」は基準比リフト1.097
競馬場×距離帯×馬場×枠,新潟,直線長め・平坦型,ダ,短距離(1000-1300),良,外枠(7-8),父系統,ニアークティック系,376,34,94,0.0904,0.25,158.0,0.0,7.51,0.2279,0.0221,1.097,B,新潟ダ短距離(1000-1300)・良・外枠(7-8)で父系統「ニアークティック系」は基準比リフト1.097
競馬場×距離帯×馬場×枠,中山,坂あり・パワー型,ダ,中距離(1700-2000),良,外枠(7-8),父,シンボリクリスエス,131,11,32,0.084,0.2443,118.0,0.0,6.7,0.2226,0.0217,1.097,B,中山ダ中距離(1700-2000)・良・外枠(7-8)で父「シンボリクリスエス」は基準比リフト1.097
競馬場×距離帯×馬場×枠,新潟,直線長め・平坦型,芝,中距離(1700-2000),良,中枠(3-6),母父,サンデーサイレンス,361,31,86,0.0859,0.2382,45.5,0.0,7.36,0.2171,0.0211,1.097,B,新潟芝中距離(1700-2000)・良・中枠(3-6)で母父「サンデーサイレンス」は基準比リフト1.097
競馬場×距離帯×馬場×枠,新潟,直線長め・平坦型,芝,中距離(1700-2000),良,中枠(3-6),母父,アグネスタキオン,84,11,20,0.131,0.2381,86.8,0.0,7.19,0.2171,0.021,1.097,B,新潟芝中距離(1700-2000)・良・中枠(3-6)で母父「アグネスタキオン」は基準比リフト1.097
競馬場×距離帯×馬場×枠,中京,直線長め・持続型,芝,短中距離(1400-1600),稍,中枠(3-6),母父系統,ロイヤルチャージャー系,298,26,69,0.0872,0.2315,85.8,0.0,8.12,0.211,0.0205,1.097,B,中京芝短中距離(1400-1600)・稍・中枠(3-6)で母父系統「ロイヤルチャージャー系」は基準比リフト1.097
競馬場×距離帯×馬場×枠,札幌,小回り・持続型,芝,短距離(1000-1300),良,中枠(3-6),母父系統,ネイティヴダンサー系,421,35,96,0.0831,0.228,64.7,0.0,8.15,0.2078,0.0202,1.097,B,札幌芝短距離(1000-1300)・良・中枠(3-6)で母父系統「ネイティヴダンサー系」は基準比リフト1.097
競馬場×距離帯×馬場×枠,小倉,小回り・機動型,ダ,短距離(1000-1300),稍,中枠(3-6),母父系統,ナスルーラ系,115,9,26,0.0783,0.2261,73.0,0.0,7.51,0.2062,0.0199,1.097,B,小倉ダ短距離(1000-1300)・稍・中枠(3-6)で母父系統「ナスルーラ系」は基準比リフト1.097
競馬場×距離帯×馬場×枠,東京,直線長め・持続型,ダ,短中距離(1400-1600),良,中枠(3-6),父,ゴールドアリュール,429,33,94,0.0769,0.2191,71.0,0.0,7.28,0.1997,0.0194,1.097,B,東京ダ短中距離(1400-1600)・良・中枠(3-6)で父「ゴールドアリュール」は基準比リフト1.097
競馬場×距離帯×馬場×枠,中京,直線長め・持続型,芝,短中距離(1400-1600),重不良,中枠(3-6),母父系統,ネイティヴダンサー系,89,7,19,0.0787,0.2135,59.9,0.0,7.92,0.1946,0.0189,1.097,B,中京芝短中距離(1400-1600)・重不良・中枠(3-6)で母父系統「ネイティヴダンサー系」は基準比リフト1.097
競馬場×距離帯×馬場×枠,札幌,小回り・持続型,芝,長距離(2500以上),良,中枠(3-6),父系統,ネイティヴダンサー系,94,8,24,0.0851,0.2553,39.9,0.0,6.27,0.233,0.0223,1.096,B,札幌芝長距離(2500以上)・良・中枠(3-6)で父系統「ネイティヴダンサー系」は基準比リフト1.096
競馬場×距離帯×馬場×枠,東京,直線長め・持続型,芝,中距離(1700-2000),重不良,外枠(7-8),父系統,ロイヤルチャージャー系,99,6,25,0.0606,0.2525,44.3,0.0,7.72,0.2304,0.0221,1.096,B,東京芝中距離(1700-2000)・重不良・外枠(7-8)で父系統「ロイヤルチャージャー系」は基準比リフト1.096
競馬場×距離帯×馬場×枠,小倉,小回り・機動型,芝,中距離(1700-2000),良,中枠(3-6),父系統,ロイヤルチャージャー系,2886,209,702,0.0724,0.2432,65.6,0.0,7.43,0.2218,0.0214,1.096,B,小倉芝中距離(1700-2000)・良・中枠(3-6)で父系統「ロイヤルチャージャー系」は基準比リフト1.096
競馬場×距離帯×馬場×枠,福島,小回り・機動型,芝,短距離(1000-1300),良,内枠(1-2),母父系統,ロイヤルチャージャー系,768,67,185,0.0872,0.2409,79.9,0.0,7.91,0.2198,0.0211,1.096,B,福島芝短距離(1000-1300)・良・内枠(1-2)で母父系統「ロイヤルチャージャー系」は基準比リフト1.096
競馬場×距離帯×馬場×枠,福島,小回り・機動型,芝,中距離(1700-2000),良,中枠(3-6),父系統,父系統不明,955,86,229,0.0901,0.2398,89.9,0.0,7.55,0.2188,0.021,1.096,B,福島芝中距離(1700-2000)・良・中枠(3-6)で父系統「父系統不明」は基準比リフト1.096
競馬場×距離帯×馬場×枠,福島,小回り・機動型,ダ,短距離(1000-1300),良,外枠(7-8),父系統,父系統不明,256,22,59,0.0859,0.2305,76.2,0.0,6.79,0.2103,0.0202,1.096,B,福島ダ短距離(1000-1300)・良・外枠(7-8)で父系統「父系統不明」は基準比リフト1.096
競馬場×距離帯×馬場×枠,中山,坂あり・パワー型,芝,中長距離(2100-2400),稍,中枠(3-6),父系統,ロイヤルチャージャー系,80,9,18,0.1125,0.225,75.0,0.0,7.19,0.2053,0.0197,1.096,B,中山芝中長距離(2100-2400)・稍・中枠(3-6)で父系統「ロイヤルチャージャー系」は基準比リフト1.096
競馬場×距離帯×馬場×枠,東京,直線長め・持続型,芝,短中距離(1400-1600),良,中枠(3-6),母父,トニービン,198,13,44,0.0657,0.2222,93.6,0.0,7.65,0.2028,0.0194,1.096,B,東京芝短中距離(1400-1600)・良・中枠(3-6)で母父「トニービン」は基準比リフト1.096
競馬場×距離帯×馬場×枠,小倉,小回り・機動型,ダ,中距離(1700-2000),良,中枠(3-6),父系統,父系統不明,717,51,153,0.0711,0.2134,50.3,0.0,7.53,0.1947,0.0187,1.096,B,小倉ダ中距離(1700-2000)・良・中枠(3-6)で父系統「父系統不明」は基準比リフト1.096
競馬場×距離帯×馬場×枠,東京,直線長め・持続型,芝,中長距離(2100-2400),良,内枠(1-2),母父,サンデーサイレンス,105,12,30,0.1143,0.2857,77.5,0.0,7.22,0.261,0.0247,1.095,B,東京芝中長距離(2100-2400)・良・内枠(1-2)で母父「サンデーサイレンス」は基準比リフト1.095
競馬場×距離帯×馬場×枠,函館,小回り・持続型,ダ,中距離(1700-2000),良,外枠(7-8),母父系統,ネイティヴダンサー系,346,31,91,0.0896,0.263,152.4,0.0,6.75,0.2402,0.0228,1.095,B,函館ダ中距離(1700-2000)・良・外枠(7-8)で母父系統「ネイティヴダンサー系」は基準比リフト1.095
競馬場×距離帯×馬場×枠,福島,小回り・機動型,ダ,中距離(1700-2000),重不良,内枠(1-2),父系統,ロイヤルチャージャー系,105,12,27,0.1143,0.2571,131.5,0.0,7.12,0.2348,0.0223,1.095,B,福島ダ中距離(1700-2000)・重不良・内枠(1-2)で父系統「ロイヤルチャージャー系」は基準比リフト1.095
競馬場×距離帯×馬場×枠,中京,直線長め・持続型,ダ,短中距離(1400-1600),稍,外枠(7-8),母父系統,ロイヤルチャージャー系,174,12,41,0.069,0.2356,49.5,0.0,8.13,0.2151,0.0205,1.095,B,中京ダ短中距離(1400-1600)・稍・外枠(7-8)で母父系統「ロイヤルチャージャー系」は基準比リフト1.095
競馬場×距離帯×馬場×枠,新潟,直線長め・平坦型,ダ,中距離(1700-2000),良,中枠(3-6),母父,クロフネ,98,8,23,0.0816,0.2347,69.1,0.0,7.02,0.2144,0.0203,1.095,B,新潟ダ中距離(1700-2000)・良・中枠(3-6)で母父「クロフネ」は基準比リフト1.095
競馬場×距離帯×馬場×枠,中山,坂あり・パワー型,芝,中距離(1700-2000),稍,外枠(7-8),父系統,父系統不明,184,14,40,0.0761,0.2174,32.1,0.0,7.77,0.1986,0.0188,1.095,B,中山芝中距離(1700-2000)・稍・外枠(7-8)で父系統「父系統不明」は基準比リフト1.095
競馬場×距離帯×馬場×枠,新潟,直線長め・平坦型,ダ,短距離(1000-1300),重不良,中枠(3-6),父系統,ネイティヴダンサー系,200,20,43,0.1,0.215,48.4,0.0,7.52,0.1964,0.0186,1.095,B,新潟ダ短距離(1000-1300)・重不良・中枠(3-6)で父系統「ネイティヴダンサー系」は基準比リフト1.095
競馬場×距離帯×馬場×枠,京都,平坦・スピード型,ダ,短中距離(1400-1600),稍,外枠(7-8),母父系統,ネイティヴダンサー系,206,20,42,0.0971,0.2039,137.0,0.0,7.48,0.1862,0.0177,1.095,B,京都ダ短中距離(1400-1600)・稍・外枠(7-8)で母父系統「ネイティヴダンサー系」は基準比リフト1.095
競馬場×距離帯×馬場×枠,東京,直線長め・持続型,ダ,短中距離(1400-1600),良,内枠(1-2),母父,アフリート,98,7,18,0.0714,0.1837,27.2,0.0,8.06,0.1677,0.016,1.095,B,東京ダ短中距離(1400-1600)・良・内枠(1-2)で母父「アフリート」は基準比リフト1.095
競馬場×距離帯×馬場×枠,新潟,直線長め・平坦型,芝,短距離(1000-1300),良,内枠(1-2),母父系統,ニアークティック系,535,27,82,0.0505,0.1533,44.6,0.0,9.36,0.14,0.0133,1.095,B,新潟芝短距離(1000-1300)・良・内枠(1-2)で母父系統「ニアークティック系」は基準比リフト1.095
競馬場×距離帯×馬場×枠,函館,小回り・持続型,芝,短距離(1000-1300),稍,中枠(3-6),父系統,ロイヤルチャージャー系,294,31,78,0.1054,0.2653,95.4,0.0,7.52,0.2425,0.0228,1.094,B,函館芝短距離(1000-1300)・稍・中枠(3-6)で父系統「ロイヤルチャージャー系」は基準比リフト1.094
競馬場×距離帯×馬場×枠,京都,平坦・スピード型,芝,中距離(1700-2000),良,内枠(1-2),父系統,ロイヤルチャージャー系,1239,113,324,0.0912,0.2615,68.9,0.0,6.88,0.239,0.0225,1.094,B,京都芝中距離(1700-2000)・良・内枠(1-2)で父系統「ロイヤルチャージャー系」は基準比リフト1.094
競馬場×距離帯×馬場×枠,小倉,小回り・機動型,ダ,短距離(1000-1300),良,中枠(3-6),母父系統,ナスルーラ系,242,20,59,0.0826,0.2438,48.9,0.0,7.07,0.2229,0.0209,1.094,B,小倉ダ短距離(1000-1300)・良・中枠(3-6)で母父系統「ナスルーラ系」は基準比リフト1.094
競馬場×距離帯×馬場×枠,中山,坂あり・パワー型,ダ,中距離(1700-2000),良,外枠(7-8),父系統,ナスルーラ系,308,23,75,0.0747,0.2435,52.0,0.0,8.39,0.2226,0.0209,1.094,B,中山ダ中距離(1700-2000)・良・外枠(7-8)で父系統「ナスルーラ系」は基準比リフト1.094
競馬場×距離帯×馬場×枠,中山,坂あり・パワー型,芝,長距離(2500以上),良,外枠(7-8),母父系統,ニアークティック系,202,17,49,0.0842,0.2426,80.3,0.0,7.15,0.2217,0.0209,1.094,B,中山芝長距離(2500以上)・良・外枠(7-8)で母父系統「ニアークティック系」は基準比リフト1.094
競馬場×距離帯×馬場×枠,京都,平坦・スピード型,芝,短中距離(1400-1600),良,内枠(1-2),母父系統,ニアークティック系,849,61,203,0.0718,0.2391,61.1,0.0,7.51,0.2185,0.0206,1.094,B,京都芝短中距離(1400-1600)・良・内枠(1-2)で母父系統「ニアークティック系」は基準比リフト1.094
競馬場×距離帯×馬場×枠,京都,平坦・スピード型,ダ,短中距離(1400-1600),良,内枠(1-2),母父系統,ネイティヴダンサー系,507,38,115,0.075,0.2268,104.2,0.0,8.07,0.2074,0.0194,1.094,B,京都ダ短中距離(1400-1600)・良・内枠(1-2)で母父系統「ネイティヴダンサー系」は基準比リフト1.094
競馬場×距離帯×馬場×枠,阪神,坂あり・パワー型,ダ,中距離(1700-2000),良,内枠(1-2),父系統,父系統不明,759,55,171,0.0725,0.2253,60.2,0.0,7.12,0.206,0.0193,1.094,B,阪神ダ中距離(1700-2000)・良・内枠(1-2)で父系統「父系統不明」は基準比リフト1.094
競馬場×距離帯×馬場×枠,中山,坂あり・パワー型,芝,短距離(1000-1300),良,中枠(3-6),父系統,ニアークティック系,418,40,92,0.0957,0.2201,77.2,0.0,7.77,0.2011,0.019,1.094,B,中山芝短距離(1000-1300)・良・中枠(3-6)で父系統「ニアークティック系」は基準比リフト1.094
競馬場×距離帯×馬場×枠,東京,直線長め・持続型,ダ,短中距離(1400-1600),重不良,中枠(3-6),母父,フジキセキ,80,3,17,0.0375,0.2125,16.9,0.0,7.72,0.1943,0.0182,1.094,B,東京ダ短中距離(1400-1600)・重不良・中枠(3-6)で母父「フジキセキ」は基準比リフト1.094
競馬場×距離帯×馬場×枠,新潟,直線長め・平坦型,ダ,短距離(1000-1300),稍,内枠(1-2),父系統,ニアークティック系,105,6,20,0.0571,0.1905,60.4,0.0,7.39,0.1741,0.0164,1.094,B,新潟ダ短距離(1000-1300)・稍・内枠(1-2)で父系統「ニアークティック系」は基準比リフト1.094
競馬場×距離帯×馬場×枠,東京,直線長め・持続型,ダ,短中距離(1400-1600),良,内枠(1-2),母父,キングカメハメハ,109,6,20,0.055,0.1835,65.9,0.0,7.26,0.1677,0.0158,1.094,B,東京ダ短中距離(1400-1600)・良・内枠(1-2)で母父「キングカメハメハ」は基準比リフト1.094
競馬場×距離帯×馬場×枠,京都,平坦・スピード型,芝,中距離(1700-2000),重不良,中枠(3-6),母父系統,ネイティヴダンサー系,82,9,23,0.1098,0.2805,50.6,0.0,6.95,0.2566,0.0239,1.093,B,京都芝中距離(1700-2000)・重不良・中枠(3-6)で母父系統「ネイティヴダンサー系」は基準比リフト1.093
競馬場×距離帯×馬場×枠,札幌,小回り・持続型,ダ,中距離(1700-2000),良,中枠(3-6),父系統,ネイティヴダンサー系,667,60,180,0.09,0.2699,79.8,0.0,6.98,0.2469,0.023,1.093,B,札幌ダ中距離(1700-2000)・良・中枠(3-6)で父系統「ネイティヴダンサー系」は基準比リフト1.093
競馬場×距離帯×馬場×枠,函館,小回り・持続型,ダ,中距離(1700-2000),稍,中枠(3-6),母父系統,ロイヤルチャージャー系,282,20,73,0.0709,0.2589,38.7,0.0,6.39,0.2369,0.022,1.093,B,函館ダ中距離(1700-2000)・稍・中枠(3-6)で母父系統「ロイヤルチャージャー系」は基準比リフト1.093
競馬場×距離帯×馬場×枠,札幌,小回り・持続型,芝,短距離(1000-1300),良,内枠(1-2),父系統,父系統不明,189,15,48,0.0794,0.254,73.9,0.0,6.82,0.2324,0.0216,1.093,B,札幌芝短距離(1000-1300)・良・内枠(1-2)で父系統「父系統不明」は基準比リフト1.093
競馬場×距離帯×馬場×枠,京都,平坦・スピード型,芝,短中距離(1400-1600),良,内枠(1-2),母父系統,ナスルーラ系,427,30,102,0.0703,0.2389,103.9,0.0,8.09,0.2185,0.0204,1.093,B,京都芝短中距離(1400-1600)・良・内枠(1-2)で母父系統「ナスルーラ系」は基準比リフト1.093
競馬場×距離帯×馬場×枠,中京,直線長め・持続型,ダ,中距離(1700-2000),良,中枠(3-6),母父系統,ネイティヴダンサー系,1185,112,283,0.0945,0.2388,112.8,0.0,7.52,0.2184,0.0204,1.093,B,中京ダ中距離(1700-2000)・良・中枠(3-6)で母父系統「ネイティヴダンサー系」は基準比リフト1.093
競馬場×距離帯×馬場×枠,京都,平坦・スピード型,芝,短中距離(1400-1600),良,中枠(3-6),母父系統,その他のエクリプス系,158,16,37,0.1013,0.2342,201.0,0.0,7.77,0.2142,0.02,1.093,B,京都芝短中距離(1400-1600)・良・中枠(3-6)で母父系統「その他のエクリプス系」は基準比リフト1.093
競馬場×距離帯×馬場×枠,中山,坂あり・パワー型,芝,短中距離(1400-1600),稍,中枠(3-6),母父系統,ネイティヴダンサー系,181,14,41,0.0773,0.2265,111.4,0.0,7.99,0.2072,0.0193,1.093,B,中山芝短中距離(1400-1600)・稍・中枠(3-6)で母父系統「ネイティヴダンサー系」は基準比リフト1.093
競馬場×距離帯×馬場×枠,福島,小回り・機動型,芝,中距離(1700-2000),良,内枠(1-2),父系統,ロイヤルチャージャー系,1036,82,234,0.0792,0.2259,67.9,0.0,7.54,0.2066,0.0193,1.093,B,福島芝中距離(1700-2000)・良・内枠(1-2)で父系統「ロイヤルチャージャー系」は基準比リフト1.093
競馬場×距離帯×馬場×枠,福島,小回り・機動型,ダ,中距離(1700-2000),良,中枠(3-6),母父,サンデーサイレンス,274,21,60,0.0766,0.219,39.1,0.0,6.95,0.2003,0.0187,1.093,B,福島ダ中距離(1700-2000)・良・中枠(3-6)で母父「サンデーサイレンス」は基準比リフト1.093
競馬場×距離帯×馬場×枠,小倉,小回り・機動型,芝,短距離(1000-1300),良,内枠(1-2),母父系統,ロイヤルチャージャー系,1018,66,211,0.0648,0.2073,67.4,0.0,8.23,0.1897,0.0176,1.093,B,小倉芝短距離(1000-1300)・良・内枠(1-2)で母父系統「ロイヤルチャージャー系」は基準比リフト1.093
競馬場×距離帯×馬場×枠,阪神,坂あり・パワー型,ダ,短中距離(1400-1600),稍,内枠(1-2),母父系統,ニアークティック系,273,16,55,0.0586,0.2015,109.7,0.0,7.71,0.1843,0.0172,1.093,B,阪神ダ短中距離(1400-1600)・稍・内枠(1-2)で母父系統「ニアークティック系」は基準比リフト1.093
競馬場×距離帯×馬場×枠,阪神,坂あり・パワー型,ダ,短中距離(1400-1600),良,内枠(1-2),母父系統,ネイティヴダンサー系,538,33,100,0.0613,0.1859,50.9,0.0,8.03,0.1701,0.0158,1.093,B,阪神ダ短中距離(1400-1600)・良・内枠(1-2)で母父系統「ネイティヴダンサー系」は基準比リフト1.093
競馬場×距離帯×馬場×枠,札幌,小回り・持続型,ダ,中距離(1700-2000),重不良,中枠(3-6),父系統,ロイヤルチャージャー系,146,13,39,0.089,0.2671,89.2,0.0,6.77,0.2445,0.0226,1.092,B,札幌ダ中距離(1700-2000)・重不良・中枠(3-6)で父系統「ロイヤルチャージャー系」は基準比リフト1.092
競馬場×距離帯×馬場×枠,東京,直線長め・持続型,ダ,長距離(2500以上),良,中枠(3-6),母父系統,ロイヤルチャージャー系,249,24,64,0.0964,0.257,109.7,0.0,7.12,0.2354,0.0216,1.092,B,東京ダ長距離(2500以上)・良・中枠(3-6)で母父系統「ロイヤルチャージャー系」は基準比リフト1.092
競馬場×距離帯×馬場×枠,京都,平坦・スピード型,ダ,中距離(1700-2000),良,中枠(3-6),父,シンボリクリスエス,252,16,60,0.0635,0.2381,103.7,0.0,6.96,0.2181,0.02,1.092,B,京都ダ中距離(1700-2000)・良・中枠(3-6)で父「シンボリクリスエス」は基準比リフト1.092
競馬場×距離帯×馬場×枠,京都,平坦・スピード型,芝,短中距離(1400-1600),良,中枠(3-6),父,クロフネ,124,12,29,0.0968,0.2339,115.4,0.0,8.11,0.2142,0.0197,1.092,B,京都芝短中距離(1400-1600)・良・中枠(3-6)で父「クロフネ」は基準比リフト1.092
競馬場×距離帯×馬場×枠,小倉,小回り・機動型,ダ,短距離(1000-1300),重不良,外枠(7-8),父系統,父系統不明,83,7,19,0.0843,0.2289,60.5,0.0,7.16,0.2096,0.0193,1.092,B,小倉ダ短距離(1000-1300)・重不良・外枠(7-8)で父系統「父系統不明」は基準比リフト1.092
競馬場×距離帯×馬場×枠,中山,坂あり・パワー型,ダ,中距離(1700-2000),良,中枠(3-6),父,シンボリクリスエス,230,20,50,0.087,0.2174,52.6,0.0,7.45,0.199,0.0184,1.092,B,中山ダ中距離(1700-2000)・良・中枠(3-6)で父「シンボリクリスエス」は基準比リフト1.092
競馬場×距離帯×馬場×枠,福島,小回り・機動型,芝,中距離(1700-2000),良,外枠(7-8),父系統,ロイヤルチャージャー系,1292,96,265,0.0743,0.2051,76.4,0.0,7.9,0.1878,0.0173,1.092,B,福島芝中距離(1700-2000)・良・外枠(7-8)で父系統「ロイヤルチャージャー系」は基準比リフト1.092
競馬場×距離帯×馬場×枠,函館,小回り・持続型,芝,中距離(1700-2000),稍,中枠(3-6),父系統,父系統不明,130,14,38,0.1077,0.2923,126.4,0.0,6.84,0.2678,0.0245,1.091,B,函館芝中距離(1700-2000)・稍・中枠(3-6)で父系統「父系統不明」は基準比リフト1.091
競馬場×距離帯×馬場×枠,阪神,坂あり・パワー型,芝,中長距離(2100-2400),良,中枠(3-6),父系統,父系統不明,260,24,74,0.0923,0.2846,43.0,0.0,6.44,0.2609,0.0237,1.091,B,阪神芝中長距離(2100-2400)・良・中枠(3-6)で父系統「父系統不明」は基準比リフト1.091
競馬場×距離帯×馬場×枠,阪神,坂あり・パワー型,芝,中距離(1700-2000),稍,内枠(1-2),母父系統,ロイヤルチャージャー系,150,12,42,0.08,0.28,69.0,0.0,6.91,0.2567,0.0233,1.091,B,阪神芝中距離(1700-2000)・稍・内枠(1-2)で母父系統「ロイヤルチャージャー系」は基準比リフト1.091
競馬場×距離帯×馬場×枠,福島,小回り・機動型,ダ,中距離(1700-2000),稍,外枠(7-8),父系統,ロイヤルチャージャー系,231,23,63,0.0996,0.2727,90.6,0.0,7.56,0.25,0.0227,1.091,B,福島ダ中距離(1700-2000)・稍・外枠(7-8)で父系統「ロイヤルチャージャー系」は基準比リフト1.091
競馬場×距離帯×馬場×枠,阪神,坂あり・パワー型,ダ,中距離(1700-2000),稍,外枠(7-8),父系統,父系統不明,321,29,85,0.0903,0.2648,62.2,0.0,6.51,0.2427,0.0221,1.091,B,阪神ダ中距離(1700-2000)・稍・外枠(7-8)で父系統「父系統不明」は基準比リフト1.091
競馬場×距離帯×馬場×枠,函館,小回り・持続型,芝,短距離(1000-1300),良,中枠(3-6),母父,サクラバクシンオー,122,12,31,0.0984,0.2541,93.3,0.0,6.77,0.2329,0.0212,1.091,B,函館芝短距離(1000-1300)・良・中枠(3-6)で母父「サクラバクシンオー」は基準比リフト1.091
競馬場×距離帯×馬場×枠,中山,坂あり・パワー型,芝,中長距離(2100-2400),良,外枠(7-8),母父系統,ネイティヴダンサー系,120,9,28,0.075,0.2333,41.4,0.0,7.62,0.2138,0.0195,1.091,B,中山芝中長距離(2100-2400)・良・外枠(7-8)で母父系統「ネイティヴダンサー系」は基準比リフト1.091
競馬場×距離帯×馬場×枠,東京,直線長め・持続型,ダ,短中距離(1400-1600),不,中枠(3-6),母父系統,ナスルーラ系,138,15,32,0.1087,0.2319,157.3,0.0,7.86,0.2126,0.0193,1.091,B,東京ダ短中距離(1400-1600)・不・中枠(3-6)で母父系統「ナスルーラ系」は基準比リフト1.091
競馬場×距離帯×馬場×枠,阪神,坂あり・パワー型,ダ,短距離(1000-1300),重不良,外枠(7-8),母父系統,ニアークティック系,143,12,33,0.0839,0.2308,64.4,0.0,8.22,0.2115,0.0193,1.091,B,阪神ダ短距離(1000-1300)・重不良・外枠(7-8)で母父系統「ニアークティック系」は基準比リフト1.091
競馬場×距離帯×馬場×枠,新潟,直線長め・平坦型,ダ,短距離(1000-1300),不,外枠(7-8),父系統,ロイヤルチャージャー系,91,8,21,0.0879,0.2308,62.5,0.0,7.42,0.2115,0.0193,1.091,B,新潟ダ短距離(1000-1300)・不・外枠(7-8)で父系統「ロイヤルチャージャー系」は基準比リフト1.091
競馬場×距離帯×馬場×枠,中山,坂あり・パワー型,ダ,短距離(1000-1300),重不良,中枠(3-6),父系統,ネイティヴダンサー系,397,29,83,0.073,0.2091,57.4,0.0,8.16,0.1917,0.0174,1.091,B,中山ダ短距離(1000-1300)・重不良・中枠(3-6)で父系統「ネイティヴダンサー系」は基準比リフト1.091
競馬場×距離帯×馬場×枠,東京,直線長め・持続型,ダ,短中距離(1400-1600),稍,中枠(3-6),父系統,ネイティヴダンサー系,808,58,167,0.0718,0.2067,75.1,0.0,8.3,0.1894,0.0173,1.091,B,東京ダ短中距離(1400-1600)・稍・中枠(3-6)で父系統「ネイティヴダンサー系」は基準比リフト1.091
競馬場×距離帯×馬場×枠,札幌,小回り・持続型,ダ,中距離(1700-2000),良,中枠(3-6),母父,サンデーサイレンス,208,16,56,0.0769,0.2692,48.0,0.0,6.42,0.2469,0.0223,1.09,B,札幌ダ中距離(1700-2000)・良・中枠(3-6)で母父「サンデーサイレンス」は基準比リフト1.09
競馬場×距離帯×馬場×枠,札幌,小回り・持続型,芝,中距離(1700-2000),良,中枠(3-6),母父,サンデーサイレンス,238,19,63,0.0798,0.2647,80.2,0.0,6.52,0.2428,0.0219,1.09,B,札幌芝中距離(1700-2000)・良・中枠(3-6)で母父「サンデーサイレンス」は基準比リフト1.09
競馬場×距離帯×馬場×枠,京都,平坦・スピード型,ダ,中距離(1700-2000),重不良,内枠(1-2),父系統,ネイティヴダンサー系,96,9,24,0.0938,0.25,90.3,0.0,7.02,0.2293,0.0207,1.09,B,京都ダ中距離(1700-2000)・重不良・内枠(1-2)で父系統「ネイティヴダンサー系」は基準比リフト1.09
競馬場×距離帯×馬場×枠,京都,平坦・スピード型,芝,短距離(1000-1300),稍,中枠(3-6),父系統,ロイヤルチャージャー系,91,7,22,0.0769,0.2418,65.8,0.0,7.38,0.2218,0.02,1.09,B,京都芝短距離(1000-1300)・稍・中枠(3-6)で父系統「ロイヤルチャージャー系」は基準比リフト1.09
競馬場×距離帯×馬場×枠,京都,平坦・スピード型,芝,短中距離(1400-1600),良,中枠(3-6),父系統,ロイヤルチャージャー系,3504,270,818,0.0771,0.2334,80.4,0.0,7.52,0.2142,0.0192,1.09,B,京都芝短中距離(1400-1600)・良・中枠(3-6)で父系統「ロイヤルチャージャー系」は基準比リフト1.09
競馬場×距離帯×馬場×枠,札幌,小回り・持続型,ダ,中距離(1700-2000),良,内枠(1-2),母父系統,ネイティヴダンサー系,249,16,57,0.0643,0.2289,49.4,0.0,6.7,0.21,0.0189,1.09,B,札幌ダ中距離(1700-2000)・良・内枠(1-2)で母父系統「ネイティヴダンサー系」は基準比リフト1.09
競馬場×距離帯×馬場×枠,小倉,小回り・機動型,芝,短距離(1000-1300),重不良,中枠(3-6),母父系統,ネイティヴダンサー系,141,10,30,0.0709,0.2128,146.5,0.0,9.21,0.1952,0.0176,1.09,B,小倉芝短距離(1000-1300)・重不良・中枠(3-6)で母父系統「ネイティヴダンサー系」は基準比リフト1.09
競馬場×距離帯×馬場×枠,中山,坂あり・パワー型,ダ,短距離(1000-1300),良,内枠(1-2),父,ゴールドアリュール,83,6,16,0.0723,0.1928,23.0,0.0,7.87,0.1768,0.016,1.09,B,中山ダ短距離(1000-1300)・良・内枠(1-2)で父「ゴールドアリュール」は基準比リフト1.09
競馬場×距離帯×馬場×枠,中京,直線長め・持続型,芝,短距離(1000-1300),稍,外枠(7-8),父系統,ロイヤルチャージャー系,90,4,12,0.0444,0.1333,24.7,0.0,9.09,0.1223,0.011,1.09,B,中京芝短距離(1000-1300)・稍・外枠(7-8)で父系統「ロイヤルチャージャー系」は基準比リフト1.09
競馬場×距離帯×馬場×枠,阪神,坂あり・パワー型,芝,中距離(1700-2000),良,中枠(3-6),母父,サンデーサイレンス,536,53,140,0.0989,0.2612,91.8,0.0,6.46,0.2399,0.0213,1.089,B,阪神芝中距離(1700-2000)・良・中枠(3-6)で母父「サンデーサイレンス」は基準比リフト1.089
競馬場×距離帯×馬場×枠,東京,直線長め・持続型,芝,中距離(1700-2000),良,中枠(3-6),母父,ディープインパクト,155,14,40,0.0903,0.2581,44.3,0.0,6.81,0.237,0.0211,1.089,B,東京芝中距離(1700-2000)・良・中枠(3-6)で母父「ディープインパクト」は基準比リフト1.089
競馬場×距離帯×馬場×枠,京都,平坦・スピード型,芝,中距離(1700-2000),稍,中枠(3-6),父系統,ニアークティック系,93,10,24,0.1075,0.2581,55.1,0.0,7.76,0.237,0.0211,1.089,B,京都芝中距離(1700-2000)・稍・中枠(3-6)で父系統「ニアークティック系」は基準比リフト1.089
競馬場×距離帯×馬場×枠,東京,直線長め・持続型,ダ,短中距離(1400-1600),重不良,外枠(7-8),父系統,ネイティヴダンサー系,292,21,72,0.0719,0.2466,76.8,0.0,8.66,0.2265,0.0201,1.089,B,東京ダ短中距離(1400-1600)・重不良・外枠(7-8)で父系統「ネイティヴダンサー系」は基準比リフト1.089
競馬場×距離帯×馬場×枠,新潟,直線長め・平坦型,ダ,中距離(1700-2000),良,外枠(7-8),母父系統,ロイヤルチャージャー系,910,74,224,0.0813,0.2462,58.5,0.0,7.45,0.226,0.0202,1.089,B,新潟ダ中距離(1700-2000)・良・外枠(7-8)で母父系統「ロイヤルチャージャー系」は基準比リフト1.089
競馬場×距離帯×馬場×枠,阪神,坂あり・パワー型,芝,中長距離(2100-2400),良,外枠(7-8),母父,サンデーサイレンス,100,7,24,0.07,0.24,43.9,0.0,6.34,0.2204,0.0196,1.089,B,阪神芝中長距離(2100-2400)・良・外枠(7-8)で母父「サンデーサイレンス」は基準比リフト1.089
競馬場×距離帯×馬場×枠,東京,直線長め・持続型,芝,中距離(1700-2000),良,外枠(7-8),母父,サンデーサイレンス,388,35,91,0.0902,0.2345,65.1,0.0,6.98,0.2154,0.0191,1.089,B,東京芝中距離(1700-2000)・良・外枠(7-8)で母父「サンデーサイレンス」は基準比リフト1.089
競馬場×距離帯×馬場×枠,阪神,坂あり・パワー型,芝,中距離(1700-2000),稍,外枠(7-8),父系統,父系統不明,141,14,33,0.0993,0.234,58.7,0.0,6.94,0.2149,0.0191,1.089,B,阪神芝中距離(1700-2000)・稍・外枠(7-8)で父系統「父系統不明」は基準比リフト1.089
競馬場×距離帯×馬場×枠,新潟,直線長め・平坦型,ダ,短距離(1000-1300),良,中枠(3-6),父系統,父系統不明,937,64,207,0.0683,0.2209,60.0,0.0,7.65,0.2029,0.018,1.089,B,新潟ダ短距離(1000-1300)・良・中枠(3-6)で父系統「父系統不明」は基準比リフト1.089
競馬場×距離帯×馬場×枠,東京,直線長め・持続型,ダ,短中距離(1400-1600),良,中枠(3-6),母父,ブライアンズタイム,377,18,82,0.0477,0.2175,103.5,0.0,8.12,0.1997,0.0178,1.089,B,東京ダ短中距離(1400-1600)・良・中枠(3-6)で母父「ブライアンズタイム」は基準比リフト1.089
競馬場×距離帯×馬場×枠,福島,小回り・機動型,芝,短距離(1000-1300),良,外枠(7-8),母父,サンデーサイレンス,131,8,28,0.0611,0.2137,56.5,0.0,7.32,0.1962,0.0175,1.089,B,福島芝短距離(1000-1300)・良・外枠(7-8)で母父「サンデーサイレンス」は基準比リフト1.089
競馬場×距離帯×馬場×枠,中山,坂あり・パワー型,ダ,短距離(1000-1300),良,中枠(3-6),母父系統,ニアークティック系,2459,167,516,0.0679,0.2098,74.9,0.0,8.18,0.1927,0.0171,1.089,B,中山ダ短距離(1000-1300)・良・中枠(3-6)で母父系統「ニアークティック系」は基準比リフト1.089
競馬場×距離帯×馬場×枠,小倉,小回り・機動型,芝,短距離(1000-1300),良,内枠(1-2),父系統,父系統不明,557,35,115,0.0628,0.2065,73.3,0.0,7.89,0.1897,0.0168,1.089,B,小倉芝短距離(1000-1300)・良・内枠(1-2)で父系統「父系統不明」は基準比リフト1.089
競馬場×距離帯×馬場×枠,函館,小回り・持続型,ダ,短距離(1000-1300),良,中枠(3-6),母父系統,ニアークティック系,353,26,99,0.0737,0.2805,50.1,0.0,5.93,0.2579,0.0226,1.088,B,函館ダ短距離(1000-1300)・良・中枠(3-6)で母父系統「ニアークティック系」は基準比リフト1.088
競馬場×距離帯×馬場×枠,中山,坂あり・パワー型,ダ,中長距離(2100-2400),良,外枠(7-8),母父系統,ニアークティック系,85,9,22,0.1059,0.2588,115.9,0.0,7.46,0.2378,0.021,1.088,B,中山ダ中長距離(2100-2400)・良・外枠(7-8)で母父系統「ニアークティック系」は基準比リフト1.088
競馬場×距離帯×馬場×枠,札幌,小回り・持続型,ダ,中距離(1700-2000),良,外枠(7-8),母父系統,ナスルーラ系,242,19,60,0.0785,0.2479,45.8,0.0,6.63,0.2278,0.0201,1.088,B,札幌ダ中距離(1700-2000)・良・外枠(7-8)で母父系統「ナスルーラ系」は基準比リフト1.088
競馬場×距離帯×馬場×枠,新潟,直線長め・平坦型,ダ,中距離(1700-2000),稍,外枠(7-8),母父系統,ネイティヴダンサー系,217,21,53,0.0968,0.2442,62.4,0.0,7.35,0.2244,0.0198,1.088,B,新潟ダ中距離(1700-2000)・稍・外枠(7-8)で母父系統「ネイティヴダンサー系」は基準比リフト1.088
競馬場×距離帯×馬場×枠,京都,平坦・スピード型,芝,短中距離(1400-1600),稍,中枠(3-6),母父系統,ニアークティック系,319,15,73,0.047,0.2288,27.3,0.0,7.78,0.2103,0.0185,1.088,B,京都芝短中距離(1400-1600)・稍・中枠(3-6)で母父系統「ニアークティック系」は基準比リフト1.088
競馬場×距離帯×馬場×枠,阪神,坂あり・パワー型,ダ,短距離(1000-1300),良,中枠(3-6),母父,サンデーサイレンス,155,11,35,0.071,0.2258,75.7,0.0,8.1,0.2076,0.0182,1.088,B,阪神ダ短距離(1000-1300)・良・中枠(3-6)で母父「サンデーサイレンス」は基準比リフト1.088
競馬場×距離帯×馬場×枠,福島,小回り・機動型,芝,中距離(1700-2000),良,内枠(1-2),父,ディープインパクト,89,6,20,0.0674,0.2247,31.6,0.0,5.74,0.2066,0.0181,1.088,B,福島芝中距離(1700-2000)・良・内枠(1-2)で父「ディープインパクト」は基準比リフト1.088
競馬場×距離帯×馬場×枠,京都,平坦・スピード型,ダ,短距離(1000-1300),良,外枠(7-8),父,サウスヴィグラス,99,10,22,0.101,0.2222,47.0,0.0,7.86,0.2043,0.0179,1.088,B,京都ダ短距離(1000-1300)・良・外枠(7-8)で父「サウスヴィグラス」は基準比リフト1.088
競馬場×距離帯×馬場×枠,新潟,直線長め・平坦型,ダ,短距離(1000-1300),稍,中枠(3-6),父系統,ネイティヴダンサー系,429,36,93,0.0839,0.2168,60.6,0.0,7.51,0.1993,0.0175,1.088,B,新潟ダ短距離(1000-1300)・稍・中枠(3-6)で父系統「ネイティヴダンサー系」は基準比リフト1.088
競馬場×距離帯×馬場×枠,函館,小回り・持続型,ダ,中距離(1700-2000),良,内枠(1-2),父系統,ニアークティック系,126,12,37,0.0952,0.2937,50.3,0.0,6.41,0.2701,0.0236,1.087,B,函館ダ中距離(1700-2000)・良・内枠(1-2)で父系統「ニアークティック系」は基準比リフト1.087
競馬場×距離帯×馬場×枠,札幌,小回り・持続型,芝,短中距離(1400-1600),良,中枠(3-6),父系統,父系統不明,312,30,84,0.0962,0.2692,102.1,0.0,6.52,0.2476,0.0216,1.087,B,札幌芝短中距離(1400-1600)・良・中枠(3-6)で父系統「父系統不明」は基準比リフト1.087
競馬場×距離帯×馬場×枠,京都,平坦・スピード型,芝,中距離(1700-2000),良,中枠(3-6),父,アグネスタキオン,105,8,28,0.0762,0.2667,50.6,0.0,5.74,0.2454,0.0213,1.087,B,京都芝中距離(1700-2000)・良・中枠(3-6)で父「アグネスタキオン」は基準比リフト1.087
競馬場×距離帯×馬場×枠,阪神,坂あり・パワー型,ダ,中距離(1700-2000),良,中枠(3-6),父,ルーラーシップ,166,17,41,0.1024,0.247,95.2,0.0,6.69,0.2273,0.0197,1.087,B,阪神ダ中距離(1700-2000)・良・中枠(3-6)で父「ルーラーシップ」は基準比リフト1.087
競馬場×距離帯×馬場×枠,京都,平坦・スピード型,ダ,短距離(1000-1300),重不良,中枠(3-6),母父系統,ニアークティック系,225,15,51,0.0667,0.2267,92.0,0.0,7.86,0.2085,0.0182,1.087,B,京都ダ短距離(1000-1300)・重不良・中枠(3-6)で母父系統「ニアークティック系」は基準比リフト1.087
競馬場×距離帯×馬場×枠,中山,坂あり・パワー型,ダ,中距離(1700-2000),良,中枠(3-6),父系統,ネイティヴダンサー系,1618,98,350,0.0606,0.2163,57.5,0.0,7.92,0.199,0.0173,1.087,B,中山ダ中距離(1700-2000)・良・中枠(3-6)で父系統「ネイティヴダンサー系」は基準比リフト1.087
競馬場×距離帯×馬場×枠,東京,直線長め・持続型,ダ,中長距離(2100-2400),良,外枠(7-8),母父系統,ニアークティック系,387,34,83,0.0879,0.2145,106.5,0.0,7.56,0.1973,0.0172,1.087,B,東京ダ中長距離(2100-2400)・良・外枠(7-8)で母父系統「ニアークティック系」は基準比リフト1.087
競馬場×距離帯×馬場×枠,阪神,坂あり・パワー型,芝,中距離(1700-2000),稍,内枠(1-2),父系統,ロイヤルチャージャー系,226,23,63,0.1018,0.2788,95.6,0.0,6.68,0.2567,0.0221,1.086,B,阪神芝中距離(1700-2000)・稍・内枠(1-2)で父系統「ロイヤルチャージャー系」は基準比リフト1.086
競馬場×距離帯×馬場×枠,阪神,坂あり・パワー型,芝,中距離(1700-2000),良,中枠(3-6),母父系統,ネイティヴダンサー系,1171,89,305,0.076,0.2605,80.8,0.0,6.87,0.2399,0.0206,1.086,B,阪神芝中距離(1700-2000)・良・中枠(3-6)で母父系統「ネイティヴダンサー系」は基準比リフト1.086
競馬場×距離帯×馬場×枠,京都,平坦・スピード型,ダ,中距離(1700-2000),良,中枠(3-6),父系統,ネイティヴダンサー系,1512,129,358,0.0853,0.2368,70.0,0.0,7.57,0.2181,0.0187,1.086,B,京都ダ中距離(1700-2000)・良・中枠(3-6)で父系統「ネイティヴダンサー系」は基準比リフト1.086
競馬場×距離帯×馬場×枠,東京,直線長め・持続型,ダ,短中距離(1400-1600),良,外枠(7-8),父系統,父系統不明,1646,143,387,0.0869,0.2351,74.7,0.0,7.47,0.2165,0.0186,1.086,B,東京ダ短中距離(1400-1600)・良・外枠(7-8)で父系統「父系統不明」は基準比リフト1.086
競馬場×距離帯×馬場×枠,京都,平坦・スピード型,芝,短距離(1000-1300),良,中枠(3-6),父系統,ネイティヴダンサー系,424,26,95,0.0613,0.2241,55.8,0.0,7.78,0.2064,0.0177,1.086,B,京都芝短距離(1000-1300)・良・中枠(3-6)で父系統「ネイティヴダンサー系」は基準比リフト1.086
競馬場×距離帯×馬場×枠,阪神,坂あり・パワー型,ダ,短中距離(1400-1600),良,中枠(3-6),父,クロフネ,136,10,30,0.0735,0.2206,73.0,0.0,7.51,0.2031,0.0175,1.086,B,阪神ダ短中距離(1400-1600)・良・中枠(3-6)で父「クロフネ」は基準比リフト1.086
競馬場×距離帯×馬場×枠,新潟,直線長め・平坦型,ダ,短距離(1000-1300),稍,内枠(1-2),父系統,ネイティヴダンサー系,164,14,31,0.0854,0.189,117.1,0.0,7.84,0.1741,0.0149,1.086,B,新潟ダ短距離(1000-1300)・稍・内枠(1-2)で父系統「ネイティヴダンサー系」は基準比リフト1.086
競馬場×距離帯×馬場×枠,札幌,小回り・持続型,芝,中距離(1700-2000),良,中枠(3-6),父,ハービンジャー,148,16,39,0.1081,0.2635,121.1,0.0,6.26,0.2428,0.0207,1.085,B,札幌芝中距離(1700-2000)・良・中枠(3-6)で父「ハービンジャー」は基準比リフト1.085
競馬場×距離帯×馬場×枠,東京,直線長め・持続型,ダ,中長距離(2100-2400),重不良,中枠(3-6),父系統,ロイヤルチャージャー系,158,14,40,0.0886,0.2532,62.7,0.0,7.58,0.2334,0.0198,1.085,B,東京ダ中長距離(2100-2400)・重不良・中枠(3-6)で父系統「ロイヤルチャージャー系」は基準比リフト1.085
競馬場×距離帯×馬場×枠,札幌,小回り・持続型,ダ,中距離(1700-2000),稍,中枠(3-6),母父系統,ニアークティック系,174,17,43,0.0977,0.2471,61.8,0.0,7.16,0.2278,0.0193,1.085,B,札幌ダ中距離(1700-2000)・稍・中枠(3-6)で母父系統「ニアークティック系」は基準比リフト1.085
競馬場×距離帯×馬場×枠,京都,平坦・スピード型,芝,中距離(1700-2000),良,外枠(7-8),父系統,ロイヤルチャージャー系,1820,150,447,0.0824,0.2456,60.9,0.0,7.05,0.2263,0.0193,1.085,B,京都芝中距離(1700-2000)・良・外枠(7-8)で父系統「ロイヤルチャージャー系」は基準比リフト1.085
競馬場×距離帯×馬場×枠,中京,直線長め・持続型,芝,短中距離(1400-1600),重不良,外枠(7-8),父系統,ロイヤルチャージャー系,106,8,26,0.0755,0.2453,109.2,0.0,7.75,0.2261,0.0192,1.085,B,中京芝短中距離(1400-1600)・重不良・外枠(7-8)で父系統「ロイヤルチャージャー系」は基準比リフト1.085
競馬場×距離帯×馬場×枠,京都,平坦・スピード型,ダ,中距離(1700-2000),稍,内枠(1-2),母父系統,ニアークティック系,242,27,59,0.1116,0.2438,76.6,0.0,7.03,0.2248,0.019,1.085,B,京都ダ中距離(1700-2000)・稍・内枠(1-2)で母父系統「ニアークティック系」は基準比リフト1.085
競馬場×距離帯×馬場×枠,小倉,小回り・機動型,芝,中距離(1700-2000),良,中枠(3-6),父,ダイワメジャー,108,7,26,0.0648,0.2407,43.5,0.0,7.1,0.2218,0.0189,1.085,B,小倉芝中距離(1700-2000)・良・中枠(3-6)で父「ダイワメジャー」は基準比リフト1.085
競馬場×距離帯×馬場×枠,小倉,小回り・機動型,ダ,中距離(1700-2000),重不良,内枠(1-2),母父系統,ネイティヴダンサー系,119,9,28,0.0756,0.2353,53.2,0.0,7.61,0.2168,0.0185,1.085,B,小倉ダ中距離(1700-2000)・重不良・内枠(1-2)で母父系統「ネイティヴダンサー系」は基準比リフト1.085
競馬場×距離帯×馬場×枠,東京,直線長め・持続型,ダ,短中距離(1400-1600),良,外枠(7-8),父,クロフネ,217,19,51,0.0876,0.235,48.4,0.0,7.14,0.2165,0.0185,1.085,B,東京ダ短中距離(1400-1600)・良・外枠(7-8)で父「クロフネ」は基準比リフト1.085
競馬場×距離帯×馬場×枠,京都,平坦・スピード型,ダ,中距離(1700-2000),良,外枠(7-8),母父系統,ネイティヴダンサー系,1031,84,231,0.0815,0.2241,120.8,0.0,7.51,0.2066,0.0175,1.085,B,京都ダ中距離(1700-2000)・良・外枠(7-8)で母父系統「ネイティヴダンサー系」は基準比リフト1.085
競馬場×距離帯×馬場×枠,新潟,直線長め・平坦型,ダ,短距離(1000-1300),良,中枠(3-6),父,キンシャサノキセキ,109,7,24,0.0642,0.2202,62.8,0.0,7.5,0.2029,0.0173,1.085,B,新潟ダ短距離(1000-1300)・良・中枠(3-6)で父「キンシャサノキセキ」は基準比リフト1.085
競馬場×距離帯×馬場×枠,福島,小回り・機動型,ダ,中距離(1700-2000),良,中枠(3-6),母父,フジキセキ,115,7,25,0.0609,0.2174,59.6,0.0,7.75,0.2003,0.0171,1.085,B,福島ダ中距離(1700-2000)・良・中枠(3-6)で母父「フジキセキ」は基準比リフト1.085
競馬場×距離帯×馬場×枠,阪神,坂あり・パワー型,芝,短中距離(1400-1600),稍,外枠(7-8),母父系統,ニアークティック系,259,16,56,0.0618,0.2162,54.5,0.0,7.87,0.1993,0.0169,1.085,B,阪神芝短中距離(1400-1600)・稍・外枠(7-8)で母父系統「ニアークティック系」は基準比リフト1.085
競馬場×距離帯×馬場×枠,中山,坂あり・パワー型,ダ,中距離(1700-2000),良,中枠(3-6),父,ブライアンズタイム,88,7,19,0.0795,0.2159,170.6,0.0,7.69,0.199,0.0169,1.085,B,中山ダ中距離(1700-2000)・良・中枠(3-6)で父「ブライアンズタイム」は基準比リフト1.085
競馬場×距離帯×馬場×枠,東京,直線長め・持続型,芝,短中距離(1400-1600),良,外枠(7-8),父,マンハッタンカフェ,102,9,22,0.0882,0.2157,39.0,0.0,7.34,0.1988,0.0169,1.085,B,東京芝短中距離(1400-1600)・良・外枠(7-8)で父「マンハッタンカフェ」は基準比リフト1.085
競馬場×距離帯×馬場×枠,新潟,直線長め・平坦型,芝,短中距離(1400-1600),良,中枠(3-6),父系統,ロイヤルチャージャー系,2381,149,503,0.0626,0.2113,79.2,0.0,8.39,0.1947,0.0166,1.085,B,新潟芝短中距離(1400-1600)・良・中枠(3-6)で父系統「ロイヤルチャージャー系」は基準比リフト1.085
競馬場×距離帯×馬場×枠,新潟,直線長め・平坦型,芝,短距離(1000-1300),良,中枠(3-6),母父,サクラバクシンオー,113,6,21,0.0531,0.1858,98.1,0.0,8.19,0.1712,0.0146,1.085,B,新潟芝短距離(1000-1300)・良・中枠(3-6)で母父「サクラバクシンオー」は基準比リフト1.085
競馬場×距離帯×馬場×枠,京都,平坦・スピード型,芝,中距離(1700-2000),稍,外枠(7-8),母父系統,ネイティヴダンサー系,96,7,27,0.0729,0.2812,47.2,0.0,6.82,0.2593,0.0219,1.084,B,京都芝中距離(1700-2000)・稍・外枠(7-8)で母父系統「ネイティヴダンサー系」は基準比リフト1.084
競馬場×距離帯×馬場×枠,中山,坂あり・パワー型,ダ,中長距離(2100-2400),良,中枠(3-6),母父系統,ネイティヴダンサー系,124,10,32,0.0806,0.2581,149.6,0.0,7.29,0.2381,0.02,1.084,B,中山ダ中長距離(2100-2400)・良・中枠(3-6)で母父系統「ネイティヴダンサー系」は基準比リフト1.084
競馬場×距離帯×馬場×枠,阪神,坂あり・パワー型,ダ,短中距離(1400-1600),稍,外枠(7-8),母父系統,ニアークティック系,305,25,71,0.082,0.2328,53.3,0.0,7.95,0.2147,0.0181,1.084,B,阪神ダ短中距離(1400-1600)・稍・外枠(7-8)で母父系統「ニアークティック系」は基準比リフト1.084
競馬場×距離帯×馬場×枠,新潟,直線長め・平坦型,ダ,中距離(1700-2000),良,中枠(3-6),父,クロフネ,142,6,33,0.0423,0.2324,38.1,0.0,7.27,0.2144,0.018,1.084,B,新潟ダ中距離(1700-2000)・良・中枠(3-6)で父「クロフネ」は基準比リフト1.084
競馬場×距離帯×馬場×枠,新潟,直線長め・平坦型,ダ,中距離(1700-2000),不,外枠(7-8),父系統,ロイヤルチャージャー系,137,9,31,0.0657,0.2263,30.3,0.0,6.99,0.2088,0.0175,1.084,B,新潟ダ中距離(1700-2000)・不・外枠(7-8)で父系統「ロイヤルチャージャー系」は基準比リフト1.084
競馬場×距離帯×馬場×枠,東京,直線長め・持続型,芝,短中距離(1400-1600),稍,外枠(7-8),父系統,ロイヤルチャージャー系,471,31,106,0.0658,0.2251,70.0,0.0,8.14,0.2077,0.0174,1.084,B,東京芝短中距離(1400-1600)・稍・外枠(7-8)で父系統「ロイヤルチャージャー系」は基準比リフト1.084
競馬場×距離帯×馬場×枠,中山,坂あり・パワー型,芝,中距離(1700-2000),良,外枠(7-8),父系統,ロイヤルチャージャー系,1890,144,425,0.0762,0.2249,78.9,0.0,7.63,0.2074,0.0175,1.084,B,中山芝中距離(1700-2000)・良・外枠(7-8)で父系統「ロイヤルチャージャー系」は基準比リフト1.084
競馬場×距離帯×馬場×枠,京都,平坦・スピード型,ダ,短中距離(1400-1600),不,中枠(3-6),父系統,ロイヤルチャージャー系,172,13,37,0.0756,0.2151,52.8,0.0,7.57,0.1985,0.0166,1.084,B,京都ダ短中距離(1400-1600)・不・中枠(3-6)で父系統「ロイヤルチャージャー系」は基準比リフト1.084
競馬場×距離帯×馬場×枠,東京,直線長め・持続型,芝,短中距離(1400-1600),稍,中枠(3-6),母父系統,ロイヤルチャージャー系,563,38,119,0.0675,0.2114,56.1,0.0,8.2,0.195,0.0164,1.084,B,東京芝短中距離(1400-1600)・稍・中枠(3-6)で母父系統「ロイヤルチャージャー系」は基準比リフト1.084
競馬場×距離帯×馬場×枠,京都,平坦・スピード型,ダ,短距離(1000-1300),稍,内枠(1-2),父系統,ニアークティック系,87,8,18,0.092,0.2069,313.2,0.0,8.07,0.1908,0.0161,1.084,B,京都ダ短距離(1000-1300)・稍・内枠(1-2)で父系統「ニアークティック系」は基準比リフト1.084
競馬場×距離帯×馬場×枠,福島,小回り・機動型,ダ,中距離(1700-2000),重不良,中枠(3-6),母父系統,ネイティヴダンサー系,175,7,36,0.04,0.2057,51.2,0.0,7.59,0.1898,0.0159,1.084,B,福島ダ中距離(1700-2000)・重不良・中枠(3-6)で母父系統「ネイティヴダンサー系」は基準比リフト1.084
競馬場×距離帯×馬場×枠,中京,直線長め・持続型,芝,中長距離(2100-2400),良,外枠(7-8),母父系統,ネイティヴダンサー系,160,10,40,0.0625,0.25,56.9,0.0,7.64,0.2308,0.0192,1.083,B,中京芝中長距離(2100-2400)・良・外枠(7-8)で母父系統「ネイティヴダンサー系」は基準比リフト1.083
競馬場×距離帯×馬場×枠,札幌,小回り・持続型,ダ,中距離(1700-2000),稍,中枠(3-6),父系統,ロイヤルチャージャー系,231,18,57,0.0779,0.2468,156.3,0.0,7.29,0.2278,0.019,1.083,B,札幌ダ中距離(1700-2000)・稍・中枠(3-6)で父系統「ロイヤルチャージャー系」は基準比リフト1.083
競馬場×距離帯×馬場×枠,中山,坂あり・パワー型,芝,短中距離(1400-1600),稍,中枠(3-6),父系統,ネイティヴダンサー系,107,7,24,0.0654,0.2243,43.7,0.0,7.65,0.2072,0.0171,1.083,B,中山芝短中距離(1400-1600)・稍・中枠(3-6)で父系統「ネイティヴダンサー系」は基準比リフト1.083
競馬場×距離帯×馬場×枠,中京,直線長め・持続型,ダ,短距離(1000-1300),稍,中枠(3-6),父系統,ネイティヴダンサー系,134,12,30,0.0896,0.2239,144.0,0.0,8.16,0.2068,0.0171,1.083,B,中京ダ短距離(1000-1300)・稍・中枠(3-6)で父系統「ネイティヴダンサー系」は基準比リフト1.083
競馬場×距離帯×馬場×枠,阪神,坂あり・パワー型,ダ,短中距離(1400-1600),良,中枠(3-6),父,キンシャサノキセキ,100,3,22,0.03,0.22,10.1,0.0,6.95,0.2031,0.0169,1.083,B,阪神ダ短中距離(1400-1600)・良・中枠(3-6)で父「キンシャサノキセキ」は基準比リフト1.083
競馬場×距離帯×馬場×枠,新潟,直線長め・平坦型,ダ,中距離(1700-2000),稍,内枠(1-2),母父系統,ロイヤルチャージャー系,214,16,45,0.0748,0.2103,82.8,0.0,7.85,0.1942,0.0161,1.083,B,新潟ダ中距離(1700-2000)・稍・内枠(1-2)で母父系統「ロイヤルチャージャー系」は基準比リフト1.083
競馬場×距離帯×馬場×枠,中山,坂あり・パワー型,芝,短距離(1000-1300),良,外枠(7-8),父系統,ネイティヴダンサー系,311,24,65,0.0772,0.209,58.8,0.0,8.03,0.1929,0.0161,1.083,B,中山芝短距離(1000-1300)・良・外枠(7-8)で父系統「ネイティヴダンサー系」は基準比リフト1.083
競馬場×距離帯×馬場×枠,中山,坂あり・パワー型,ダ,中距離(1700-2000),稍,内枠(1-2),父系統,ニアークティック系,166,6,33,0.0361,0.1988,25.4,0.0,8.22,0.1835,0.0153,1.083,B,中山ダ中距離(1700-2000)・稍・内枠(1-2)で父系統「ニアークティック系」は基準比リフト1.083
競馬場×距離帯×馬場×枠,函館,小回り・持続型,ダ,短距離(1000-1300),良,外枠(7-8),父系統,ネイティヴダンサー系,223,13,63,0.0583,0.2825,38.3,0.0,6.09,0.261,0.0215,1.082,B,函館ダ短距離(1000-1300)・良・外枠(7-8)で父系統「ネイティヴダンサー系」は基準比リフト1.082
競馬場×距離帯×馬場×枠,小倉,小回り・機動型,芝,長距離(2500以上),良,中枠(3-6),母父系統,ロイヤルチャージャー系,423,48,117,0.1135,0.2766,82.7,0.0,6.41,0.2556,0.021,1.082,B,小倉芝長距離(2500以上)・良・中枠(3-6)で母父系統「ロイヤルチャージャー系」は基準比リフト1.082
競馬場×距離帯×馬場×枠,京都,平坦・スピード型,芝,中距離(1700-2000),良,中枠(3-6),父系統,父系統不明,742,73,197,0.0984,0.2655,85.4,0.0,6.79,0.2454,0.0201,1.082,B,京都芝中距離(1700-2000)・良・中枠(3-6)で父系統「父系統不明」は基準比リフト1.082
競馬場×距離帯×馬場×枠,函館,小回り・持続型,芝,短距離(1000-1300),稍,中枠(3-6),父系統,父系統不明,202,17,53,0.0842,0.2624,105.2,0.0,6.51,0.2425,0.0199,1.082,B,函館芝短距離(1000-1300)・稍・中枠(3-6)で父系統「父系統不明」は基準比リフト1.082
競馬場×距離帯×馬場×枠,新潟,直線長め・平坦型,ダ,中距離(1700-2000),重不良,中枠(3-6),母父系統,ネイティヴダンサー系,191,21,48,0.1099,0.2513,183.8,0.0,7.63,0.2323,0.019,1.082,B,新潟ダ中距離(1700-2000)・重不良・中枠(3-6)で母父系統「ネイティヴダンサー系」は基準比リフト1.082
競馬場×距離帯×馬場×枠,京都,平坦・スピード型,ダ,中距離(1700-2000),重不良,内枠(1-2),母父系統,ニアークティック系,137,11,34,0.0803,0.2482,66.1,0.0,7.11,0.2293,0.0189,1.082,B,京都ダ中距離(1700-2000)・重不良・内枠(1-2)で母父系統「ニアークティック系」は基準比リフト1.082
競馬場×距離帯×馬場×枠,中山,坂あり・パワー型,ダ,長距離(2500以上),良,中枠(3-6),父系統,ニアークティック系,194,17,48,0.0876,0.2474,34.3,0.0,7.34,0.2287,0.0187,1.082,B,中山ダ長距離(2500以上)・良・中枠(3-6)で父系統「ニアークティック系」は基準比リフト1.082
競馬場×距離帯×馬場×枠,函館,小回り・持続型,芝,中距離(1700-2000),重不良,中枠(3-6),父系統,ロイヤルチャージャー系,91,5,22,0.0549,0.2418,62.1,0.0,7.43,0.2235,0.0183,1.082,B,函館芝中距離(1700-2000)・重不良・中枠(3-6)で父系統「ロイヤルチャージャー系」は基準比リフト1.082
競馬場×距離帯×馬場×枠,京都,平坦・スピード型,芝,短中距離(1400-1600),良,内枠(1-2),父系統,ロイヤルチャージャー系,1455,110,344,0.0756,0.2364,90.3,0.0,7.61,0.2185,0.0179,1.082,B,京都芝短中距離(1400-1600)・良・内枠(1-2)で父系統「ロイヤルチャージャー系」は基準比リフト1.082
競馬場×距離帯×馬場×枠,阪神,坂あり・パワー型,ダ,短距離(1000-1300),重不良,外枠(7-8),父系統,父系統不明,83,7,19,0.0843,0.2289,61.3,0.0,7.39,0.2115,0.0174,1.082,B,阪神ダ短距離(1000-1300)・重不良・外枠(7-8)で父系統「父系統不明」は基準比リフト1.082
競馬場×距離帯×馬場×枠,新潟,直線長め・平坦型,ダ,短距離(1000-1300),不,外枠(7-8),母父系統,ニアークティック系,83,6,19,0.0723,0.2289,23.6,0.0,7.19,0.2115,0.0174,1.082,B,新潟ダ短距離(1000-1300)・不・外枠(7-8)で母父系統「ニアークティック系」は基準比リフト1.082
競馬場×距離帯×馬場×枠,阪神,坂あり・パワー型,芝,中距離(1700-2000),重不良,外枠(7-8),父系統,ロイヤルチャージャー系,115,8,25,0.0696,0.2174,167.1,0.0,7.15,0.2009,0.0165,1.082,B,阪神芝中距離(1700-2000)・重不良・外枠(7-8)で父系統「ロイヤルチャージャー系」は基準比リフト1.082
競馬場×距離帯×馬場×枠,京都,平坦・スピード型,ダ,短中距離(1400-1600),良,中枠(3-6),母父,ダンスインザダーク,97,8,21,0.0825,0.2165,33.0,0.0,8.43,0.2,0.0165,1.082,B,京都ダ短中距離(1400-1600)・良・中枠(3-6)で母父「ダンスインザダーク」は基準比リフト1.082
競馬場×距離帯×馬場×枠,小倉,小回り・機動型,芝,中距離(1700-2000),稍,中枠(3-6),父系統,ロイヤルチャージャー系,504,31,109,0.0615,0.2163,57.0,0.0,7.47,0.2,0.0163,1.082,B,小倉芝中距離(1700-2000)・稍・中枠(3-6)で父系統「ロイヤルチャージャー系」は基準比リフト1.082
競馬場×距離帯×馬場×枠,小倉,小回り・機動型,芝,短距離(1000-1300),良,中枠(3-6),母父,フジキセキ,223,12,47,0.0538,0.2108,40.5,0.0,8.39,0.1949,0.0159,1.082,B,小倉芝短距離(1000-1300)・良・中枠(3-6)で母父「フジキセキ」は基準比リフト1.082
競馬場×距離帯×馬場×枠,中山,坂あり・パワー型,芝,短中距離(1400-1600),良,外枠(7-8),母父系統,ニアークティック系,774,52,158,0.0672,0.2041,59.1,0.0,8.08,0.1887,0.0154,1.082,B,中山芝短中距離(1400-1600)・良・外枠(7-8)で母父系統「ニアークティック系」は基準比リフト1.082
競馬場×距離帯×馬場×枠,阪神,坂あり・パワー型,ダ,長距離(2500以上),良,外枠(7-8),父系統,ロイヤルチャージャー系,277,25,79,0.0903,0.2852,45.7,0.0,6.37,0.2639,0.0213,1.081,B,阪神ダ長距離(2500以上)・良・外枠(7-8)で父系統「ロイヤルチャージャー系」は基準比リフト1.081
競馬場×距離帯×馬場×枠,京都,平坦・スピード型,芝,中距離(1700-2000),良,中枠(3-6),父,ゼンノロブロイ,98,7,26,0.0714,0.2653,30.6,0.0,7.16,0.2454,0.0199,1.081,B,京都芝中距離(1700-2000)・良・中枠(3-6)で父「ゼンノロブロイ」は基準比リフト1.081
競馬場×距離帯×馬場×枠,小倉,小回り・機動型,ダ,短距離(1000-1300),良,内枠(1-2),母父系統,ニアークティック系,128,8,29,0.0625,0.2266,37.7,0.0,7.46,0.2096,0.017,1.081,B,小倉ダ短距離(1000-1300)・良・内枠(1-2)で母父系統「ニアークティック系」は基準比リフト1.081
競馬場×距離帯×馬場×枠,阪神,坂あり・パワー型,ダ,短中距離(1400-1600),良,中枠(3-6),母父,フジキセキ,123,8,27,0.065,0.2195,82.1,0.0,7.81,0.2031,0.0164,1.081,B,阪神ダ短中距離(1400-1600)・良・中枠(3-6)で母父「フジキセキ」は基準比リフト1.081
競馬場×距離帯×馬場×枠,東京,直線長め・持続型,ダ,短中距離(1400-1600),良,中枠(3-6),父,ネオユニヴァース,241,22,52,0.0913,0.2158,80.2,0.0,7.56,0.1997,0.0161,1.081,B,東京ダ短中距離(1400-1600)・良・中枠(3-6)で父「ネオユニヴァース」は基準比リフト1.081
競馬場×距離帯×馬場×枠,中京,直線長め・持続型,ダ,中距離(1700-2000),不,外枠(7-8),父系統,ロイヤルチャージャー系,116,6,24,0.0517,0.2069,69.9,0.0,7.75,0.1914,0.0155,1.081,B,中京ダ中距離(1700-2000)・不・外枠(7-8)で父系統「ロイヤルチャージャー系」は基準比リフト1.081
競馬場×距離帯×馬場×枠,福島,小回り・機動型,芝,短距離(1000-1300),良,中枠(3-6),母父,フジキセキ,152,10,31,0.0658,0.2039,70.3,0.0,7.62,0.1887,0.0152,1.081,B,福島芝短距離(1000-1300)・良・中枠(3-6)で母父「フジキセキ」は基準比リフト1.081
競馬場×距離帯×馬場×枠,小倉,小回り・機動型,ダ,中距離(1700-2000),不,外枠(7-8),母父系統,ネイティヴダンサー系,89,5,16,0.0562,0.1798,89.9,0.0,7.56,0.1663,0.0135,1.081,B,小倉ダ中距離(1700-2000)・不・外枠(7-8)で母父系統「ネイティヴダンサー系」は基準比リフト1.081
競馬場×距離帯×馬場×枠,中山,坂あり・パワー型,ダ,長距離(2500以上),良,内枠(1-2),父系統,ロイヤルチャージャー系,133,14,40,0.1053,0.3008,55.0,0.0,6.41,0.2785,0.0223,1.08,B,中山ダ長距離(2500以上)・良・内枠(1-2)で父系統「ロイヤルチャージャー系」は基準比リフト1.08
競馬場×距離帯×馬場×枠,阪神,坂あり・パワー型,芝,中距離(1700-2000),良,中枠(3-6),母父,ダンスインザダーク,139,10,36,0.0719,0.259,50.4,0.0,7.48,0.2399,0.0191,1.08,B,阪神芝中距離(1700-2000)・良・中枠(3-6)で母父「ダンスインザダーク」は基準比リフト1.08
競馬場×距離帯×馬場×枠,東京,直線長め・持続型,芝,中長距離(2100-2400),稍,中枠(3-6),父系統,ロイヤルチャージャー系,159,18,41,0.1132,0.2579,99.6,0.0,7.34,0.2389,0.019,1.08,B,東京芝中長距離(2100-2400)・稍・中枠(3-6)で父系統「ロイヤルチャージャー系」は基準比リフト1.08
競馬場×距離帯×馬場×枠,東京,直線長め・持続型,芝,中距離(1700-2000),稍,中枠(3-6),父系統,ロイヤルチャージャー系,531,48,136,0.0904,0.2561,68.2,0.0,7.43,0.2372,0.0189,1.08,B,東京芝中距離(1700-2000)・稍・中枠(3-6)で父系統「ロイヤルチャージャー系」は基準比リフト1.08
競馬場×距離帯×馬場×枠,新潟,直線長め・平坦型,ダ,短距離(1000-1300),稍,外枠(7-8),母父系統,ナスルーラ系,98,10,25,0.102,0.2551,74.0,0.0,7.87,0.2363,0.0188,1.08,B,新潟ダ短距離(1000-1300)・稍・外枠(7-8)で母父系統「ナスルーラ系」は基準比リフト1.08
競馬場×距離帯×馬場×枠,阪神,坂あり・パワー型,ダ,短中距離(1400-1600),重不良,外枠(7-8),母父系統,ネイティヴダンサー系,129,12,32,0.093,0.2481,206.1,0.0,7.65,0.2297,0.0184,1.08,B,阪神ダ短中距離(1400-1600)・重不良・外枠(7-8)で母父系統「ネイティヴダンサー系」は基準比リフト1.08
競馬場×距離帯×馬場×枠,東京,直線長め・持続型,芝,中長距離(2100-2400),良,外枠(7-8),母父系統,ナスルーラ系,180,9,44,0.05,0.2444,32.4,0.0,8.01,0.2262,0.0182,1.08,B,東京芝中長距離(2100-2400)・良・外枠(7-8)で母父系統「ナスルーラ系」は基準比リフト1.08
競馬場×距離帯×馬場×枠,中京,直線長め・持続型,ダ,中距離(1700-2000),良,内枠(1-2),母父系統,ニアークティック系,605,45,147,0.0744,0.243,72.1,0.0,7.48,0.225,0.018,1.08,B,中京ダ中距離(1700-2000)・良・内枠(1-2)で母父系統「ニアークティック系」は基準比リフト1.08
競馬場×距離帯×馬場×枠,阪神,坂あり・パワー型,芝,短距離(1000-1300),良,中枠(3-6),母父系統,ナスルーラ系,257,15,62,0.0584,0.2412,94.3,0.0,7.72,0.2234,0.0178,1.08,B,阪神芝短距離(1000-1300)・良・中枠(3-6)で母父系統「ナスルーラ系」は基準比リフト1.08
競馬場×距離帯×馬場×枠,中山,坂あり・パワー型,ダ,長距離(2500以上),良,外枠(7-8),父系統,ロイヤルチャージャー系,274,19,66,0.0693,0.2409,95.2,0.0,6.69,0.223,0.0179,1.08,B,中山ダ長距離(2500以上)・良・外枠(7-8)で父系統「ロイヤルチャージャー系」は基準比リフト1.08
競馬場×距離帯×馬場×枠,中京,直線長め・持続型,芝,中距離(1700-2000),良,中枠(3-6),母父,サンデーサイレンス,235,22,56,0.0936,0.2383,69.2,0.0,7.83,0.2207,0.0176,1.08,B,中京芝中距離(1700-2000)・良・中枠(3-6)で母父「サンデーサイレンス」は基準比リフト1.08
競馬場×距離帯×馬場×枠,中山,坂あり・パワー型,芝,短距離(1000-1300),良,内枠(1-2),父系統,ニアークティック系,195,13,45,0.0667,0.2308,43.5,0.0,7.79,0.2138,0.017,1.08,B,中山芝短距離(1000-1300)・良・内枠(1-2)で父系統「ニアークティック系」は基準比リフト1.08
競馬場×距離帯×馬場×枠,東京,直線長め・持続型,芝,短中距離(1400-1600),良,中枠(3-6),母父系統,母父系統不明,105,6,23,0.0571,0.219,17.3,0.0,6.53,0.2028,0.0162,1.08,B,東京芝短中距離(1400-1600)・良・中枠(3-6)で母父系統「母父系統不明」は基準比リフト1.08
競馬場×距離帯×馬場×枠,東京,直線長め・持続型,ダ,短中距離(1400-1600),良,内枠(1-2),父系統,父系統不明,1447,92,262,0.0636,0.1811,89.1,0.0,8.1,0.1677,0.0134,1.08,B,東京ダ短中距離(1400-1600)・良・内枠(1-2)で父系統「父系統不明」は基準比リフト1.08
競馬場×距離帯×馬場×枠,福島,小回り・機動型,芝,長距離(2500以上),良,中枠(3-6),父,ステイゴールド,88,9,23,0.1023,0.2614,77.0,0.0,6.22,0.2423,0.0191,1.079,B,福島芝長距離(2500以上)・良・中枠(3-6)で父「ステイゴールド」は基準比リフト1.079
競馬場×距離帯×馬場×枠,札幌,小回り・持続型,ダ,中距離(1700-2000),良,外枠(7-8),父系統,ロイヤルチャージャー系,753,66,185,0.0876,0.2457,96.7,0.0,6.66,0.2278,0.0179,1.079,B,札幌ダ中距離(1700-2000)・良・外枠(7-8)で父系統「ロイヤルチャージャー系」は基準比リフト1.079
競馬場×距離帯×馬場×枠,京都,平坦・スピード型,ダ,中距離(1700-2000),稍,外枠(7-8),父系統,ロイヤルチャージャー系,497,33,121,0.0664,0.2435,42.3,0.0,7.14,0.2257,0.0178,1.079,B,京都ダ中距離(1700-2000)・稍・外枠(7-8)で父系統「ロイヤルチャージャー系」は基準比リフト1.079
競馬場×距離帯×馬場×枠,京都,平坦・スピード型,ダ,中距離(1700-2000),良,中枠(3-6),母父,フォーティナイナー,102,8,24,0.0784,0.2353,157.9,0.0,7.82,0.2181,0.0172,1.079,B,京都ダ中距離(1700-2000)・良・中枠(3-6)で母父「フォーティナイナー」は基準比リフト1.079
競馬場×距離帯×馬場×枠,東京,直線長め・持続型,ダ,短中距離(1400-1600),良,外枠(7-8),母父系統,ネイティヴダンサー系,1785,158,417,0.0885,0.2336,91.6,0.0,7.79,0.2165,0.0171,1.079,B,東京ダ短中距離(1400-1600)・良・外枠(7-8)で母父系統「ネイティヴダンサー系」は基準比リフト1.079
競馬場×距離帯×馬場×枠,阪神,坂あり・パワー型,芝,中距離(1700-2000),稍,外枠(7-8),母父系統,ネイティヴダンサー系,138,12,32,0.087,0.2319,33.1,0.0,6.47,0.2149,0.017,1.079,B,阪神芝中距離(1700-2000)・稍・外枠(7-8)で母父系統「ネイティヴダンサー系」は基準比リフト1.079
競馬場×距離帯×馬場×枠,京都,平坦・スピード型,ダ,中距離(1700-2000),良,外枠(7-8),母父,ブライアンズタイム,148,12,33,0.0811,0.223,78.0,0.0,8.11,0.2066,0.0164,1.079,B,京都ダ中距離(1700-2000)・良・外枠(7-8)で母父「ブライアンズタイム」は基準比リフト1.079
競馬場×距離帯×馬場×枠,阪神,坂あり・パワー型,ダ,短距離(1000-1300),稍,中枠(3-6),母父系統,ネイティヴダンサー系,381,33,81,0.0866,0.2126,84.2,0.0,7.79,0.1971,0.0155,1.079,B,阪神ダ短距離(1000-1300)・稍・中枠(3-6)で母父系統「ネイティヴダンサー系」は基準比リフト1.079
競馬場×距離帯×馬場×枠,札幌,小回り・持続型,ダ,短距離(1000-1300),良,中枠(3-6),父系統,父系統不明,214,17,59,0.0794,0.2757,49.6,0.0,6.06,0.2558,0.0199,1.078,B,札幌ダ短距離(1000-1300)・良・中枠(3-6)で父系統「父系統不明」は基準比リフト1.078
競馬場×距離帯×馬場×枠,阪神,坂あり・パワー型,芝,長距離(2500以上),良,中枠(3-6),母父系統,ニアークティック系,144,13,39,0.0903,0.2708,84.2,0.0,7.18,0.2511,0.0197,1.078,B,阪神芝長距離(2500以上)・良・中枠(3-6)で母父系統「ニアークティック系」は基準比リフト1.078
競馬場×距離帯×馬場×枠,中山,坂あり・パワー型,ダ,長距離(2500以上),良,中枠(3-6),母父系統,ロイヤルチャージャー系,284,29,70,0.1021,0.2465,73.8,0.0,6.98,0.2287,0.0178,1.078,B,中山ダ長距離(2500以上)・良・中枠(3-6)で母父系統「ロイヤルチャージャー系」は基準比リフト1.078
競馬場×距離帯×馬場×枠,京都,平坦・スピード型,芝,短中距離(1400-1600),良,内枠(1-2),父系統,ネイティヴダンサー系,433,30,102,0.0693,0.2356,63.6,0.0,8.03,0.2185,0.0171,1.078,B,京都芝短中距離(1400-1600)・良・内枠(1-2)で父系統「ネイティヴダンサー系」は基準比リフト1.078
競馬場×距離帯×馬場×枠,福島,小回り・機動型,ダ,中距離(1700-2000),良,外枠(7-8),母父系統,ニアークティック系,667,60,157,0.09,0.2354,75.8,0.0,7.76,0.2183,0.0171,1.078,B,福島ダ中距離(1700-2000)・良・外枠(7-8)で母父系統「ニアークティック系」は基準比リフト1.078
競馬場×距離帯×馬場×枠,京都,平坦・スピード型,ダ,短距離(1000-1300),良,内枠(1-2),母父系統,ネイティヴダンサー系,469,30,107,0.064,0.2281,51.9,0.0,7.86,0.2115,0.0166,1.078,B,京都ダ短距離(1000-1300)・良・内枠(1-2)で母父系統「ネイティヴダンサー系」は基準比リフト1.078
競馬場×距離帯×馬場×枠,新潟,直線長め・平坦型,芝,中長距離(2100-2400),良,外枠(7-8),母父系統,ロイヤルチャージャー系,268,19,55,0.0709,0.2052,62.0,0.0,7.6,0.1903,0.0149,1.078,B,新潟芝中長距離(2100-2400)・良・外枠(7-8)で母父系統「ロイヤルチャージャー系」は基準比リフト1.078
競馬場×距離帯×馬場×枠,中山,坂あり・パワー型,ダ,短距離(1000-1300),不,外枠(7-8),母父系統,ニアークティック系,145,12,28,0.0828,0.1931,62.3,0.0,7.93,0.1791,0.014,1.078,B,中山ダ短距離(1000-1300)・不・外枠(7-8)で母父系統「ニアークティック系」は基準比リフト1.078
競馬場×距離帯×馬場×枠,中山,坂あり・パワー型,ダ,短距離(1000-1300),不,内枠(1-2),母父系統,ニアークティック系,157,8,27,0.051,0.172,29.4,0.0,8.78,0.1596,0.0124,1.078,B,中山ダ短距離(1000-1300)・不・内枠(1-2)で母父系統「ニアークティック系」は基準比リフト1.078
競馬場×距離帯×馬場×枠,阪神,坂あり・パワー型,ダ,長距離(2500以上),稍,中枠(3-6),母父系統,ニアークティック系,82,8,27,0.0976,0.3293,54.1,0.0,6.28,0.3057,0.0236,1.077,B,阪神ダ長距離(2500以上)・稍・中枠(3-6)で母父系統「ニアークティック系」は基準比リフト1.077
競馬場×距離帯×馬場×枠,札幌,小回り・持続型,ダ,短距離(1000-1300),良,中枠(3-6),母父系統,ロイヤルチャージャー系,381,27,105,0.0709,0.2756,80.9,0.0,6.24,0.2558,0.0198,1.077,B,札幌ダ短距離(1000-1300)・良・中枠(3-6)で母父系統「ロイヤルチャージャー系」は基準比リフト1.077
競馬場×距離帯×馬場×枠,京都,平坦・スピード型,ダ,中距離(1700-2000),不,中枠(3-6),母父系統,ネイティヴダンサー系,149,17,37,0.1141,0.2483,70.9,0.0,6.65,0.2306,0.0177,1.077,B,京都ダ中距離(1700-2000)・不・中枠(3-6)で母父系統「ネイティヴダンサー系」は基準比リフト1.077
競馬場×距離帯×馬場×枠,阪神,坂あり・パワー型,ダ,中距離(1700-2000),不,中枠(3-6),母父系統,ニアークティック系,276,25,68,0.0906,0.2464,96.4,0.0,7.45,0.2288,0.0176,1.077,B,阪神ダ中距離(1700-2000)・不・中枠(3-6)で母父系統「ニアークティック系」は基準比リフト1.077
競馬場×距離帯×馬場×枠,小倉,小回り・機動型,芝,中距離(1700-2000),良,中枠(3-6),父系統,父系統不明,1126,105,269,0.0933,0.2389,93.8,0.0,7.24,0.2218,0.0171,1.077,B,小倉芝中距離(1700-2000)・良・中枠(3-6)で父系統「父系統不明」は基準比リフト1.077
競馬場×距離帯×馬場×枠,中山,坂あり・パワー型,ダ,中距離(1700-2000),稍,外枠(7-8),父系統,ニアークティック系,192,11,44,0.0573,0.2292,43.5,0.0,8.27,0.2128,0.0164,1.077,B,中山ダ中距離(1700-2000)・稍・外枠(7-8)で父系統「ニアークティック系」は基準比リフト1.077
競馬場×距離帯×馬場×枠,小倉,小回り・機動型,ダ,中距離(1700-2000),良,内枠(1-2),父系統,ネイティヴダンサー系,377,24,86,0.0637,0.2281,53.4,0.0,7.97,0.2118,0.0163,1.077,B,小倉ダ中距離(1700-2000)・良・内枠(1-2)で父系統「ネイティヴダンサー系」は基準比リフト1.077
競馬場×距離帯×馬場×枠,阪神,坂あり・パワー型,ダ,中距離(1700-2000),重不良,外枠(7-8),父系統,ネイティヴダンサー系,190,13,43,0.0684,0.2263,35.1,0.0,7.67,0.2101,0.0162,1.077,B,阪神ダ中距離(1700-2000)・重不良・外枠(7-8)で父系統「ネイティヴダンサー系」は基準比リフト1.077
競馬場×距離帯×馬場×枠,中山,坂あり・パワー型,ダ,中距離(1700-2000),良,中枠(3-6),母父,ディープインパクト,126,9,27,0.0714,0.2143,56.0,0.0,7.25,0.199,0.0153,1.077,B,中山ダ中距離(1700-2000)・良・中枠(3-6)で母父「ディープインパクト」は基準比リフト1.077
競馬場×距離帯×馬場×枠,東京,直線長め・持続型,芝,長距離(2500以上),良,中枠(3-6),父系統,ネイティヴダンサー系,85,9,18,0.1059,0.2118,430.8,0.0,8.65,0.1966,0.0152,1.077,B,東京芝長距離(2500以上)・良・中枠(3-6)で父系統「ネイティヴダンサー系」は基準比リフト1.077
競馬場×距離帯×馬場×枠,阪神,坂あり・パワー型,ダ,短中距離(1400-1600),重不良,中枠(3-6),父系統,ニアークティック系,157,11,30,0.0701,0.1911,98.5,0.0,8.87,0.1774,0.0137,1.077,B,阪神ダ短中距離(1400-1600)・重不良・中枠(3-6)で父系統「ニアークティック系」は基準比リフト1.077
競馬場×距離帯×馬場×枠,東京,直線長め・持続型,芝,中距離(1700-2000),良,中枠(3-6),母父系統,その他のエクリプス系,200,15,51,0.075,0.255,36.8,0.0,7.17,0.237,0.018,1.076,B,東京芝中距離(1700-2000)・良・中枠(3-6)で母父系統「その他のエクリプス系」は基準比リフト1.076
競馬場×距離帯×馬場×枠,京都,平坦・スピード型,ダ,中距離(1700-2000),重不良,内枠(1-2),母父系統,ロイヤルチャージャー系,154,17,38,0.1104,0.2468,126.6,0.0,6.8,0.2293,0.0175,1.076,B,京都ダ中距離(1700-2000)・重不良・内枠(1-2)で母父系統「ロイヤルチャージャー系」は基準比リフト1.076
競馬場×距離帯×馬場×枠,小倉,小回り・機動型,ダ,短距離(1000-1300),良,外枠(7-8),母父系統,ニアークティック系,299,25,73,0.0836,0.2441,107.3,0.0,7.35,0.2268,0.0173,1.076,B,小倉ダ短距離(1000-1300)・良・外枠(7-8)で母父系統「ニアークティック系」は基準比リフト1.076
競馬場×距離帯×馬場×枠,阪神,坂あり・パワー型,芝,短中距離(1400-1600),良,内枠(1-2),父,ハーツクライ,96,12,23,0.125,0.2396,67.2,0.0,6.34,0.2227,0.0169,1.076,B,阪神芝短中距離(1400-1600)・良・内枠(1-2)で父「ハーツクライ」は基準比リフト1.076
競馬場×距離帯×馬場×枠,京都,平坦・スピード型,ダ,中距離(1700-2000),良,中枠(3-6),父,ゴールドアリュール,213,18,50,0.0845,0.2347,64.1,0.0,6.75,0.2181,0.0166,1.076,B,京都ダ中距離(1700-2000)・良・中枠(3-6)で父「ゴールドアリュール」は基準比リフト1.076
競馬場×距離帯×馬場×枠,阪神,坂あり・パワー型,ダ,短距離(1000-1300),不,中枠(3-6),父系統,ネイティヴダンサー系,101,9,23,0.0891,0.2277,90.0,0.0,7.65,0.2117,0.016,1.076,B,阪神ダ短距離(1000-1300)・不・中枠(3-6)で父系統「ネイティヴダンサー系」は基準比リフト1.076
競馬場×距離帯×馬場×枠,中山,坂あり・パワー型,芝,短距離(1000-1300),稍,中枠(3-6),父系統,ロイヤルチャージャー系,209,18,47,0.0861,0.2249,68.9,0.0,7.8,0.2091,0.0158,1.076,B,中山芝短距離(1000-1300)・稍・中枠(3-6)で父系統「ロイヤルチャージャー系」は基準比リフト1.076
競馬場×距離帯×馬場×枠,東京,直線長め・持続型,芝,長距離(2500以上),良,中枠(3-6),父系統,ロイヤルチャージャー系,293,13,62,0.0444,0.2116,38.7,0.0,8.2,0.1966,0.015,1.076,B,東京芝長距離(2500以上)・良・中枠(3-6)で父系統「ロイヤルチャージャー系」は基準比リフト1.076
競馬場×距離帯×馬場×枠,福島,小回り・機動型,芝,短距離(1000-1300),良,中枠(3-6),父系統,ニアークティック系,714,43,145,0.0602,0.2031,74.7,0.0,8.43,0.1887,0.0144,1.076,B,福島芝短距離(1000-1300)・良・中枠(3-6)で父系統「ニアークティック系」は基準比リフト1.076
競馬場×距離帯×馬場×枠,新潟,直線長め・平坦型,芝,中距離(1700-2000),良,内枠(1-2),父系統,ロイヤルチャージャー系,1061,71,214,0.0669,0.2017,72.0,0.0,8.11,0.1874,0.0143,1.076,B,新潟芝中距離(1700-2000)・良・内枠(1-2)で父系統「ロイヤルチャージャー系」は基準比リフト1.076
競馬場×距離帯×馬場×枠,小倉,小回り・機動型,芝,短距離(1000-1300),重不良,外枠(7-8),父系統,ロイヤルチャージャー系,186,14,37,0.0753,0.1989,94.4,0.0,8.85,0.1848,0.0141,1.076,B,小倉芝短距離(1000-1300)・重不良・外枠(7-8)で父系統「ロイヤルチャージャー系」は基準比リフト1.076
競馬場×距離帯×馬場×枠,函館,小回り・持続型,ダ,短距離(1000-1300),良,内枠(1-2),父系統,ネイティヴダンサー系,112,18,34,0.1607,0.3036,191.7,0.0,5.77,0.2824,0.0212,1.075,B,函館ダ短距離(1000-1300)・良・内枠(1-2)で父系統「ネイティヴダンサー系」は基準比リフト1.075
競馬場×距離帯×馬場×枠,中京,直線長め・持続型,芝,長距離(2500以上),良,外枠(7-8),父系統,ロイヤルチャージャー系,288,23,74,0.0799,0.2569,85.1,0.0,6.96,0.2389,0.018,1.075,B,中京芝長距離(2500以上)・良・外枠(7-8)で父系統「ロイヤルチャージャー系」は基準比リフト1.075
競馬場×距離帯×馬場×枠,中山,坂あり・パワー型,芝,中距離(1700-2000),良,外枠(7-8),父系統,ネイティヴダンサー系,435,29,97,0.0667,0.223,106.2,0.0,8.08,0.2074,0.0156,1.075,B,中山芝中距離(1700-2000)・良・外枠(7-8)で父系統「ネイティヴダンサー系」は基準比リフト1.075
競馬場×距離帯×馬場×枠,東京,直線長め・持続型,ダ,短中距離(1400-1600),良,中枠(3-6),母父,スペシャルウィーク,219,10,47,0.0457,0.2146,26.6,0.0,8.29,0.1997,0.0149,1.075,B,東京ダ短中距離(1400-1600)・良・中枠(3-6)で母父「スペシャルウィーク」は基準比リフト1.075
競馬場×距離帯×馬場×枠,新潟,直線長め・平坦型,ダ,短距離(1000-1300),稍,中枠(3-6),父系統,ナスルーラ系,140,9,30,0.0643,0.2143,80.1,0.0,7.91,0.1993,0.015,1.075,B,新潟ダ短距離(1000-1300)・稍・中枠(3-6)で父系統「ナスルーラ系」は基準比リフト1.075
競馬場×距離帯×馬場×枠,中京,直線長め・持続型,ダ,短距離(1000-1300),良,外枠(7-8),母父系統,ナスルーラ系,159,12,34,0.0755,0.2138,65.7,0.0,8.57,0.1988,0.015,1.075,B,中京ダ短距離(1000-1300)・良・外枠(7-8)で母父系統「ナスルーラ系」は基準比リフト1.075
競馬場×距離帯×馬場×枠,京都,平坦・スピード型,芝,短中距離(1400-1600),良,外枠(7-8),父系統,ロイヤルチャージャー系,2130,139,443,0.0653,0.208,72.9,0.0,7.98,0.1935,0.0145,1.075,B,京都芝短中距離(1400-1600)・良・外枠(7-8)で父系統「ロイヤルチャージャー系」は基準比リフト1.075
競馬場×距離帯×馬場×枠,福島,小回り・機動型,ダ,短距離(1000-1300),稍,外枠(7-8),父系統,父系統不明,81,5,15,0.0617,0.1852,33.1,0.0,7.73,0.1723,0.0129,1.075,B,福島ダ短距離(1000-1300)・稍・外枠(7-8)で父系統「父系統不明」は基準比リフト1.075
競馬場×距離帯×馬場×枠,京都,平坦・スピード型,ダ,中距離(1700-2000),不,内枠(1-2),母父系統,ロイヤルチャージャー系,81,8,22,0.0988,0.2716,254.4,0.0,8.02,0.253,0.0186,1.074,B,京都ダ中距離(1700-2000)・不・内枠(1-2)で母父系統「ロイヤルチャージャー系」は基準比リフト1.074
競馬場×距離帯×馬場×枠,阪神,坂あり・パワー型,ダ,中距離(1700-2000),重不良,中枠(3-6),母父系統,ネイティヴダンサー系,411,39,99,0.0949,0.2409,81.1,0.0,7.47,0.2243,0.0166,1.074,B,阪神ダ中距離(1700-2000)・重不良・中枠(3-6)で母父系統「ネイティヴダンサー系」は基準比リフト1.074
競馬場×距離帯×馬場×枠,中京,直線長め・持続型,ダ,中距離(1700-2000),良,中枠(3-6),父,キングカメハメハ,179,21,42,0.1173,0.2346,133.6,0.0,7.16,0.2184,0.0162,1.074,B,中京ダ中距離(1700-2000)・良・中枠(3-6)で父「キングカメハメハ」は基準比リフト1.074
競馬場×距離帯×馬場×枠,阪神,坂あり・パワー型,芝,短中距離(1400-1600),良,中枠(3-6),父系統,ロイヤルチャージャー系,3480,265,811,0.0761,0.233,69.8,0.0,7.56,0.2169,0.0161,1.074,B,阪神芝短中距離(1400-1600)・良・中枠(3-6)で父系統「ロイヤルチャージャー系」は基準比リフト1.074
競馬場×距離帯×馬場×枠,福島,小回り・機動型,芝,短距離(1000-1300),稍,外枠(7-8),父系統,ロイヤルチャージャー系,128,8,29,0.0625,0.2266,174.8,0.0,8.19,0.2109,0.0157,1.074,B,福島芝短距離(1000-1300)・稍・外枠(7-8)で父系統「ロイヤルチャージャー系」は基準比リフト1.074
競馬場×距離帯×馬場×枠,阪神,坂あり・パワー型,ダ,中距離(1700-2000),稍,中枠(3-6),母父,サンデーサイレンス,169,15,38,0.0888,0.2249,62.3,0.0,6.76,0.2095,0.0154,1.074,B,阪神ダ中距離(1700-2000)・稍・中枠(3-6)で母父「サンデーサイレンス」は基準比リフト1.074
競馬場×距離帯×馬場×枠,阪神,坂あり・パワー型,芝,短中距離(1400-1600),稍,外枠(7-8),母父系統,ロイヤルチャージャー系,327,26,70,0.0795,0.2141,104.9,0.0,8.39,0.1993,0.0148,1.074,B,阪神芝短中距離(1400-1600)・稍・外枠(7-8)で母父系統「ロイヤルチャージャー系」は基準比リフト1.074
競馬場×距離帯×馬場×枠,中山,坂あり・パワー型,ダ,中距離(1700-2000),良,中枠(3-6),母父系統,ニアークティック系,2399,172,513,0.0717,0.2138,63.5,0.0,7.74,0.199,0.0148,1.074,B,中山ダ中距離(1700-2000)・良・中枠(3-6)で母父系統「ニアークティック系」は基準比リフト1.074
競馬場×距離帯×馬場×枠,小倉,小回り・機動型,芝,短距離(1000-1300),良,中枠(3-6),母父系統,ナスルーラ系,955,59,200,0.0618,0.2094,78.2,0.0,8.26,0.1949,0.0145,1.074,B,小倉芝短距離(1000-1300)・良・中枠(3-6)で母父系統「ナスルーラ系」は基準比リフト1.074
競馬場×距離帯×馬場×枠,京都,平坦・スピード型,ダ,短距離(1000-1300),良,中枠(3-6),父系統,父系統不明,530,41,111,0.0774,0.2094,64.3,0.0,7.7,0.1949,0.0145,1.074,B,京都ダ短距離(1000-1300)・良・中枠(3-6)で父系統「父系統不明」は基準比リフト1.074
競馬場×距離帯×馬場×枠,小倉,小回り・機動型,芝,短距離(1000-1300),良,中枠(3-6),母父,ディープインパクト,86,6,18,0.0698,0.2093,28.4,0.0,7.92,0.1949,0.0144,1.074,B,小倉芝短距離(1000-1300)・良・中枠(3-6)で母父「ディープインパクト」は基準比リフト1.074
競馬場×距離帯×馬場×枠,中山,坂あり・パワー型,ダ,中距離(1700-2000),良,内枠(1-2),父系統,父系統不明,821,61,163,0.0743,0.1985,130.4,0.0,8.09,0.1848,0.0137,1.074,B,中山ダ中距離(1700-2000)・良・内枠(1-2)で父系統「父系統不明」は基準比リフト1.074
競馬場×距離帯×馬場×枠,中山,坂あり・パワー型,ダ,短距離(1000-1300),稍,中枠(3-6),母父系統,ネイティヴダンサー系,708,45,135,0.0636,0.1907,74.4,0.0,8.21,0.1775,0.0132,1.074,B,中山ダ短距離(1000-1300)・稍・中枠(3-6)で母父系統「ネイティヴダンサー系」は基準比リフト1.074
競馬場×距離帯×馬場×枠,中山,坂あり・パワー型,芝,短中距離(1400-1600),良,内枠(1-2),父系統,ニアークティック系,319,22,82,0.069,0.2571,80.9,0.0,7.61,0.2397,0.0174,1.073,B,中山芝短中距離(1400-1600)・良・内枠(1-2)で父系統「ニアークティック系」は基準比リフト1.073
競馬場×距離帯×馬場×枠,札幌,小回り・持続型,芝,長距離(2500以上),良,中枠(3-6),父系統,ロイヤルチャージャー系,304,28,76,0.0921,0.25,55.4,0.0,6.77,0.233,0.017,1.073,B,札幌芝長距離(2500以上)・良・中枠(3-6)で父系統「ロイヤルチャージャー系」は基準比リフト1.073
競馬場×距離帯×馬場×枠,札幌,小回り・持続型,芝,長距離(2500以上),良,中枠(3-6),母父系統,ニアークティック系,188,12,47,0.0638,0.25,44.6,0.0,6.87,0.233,0.017,1.073,B,札幌芝長距離(2500以上)・良・中枠(3-6)で母父系統「ニアークティック系」は基準比リフト1.073
競馬場×距離帯×馬場×枠,函館,小回り・持続型,芝,短距離(1000-1300),良,中枠(3-6),父,ダイワメジャー,132,11,33,0.0833,0.25,79.8,0.0,6.44,0.2329,0.0171,1.073,B,函館芝短距離(1000-1300)・良・中枠(3-6)で父「ダイワメジャー」は基準比リフト1.073
競馬場×距離帯×馬場×枠,函館,小回り・持続型,ダ,中距離(1700-2000),稍,内枠(1-2),母父系統,ロイヤルチャージャー系,92,5,23,0.0543,0.25,33.3,0.0,6.54,0.2331,0.0169,1.073,B,函館ダ中距離(1700-2000)・稍・内枠(1-2)で母父系統「ロイヤルチャージャー系」は基準比リフト1.073
競馬場×距離帯×馬場×枠,阪神,坂あり・パワー型,芝,短距離(1000-1300),良,中枠(3-6),父系統,ナスルーラ系,196,15,47,0.0765,0.2398,54.7,0.0,7.79,0.2234,0.0164,1.073,B,阪神芝短距離(1000-1300)・良・中枠(3-6)で父系統「ナスルーラ系」は基準比リフト1.073
競馬場×距離帯×馬場×枠,阪神,坂あり・パワー型,芝,短距離(1000-1300),良,中枠(3-6),父系統,父系統不明,388,26,93,0.067,0.2397,80.3,0.0,7.28,0.2234,0.0163,1.073,B,阪神芝短距離(1000-1300)・良・中枠(3-6)で父系統「父系統不明」は基準比リフト1.073
競馬場×距離帯×馬場×枠,中山,坂あり・パワー型,芝,中距離(1700-2000),良,内枠(1-2),母父系統,ニアークティック系,702,48,167,0.0684,0.2379,62.3,0.0,7.76,0.2217,0.0162,1.073,B,中山芝中距離(1700-2000)・良・内枠(1-2)で母父系統「ニアークティック系」は基準比リフト1.073
競馬場×距離帯×馬場×枠,中山,坂あり・パワー型,ダ,短距離(1000-1300),不,中枠(3-6),父系統,ネイティヴダンサー系,251,17,58,0.0677,0.2311,47.9,0.0,8.02,0.2154,0.0157,1.073,B,中山ダ短距離(1000-1300)・不・中枠(3-6)で父系統「ネイティヴダンサー系」は基準比リフト1.073
競馬場×距離帯×馬場×枠,中山,坂あり・パワー型,芝,短中距離(1400-1600),重不良,中枠(3-6),父系統,ロイヤルチャージャー系,135,12,31,0.0889,0.2296,56.0,0.0,7.53,0.214,0.0156,1.073,B,中山芝短中距離(1400-1600)・重不良・中枠(3-6)で父系統「ロイヤルチャージャー系」は基準比リフト1.073
競馬場×距離帯×馬場×枠,中山,坂あり・パワー型,ダ,中距離(1700-2000),稍,中枠(3-6),母父,ブライアンズタイム,103,15,23,0.1456,0.2233,112.5,0.0,8.44,0.2081,0.0152,1.073,B,中山ダ中距離(1700-2000)・稍・中枠(3-6)で母父「ブライアンズタイム」は基準比リフト1.073
競馬場×距離帯×馬場×枠,小倉,小回り・機動型,芝,中距離(1700-2000),良,外枠(7-8),母父,フジキセキ,91,6,20,0.0659,0.2198,113.1,0.0,7.92,0.2048,0.015,1.073,B,小倉芝中距離(1700-2000)・良・外枠(7-8)で母父「フジキセキ」は基準比リフト1.073
競馬場×距離帯×馬場×枠,福島,小回り・機動型,芝,短距離(1000-1300),良,外枠(7-8),父,ダイワメジャー,95,5,20,0.0526,0.2105,44.9,0.0,6.37,0.1962,0.0143,1.073,B,福島芝短距離(1000-1300)・良・外枠(7-8)で父「ダイワメジャー」は基準比リフト1.073
競馬場×距離帯×馬場×枠,新潟,直線長め・平坦型,芝,短中距離(1400-1600),良,中枠(3-6),母父系統,ニアークティック系,1398,78,292,0.0558,0.2089,69.6,0.0,8.25,0.1947,0.0142,1.073,B,新潟芝短中距離(1400-1600)・良・中枠(3-6)で母父系統「ニアークティック系」は基準比リフト1.073
競馬場×距離帯×馬場×枠,福島,小回り・機動型,ダ,短距離(1000-1300),良,内枠(1-2),父系統,父系統不明,228,19,47,0.0833,0.2061,238.4,0.0,8.04,0.1921,0.014,1.073,B,福島ダ短距離(1000-1300)・良・内枠(1-2)で父系統「父系統不明」は基準比リフト1.073
競馬場×距離帯×馬場×枠,新潟,直線長め・平坦型,芝,短距離(1000-1300),良,中枠(3-6),父系統,ニアークティック系,566,38,104,0.0671,0.1837,80.0,0.0,9.04,0.1712,0.0125,1.073,B,新潟芝短距離(1000-1300)・良・中枠(3-6)で父系統「ニアークティック系」は基準比リフト1.073
競馬場×距離帯×馬場×枠,小倉,小回り・機動型,芝,長距離(2500以上),良,中枠(3-6),父系統,父系統不明,270,23,74,0.0852,0.2741,53.3,0.0,6.6,0.2556,0.0185,1.072,B,小倉芝長距離(2500以上)・良・中枠(3-6)で父系統「父系統不明」は基準比リフト1.072
競馬場×距離帯×馬場×枠,阪神,坂あり・パワー型,芝,中距離(1700-2000),良,外枠(7-8),父,マンハッタンカフェ,112,10,28,0.0893,0.25,403.4,0.0,7.23,0.2332,0.0168,1.072,B,阪神芝中距離(1700-2000)・良・外枠(7-8)で父「マンハッタンカフェ」は基準比リフト1.072
競馬場×距離帯×馬場×枠,小倉,小回り・機動型,芝,中距離(1700-2000),良,中枠(3-6),父,ステイゴールド,223,17,53,0.0762,0.2377,53.9,0.0,7.16,0.2218,0.0159,1.072,B,小倉芝中距離(1700-2000)・良・中枠(3-6)で父「ステイゴールド」は基準比リフト1.072
競馬場×距離帯×馬場×枠,新潟,直線長め・平坦型,ダ,中距離(1700-2000),良,中枠(3-6),父系統,ロイヤルチャージャー系,1932,141,444,0.073,0.2298,102.3,0.0,7.46,0.2144,0.0154,1.072,B,新潟ダ中距離(1700-2000)・良・中枠(3-6)で父系統「ロイヤルチャージャー系」は基準比リフト1.072
競馬場×距離帯×馬場×枠,阪神,坂あり・パワー型,ダ,中距離(1700-2000),良,内枠(1-2),母父,サンデーサイレンス,172,12,38,0.0698,0.2209,111.3,0.0,6.37,0.206,0.0149,1.072,B,阪神ダ中距離(1700-2000)・良・内枠(1-2)で母父「サンデーサイレンス」は基準比リフト1.072
競馬場×距離帯×馬場×枠,中京,直線長め・持続型,ダ,短中距離(1400-1600),重不良,中枠(3-6),父系統,ネイティヴダンサー系,82,6,18,0.0732,0.2195,95.2,0.0,8.55,0.2048,0.0147,1.072,B,中京ダ短中距離(1400-1600)・重不良・中枠(3-6)で父系統「ネイティヴダンサー系」は基準比リフト1.072
競馬場×距離帯×馬場×枠,中山,坂あり・パワー型,ダ,中距離(1700-2000),重不良,中枠(3-6),父系統,父系統不明,280,21,61,0.075,0.2179,50.5,0.0,7.26,0.2032,0.0147,1.072,B,中山ダ中距離(1700-2000)・重不良・中枠(3-6)で父系統「父系統不明」は基準比リフト1.072
競馬場×距離帯×馬場×枠,新潟,直線長め・平坦型,ダ,中距離(1700-2000),稍,内枠(1-2),母父系統,ネイティヴダンサー系,149,10,31,0.0671,0.2081,62.1,0.0,7.14,0.1942,0.0139,1.072,B,新潟ダ中距離(1700-2000)・稍・内枠(1-2)で母父系統「ネイティヴダンサー系」は基準比リフト1.072
競馬場×距離帯×馬場×枠,中山,坂あり・パワー型,芝,短距離(1000-1300),良,外枠(7-8),母父系統,ロイヤルチャージャー系,503,26,104,0.0517,0.2068,41.7,0.0,8.28,0.1929,0.0139,1.072,B,中山芝短距離(1000-1300)・良・外枠(7-8)で母父系統「ロイヤルチャージャー系」は基準比リフト1.072
競馬場×距離帯×馬場×枠,京都,平坦・スピード型,ダ,短距離(1000-1300),稍,内枠(1-2),父系統,ネイティヴダンサー系,132,7,27,0.053,0.2045,111.7,0.0,8.39,0.1908,0.0137,1.072,B,京都ダ短距離(1000-1300)・稍・内枠(1-2)で父系統「ネイティヴダンサー系」は基準比リフト1.072
競馬場×距離帯×馬場×枠,小倉,小回り・機動型,ダ,短距離(1000-1300),稍,外枠(7-8),父系統,ネイティヴダンサー系,102,11,25,0.1078,0.2451,53.6,0.0,7.01,0.2289,0.0162,1.071,B,小倉ダ短距離(1000-1300)・稍・外枠(7-8)で父系統「ネイティヴダンサー系」は基準比リフト1.071
競馬場×距離帯×馬場×枠,中京,直線長め・持続型,ダ,中距離(1700-2000),稍,中枠(3-6),母父系統,ニアークティック系,417,37,101,0.0887,0.2422,58.3,0.0,7.29,0.2261,0.0161,1.071,B,中京ダ中距離(1700-2000)・稍・中枠(3-6)で母父系統「ニアークティック系」は基準比リフト1.071
競馬場×距離帯×馬場×枠,福島,小回り・機動型,芝,中距離(1700-2000),良,中枠(3-6),母父系統,ネイティヴダンサー系,930,67,218,0.072,0.2344,79.7,0.0,7.45,0.2188,0.0156,1.071,B,福島芝中距離(1700-2000)・良・中枠(3-6)で母父系統「ネイティヴダンサー系」は基準比リフト1.071
競馬場×距離帯×馬場×枠,福島,小回り・機動型,ダ,中距離(1700-2000),良,外枠(7-8),母父系統,ネイティヴダンサー系,522,39,122,0.0747,0.2337,93.2,0.0,7.66,0.2183,0.0154,1.071,B,福島ダ中距離(1700-2000)・良・外枠(7-8)で母父系統「ネイティヴダンサー系」は基準比リフト1.071
競馬場×距離帯×馬場×枠,東京,直線長め・持続型,ダ,短中距離(1400-1600),不,中枠(3-6),父系統,父系統不明,290,21,66,0.0724,0.2276,48.5,0.0,7.97,0.2126,0.015,1.071,B,東京ダ短中距離(1400-1600)・不・中枠(3-6)で父系統「父系統不明」は基準比リフト1.071
競馬場×距離帯×馬場×枠,中山,坂あり・パワー型,芝,中距離(1700-2000),良,外枠(7-8),母父,アグネスタキオン,90,5,20,0.0556,0.2222,25.9,0.0,7.17,0.2074,0.0148,1.071,B,中山芝中距離(1700-2000)・良・外枠(7-8)で母父「アグネスタキオン」は基準比リフト1.071
競馬場×距離帯×馬場×枠,東京,直線長め・持続型,ダ,短中距離(1400-1600),良,中枠(3-6),父,フジキセキ,159,15,34,0.0943,0.2138,115.4,0.0,7.62,0.1997,0.0141,1.071,B,東京ダ短中距離(1400-1600)・良・中枠(3-6)で父「フジキセキ」は基準比リフト1.071
競馬場×距離帯×馬場×枠,中京,直線長め・持続型,芝,中距離(1700-2000),良,外枠(7-8),父系統,ロイヤルチャージャー系,989,80,208,0.0809,0.2103,77.9,0.0,8.19,0.1964,0.0139,1.071,B,中京芝中距離(1700-2000)・良・外枠(7-8)で父系統「ロイヤルチャージャー系」は基準比リフト1.071
競馬場×距離帯×馬場×枠,新潟,直線長め・平坦型,芝,中長距離(2100-2400),良,外枠(7-8),父系統,ロイヤルチャージャー系,461,23,94,0.0499,0.2039,37.5,0.0,7.68,0.1903,0.0136,1.071,B,新潟芝中長距離(2100-2400)・良・外枠(7-8)で父系統「ロイヤルチャージャー系」は基準比リフト1.071
競馬場×距離帯×馬場×枠,中山,坂あり・パワー型,ダ,短距離(1000-1300),稍,中枠(3-6),父系統,ネイティヴダンサー系,710,50,135,0.0704,0.1901,128.4,0.0,8.47,0.1775,0.0126,1.071,B,中山ダ短距離(1000-1300)・稍・中枠(3-6)で父系統「ネイティヴダンサー系」は基準比リフト1.071
競馬場×距離帯×馬場×枠,函館,小回り・持続型,ダ,中距離(1700-2000),良,外枠(7-8),母父,サンデーサイレンス,109,7,28,0.0642,0.2569,27.1,0.0,5.68,0.2402,0.0167,1.07,B,函館ダ中距離(1700-2000)・良・外枠(7-8)で母父「サンデーサイレンス」は基準比リフト1.07
競馬場×距離帯×馬場×枠,阪神,坂あり・パワー型,芝,中距離(1700-2000),良,外枠(7-8),母父系統,ナスルーラ系,493,36,123,0.073,0.2495,161.6,0.0,7.13,0.2332,0.0163,1.07,B,阪神芝中距離(1700-2000)・良・外枠(7-8)で母父系統「ナスルーラ系」は基準比リフト1.07
競馬場×距離帯×馬場×枠,函館,小回り・持続型,芝,短距離(1000-1300),良,中枠(3-6),母父系統,ネイティヴダンサー系,674,62,168,0.092,0.2493,120.4,0.0,7.22,0.2329,0.0164,1.07,B,函館芝短距離(1000-1300)・良・中枠(3-6)で母父系統「ネイティヴダンサー系」は基準比リフト1.07
競馬場×距離帯×馬場×枠,東京,直線長め・持続型,ダ,短中距離(1400-1600),良,外枠(7-8),父,マンハッタンカフェ,82,6,19,0.0732,0.2317,40.5,0.0,7.82,0.2165,0.0152,1.07,B,東京ダ短中距離(1400-1600)・良・外枠(7-8)で父「マンハッタンカフェ」は基準比リフト1.07
競馬場×距離帯×馬場×枠,中山,坂あり・パワー型,芝,中長距離(2100-2400),良,中枠(3-6),母父系統,ロイヤルチャージャー系,443,31,99,0.07,0.2235,53.8,0.0,7.28,0.2088,0.0147,1.07,B,中山芝中長距離(2100-2400)・良・中枠(3-6)で母父系統「ロイヤルチャージャー系」は基準比リフト1.07
競馬場×距離帯×馬場×枠,東京,直線長め・持続型,芝,短中距離(1400-1600),良,中枠(3-6),父系統,ロイヤルチャージャー系,4842,347,1050,0.0717,0.2169,84.5,0.0,7.88,0.2028,0.0141,1.07,B,東京芝短中距離(1400-1600)・良・中枠(3-6)で父系統「ロイヤルチャージャー系」は基準比リフト1.07
競馬場×距離帯×馬場×枠,東京,直線長め・持続型,ダ,短中距離(1400-1600),良,中枠(3-6),母父,Storm Cat,103,7,22,0.068,0.2136,63.4,0.0,7.19,0.1997,0.0139,1.07,B,東京ダ短中距離(1400-1600)・良・中枠(3-6)で母父「Storm Cat」は基準比リフト1.07
競馬場×距離帯×馬場×枠,中京,直線長め・持続型,ダ,短中距離(1400-1600),良,内枠(1-2),父系統,ロイヤルチャージャー系,460,32,97,0.0696,0.2109,101.8,0.0,8.45,0.1971,0.0138,1.07,B,中京ダ短中距離(1400-1600)・良・内枠(1-2)で父系統「ロイヤルチャージャー系」は基準比リフト1.07
競馬場×距離帯×馬場×枠,東京,直線長め・持続型,芝,短中距離(1400-1600),重不良,外枠(7-8),父系統,ロイヤルチャージャー系,138,8,28,0.058,0.2029,41.2,0.0,8.61,0.1897,0.0132,1.07,B,東京芝短中距離(1400-1600)・重不良・外枠(7-8)で父系統「ロイヤルチャージャー系」は基準比リフト1.07
競馬場×距離帯×馬場×枠,函館,小回り・持続型,芝,長距離(2500以上),良,中枠(3-6),母父系統,ニアークティック系,129,9,35,0.0698,0.2713,30.5,0.0,6.25,0.2537,0.0176,1.069,B,函館芝長距離(2500以上)・良・中枠(3-6)で母父系統「ニアークティック系」は基準比リフト1.069
競馬場×距離帯×馬場×枠,札幌,小回り・持続型,ダ,中距離(1700-2000),良,中枠(3-6),父系統,ロイヤルチャージャー系,1371,120,362,0.0875,0.264,79.3,0.0,6.73,0.2469,0.0171,1.069,B,札幌ダ中距離(1700-2000)・良・中枠(3-6)で父系統「ロイヤルチャージャー系」は基準比リフト1.069
競馬場×距離帯×馬場×枠,中京,直線長め・持続型,ダ,短中距離(1400-1600),不,中枠(3-6),母父系統,ロイヤルチャージャー系,147,13,34,0.0884,0.2313,71.2,0.0,7.61,0.2164,0.0149,1.069,B,中京ダ短中距離(1400-1600)・不・中枠(3-6)で母父系統「ロイヤルチャージャー系」は基準比リフト1.069
競馬場×距離帯×馬場×枠,東京,直線長め・持続型,芝,中距離(1700-2000),良,外枠(7-8),父系統,ロイヤルチャージャー系,2372,164,546,0.0691,0.2302,63.0,0.0,7.12,0.2154,0.0148,1.069,B,東京芝中距離(1700-2000)・良・外枠(7-8)で父系統「ロイヤルチャージャー系」は基準比リフト1.069
競馬場×距離帯×馬場×枠,中山,坂あり・パワー型,ダ,中距離(1700-2000),稍,中枠(3-6),父系統,ネイティヴダンサー系,553,44,123,0.0796,0.2224,83.9,0.0,7.84,0.2081,0.0143,1.069,B,中山ダ中距離(1700-2000)・稍・中枠(3-6)で父系統「ネイティヴダンサー系」は基準比リフト1.069
競馬場×距離帯×馬場×枠,東京,直線長め・持続型,芝,短中距離(1400-1600),良,内枠(1-2),父系統,ニアークティック系,640,44,140,0.0688,0.2188,64.0,0.0,8.95,0.2047,0.0141,1.069,B,東京芝短中距離(1400-1600)・良・内枠(1-2)で父系統「ニアークティック系」は基準比リフト1.069
競馬場×距離帯×馬場×枠,東京,直線長め・持続型,芝,短中距離(1400-1600),良,外枠(7-8),父,ルーラーシップ,80,7,17,0.0875,0.2125,94.4,0.0,7.02,0.1988,0.0137,1.069,B,東京芝短中距離(1400-1600)・良・外枠(7-8)で父「ルーラーシップ」は基準比リフト1.069
競馬場×距離帯×馬場×枠,東京,直線長め・持続型,ダ,短距離(1000-1300),良,中枠(3-6),母父系統,ニアークティック系,590,31,124,0.0525,0.2102,31.0,0.0,8.19,0.1967,0.0135,1.069,B,東京ダ短距離(1000-1300)・良・中枠(3-6)で母父系統「ニアークティック系」は基準比リフト1.069
競馬場×距離帯×馬場×枠,京都,平坦・スピード型,芝,短中距離(1400-1600),良,外枠(7-8),母父系統,ニアークティック系,1271,90,263,0.0708,0.2069,65.8,0.0,8.03,0.1935,0.0134,1.069,B,京都芝短中距離(1400-1600)・良・外枠(7-8)で母父系統「ニアークティック系」は基準比リフト1.069
競馬場×距離帯×馬場×枠,阪神,坂あり・パワー型,ダ,長距離(2500以上),良,外枠(7-8),父系統,ニアークティック系,110,11,31,0.1,0.2818,92.3,0.0,6.7,0.2639,0.0179,1.068,B,阪神ダ長距離(2500以上)・良・外枠(7-8)で父系統「ニアークティック系」は基準比リフト1.068
競馬場×距離帯×馬場×枠,京都,平坦・スピード型,芝,中距離(1700-2000),良,外枠(7-8),父,ハーツクライ,149,17,36,0.1141,0.2416,87.9,0.0,5.63,0.2263,0.0153,1.068,B,京都芝中距離(1700-2000)・良・外枠(7-8)で父「ハーツクライ」は基準比リフト1.068
競馬場×距離帯×馬場×枠,中山,坂あり・パワー型,芝,中距離(1700-2000),良,中枠(3-6),父,マンハッタンカフェ,134,6,31,0.0448,0.2313,59.8,0.0,7.56,0.2165,0.0148,1.068,B,中山芝中距離(1700-2000)・良・中枠(3-6)で父「マンハッタンカフェ」は基準比リフト1.068
競馬場×距離帯×馬場×枠,中京,直線長め・持続型,ダ,短距離(1000-1300),稍,中枠(3-6),父系統,父系統不明,172,13,38,0.0756,0.2209,44.0,0.0,7.4,0.2068,0.0141,1.068,B,中京ダ短距離(1000-1300)・稍・中枠(3-6)で父系統「父系統不明」は基準比リフト1.068
競馬場×距離帯×馬場×枠,中山,坂あり・パワー型,ダ,中距離(1700-2000),良,中枠(3-6),母父,フジキセキ,240,17,51,0.0708,0.2125,49.3,0.0,7.48,0.199,0.0135,1.068,B,中山ダ中距離(1700-2000)・良・中枠(3-6)で母父「フジキセキ」は基準比リフト1.068
競馬場×距離帯×馬場×枠,中京,直線長め・持続型,ダ,短中距離(1400-1600),良,中枠(3-6),父系統,ナスルーラ系,242,21,51,0.0868,0.2107,54.0,0.0,7.85,0.1973,0.0134,1.068,B,中京ダ短中距離(1400-1600)・良・中枠(3-6)で父系統「ナスルーラ系」は基準比リフト1.068
競馬場×距離帯×馬場×枠,阪神,坂あり・パワー型,ダ,短中距離(1400-1600),稍,中枠(3-6),父系統,ロイヤルチャージャー系,733,51,154,0.0696,0.2101,60.5,0.0,8.4,0.1968,0.0133,1.068,B,阪神ダ短中距離(1400-1600)・稍・中枠(3-6)で父系統「ロイヤルチャージャー系」は基準比リフト1.068
競馬場×距離帯×馬場×枠,東京,直線長め・持続型,芝,長距離(2500以上),良,中枠(3-6),母父系統,ネイティヴダンサー系,100,8,21,0.08,0.21,146.1,0.0,8.2,0.1966,0.0134,1.068,B,東京芝長距離(2500以上)・良・中枠(3-6)で母父系統「ネイティヴダンサー系」は基準比リフト1.068
競馬場×距離帯×馬場×枠,小倉,小回り・機動型,ダ,中距離(1700-2000),良,中枠(3-6),父,ゴールドアリュール,101,12,21,0.1188,0.2079,96.8,0.0,7.04,0.1947,0.0132,1.068,B,小倉ダ中距離(1700-2000)・良・中枠(3-6)で父「ゴールドアリュール」は基準比リフト1.068
競馬場×距離帯×馬場×枠,福島,小回り・機動型,芝,中距離(1700-2000),稍,中枠(3-6),父系統,ロイヤルチャージャー系,337,20,66,0.0593,0.1958,62.1,0.0,7.66,0.1834,0.0124,1.068,B,福島芝中距離(1700-2000)・稍・中枠(3-6)で父系統「ロイヤルチャージャー系」は基準比リフト1.068
競馬場×距離帯×馬場×枠,新潟,直線長め・平坦型,芝,短距離(1000-1300),稍,中枠(3-6),父系統,ロイヤルチャージャー系,289,19,51,0.0657,0.1765,48.3,0.0,8.78,0.1652,0.0113,1.068,B,新潟芝短距離(1000-1300)・稍・中枠(3-6)で父系統「ロイヤルチャージャー系」は基準比リフト1.068
競馬場×距離帯×馬場×枠,札幌,小回り・持続型,ダ,中距離(1700-2000),重不良,中枠(3-6),母父系統,ロイヤルチャージャー系,115,12,30,0.1043,0.2609,80.3,0.0,7.24,0.2445,0.0164,1.067,B,札幌ダ中距離(1700-2000)・重不良・中枠(3-6)で母父系統「ロイヤルチャージャー系」は基準比リフト1.067
競馬場×距離帯×馬場×枠,札幌,小回り・持続型,芝,中距離(1700-2000),良,中枠(3-6),父系統,ネイティヴダンサー系,359,31,93,0.0864,0.2591,84.3,0.0,7.21,0.2428,0.0163,1.067,B,札幌芝中距離(1700-2000)・良・中枠(3-6)で父系統「ネイティヴダンサー系」は基準比リフト1.067
競馬場×距離帯×馬場×枠,阪神,坂あり・パワー型,芝,中距離(1700-2000),良,中枠(3-6),父,シンボリクリスエス,125,8,32,0.064,0.256,66.6,0.0,7.42,0.2399,0.0161,1.067,B,阪神芝中距離(1700-2000)・良・中枠(3-6)で父「シンボリクリスエス」は基準比リフト1.067
競馬場×距離帯×馬場×枠,京都,平坦・スピード型,芝,短中距離(1400-1600),良,中枠(3-6),母父,サンデーサイレンス,442,33,101,0.0747,0.2285,72.6,0.0,7.6,0.2142,0.0143,1.067,B,京都芝短中距離(1400-1600)・良・中枠(3-6)で母父「サンデーサイレンス」は基準比リフト1.067
競馬場×距離帯×馬場×枠,小倉,小回り・機動型,ダ,短距離(1000-1300),良,内枠(1-2),父系統,ロイヤルチャージャー系,161,11,36,0.0683,0.2236,70.8,0.0,8.22,0.2096,0.014,1.067,B,小倉ダ短距離(1000-1300)・良・内枠(1-2)で父系統「ロイヤルチャージャー系」は基準比リフト1.067
競馬場×距離帯×馬場×枠,福島,小回り・機動型,芝,中距離(1700-2000),良,内枠(1-2),母父系統,ナスルーラ系,304,27,67,0.0888,0.2204,99.2,0.0,7.61,0.2066,0.0138,1.067,B,福島芝中距離(1700-2000)・良・内枠(1-2)で母父系統「ナスルーラ系」は基準比リフト1.067
競馬場×距離帯×馬場×枠,東京,直線長め・持続型,芝,短中距離(1400-1600),良,外枠(7-8),母父系統,ニアークティック系,1909,138,405,0.0723,0.2122,75.9,0.0,8.05,0.1988,0.0134,1.067,B,東京芝短中距離(1400-1600)・良・外枠(7-8)で母父系統「ニアークティック系」は基準比リフト1.067
競馬場×距離帯×馬場×枠,東京,直線長め・持続型,芝,短中距離(1400-1600),良,外枠(7-8),母父,シンボリクリスエス,99,9,21,0.0909,0.2121,55.5,0.0,7.36,0.1988,0.0133,1.067,B,東京芝短中距離(1400-1600)・良・外枠(7-8)で母父「シンボリクリスエス」は基準比リフト1.067
競馬場×距離帯×馬場×枠,新潟,直線長め・平坦型,芝,短距離(1000-1300),重不良,中枠(3-6),父系統,ロイヤルチャージャー系,133,3,19,0.0226,0.1429,44.7,0.0,9.39,0.1339,0.009,1.067,B,新潟芝短距離(1000-1300)・重不良・中枠(3-6)で父系統「ロイヤルチャージャー系」は基準比リフト1.067
競馬場×距離帯×馬場×枠,函館,小回り・持続型,芝,中距離(1700-2000),良,内枠(1-2),母父系統,ナスルーラ系,156,13,47,0.0833,0.3013,70.8,0.0,6.99,0.2826,0.0187,1.066,B,函館芝中距離(1700-2000)・良・内枠(1-2)で母父系統「ナスルーラ系」は基準比リフト1.066
競馬場×距離帯×馬場×枠,中京,直線長め・持続型,ダ,中距離(1700-2000),良,内枠(1-2),母父系統,ネイティヴダンサー系,521,34,125,0.0653,0.2399,57.4,0.0,7.61,0.225,0.0149,1.066,B,中京ダ中距離(1700-2000)・良・内枠(1-2)で母父系統「ネイティヴダンサー系」は基準比リフト1.066
競馬場×距離帯×馬場×枠,阪神,坂あり・パワー型,ダ,短中距離(1400-1600),良,外枠(7-8),父系統,ニアークティック系,356,33,84,0.0927,0.236,89.1,0.0,8.39,0.2213,0.0147,1.066,B,阪神ダ短中距離(1400-1600)・良・外枠(7-8)で父系統「ニアークティック系」は基準比リフト1.066
競馬場×距離帯×馬場×枠,福島,小回り・機動型,芝,中距離(1700-2000),良,中枠(3-6),父,ハービンジャー,150,11,35,0.0733,0.2333,34.3,0.0,6.97,0.2188,0.0145,1.066,B,福島芝中距離(1700-2000)・良・中枠(3-6)で父「ハービンジャー」は基準比リフト1.066
競馬場×距離帯×馬場×枠,阪神,坂あり・パワー型,ダ,短中距離(1400-1600),良,中枠(3-6),母父系統,ネイティヴダンサー系,1196,86,259,0.0719,0.2166,62.2,0.0,7.58,0.2031,0.0135,1.066,B,阪神ダ短中距離(1400-1600)・良・中枠(3-6)で母父系統「ネイティヴダンサー系」は基準比リフト1.066
競馬場×距離帯×馬場×枠,中京,直線長め・持続型,芝,短中距離(1400-1600),良,外枠(7-8),父系統,ロイヤルチャージャー系,1190,86,251,0.0723,0.2109,66.4,0.0,8.26,0.1978,0.0131,1.066,B,中京芝短中距離(1400-1600)・良・外枠(7-8)で父系統「ロイヤルチャージャー系」は基準比リフト1.066
競馬場×距離帯×馬場×枠,中山,坂あり・パワー型,芝,短中距離(1400-1600),良,外枠(7-8),父系統,ロイヤルチャージャー系,1297,82,261,0.0632,0.2012,63.1,0.0,8.2,0.1887,0.0125,1.066,B,中山芝短中距離(1400-1600)・良・外枠(7-8)で父系統「ロイヤルチャージャー系」は基準比リフト1.066
競馬場×距離帯×馬場×枠,東京,直線長め・持続型,ダ,短中距離(1400-1600),不,外枠(7-8),父系統,ネイティヴダンサー系,154,8,30,0.0519,0.1948,73.1,0.0,8.04,0.1827,0.0121,1.066,B,東京ダ短中距離(1400-1600)・不・外枠(7-8)で父系統「ネイティヴダンサー系」は基準比リフト1.066
競馬場×距離帯×馬場×枠,新潟,直線長め・平坦型,芝,長距離(2500以上),稍,外枠(7-8),父系統,ロイヤルチャージャー系,94,7,22,0.0745,0.234,45.4,0.0,7.44,0.2197,0.0143,1.065,B,新潟芝長距離(2500以上)・稍・外枠(7-8)で父系統「ロイヤルチャージャー系」は基準比リフト1.065
競馬場×距離帯×馬場×枠,中京,直線長め・持続型,芝,中距離(1700-2000),稍,外枠(7-8),母父系統,ニアークティック系,86,3,19,0.0349,0.2209,11.5,0.0,7.62,0.2075,0.0134,1.065,B,中京芝中距離(1700-2000)・稍・外枠(7-8)で母父系統「ニアークティック系」は基準比リフト1.065
競馬場×距離帯×馬場×枠,中山,坂あり・パワー型,芝,中距離(1700-2000),良,外枠(7-8),母父系統,ロイヤルチャージャー系,1372,76,303,0.0554,0.2208,67.7,0.0,7.95,0.2074,0.0134,1.065,B,中山芝中距離(1700-2000)・良・外枠(7-8)で母父系統「ロイヤルチャージャー系」は基準比リフト1.065
競馬場×距離帯×馬場×枠,中山,坂あり・パワー型,ダ,中距離(1700-2000),良,中枠(3-6),母父,アフリート,151,11,32,0.0728,0.2119,31.3,0.0,7.41,0.199,0.0129,1.065,B,中山ダ中距離(1700-2000)・良・中枠(3-6)で母父「アフリート」は基準比リフト1.065
競馬場×距離帯×馬場×枠,中京,直線長め・持続型,芝,短中距離(1400-1600),良,外枠(7-8),母父系統,ニアークティック系,745,53,157,0.0711,0.2107,58.7,0.0,8.3,0.1978,0.0129,1.065,B,中京芝短中距離(1400-1600)・良・外枠(7-8)で母父系統「ニアークティック系」は基準比リフト1.065
競馬場×距離帯×馬場×枠,阪神,坂あり・パワー型,ダ,短中距離(1400-1600),稍,中枠(3-6),母父系統,ナスルーラ系,229,18,48,0.0786,0.2096,53.5,0.0,8.06,0.1968,0.0128,1.065,B,阪神ダ短中距離(1400-1600)・稍・中枠(3-6)で母父系統「ナスルーラ系」は基準比リフト1.065
競馬場×距離帯×馬場×枠,小倉,小回り・機動型,芝,短距離(1000-1300),稍,中枠(3-6),父系統,ニアークティック系,156,12,32,0.0769,0.2051,49.2,0.0,8.6,0.1925,0.0126,1.065,B,小倉芝短距離(1000-1300)・稍・中枠(3-6)で父系統「ニアークティック系」は基準比リフト1.065
競馬場×距離帯×馬場×枠,新潟,直線長め・平坦型,芝,短中距離(1400-1600),良,外枠(7-8),母父系統,ネイティヴダンサー系,720,46,146,0.0639,0.2028,75.2,0.0,8.79,0.1905,0.0123,1.065,B,新潟芝短中距離(1400-1600)・良・外枠(7-8)で母父系統「ネイティヴダンサー系」は基準比リフト1.065
競馬場×距離帯×馬場×枠,中京,直線長め・持続型,ダ,短中距離(1400-1600),重不良,内枠(1-2),母父系統,ロイヤルチャージャー系,83,3,16,0.0361,0.1928,163.7,0.0,9.4,0.1811,0.0117,1.065,B,中京ダ短中距離(1400-1600)・重不良・内枠(1-2)で母父系統「ロイヤルチャージャー系」は基準比リフト1.065
競馬場×距離帯×馬場×枠,中山,坂あり・パワー型,ダ,短距離(1000-1300),良,内枠(1-2),父系統,ネイティヴダンサー系,972,56,183,0.0576,0.1883,42.0,0.0,8.41,0.1768,0.0115,1.065,B,中山ダ短距離(1000-1300)・良・内枠(1-2)で父系統「ネイティヴダンサー系」は基準比リフト1.065
競馬場×距離帯×馬場×枠,中山,坂あり・パワー型,ダ,短距離(1000-1300),良,内枠(1-2),父系統,ニアークティック系,616,41,116,0.0666,0.1883,52.6,0.0,8.13,0.1768,0.0115,1.065,B,中山ダ短距離(1000-1300)・良・内枠(1-2)で父系統「ニアークティック系」は基準比リフト1.065
競馬場×距離帯×馬場×枠,新潟,直線長め・平坦型,ダ,短距離(1000-1300),良,内枠(1-2),父系統,ネイティヴダンサー系,389,23,73,0.0591,0.1877,38.8,0.0,7.79,0.1762,0.0115,1.065,B,新潟ダ短距離(1000-1300)・良・内枠(1-2)で父系統「ネイティヴダンサー系」は基準比リフト1.065
競馬場×距離帯×馬場×枠,中山,坂あり・パワー型,ダ,短距離(1000-1300),重不良,内枠(1-2),父系統,ネイティヴダンサー系,179,10,27,0.0559,0.1508,41.9,0.0,8.35,0.1416,0.0092,1.065,B,中山ダ短距離(1000-1300)・重不良・内枠(1-2)で父系統「ネイティヴダンサー系」は基準比リフト1.065
競馬場×距離帯×馬場×枠,阪神,坂あり・パワー型,ダ,長距離(2500以上),良,中枠(3-6),母父系統,ニアークティック系,367,28,100,0.0763,0.2725,55.9,0.0,6.5,0.256,0.0165,1.064,B,阪神ダ長距離(2500以上)・良・中枠(3-6)で母父系統「ニアークティック系」は基準比リフト1.064
競馬場×距離帯×馬場×枠,京都,平坦・スピード型,ダ,中距離(1700-2000),良,内枠(1-2),母父系統,ロイヤルチャージャー系,999,74,246,0.0741,0.2462,142.6,0.0,7.46,0.2314,0.0148,1.064,B,京都ダ中距離(1700-2000)・良・内枠(1-2)で母父系統「ロイヤルチャージャー系」は基準比リフト1.064
競馬場×距離帯×馬場×枠,札幌,小回り・持続型,ダ,中距離(1700-2000),稍,外枠(7-8),母父系統,ロイヤルチャージャー系,124,7,30,0.0565,0.2419,33.4,0.0,7.02,0.2274,0.0145,1.064,B,札幌ダ中距離(1700-2000)・稍・外枠(7-8)で母父系統「ロイヤルチャージャー系」は基準比リフト1.064
競馬場×距離帯×馬場×枠,京都,平坦・スピード型,ダ,中距離(1700-2000),稍,内枠(1-2),母父系統,ロイヤルチャージャー系,255,22,61,0.0863,0.2392,71.2,0.0,7.43,0.2248,0.0144,1.064,B,京都ダ中距離(1700-2000)・稍・内枠(1-2)で母父系統「ロイヤルチャージャー系」は基準比リフト1.064
競馬場×距離帯×馬場×枠,小倉,小回り・機動型,芝,中距離(1700-2000),良,内枠(1-2),父系統,ネイティヴダンサー系,321,28,76,0.0872,0.2368,54.4,0.0,7.53,0.2226,0.0142,1.064,B,小倉芝中距離(1700-2000)・良・内枠(1-2)で父系統「ネイティヴダンサー系」は基準比リフト1.064
競馬場×距離帯×馬場×枠,中山,坂あり・パワー型,ダ,中距離(1700-2000),良,外枠(7-8),母父,フジキセキ,114,8,27,0.0702,0.2368,82.4,0.0,7.73,0.2226,0.0142,1.064,B,中山ダ中距離(1700-2000)・良・外枠(7-8)で母父「フジキセキ」は基準比リフト1.064
競馬場×距離帯×馬場×枠,中山,坂あり・パワー型,ダ,中距離(1700-2000),稍,中枠(3-6),父系統,父系統不明,691,49,153,0.0709,0.2214,84.1,0.0,7.74,0.2081,0.0133,1.064,B,中山ダ中距離(1700-2000)・稍・中枠(3-6)で父系統「父系統不明」は基準比リフト1.064
競馬場×距離帯×馬場×枠,中京,直線長め・持続型,芝,短距離(1000-1300),稍,中枠(3-6),母父系統,ニアークティック系,91,6,20,0.0659,0.2198,67.3,0.0,7.99,0.2066,0.0132,1.064,B,中京芝短距離(1000-1300)・稍・中枠(3-6)で母父系統「ニアークティック系」は基準比リフト1.064
競馬場×距離帯×馬場×枠,東京,直線長め・持続型,芝,短中距離(1400-1600),良,中枠(3-6),父系統,父系統不明,2332,165,503,0.0708,0.2157,89.4,0.0,7.73,0.2028,0.0129,1.064,B,東京芝短中距離(1400-1600)・良・中枠(3-6)で父系統「父系統不明」は基準比リフト1.064
競馬場×距離帯×馬場×枠,福島,小回り・機動型,芝,長距離(2500以上),良,外枠(7-8),父系統,ナスルーラ系,84,8,18,0.0952,0.2143,125.2,0.0,6.92,0.2014,0.0129,1.064,B,福島芝長距離(2500以上)・良・外枠(7-8)で父系統「ナスルーラ系」は基準比リフト1.064
競馬場×距離帯×馬場×枠,京都,平坦・スピード型,ダ,短中距離(1400-1600),良,中枠(3-6),父系統,ネイティヴダンサー系,977,72,208,0.0737,0.2129,71.2,0.0,7.94,0.2,0.0129,1.064,B,京都ダ短中距離(1400-1600)・良・中枠(3-6)で父系統「ネイティヴダンサー系」は基準比リフト1.064
競馬場×距離帯×馬場×枠,新潟,直線長め・平坦型,ダ,短距離(1000-1300),稍,内枠(1-2),母父系統,ネイティヴダンサー系,135,6,25,0.0444,0.1852,36.9,0.0,7.44,0.1741,0.0111,1.064,B,新潟ダ短距離(1000-1300)・稍・内枠(1-2)で母父系統「ネイティヴダンサー系」は基準比リフト1.064
競馬場×距離帯×馬場×枠,阪神,坂あり・パワー型,芝,中長距離(2100-2400),良,内枠(1-2),父系統,ロイヤルチャージャー系,374,32,107,0.0856,0.2861,69.1,0.0,6.37,0.2691,0.017,1.063,B,阪神芝中長距離(2100-2400)・良・内枠(1-2)で父系統「ロイヤルチャージャー系」は基準比リフト1.063
競馬場×距離帯×馬場×枠,福島,小回り・機動型,ダ,中距離(1700-2000),稍,外枠(7-8),母父系統,ロイヤルチャージャー系,207,14,55,0.0676,0.2657,40.8,0.0,7.63,0.25,0.0157,1.063,B,福島ダ中距離(1700-2000)・稍・外枠(7-8)で母父系統「ロイヤルチャージャー系」は基準比リフト1.063
競馬場×距離帯×馬場×枠,小倉,小回り・機動型,芝,長距離(2500以上),良,外枠(7-8),母父系統,ネイティヴダンサー系,176,18,44,0.1023,0.25,61.8,0.0,6.4,0.2352,0.0148,1.063,B,小倉芝長距離(2500以上)・良・外枠(7-8)で母父系統「ネイティヴダンサー系」は基準比リフト1.063
競馬場×距離帯×馬場×枠,阪神,坂あり・パワー型,ダ,中距離(1700-2000),良,外枠(7-8),母父,シンボリクリスエス,84,5,21,0.0595,0.25,58.1,0.0,7.1,0.2351,0.0149,1.063,B,阪神ダ中距離(1700-2000)・良・外枠(7-8)で母父「シンボリクリスエス」は基準比リフト1.063
競馬場×距離帯×馬場×枠,東京,直線長め・持続型,芝,中距離(1700-2000),重不良,中枠(3-6),父系統,ロイヤルチャージャー系,194,21,48,0.1082,0.2474,75.5,0.0,7.07,0.2328,0.0146,1.063,B,東京芝中距離(1700-2000)・重不良・中枠(3-6)で父系統「ロイヤルチャージャー系」は基準比リフト1.063
競馬場×距離帯×馬場×枠,東京,直線長め・持続型,ダ,短中距離(1400-1600),稍,外枠(7-8),父系統,ナスルーラ系,169,16,40,0.0947,0.2367,54.6,0.0,8.14,0.2227,0.014,1.063,B,東京ダ短中距離(1400-1600)・稍・外枠(7-8)で父系統「ナスルーラ系」は基準比リフト1.063
競馬場×距離帯×馬場×枠,中京,直線長め・持続型,ダ,短中距離(1400-1600),良,内枠(1-2),父系統,ナスルーラ系,105,8,22,0.0762,0.2095,45.7,0.0,7.39,0.1971,0.0124,1.063,B,中京ダ短中距離(1400-1600)・良・内枠(1-2)で父系統「ナスルーラ系」は基準比リフト1.063
競馬場×距離帯×馬場×枠,中山,坂あり・パワー型,ダ,中距離(1700-2000),重不良,外枠(7-8),母父系統,ニアークティック系,232,18,62,0.0776,0.2672,56.4,0.0,7.38,0.2515,0.0157,1.062,B,中山ダ中距離(1700-2000)・重不良・外枠(7-8)で母父系統「ニアークティック系」は基準比リフト1.062
競馬場×距離帯×馬場×枠,京都,平坦・スピード型,芝,中距離(1700-2000),良,中枠(3-6),父,ハーツクライ,257,22,67,0.0856,0.2607,72.4,0.0,6.23,0.2454,0.0153,1.062,B,京都芝中距離(1700-2000)・良・中枠(3-6)で父「ハーツクライ」は基準比リフト1.062
競馬場×距離帯×馬場×枠,中山,坂あり・パワー型,ダ,短距離(1000-1300),重不良,外枠(7-8),父系統,ネイティヴダンサー系,207,19,52,0.0918,0.2512,54.7,0.0,7.61,0.2366,0.0146,1.062,B,中山ダ短距離(1000-1300)・重不良・外枠(7-8)で父系統「ネイティヴダンサー系」は基準比リフト1.062
競馬場×距離帯×馬場×枠,京都,平坦・スピード型,ダ,中距離(1700-2000),不,中枠(3-6),母父系統,ロイヤルチャージャー系,196,14,48,0.0714,0.2449,60.2,0.0,7.4,0.2306,0.0143,1.062,B,京都ダ中距離(1700-2000)・不・中枠(3-6)で母父系統「ロイヤルチャージャー系」は基準比リフト1.062
競馬場×距離帯×馬場×枠,新潟,直線長め・平坦型,芝,中距離(1700-2000),良,中枠(3-6),父系統,ネイティヴダンサー系,551,48,127,0.0871,0.2305,81.7,0.0,7.92,0.2171,0.0134,1.062,B,新潟芝中距離(1700-2000)・良・中枠(3-6)で父系統「ネイティヴダンサー系」は基準比リフト1.062
競馬場×距離帯×馬場×枠,中山,坂あり・パワー型,ダ,中距離(1700-2000),稍,外枠(7-8),母父系統,ロイヤルチャージャー系,611,45,138,0.0736,0.2259,74.1,0.0,8.0,0.2128,0.0131,1.062,B,中山ダ中距離(1700-2000)・稍・外枠(7-8)で母父系統「ロイヤルチャージャー系」は基準比リフト1.062
競馬場×距離帯×馬場×枠,京都,平坦・スピード型,ダ,短距離(1000-1300),良,内枠(1-2),母父系統,ロイヤルチャージャー系,650,39,146,0.06,0.2246,56.8,0.0,7.69,0.2115,0.0131,1.062,B,京都ダ短距離(1000-1300)・良・内枠(1-2)で母父系統「ロイヤルチャージャー系」は基準比リフト1.062
競馬場×距離帯×馬場×枠,福島,小回り・機動型,ダ,短距離(1000-1300),良,外枠(7-8),母父系統,ナスルーラ系,188,11,42,0.0585,0.2234,95.6,0.0,8.0,0.2103,0.0131,1.062,B,福島ダ短距離(1000-1300)・良・外枠(7-8)で母父系統「ナスルーラ系」は基準比リフト1.062
競馬場×距離帯×馬場×枠,小倉,小回り・機動型,ダ,中距離(1700-2000),不,中枠(3-6),母父系統,ロイヤルチャージャー系,271,19,58,0.0701,0.214,100.9,0.0,8.23,0.2015,0.0125,1.062,B,小倉ダ中距離(1700-2000)・不・中枠(3-6)で母父系統「ロイヤルチャージャー系」は基準比リフト1.062
競馬場×距離帯×馬場×枠,東京,直線長め・持続型,ダ,短中距離(1400-1600),良,中枠(3-6),父,アイルハヴアナザー,99,4,21,0.0404,0.2121,85.8,0.0,7.84,0.1997,0.0124,1.062,B,東京ダ短中距離(1400-1600)・良・中枠(3-6)で父「アイルハヴアナザー」は基準比リフト1.062
競馬場×距離帯×馬場×枠,阪神,坂あり・パワー型,ダ,短距離(1000-1300),稍,内枠(1-2),父系統,ロイヤルチャージャー系,208,12,38,0.0577,0.1827,52.0,0.0,8.6,0.1721,0.0106,1.062,B,阪神ダ短距離(1000-1300)・稍・内枠(1-2)で父系統「ロイヤルチャージャー系」は基準比リフト1.062
競馬場×距離帯×馬場×枠,福島,小回り・機動型,芝,長距離(2500以上),良,中枠(3-6),母父,サンデーサイレンス,140,13,36,0.0929,0.2571,122.9,0.0,6.9,0.2423,0.0148,1.061,B,福島芝長距離(2500以上)・良・中枠(3-6)で母父「サンデーサイレンス」は基準比リフト1.061
競馬場×距離帯×馬場×枠,新潟,直線長め・平坦型,芝,中距離(1700-2000),良,中枠(3-6),母父系統,ナスルーラ系,612,44,141,0.0719,0.2304,71.5,0.0,7.99,0.2171,0.0133,1.061,B,新潟芝中距離(1700-2000)・良・中枠(3-6)で母父系統「ナスルーラ系」は基準比リフト1.061
競馬場×距離帯×馬場×枠,中京,直線長め・持続型,ダ,中距離(1700-2000),良,外枠(7-8),母父系統,ネイティヴダンサー系,641,46,142,0.0718,0.2215,54.4,0.0,7.39,0.2087,0.0128,1.061,B,中京ダ中距離(1700-2000)・良・外枠(7-8)で母父系統「ネイティヴダンサー系」は基準比リフト1.061
競馬場×距離帯×馬場×枠,阪神,坂あり・パワー型,ダ,短中距離(1400-1600),良,中枠(3-6),母父,ブライアンズタイム,116,9,25,0.0776,0.2155,69.1,0.0,7.67,0.2031,0.0124,1.061,B,阪神ダ短中距離(1400-1600)・良・中枠(3-6)で母父「ブライアンズタイム」は基準比リフト1.061
競馬場×距離帯×馬場×枠,函館,小回り・持続型,芝,短距離(1000-1300),稍,外枠(7-8),母父系統,ロイヤルチャージャー系,145,8,31,0.0552,0.2138,32.6,0.0,7.7,0.2015,0.0123,1.061,B,函館芝短距離(1000-1300)・稍・外枠(7-8)で母父系統「ロイヤルチャージャー系」は基準比リフト1.061
競馬場×距離帯×馬場×枠,東京,直線長め・持続型,ダ,短中距離(1400-1600),良,中枠(3-6),父,ルーラーシップ,118,7,25,0.0593,0.2119,42.0,0.0,7.39,0.1997,0.0122,1.061,B,東京ダ短中距離(1400-1600)・良・中枠(3-6)で父「ルーラーシップ」は基準比リフト1.061
競馬場×距離帯×馬場×枠,小倉,小回り・機動型,ダ,中距離(1700-2000),良,中枠(3-6),母父系統,ロイヤルチャージャー系,1322,87,273,0.0658,0.2065,67.5,0.0,8.0,0.1947,0.0118,1.061,B,小倉ダ中距離(1700-2000)・良・中枠(3-6)で母父系統「ロイヤルチャージャー系」は基準比リフト1.061
競馬場×距離帯×馬場×枠,中山,坂あり・パワー型,ダ,中距離(1700-2000),不,中枠(3-6),母父系統,ネイティヴダンサー系,301,23,62,0.0764,0.206,95.9,0.0,7.85,0.1941,0.0119,1.061,B,中山ダ中距離(1700-2000)・不・中枠(3-6)で母父系統「ネイティヴダンサー系」は基準比リフト1.061
競馬場×距離帯×馬場×枠,京都,平坦・スピード型,ダ,短距離(1000-1300),稍,中枠(3-6),母父系統,ネイティヴダンサー系,292,25,58,0.0856,0.1986,165.4,0.0,8.08,0.1872,0.0114,1.061,B,京都ダ短距離(1000-1300)・稍・中枠(3-6)で母父系統「ネイティヴダンサー系」は基準比リフト1.061
競馬場×距離帯×馬場×枠,中京,直線長め・持続型,ダ,短距離(1000-1300),良,中枠(3-6),母父系統,ナスルーラ系,290,19,56,0.0655,0.1931,49.6,0.0,8.24,0.182,0.0111,1.061,B,中京ダ短距離(1000-1300)・良・中枠(3-6)で母父系統「ナスルーラ系」は基準比リフト1.061
競馬場×距離帯×馬場×枠,中山,坂あり・パワー型,ダ,長距離(2500以上),良,内枠(1-2),母父系統,ニアークティック系,105,7,31,0.0667,0.2952,18.2,0.0,6.45,0.2785,0.0167,1.06,B,中山ダ長距離(2500以上)・良・内枠(1-2)で母父系統「ニアークティック系」は基準比リフト1.06
競馬場×距離帯×馬場×枠,阪神,坂あり・パワー型,ダ,中距離(1700-2000),良,外枠(7-8),母父系統,ロイヤルチャージャー系,1513,122,377,0.0806,0.2492,63.3,0.0,7.13,0.2351,0.0141,1.06,B,阪神ダ中距離(1700-2000)・良・外枠(7-8)で母父系統「ロイヤルチャージャー系」は基準比リフト1.06
競馬場×距離帯×馬場×枠,小倉,小回り・機動型,ダ,短距離(1000-1300),重不良,中枠(3-6),母父系統,ニアークティック系,164,16,39,0.0976,0.2378,79.2,0.0,7.21,0.2243,0.0135,1.06,B,小倉ダ短距離(1000-1300)・重不良・中枠(3-6)で母父系統「ニアークティック系」は基準比リフト1.06
競馬場×距離帯×馬場×枠,小倉,小回り・機動型,芝,中距離(1700-2000),良,内枠(1-2),母父系統,ナスルーラ系,339,31,80,0.0914,0.236,65.1,0.0,7.38,0.2226,0.0134,1.06,B,小倉芝中距離(1700-2000)・良・内枠(1-2)で母父系統「ナスルーラ系」は基準比リフト1.06
競馬場×距離帯×馬場×枠,中京,直線長め・持続型,芝,中距離(1700-2000),稍,中枠(3-6),母父系統,ロイヤルチャージャー系,161,13,38,0.0807,0.236,92.1,0.0,7.84,0.2227,0.0133,1.06,B,中京芝中距離(1700-2000)・稍・中枠(3-6)で母父系統「ロイヤルチャージャー系」は基準比リフト1.06
競馬場×距離帯×馬場×枠,阪神,坂あり・パワー型,芝,短中距離(1400-1600),良,中枠(3-6),父,フジキセキ,100,9,23,0.09,0.23,92.7,0.0,7.27,0.2169,0.0131,1.06,B,阪神芝短中距離(1400-1600)・良・中枠(3-6)で父「フジキセキ」は基準比リフト1.06
競馬場×距離帯×馬場×枠,中山,坂あり・パワー型,ダ,短距離(1000-1300),不,中枠(3-6),父系統,ニアークティック系,162,14,37,0.0864,0.2284,57.9,0.0,8.26,0.2154,0.013,1.06,B,中山ダ短距離(1000-1300)・不・中枠(3-6)で父系統「ニアークティック系」は基準比リフト1.06
競馬場×距離帯×馬場×枠,新潟,直線長め・平坦型,ダ,中距離(1700-2000),良,中枠(3-6),母父系統,ナスルーラ系,484,36,110,0.0744,0.2273,96.7,0.0,7.58,0.2144,0.0129,1.06,B,新潟ダ中距離(1700-2000)・良・中枠(3-6)で母父系統「ナスルーラ系」は基準比リフト1.06
競馬場×距離帯×馬場×枠,小倉,小回り・機動型,ダ,短距離(1000-1300),良,内枠(1-2),父系統,ネイティヴダンサー系,108,10,24,0.0926,0.2222,78.9,0.0,7.42,0.2096,0.0126,1.06,B,小倉ダ短距離(1000-1300)・良・内枠(1-2)で父系統「ネイティヴダンサー系」は基準比リフト1.06
競馬場×距離帯×馬場×枠,札幌,小回り・持続型,芝,中距離(1700-2000),良,外枠(7-8),母父系統,ナスルーラ系,227,12,50,0.0529,0.2203,59.5,0.0,6.82,0.2079,0.0124,1.06,B,札幌芝中距離(1700-2000)・良・外枠(7-8)で母父系統「ナスルーラ系」は基準比リフト1.06
競馬場×距離帯×馬場×枠,中京,直線長め・持続型,ダ,短距離(1000-1300),良,外枠(7-8),父系統,ニアークティック系,166,11,35,0.0663,0.2108,57.8,0.0,8.0,0.1988,0.012,1.06,B,中京ダ短距離(1000-1300)・良・外枠(7-8)で父系統「ニアークティック系」は基準比リフト1.06
競馬場×距離帯×馬場×枠,中山,坂あり・パワー型,ダ,短距離(1000-1300),良,中枠(3-6),父,キングヘイロー,93,6,19,0.0645,0.2043,32.8,0.0,8.56,0.1927,0.0116,1.06,B,中山ダ短距離(1000-1300)・良・中枠(3-6)で父「キングヘイロー」は基準比リフト1.06
競馬場×距離帯×馬場×枠,新潟,直線長め・平坦型,芝,中距離(1700-2000),良,内枠(1-2),母父系統,ニアークティック系,589,38,117,0.0645,0.1986,107.1,0.0,8.18,0.1874,0.0112,1.06,B,新潟芝中距離(1700-2000)・良・内枠(1-2)で母父系統「ニアークティック系」は基準比リフト1.06
競馬場×距離帯×馬場×枠,札幌,小回り・持続型,芝,短中距離(1400-1600),良,内枠(1-2),母父系統,ロイヤルチャージャー系,159,19,47,0.1195,0.2956,84.3,0.0,6.62,0.279,0.0166,1.059,B,札幌芝短中距離(1400-1600)・良・内枠(1-2)で母父系統「ロイヤルチャージャー系」は基準比リフト1.059
競馬場×距離帯×馬場×枠,京都,平坦・スピード型,芝,中距離(1700-2000),良,中枠(3-6),母父,ダンスインザダーク,127,13,33,0.1024,0.2598,69.0,0.0,7.46,0.2454,0.0144,1.059,B,京都芝中距離(1700-2000)・良・中枠(3-6)で母父「ダンスインザダーク」は基準比リフト1.059
競馬場×距離帯×馬場×枠,中山,坂あり・パワー型,芝,長距離(2500以上),良,中枠(3-6),父系統,ロイヤルチャージャー系,618,51,159,0.0825,0.2573,73.3,0.0,7.02,0.2429,0.0144,1.059,B,中山芝長距離(2500以上)・良・中枠(3-6)で父系統「ロイヤルチャージャー系」は基準比リフト1.059
競馬場×距離帯×馬場×枠,函館,小回り・持続型,芝,短距離(1000-1300),良,中枠(3-6),母父,サンデーサイレンス,223,20,55,0.0897,0.2466,114.1,0.0,7.07,0.2329,0.0137,1.059,B,函館芝短距離(1000-1300)・良・中枠(3-6)で母父「サンデーサイレンス」は基準比リフト1.059
競馬場×距離帯×馬場×枠,京都,平坦・スピード型,芝,短距離(1000-1300),良,内枠(1-2),母父系統,ナスルーラ系,126,13,31,0.1032,0.246,118.8,0.0,7.65,0.2324,0.0136,1.059,B,京都芝短距離(1000-1300)・良・内枠(1-2)で母父系統「ナスルーラ系」は基準比リフト1.059
競馬場×距離帯×馬場×枠,東京,直線長め・持続型,ダ,中長距離(2100-2400),良,中枠(3-6),父系統,ネイティヴダンサー系,546,39,128,0.0714,0.2344,52.4,0.0,7.79,0.2214,0.013,1.059,B,東京ダ中長距離(2100-2400)・良・中枠(3-6)で父系統「ネイティヴダンサー系」は基準比リフト1.059
競馬場×距離帯×馬場×枠,新潟,直線長め・平坦型,芝,中距離(1700-2000),稍,中枠(3-6),母父系統,ニアークティック系,222,16,51,0.0721,0.2297,71.9,0.0,7.82,0.217,0.0127,1.059,B,新潟芝中距離(1700-2000)・稍・中枠(3-6)で母父系統「ニアークティック系」は基準比リフト1.059
競馬場×距離帯×馬場×枠,札幌,小回り・持続型,芝,短距離(1000-1300),稍,中枠(3-6),母父系統,ニアークティック系,105,9,24,0.0857,0.2286,71.6,0.0,8.07,0.2158,0.0128,1.059,B,札幌芝短距離(1000-1300)・稍・中枠(3-6)で母父系統「ニアークティック系」は基準比リフト1.059
競馬場×距離帯×馬場×枠,中山,坂あり・パワー型,芝,中長距離(2100-2400),良,中枠(3-6),父系統,ナスルーラ系,95,7,21,0.0737,0.2211,59.4,0.0,7.6,0.2088,0.0123,1.059,B,中山芝中長距離(2100-2400)・良・中枠(3-6)で父系統「ナスルーラ系」は基準比リフト1.059
競馬場×距離帯×馬場×枠,阪神,坂あり・パワー型,ダ,短距離(1000-1300),良,中枠(3-6),母父系統,ナスルーラ系,455,33,100,0.0725,0.2198,50.4,0.0,8.08,0.2076,0.0122,1.059,B,阪神ダ短距離(1000-1300)・良・中枠(3-6)で母父系統「ナスルーラ系」は基準比リフト1.059
競馬場×距離帯×馬場×枠,東京,直線長め・持続型,ダ,短中距離(1400-1600),良,中枠(3-6),母父系統,マンノウォー系,104,12,22,0.1154,0.2115,119.2,0.0,8.13,0.1997,0.0118,1.059,B,東京ダ短中距離(1400-1600)・良・中枠(3-6)で母父系統「マンノウォー系」は基準比リフト1.059
競馬場×距離帯×馬場×枠,京都,平坦・スピード型,ダ,中距離(1700-2000),不,外枠(7-8),母父系統,ニアークティック系,91,7,19,0.0769,0.2088,77.8,0.0,7.24,0.1972,0.0116,1.059,B,京都ダ中距離(1700-2000)・不・外枠(7-8)で母父系統「ニアークティック系」は基準比リフト1.059
競馬場×距離帯×馬場×枠,新潟,直線長め・平坦型,芝,短中距離(1400-1600),良,中枠(3-6),母父,フレンチデピュティ,97,7,20,0.0722,0.2062,48.4,0.0,7.89,0.1947,0.0115,1.059,B,新潟芝短中距離(1400-1600)・良・中枠(3-6)で母父「フレンチデピュティ」は基準比リフト1.059
競馬場×距離帯×馬場×枠,小倉,小回り・機動型,ダ,中距離(1700-2000),重不良,外枠(7-8),父系統,ニアークティック系,91,8,18,0.0879,0.1978,71.4,0.0,8.32,0.1868,0.011,1.059,B,小倉ダ中距離(1700-2000)・重不良・外枠(7-8)で父系統「ニアークティック系」は基準比リフト1.059
競馬場×距離帯×馬場×枠,中山,坂あり・パワー型,ダ,中距離(1700-2000),良,内枠(1-2),母父,アグネスタキオン,92,6,18,0.0652,0.1957,80.9,0.0,7.92,0.1848,0.0109,1.059,B,中山ダ中距離(1700-2000)・良・内枠(1-2)で母父「アグネスタキオン」は基準比リフト1.059
競馬場×距離帯×馬場×枠,中山,坂あり・パワー型,ダ,短距離(1000-1300),稍,内枠(1-2),父系統,父系統不明,340,18,65,0.0529,0.1912,102.0,0.0,8.34,0.1805,0.0107,1.059,B,中山ダ短距離(1000-1300)・稍・内枠(1-2)で父系統「父系統不明」は基準比リフト1.059
競馬場×距離帯×馬場×枠,新潟,直線長め・平坦型,芝,短中距離(1400-1600),良,内枠(1-2),母父系統,ニアークティック系,662,43,118,0.065,0.1782,93.1,0.0,8.77,0.1682,0.01,1.059,B,新潟芝短中距離(1400-1600)・良・内枠(1-2)で母父系統「ニアークティック系」は基準比リフト1.059
競馬場×距離帯×馬場×枠,東京,直線長め・持続型,ダ,短中距離(1400-1600),良,内枠(1-2),母父,ダンスインザダーク,152,6,27,0.0395,0.1776,18.3,0.0,8.42,0.1677,0.0099,1.059,B,東京ダ短中距離(1400-1600)・良・内枠(1-2)で母父「ダンスインザダーク」は基準比リフト1.059
競馬場×距離帯×馬場×枠,東京,直線長め・持続型,芝,中距離(1700-2000),良,中枠(3-6),母父系統,ニアークティック系,2102,188,527,0.0894,0.2507,69.7,0.0,7.25,0.237,0.0137,1.058,B,東京芝中距離(1700-2000)・良・中枠(3-6)で母父系統「ニアークティック系」は基準比リフト1.058
競馬場×距離帯×馬場×枠,東京,直線長め・持続型,芝,中距離(1700-2000),良,内枠(1-2),父系統,ロイヤルチャージャー系,1563,136,388,0.087,0.2482,67.4,0.0,6.96,0.2345,0.0137,1.058,B,東京芝中距離(1700-2000)・良・内枠(1-2)で父系統「ロイヤルチャージャー系」は基準比リフト1.058
競馬場×距離帯×馬場×枠,京都,平坦・スピード型,ダ,中距離(1700-2000),良,内枠(1-2),父系統,ニアークティック系,490,44,120,0.0898,0.2449,94.1,0.0,7.86,0.2314,0.0135,1.058,B,京都ダ中距離(1700-2000)・良・内枠(1-2)で父系統「ニアークティック系」は基準比リフト1.058
競馬場×距離帯×馬場×枠,新潟,直線長め・平坦型,ダ,中距離(1700-2000),稍,中枠(3-6),母父系統,ネイティヴダンサー系,396,34,96,0.0859,0.2424,86.7,0.0,7.2,0.2292,0.0132,1.058,B,新潟ダ中距離(1700-2000)・稍・中枠(3-6)で母父系統「ネイティヴダンサー系」は基準比リフト1.058
競馬場×距離帯×馬場×枠,小倉,小回り・機動型,芝,中距離(1700-2000),良,中枠(3-6),父,スペシャルウィーク,81,8,19,0.0988,0.2346,57.0,0.0,7.25,0.2218,0.0128,1.058,B,小倉芝中距離(1700-2000)・良・中枠(3-6)で父「スペシャルウィーク」は基準比リフト1.058
競馬場×距離帯×馬場×枠,京都,平坦・スピード型,ダ,中距離(1700-2000),良,中枠(3-6),母父,キングカメハメハ,117,9,27,0.0769,0.2308,76.1,0.0,7.51,0.2181,0.0127,1.058,B,京都ダ中距離(1700-2000)・良・中枠(3-6)で母父「キングカメハメハ」は基準比リフト1.058
競馬場×距離帯×馬場×枠,新潟,直線長め・平坦型,芝,中距離(1700-2000),良,外枠(7-8),父系統,父系統不明,538,37,120,0.0688,0.223,54.5,0.0,7.68,0.2107,0.0123,1.058,B,新潟芝中距離(1700-2000)・良・外枠(7-8)で父系統「父系統不明」は基準比リフト1.058
競馬場×距離帯×馬場×枠,中京,直線長め・持続型,ダ,短距離(1000-1300),良,内枠(1-2),父系統,父系統不明,283,23,63,0.0813,0.2226,53.0,0.0,7.53,0.2103,0.0123,1.058,B,中京ダ短距離(1000-1300)・良・内枠(1-2)で父系統「父系統不明」は基準比リフト1.058
競馬場×距離帯×馬場×枠,札幌,小回り・持続型,ダ,中距離(1700-2000),良,内枠(1-2),母父系統,ロイヤルチャージャー系,315,24,70,0.0762,0.2222,91.9,0.0,6.66,0.21,0.0122,1.058,B,札幌ダ中距離(1700-2000)・良・内枠(1-2)で母父系統「ロイヤルチャージャー系」は基準比リフト1.058
競馬場×距離帯×馬場×枠,京都,平坦・スピード型,ダ,短中距離(1400-1600),良,内枠(1-2),母父系統,ニアークティック系,647,46,142,0.0711,0.2195,81.4,0.0,7.99,0.2074,0.0121,1.058,B,京都ダ短中距離(1400-1600)・良・内枠(1-2)で母父系統「ニアークティック系」は基準比リフト1.058
競馬場×距離帯×馬場×枠,小倉,小回り・機動型,ダ,中距離(1700-2000),稍,中枠(3-6),母父,サンデーサイレンス,101,12,22,0.1188,0.2178,53.1,0.0,6.89,0.2059,0.0119,1.058,B,小倉ダ中距離(1700-2000)・稍・中枠(3-6)で母父「サンデーサイレンス」は基準比リフト1.058
競馬場×距離帯×馬場×枠,阪神,坂あり・パワー型,ダ,中距離(1700-2000),重不良,内枠(1-2),母父系統,ロイヤルチャージャー系,245,17,52,0.0694,0.2122,95.5,0.0,7.6,0.2005,0.0117,1.058,B,阪神ダ中距離(1700-2000)・重不良・内枠(1-2)で母父系統「ロイヤルチャージャー系」は基準比リフト1.058
競馬場×距離帯×馬場×枠,東京,直線長め・持続型,芝,短中距離(1400-1600),良,外枠(7-8),母父系統,ネイティヴダンサー系,1379,107,290,0.0776,0.2103,65.0,0.0,8.38,0.1988,0.0115,1.058,B,東京芝短中距離(1400-1600)・良・外枠(7-8)で母父系統「ネイティヴダンサー系」は基準比リフト1.058
競馬場×距離帯×馬場×枠,東京,直線長め・持続型,芝,中距離(1700-2000),稍,外枠(7-8),父系統,ロイヤルチャージャー系,349,23,73,0.0659,0.2092,42.7,0.0,7.22,0.1978,0.0114,1.058,B,東京芝中距離(1700-2000)・稍・外枠(7-8)で父系統「ロイヤルチャージャー系」は基準比リフト1.058
競馬場×距離帯×馬場×枠,小倉,小回り・機動型,ダ,中距離(1700-2000),良,外枠(7-8),父系統,父系統不明,383,22,80,0.0574,0.2089,65.2,0.0,8.05,0.1974,0.0115,1.058,B,小倉ダ中距離(1700-2000)・良・外枠(7-8)で父系統「父系統不明」は基準比リフト1.058
競馬場×距離帯×馬場×枠,小倉,小回り・機動型,芝,短距離(1000-1300),良,中枠(3-6),母父,アグネスタキオン,126,4,26,0.0317,0.2063,26.9,0.0,8.48,0.1949,0.0114,1.058,B,小倉芝短距離(1000-1300)・良・中枠(3-6)で母父「アグネスタキオン」は基準比リフト1.058
競馬場×距離帯×馬場×枠,小倉,小回り・機動型,芝,短距離(1000-1300),稍,外枠(7-8),父系統,ニアークティック系,108,4,21,0.037,0.1944,26.4,0.0,8.56,0.1838,0.0106,1.058,B,小倉芝短距離(1000-1300)・稍・外枠(7-8)で父系統「ニアークティック系」は基準比リフト1.058
競馬場×距離帯×馬場×枠,中京,直線長め・持続型,ダ,短中距離(1400-1600),重不良,外枠(7-8),父系統,ロイヤルチャージャー系,91,7,17,0.0769,0.1868,84.6,0.0,7.68,0.1765,0.0103,1.058,B,中京ダ短中距離(1400-1600)・重不良・外枠(7-8)で父系統「ロイヤルチャージャー系」は基準比リフト1.058
競馬場×距離帯×馬場×枠,京都,平坦・スピード型,ダ,中距離(1700-2000),不,内枠(1-2),父系統,ロイヤルチャージャー系,101,8,27,0.0792,0.2673,86.4,0.0,7.41,0.253,0.0143,1.057,B,京都ダ中距離(1700-2000)・不・内枠(1-2)で父系統「ロイヤルチャージャー系」は基準比リフト1.057
競馬場×距離帯×馬場×枠,阪神,坂あり・パワー型,芝,中距離(1700-2000),良,内枠(1-2),父系統,ロイヤルチャージャー系,1318,120,349,0.091,0.2648,71.7,0.0,6.75,0.2505,0.0143,1.057,B,阪神芝中距離(1700-2000)・良・内枠(1-2)で父系統「ロイヤルチャージャー系」は基準比リフト1.057
競馬場×距離帯×馬場×枠,阪神,坂あり・パワー型,ダ,中距離(1700-2000),良,外枠(7-8),父系統,ネイティヴダンサー系,825,69,205,0.0836,0.2485,53.1,0.0,7.16,0.2351,0.0134,1.057,B,阪神ダ中距離(1700-2000)・良・外枠(7-8)で父系統「ネイティヴダンサー系」は基準比リフト1.057
競馬場×距離帯×馬場×枠,新潟,直線長め・平坦型,芝,中長距離(2100-2400),良,中枠(3-6),父系統,ロイヤルチャージャー系,727,65,176,0.0894,0.2421,106.2,0.0,7.25,0.229,0.0131,1.057,B,新潟芝中長距離(2100-2400)・良・中枠(3-6)で父系統「ロイヤルチャージャー系」は基準比リフト1.057
競馬場×距離帯×馬場×枠,京都,平坦・スピード型,ダ,短距離(1000-1300),稍,外枠(7-8),母父系統,ネイティヴダンサー系,146,10,35,0.0685,0.2397,51.0,0.0,8.12,0.2268,0.0129,1.057,B,京都ダ短距離(1000-1300)・稍・外枠(7-8)で母父系統「ネイティヴダンサー系」は基準比リフト1.057
競馬場×距離帯×馬場×枠,中山,坂あり・パワー型,芝,中長距離(2100-2400),良,内枠(1-2),父系統,ロイヤルチャージャー系,303,26,72,0.0858,0.2376,115.8,0.0,7.63,0.2248,0.0128,1.057,B,中山芝中長距離(2100-2400)・良・内枠(1-2)で父系統「ロイヤルチャージャー系」は基準比リフト1.057
競馬場×距離帯×馬場×枠,福島,小回り・機動型,ダ,中距離(1700-2000),良,外枠(7-8),母父,サンデーサイレンス,130,16,30,0.1231,0.2308,170.2,0.0,7.88,0.2183,0.0125,1.057,B,福島ダ中距離(1700-2000)・良・外枠(7-8)で母父「サンデーサイレンス」は基準比リフト1.057
競馬場×距離帯×馬場×枠,東京,直線長め・持続型,芝,短中距離(1400-1600),良,中枠(3-6),父,ローエングリン,84,3,18,0.0357,0.2143,59.6,0.0,9.36,0.2028,0.0115,1.057,B,東京芝短中距離(1400-1600)・良・中枠(3-6)で父「ローエングリン」は基準比リフト1.057
競馬場×距離帯×馬場×枠,中山,坂あり・パワー型,芝,中距離(1700-2000),稍,外枠(7-8),父系統,ニアークティック系,81,7,17,0.0864,0.2099,44.9,0.0,6.95,0.1986,0.0113,1.057,B,中山芝中距離(1700-2000)・稍・外枠(7-8)で父系統「ニアークティック系」は基準比リフト1.057
競馬場×距離帯×馬場×枠,京都,平坦・スピード型,ダ,短距離(1000-1300),良,中枠(3-6),母父,ブライアンズタイム,131,12,27,0.0916,0.2061,243.6,0.0,8.18,0.1949,0.0112,1.057,B,京都ダ短距離(1000-1300)・良・中枠(3-6)で母父「ブライアンズタイム」は基準比リフト1.057
競馬場×距離帯×馬場×枠,京都,平坦・スピード型,芝,短中距離(1400-1600),良,外枠(7-8),母父,トニービン,88,7,18,0.0795,0.2045,78.0,0.0,7.59,0.1935,0.011,1.057,B,京都芝短中距離(1400-1600)・良・外枠(7-8)で母父「トニービン」は基準比リフト1.057
競馬場×距離帯×馬場×枠,新潟,直線長め・平坦型,芝,短中距離(1400-1600),稍,中枠(3-6),父系統,父系統不明,179,13,35,0.0726,0.1955,76.9,0.0,8.12,0.1849,0.0106,1.057,B,新潟芝短中距離(1400-1600)・稍・中枠(3-6)で父系統「父系統不明」は基準比リフト1.057
競馬場×距離帯×馬場×枠,東京,直線長め・持続型,ダ,中長距離(2100-2400),良,内枠(1-2),父系統,ネイティヴダンサー系,217,11,42,0.0507,0.1935,19.0,0.0,7.63,0.183,0.0105,1.057,B,東京ダ中長距離(2100-2400)・良・内枠(1-2)で父系統「ネイティヴダンサー系」は基準比リフト1.057
競馬場×距離帯×馬場×枠,京都,平坦・スピード型,芝,中長距離(2100-2400),良,内枠(1-2),母父系統,ロイヤルチャージャー系,257,32,79,0.1245,0.3074,173.3,0.0,6.62,0.2911,0.0163,1.056,B,京都芝中長距離(2100-2400)・良・内枠(1-2)で母父系統「ロイヤルチャージャー系」は基準比リフト1.056
競馬場×距離帯×馬場×枠,函館,小回り・持続型,ダ,中距離(1700-2000),良,中枠(3-6),母父系統,ネイティヴダンサー系,615,48,153,0.078,0.2488,61.5,0.0,6.67,0.2356,0.0132,1.056,B,函館ダ中距離(1700-2000)・良・中枠(3-6)で母父系統「ネイティヴダンサー系」は基準比リフト1.056
競馬場×距離帯×馬場×枠,東京,直線長め・持続型,ダ,長距離(2500以上),良,中枠(3-6),父系統,ニアークティック系,197,19,49,0.0964,0.2487,105.0,0.0,7.36,0.2354,0.0133,1.056,B,東京ダ長距離(2500以上)・良・中枠(3-6)で父系統「ニアークティック系」は基準比リフト1.056
競馬場×距離帯×馬場×枠,中京,直線長め・持続型,芝,中距離(1700-2000),良,内枠(1-2),母父系統,ナスルーラ系,164,12,39,0.0732,0.2378,51.3,0.0,7.51,0.2251,0.0127,1.056,B,中京芝中距離(1700-2000)・良・内枠(1-2)で母父系統「ナスルーラ系」は基準比リフト1.056
競馬場×距離帯×馬場×枠,札幌,小回り・持続型,芝,短中距離(1400-1600),良,外枠(7-8),父系統,父系統不明,192,16,44,0.0833,0.2292,44.7,0.0,6.59,0.2171,0.0121,1.056,B,札幌芝短中距離(1400-1600)・良・外枠(7-8)で父系統「父系統不明」は基準比リフト1.056
競馬場×距離帯×馬場×枠,中京,直線長め・持続型,ダ,短中距離(1400-1600),重不良,中枠(3-6),父系統,父系統不明,148,15,32,0.1014,0.2162,85.3,0.0,7.74,0.2048,0.0114,1.056,B,中京ダ短中距離(1400-1600)・重不良・中枠(3-6)で父系統「父系統不明」は基準比リフト1.056
競馬場×距離帯×馬場×枠,京都,平坦・スピード型,ダ,短距離(1000-1300),良,外枠(7-8),母父系統,ニアークティック系,658,46,142,0.0699,0.2158,39.7,0.0,7.87,0.2043,0.0115,1.056,B,京都ダ短距離(1000-1300)・良・外枠(7-8)で母父系統「ニアークティック系」は基準比リフト1.056
競馬場×距離帯×馬場×枠,京都,平坦・スピード型,芝,短中距離(1400-1600),良,外枠(7-8),母父系統,ロイヤルチャージャー系,1424,103,291,0.0723,0.2044,86.7,0.0,8.23,0.1935,0.0109,1.056,B,京都芝短中距離(1400-1600)・良・外枠(7-8)で母父系統「ロイヤルチャージャー系」は基準比リフト1.056
競馬場×距離帯×馬場×枠,東京,直線長め・持続型,ダ,短中距離(1400-1600),稍,中枠(3-6),母父,フレンチデピュティ,95,7,19,0.0737,0.2,104.5,0.0,8.15,0.1894,0.0106,1.056,B,東京ダ短中距離(1400-1600)・稍・中枠(3-6)で母父「フレンチデピュティ」は基準比リフト1.056
競馬場×距離帯×馬場×枠,中京,直線長め・持続型,ダ,短距離(1000-1300),良,中枠(3-6),父系統,ニアークティック系,359,20,69,0.0557,0.1922,90.9,0.0,8.14,0.182,0.0102,1.056,B,中京ダ短距離(1000-1300)・良・中枠(3-6)で父系統「ニアークティック系」は基準比リフト1.056
競馬場×距離帯×馬場×枠,中山,坂あり・パワー型,ダ,中距離(1700-2000),重不良,内枠(1-2),父系統,ロイヤルチャージャー系,281,20,48,0.0712,0.1708,88.1,0.0,8.1,0.1617,0.0091,1.056,B,中山ダ中距離(1700-2000)・重不良・内枠(1-2)で父系統「ロイヤルチャージャー系」は基準比リフト1.056
競馬場×距離帯×馬場×枠,福島,小回り・機動型,芝,長距離(2500以上),良,内枠(1-2),父系統,ニアークティック系,113,15,30,0.1327,0.2655,227.3,0.0,6.55,0.2516,0.0139,1.055,B,福島芝長距離(2500以上)・良・内枠(1-2)で父系統「ニアークティック系」は基準比リフト1.055
競馬場×距離帯×馬場×枠,函館,小回り・持続型,ダ,中距離(1700-2000),稍,中枠(3-6),父系統,ニアークティック系,116,8,29,0.069,0.25,33.4,0.0,7.19,0.2369,0.0131,1.055,B,函館ダ中距離(1700-2000)・稍・中枠(3-6)で父系統「ニアークティック系」は基準比リフト1.055
競馬場×距離帯×馬場×枠,函館,小回り・持続型,ダ,中距離(1700-2000),稍,中枠(3-6),母父系統,ナスルーラ系,92,7,23,0.0761,0.25,229.1,0.0,6.91,0.2369,0.0131,1.055,B,函館ダ中距離(1700-2000)・稍・中枠(3-6)で母父系統「ナスルーラ系」は基準比リフト1.055
競馬場×距離帯×馬場×枠,札幌,小回り・持続型,芝,短距離(1000-1300),良,内枠(1-2),父系統,ロイヤルチャージャー系,363,25,89,0.0689,0.2452,84.9,0.0,7.22,0.2324,0.0128,1.055,B,札幌芝短距離(1000-1300)・良・内枠(1-2)で父系統「ロイヤルチャージャー系」は基準比リフト1.055
競馬場×距離帯×馬場×枠,小倉,小回り・機動型,ダ,短距離(1000-1300),良,外枠(7-8),父系統,ネイティヴダンサー系,234,21,56,0.0897,0.2393,148.5,0.0,7.3,0.2268,0.0125,1.055,B,小倉ダ短距離(1000-1300)・良・外枠(7-8)で父系統「ネイティヴダンサー系」は基準比リフト1.055
競馬場×距離帯×馬場×枠,福島,小回り・機動型,芝,中距離(1700-2000),良,中枠(3-6),母父,フレンチデピュティ,91,8,21,0.0879,0.2308,97.9,0.0,7.32,0.2188,0.012,1.055,B,福島芝中距離(1700-2000)・良・中枠(3-6)で母父「フレンチデピュティ」は基準比リフト1.055
競馬場×距離帯×馬場×枠,東京,直線長め・持続型,芝,短中距離(1400-1600),良,内枠(1-2),父系統,ロイヤルチャージャー系,2144,137,463,0.0639,0.216,95.7,0.0,8.02,0.2047,0.0113,1.055,B,東京芝短中距離(1400-1600)・良・内枠(1-2)で父系統「ロイヤルチャージャー系」は基準比リフト1.055
競馬場×距離帯×馬場×枠,京都,平坦・スピード型,芝,短中距離(1400-1600),稍,内枠(1-2),父系統,ロイヤルチャージャー系,217,16,46,0.0737,0.212,54.6,0.0,7.96,0.2009,0.0111,1.055,B,京都芝短中距離(1400-1600)・稍・内枠(1-2)で父系統「ロイヤルチャージャー系」は基準比リフト1.055
競馬場×距離帯×馬場×枠,東京,直線長め・持続型,ダ,短距離(1000-1300),稍,中枠(3-6),父系統,ネイティヴダンサー系,100,4,21,0.04,0.21,112.4,0.0,8.52,0.1991,0.0109,1.055,B,東京ダ短距離(1000-1300)・稍・中枠(3-6)で父系統「ネイティヴダンサー系」は基準比リフト1.055
競馬場×距離帯×馬場×枠,小倉,小回り・機動型,芝,短距離(1000-1300),良,中枠(3-6),母父,フレンチデピュティ,107,6,22,0.0561,0.2056,36.2,0.0,7.5,0.1949,0.0107,1.055,B,小倉芝短距離(1000-1300)・良・中枠(3-6)で母父「フレンチデピュティ」は基準比リフト1.055
競馬場×距離帯×馬場×枠,中山,坂あり・パワー型,ダ,中距離(1700-2000),良,内枠(1-2),父系統,ロイヤルチャージャー系,1528,101,298,0.0661,0.195,75.5,0.0,8.03,0.1848,0.0102,1.055,B,中山ダ中距離(1700-2000)・良・内枠(1-2)で父系統「ロイヤルチャージャー系」は基準比リフト1.055
競馬場×距離帯×馬場×枠,東京,直線長め・持続型,ダ,短中距離(1400-1600),良,内枠(1-2),父,サウスヴィグラス,113,7,20,0.0619,0.177,69.7,0.0,8.81,0.1677,0.0093,1.055,B,東京ダ短中距離(1400-1600)・良・内枠(1-2)で父「サウスヴィグラス」は基準比リフト1.055
競馬場×距離帯×馬場×枠,函館,小回り・持続型,ダ,短距離(1000-1300),稍,中枠(3-6),母父系統,ニアークティック系,106,7,28,0.066,0.2642,54.2,0.0,6.28,0.2507,0.0135,1.054,B,函館ダ短距離(1000-1300)・稍・中枠(3-6)で母父系統「ニアークティック系」は基準比リフト1.054
競馬場×距離帯×馬場×枠,札幌,小回り・持続型,ダ,中距離(1700-2000),良,中枠(3-6),母父系統,ネイティヴダンサー系,799,77,208,0.0964,0.2603,84.2,0.0,6.76,0.2469,0.0134,1.054,B,札幌ダ中距離(1700-2000)・良・中枠(3-6)で母父系統「ネイティヴダンサー系」は基準比リフト1.054
競馬場×距離帯×馬場×枠,京都,平坦・スピード型,ダ,長距離(2500以上),良,外枠(7-8),母父系統,ナスルーラ系,81,6,21,0.0741,0.2593,74.7,0.0,7.02,0.246,0.0133,1.054,B,京都ダ長距離(2500以上)・良・外枠(7-8)で母父系統「ナスルーラ系」は基準比リフト1.054
競馬場×距離帯×馬場×枠,小倉,小回り・機動型,ダ,短距離(1000-1300),良,外枠(7-8),母父系統,ナスルーラ系,138,11,33,0.0797,0.2391,68.0,0.0,6.97,0.2268,0.0123,1.054,B,小倉ダ短距離(1000-1300)・良・外枠(7-8)で母父系統「ナスルーラ系」は基準比リフト1.054
競馬場×距離帯×馬場×枠,京都,平坦・スピード型,芝,中距離(1700-2000),良,外枠(7-8),母父系統,ネイティヴダンサー系,671,59,160,0.0879,0.2385,57.9,0.0,7.08,0.2263,0.0122,1.054,B,京都芝中距離(1700-2000)・良・外枠(7-8)で母父系統「ネイティヴダンサー系」は基準比リフト1.054
競馬場×距離帯×馬場×枠,京都,平坦・スピード型,芝,短中距離(1400-1600),良,中枠(3-6),母父系統,ナスルーラ系,917,70,207,0.0763,0.2257,93.6,0.0,7.9,0.2142,0.0115,1.054,B,京都芝短中距離(1400-1600)・良・中枠(3-6)で母父系統「ナスルーラ系」は基準比リフト1.054
競馬場×距離帯×馬場×枠,福島,小回り・機動型,芝,短距離(1000-1300),稍,外枠(7-8),父系統,父系統不明,99,6,22,0.0606,0.2222,49.5,0.0,7.92,0.2109,0.0113,1.054,B,福島芝短距離(1000-1300)・稍・外枠(7-8)で父系統「父系統不明」は基準比リフト1.054
競馬場×距離帯×馬場×枠,函館,小回り・持続型,芝,短距離(1000-1300),良,外枠(7-8),母父系統,ナスルーラ系,253,17,56,0.0672,0.2213,40.7,0.0,7.46,0.21,0.0113,1.054,B,函館芝短距離(1000-1300)・良・外枠(7-8)で母父系統「ナスルーラ系」は基準比リフト1.054
競馬場×距離帯×馬場×枠,阪神,坂あり・パワー型,ダ,短距離(1000-1300),良,中枠(3-6),父系統,父系統不明,905,69,198,0.0762,0.2188,58.8,0.0,7.39,0.2076,0.0112,1.054,B,阪神ダ短距離(1000-1300)・良・中枠(3-6)で父系統「父系統不明」は基準比リフト1.054
競馬場×距離帯×馬場×枠,阪神,坂あり・パワー型,ダ,短距離(1000-1300),良,中枠(3-6),父,ゴールドアリュール,96,4,21,0.0417,0.2188,64.1,0.0,7.2,0.2076,0.0112,1.054,B,阪神ダ短距離(1000-1300)・良・中枠(3-6)で父「ゴールドアリュール」は基準比リフト1.054
競馬場×距離帯×馬場×枠,東京,直線長め・持続型,芝,短中距離(1400-1600),稍,中枠(3-6),父系統,ロイヤルチャージャー系,783,63,161,0.0805,0.2056,70.2,0.0,7.93,0.195,0.0106,1.054,B,東京芝短中距離(1400-1600)・稍・中枠(3-6)で父系統「ロイヤルチャージャー系」は基準比リフト1.054
競馬場×距離帯×馬場×枠,中山,坂あり・パワー型,ダ,短距離(1000-1300),不,内枠(1-2),母父系統,ネイティヴダンサー系,107,5,18,0.0467,0.1682,34.0,0.0,8.52,0.1596,0.0086,1.054,B,中山ダ短距離(1000-1300)・不・内枠(1-2)で母父系統「ネイティヴダンサー系」は基準比リフト1.054
競馬場×距離帯×馬場×枠,東京,直線長め・持続型,芝,中距離(1700-2000),稍,内枠(1-2),父系統,ロイヤルチャージャー系,221,22,62,0.0995,0.2805,90.4,0.0,6.89,0.2664,0.0141,1.053,B,東京芝中距離(1700-2000)・稍・内枠(1-2)で父系統「ロイヤルチャージャー系」は基準比リフト1.053
競馬場×距離帯×馬場×枠,新潟,直線長め・平坦型,ダ,中距離(1700-2000),稍,外枠(7-8),父系統,ロイヤルチャージャー系,398,30,94,0.0754,0.2362,48.6,0.0,7.28,0.2244,0.0118,1.053,B,新潟ダ中距離(1700-2000)・稍・外枠(7-8)で父系統「ロイヤルチャージャー系」は基準比リフト1.053
競馬場×距離帯×馬場×枠,中山,坂あり・パワー型,ダ,中距離(1700-2000),良,外枠(7-8),父系統,ニアークティック系,653,56,153,0.0858,0.2343,115.7,0.0,8.2,0.2226,0.0117,1.053,B,中山ダ中距離(1700-2000)・良・外枠(7-8)で父系統「ニアークティック系」は基準比リフト1.053
競馬場×距離帯×馬場×枠,阪神,坂あり・パワー型,ダ,短中距離(1400-1600),良,外枠(7-8),母父系統,ネイティヴダンサー系,635,61,148,0.0961,0.2331,67.4,0.0,7.52,0.2213,0.0118,1.053,B,阪神ダ短中距離(1400-1600)・良・外枠(7-8)で母父系統「ネイティヴダンサー系」は基準比リフト1.053
競馬場×距離帯×馬場×枠,小倉,小回り・機動型,芝,中距離(1700-2000),稍,外枠(7-8),父系統,ロイヤルチャージャー系,300,20,69,0.0667,0.23,103.9,0.0,8.08,0.2184,0.0116,1.053,B,小倉芝中距離(1700-2000)・稍・外枠(7-8)で父系統「ロイヤルチャージャー系」は基準比リフト1.053
競馬場×距離帯×馬場×枠,東京,直線長め・持続型,芝,中距離(1700-2000),良,外枠(7-8),母父系統,ネイティヴダンサー系,926,67,210,0.0724,0.2268,58.8,0.0,7.34,0.2154,0.0114,1.053,B,東京芝中距離(1700-2000)・良・外枠(7-8)で母父系統「ネイティヴダンサー系」は基準比リフト1.053
競馬場×距離帯×馬場×枠,中京,直線長め・持続型,ダ,中距離(1700-2000),稍,外枠(7-8),父系統,父系統不明,229,18,51,0.0786,0.2227,61.0,0.0,6.71,0.2115,0.0112,1.053,B,中京ダ中距離(1700-2000)・稍・外枠(7-8)で父系統「父系統不明」は基準比リフト1.053
競馬場×距離帯×馬場×枠,福島,小回り・機動型,芝,中距離(1700-2000),良,内枠(1-2),母父系統,ニアークティック系,561,41,122,0.0731,0.2175,68.6,0.0,7.75,0.2066,0.0109,1.053,B,福島芝中距離(1700-2000)・良・内枠(1-2)で母父系統「ニアークティック系」は基準比リフト1.053
競馬場×距離帯×馬場×枠,中山,坂あり・パワー型,芝,短距離(1000-1300),良,中枠(3-6),父系統,ロイヤルチャージャー系,1167,82,247,0.0703,0.2117,63.4,0.0,8.09,0.2011,0.0106,1.053,B,中山芝短距離(1000-1300)・良・中枠(3-6)で父系統「ロイヤルチャージャー系」は基準比リフト1.053
競馬場×距離帯×馬場×枠,阪神,坂あり・パワー型,芝,短中距離(1400-1600),重不良,中枠(3-6),父系統,父系統不明,113,10,23,0.0885,0.2035,58.5,0.0,7.44,0.1933,0.0102,1.053,B,阪神芝短中距離(1400-1600)・重不良・中枠(3-6)で父系統「父系統不明」は基準比リフト1.053
競馬場×距離帯×馬場×枠,小倉,小回り・機動型,芝,短距離(1000-1300),稍,内枠(1-2),母父系統,ニアークティック系,172,9,31,0.0523,0.1802,173.7,0.0,8.23,0.1711,0.0091,1.053,B,小倉芝短距離(1000-1300)・稍・内枠(1-2)で母父系統「ニアークティック系」は基準比リフト1.053
競馬場×距離帯×馬場×枠,函館,小回り・持続型,ダ,短距離(1000-1300),良,中枠(3-6),父系統,ニアークティック系,199,18,54,0.0905,0.2714,57.3,0.0,6.22,0.2579,0.0135,1.052,B,函館ダ短距離(1000-1300)・良・中枠(3-6)で父系統「ニアークティック系」は基準比リフト1.052
競馬場×距離帯×馬場×枠,函館,小回り・持続型,芝,中距離(1700-2000),良,中枠(3-6),母父,サンデーサイレンス,242,21,61,0.0868,0.2521,52.3,0.0,6.49,0.2397,0.0124,1.052,B,函館芝中距離(1700-2000)・良・中枠(3-6)で母父「サンデーサイレンス」は基準比リフト1.052
競馬場×距離帯×馬場×枠,新潟,直線長め・平坦型,芝,中距離(1700-2000),重不良,中枠(3-6),母父系統,ロイヤルチャージャー系,92,4,22,0.0435,0.2391,42.8,0.0,7.6,0.2273,0.0118,1.052,B,新潟芝中距離(1700-2000)・重不良・中枠(3-6)で母父系統「ロイヤルチャージャー系」は基準比リフト1.052
競馬場×距離帯×馬場×枠,中山,坂あり・パワー型,ダ,短距離(1000-1300),稍,外枠(7-8),父系統,ニアークティック系,240,19,57,0.0792,0.2375,69.3,0.0,7.85,0.2257,0.0118,1.052,B,中山ダ短距離(1000-1300)・稍・外枠(7-8)で父系統「ニアークティック系」は基準比リフト1.052
競馬場×距離帯×馬場×枠,京都,平坦・スピード型,ダ,中距離(1700-2000),稍,内枠(1-2),父系統,ロイヤルチャージャー系,334,30,79,0.0898,0.2365,64.9,0.0,7.13,0.2248,0.0117,1.052,B,京都ダ中距離(1700-2000)・稍・内枠(1-2)で父系統「ロイヤルチャージャー系」は基準比リフト1.052
競馬場×距離帯×馬場×枠,新潟,直線長め・平坦型,ダ,中距離(1700-2000),稍,外枠(7-8),父系統,父系統不明,178,11,42,0.0618,0.236,68.5,0.0,7.34,0.2244,0.0116,1.052,B,新潟ダ中距離(1700-2000)・稍・外枠(7-8)で父系統「父系統不明」は基準比リフト1.052
競馬場×距離帯×馬場×枠,京都,平坦・スピード型,芝,短中距離(1400-1600),良,内枠(1-2),母父,フジキセキ,87,7,20,0.0805,0.2299,38.9,0.0,8.33,0.2185,0.0114,1.052,B,京都芝短中距離(1400-1600)・良・内枠(1-2)で母父「フジキセキ」は基準比リフト1.052
競馬場×距離帯×馬場×枠,京都,平坦・スピード型,ダ,中距離(1700-2000),良,中枠(3-6),母父,トニービン,109,10,25,0.0917,0.2294,177.1,0.0,7.51,0.2181,0.0113,1.052,B,京都ダ中距離(1700-2000)・良・中枠(3-6)で母父「トニービン」は基準比リフト1.052
競馬場×距離帯×馬場×枠,中山,坂あり・パワー型,芝,短距離(1000-1300),良,内枠(1-2),父系統,ネイティヴダンサー系,240,11,54,0.0458,0.225,68.4,0.0,7.57,0.2138,0.0112,1.052,B,中山芝短距離(1000-1300)・良・内枠(1-2)で父系統「ネイティヴダンサー系」は基準比リフト1.052
競馬場×距離帯×馬場×枠,中山,坂あり・パワー型,芝,中長距離(2100-2400),良,中枠(3-6),母父系統,ナスルーラ系,173,9,38,0.052,0.2197,26.8,0.0,8.06,0.2088,0.0109,1.052,B,中山芝中長距離(2100-2400)・良・中枠(3-6)で母父系統「ナスルーラ系」は基準比リフト1.052
競馬場×距離帯×馬場×枠,中京,直線長め・持続型,芝,短中距離(1400-1600),良,中枠(3-6),母父,ダンスインザダーク,102,5,22,0.049,0.2157,78.6,0.0,8.96,0.2051,0.0106,1.052,B,中京芝短中距離(1400-1600)・良・中枠(3-6)で母父「ダンスインザダーク」は基準比リフト1.052
競馬場×距離帯×馬場×枠,阪神,坂あり・パワー型,ダ,短中距離(1400-1600),良,中枠(3-6),父系統,父系統不明,1208,90,258,0.0745,0.2136,82.0,0.0,7.76,0.2031,0.0105,1.052,B,阪神ダ短中距離(1400-1600)・良・中枠(3-6)で父系統「父系統不明」は基準比リフト1.052
競馬場×距離帯×馬場×枠,東京,直線長め・持続型,ダ,短中距離(1400-1600),良,中枠(3-6),母父,アグネスタキオン,281,20,59,0.0712,0.21,94.4,0.0,8.09,0.1997,0.0103,1.052,B,東京ダ短中距離(1400-1600)・良・中枠(3-6)で母父「アグネスタキオン」は基準比リフト1.052
競馬場×距離帯×馬場×枠,小倉,小回り・機動型,芝,中距離(1700-2000),重不良,外枠(7-8),父系統,ロイヤルチャージャー系,177,12,37,0.0678,0.209,130.1,0.0,7.89,0.1987,0.0103,1.052,B,小倉芝中距離(1700-2000)・重不良・外枠(7-8)で父系統「ロイヤルチャージャー系」は基準比リフト1.052
競馬場×距離帯×馬場×枠,新潟,直線長め・平坦型,芝,短中距離(1400-1600),良,中枠(3-6),父系統,父系統不明,1001,64,205,0.0639,0.2048,72.2,0.0,8.03,0.1947,0.0101,1.052,B,新潟芝短中距離(1400-1600)・良・中枠(3-6)で父系統「父系統不明」は基準比リフト1.052
競馬場×距離帯×馬場×枠,東京,直線長め・持続型,ダ,短中距離(1400-1600),重不良,中枠(3-6),父系統,ニアークティック系,367,22,75,0.0599,0.2044,88.7,0.0,8.28,0.1943,0.0101,1.052,B,東京ダ短中距離(1400-1600)・重不良・中枠(3-6)で父系統「ニアークティック系」は基準比リフト1.052
競馬場×距離帯×馬場×枠,阪神,坂あり・パワー型,芝,短距離(1000-1300),良,内枠(1-2),父系統,父系統不明,161,21,42,0.1304,0.2609,112.8,0.0,6.65,0.2482,0.0127,1.051,B,阪神芝短距離(1000-1300)・良・内枠(1-2)で父系統「父系統不明」は基準比リフト1.051
競馬場×距離帯×馬場×枠,函館,小回り・持続型,芝,短距離(1000-1300),稍,中枠(3-6),母父系統,ニアークティック系,204,21,52,0.1029,0.2549,131.1,0.0,6.84,0.2425,0.0124,1.051,B,函館芝短距離(1000-1300)・稍・中枠(3-6)で母父系統「ニアークティック系」は基準比リフト1.051
競馬場×距離帯×馬場×枠,中山,坂あり・パワー型,ダ,中長距離(2100-2400),良,外枠(7-8),母父系統,ロイヤルチャージャー系,108,9,27,0.0833,0.25,32.7,0.0,6.63,0.2378,0.0122,1.051,B,中山ダ中長距離(2100-2400)・良・外枠(7-8)で母父系統「ロイヤルチャージャー系」は基準比リフト1.051
競馬場×距離帯×馬場×枠,阪神,坂あり・パワー型,芝,短中距離(1400-1600),良,中枠(3-6),父,マンハッタンカフェ,136,11,31,0.0809,0.2279,51.1,0.0,7.68,0.2169,0.011,1.051,B,阪神芝短中距離(1400-1600)・良・中枠(3-6)で父「マンハッタンカフェ」は基準比リフト1.051
競馬場×距離帯×馬場×枠,中山,坂あり・パワー型,芝,中距離(1700-2000),良,中枠(3-6),父,ステイゴールド,246,19,56,0.0772,0.2276,49.8,0.0,7.64,0.2165,0.0111,1.051,B,中山芝中距離(1700-2000)・良・中枠(3-6)で父「ステイゴールド」は基準比リフト1.051
競馬場×距離帯×馬場×枠,京都,平坦・スピード型,ダ,短距離(1000-1300),良,内枠(1-2),母父系統,ナスルーラ系,261,13,58,0.0498,0.2222,38.5,0.0,7.77,0.2115,0.0107,1.051,B,京都ダ短距離(1000-1300)・良・内枠(1-2)で母父系統「ナスルーラ系」は基準比リフト1.051
競馬場×距離帯×馬場×枠,京都,平坦・スピード型,ダ,短中距離(1400-1600),稍,中枠(3-6),母父系統,ネイティヴダンサー系,346,28,75,0.0809,0.2168,76.8,0.0,7.65,0.2062,0.0106,1.051,B,京都ダ短中距離(1400-1600)・稍・中枠(3-6)で母父系統「ネイティヴダンサー系」は基準比リフト1.051
競馬場×距離帯×馬場×枠,東京,直線長め・持続型,ダ,短中距離(1400-1600),良,中枠(3-6),父,ジャスタウェイ,81,4,17,0.0494,0.2099,23.1,0.0,7.46,0.1997,0.0102,1.051,B,東京ダ短中距離(1400-1600)・良・中枠(3-6)で父「ジャスタウェイ」は基準比リフト1.051
競馬場×距離帯×馬場×枠,東京,直線長め・持続型,ダ,短中距離(1400-1600),不,内枠(1-2),母父系統,ネイティヴダンサー系,159,8,30,0.0503,0.1887,43.6,0.0,8.42,0.1796,0.0091,1.051,B,東京ダ短中距離(1400-1600)・不・内枠(1-2)で母父系統「ネイティヴダンサー系」は基準比リフト1.051
競馬場×距離帯×馬場×枠,札幌,小回り・持続型,ダ,短距離(1000-1300),良,外枠(7-8),母父系統,ロイヤルチャージャー系,248,22,75,0.0887,0.3024,33.3,0.0,5.84,0.2879,0.0145,1.05,B,札幌ダ短距離(1000-1300)・良・外枠(7-8)で母父系統「ロイヤルチャージャー系」は基準比リフト1.05
競馬場×距離帯×馬場×枠,中山,坂あり・パワー型,芝,短中距離(1400-1600),良,内枠(1-2),母父系統,ロイヤルチャージャー系,803,62,202,0.0772,0.2516,80.9,0.0,7.66,0.2397,0.0119,1.05,B,中山芝短中距離(1400-1600)・良・内枠(1-2)で母父系統「ロイヤルチャージャー系」は基準比リフト1.05
競馬場×距離帯×馬場×枠,東京,直線長め・持続型,芝,中距離(1700-2000),良,中枠(3-6),父系統,ロイヤルチャージャー系,3726,305,927,0.0819,0.2488,68.7,0.0,7.21,0.237,0.0118,1.05,B,東京芝中距離(1700-2000)・良・中枠(3-6)で父系統「ロイヤルチャージャー系」は基準比リフト1.05
競馬場×距離帯×馬場×枠,京都,平坦・スピード型,芝,中長距離(2100-2400),良,中枠(3-6),母父系統,ネイティヴダンサー系,370,30,91,0.0811,0.2459,73.0,0.0,7.06,0.2341,0.0118,1.05,B,京都芝中長距離(2100-2400)・良・中枠(3-6)で母父系統「ネイティヴダンサー系」は基準比リフト1.05
競馬場×距離帯×馬場×枠,新潟,直線長め・平坦型,芝,長距離(2500以上),良,中枠(3-6),母父,サンデーサイレンス,114,11,27,0.0965,0.2368,64.0,0.0,6.75,0.2255,0.0113,1.05,B,新潟芝長距離(2500以上)・良・中枠(3-6)で母父「サンデーサイレンス」は基準比リフト1.05
競馬場×距離帯×馬場×枠,中京,直線長め・持続型,芝,短中距離(1400-1600),稍,外枠(7-8),母父系統,ネイティヴダンサー系,117,12,26,0.1026,0.2222,49.0,0.0,7.44,0.2116,0.0106,1.05,B,中京芝短中距離(1400-1600)・稍・外枠(7-8)で母父系統「ネイティヴダンサー系」は基準比リフト1.05
競馬場×距離帯×馬場×枠,東京,直線長め・持続型,ダ,短中距離(1400-1600),良,中枠(3-6),父,ロージズインメイ,167,15,35,0.0898,0.2096,84.4,0.0,8.74,0.1997,0.0099,1.05,B,東京ダ短中距離(1400-1600)・良・中枠(3-6)で父「ロージズインメイ」は基準比リフト1.05
競馬場×距離帯×馬場×枠,中山,坂あり・パワー型,ダ,中距離(1700-2000),良,中枠(3-6),父,ハーツクライ,134,13,28,0.097,0.209,68.3,0.0,6.83,0.199,0.01,1.05,B,中山ダ中距離(1700-2000)・良・中枠(3-6)で父「ハーツクライ」は基準比リフト1.05
競馬場×距離帯×馬場×枠,中京,直線長め・持続型,ダ,短距離(1000-1300),稍,内枠(1-2),母父系統,ロイヤルチャージャー系,109,5,22,0.0459,0.2018,33.7,0.0,7.88,0.1922,0.0096,1.05,B,中京ダ短距離(1000-1300)・稍・内枠(1-2)で母父系統「ロイヤルチャージャー系」は基準比リフト1.05
競馬場×距離帯×馬場×枠,中山,坂あり・パワー型,ダ,短距離(1000-1300),重不良,中枠(3-6),母父系統,ニアークティック系,462,31,93,0.0671,0.2013,56.1,0.0,8.31,0.1917,0.0096,1.05,B,中山ダ短距離(1000-1300)・重不良・中枠(3-6)で母父系統「ニアークティック系」は基準比リフト1.05
競馬場×距離帯×馬場×枠,新潟,直線長め・平坦型,芝,短中距離(1400-1600),良,外枠(7-8),父系統,ロイヤルチャージャー系,1529,114,306,0.0746,0.2001,80.2,0.0,8.33,0.1905,0.0096,1.05,B,新潟芝短中距離(1400-1600)・良・外枠(7-8)で父系統「ロイヤルチャージャー系」は基準比リフト1.05
競馬場×距離帯×馬場×枠,福島,小回り・機動型,芝,短距離(1000-1300),良,中枠(3-6),母父系統,ニアークティック系,1468,95,291,0.0647,0.1982,68.7,0.0,8.17,0.1887,0.0095,1.05,B,福島芝短距離(1000-1300)・良・中枠(3-6)で母父系統「ニアークティック系」は基準比リフト1.05
競馬場×距離帯×馬場×枠,福島,小回り・機動型,ダ,短距離(1000-1300),良,中枠(3-6),母父,サクラバクシンオー,86,5,17,0.0581,0.1977,34.8,0.0,8.35,0.1882,0.0095,1.05,B,福島ダ短距離(1000-1300)・良・中枠(3-6)で母父「サクラバクシンオー」は基準比リフト1.05
