競馬場,芝ダ,距離,条件数,消寄項目1,消寄条件1,消寄項目2,消寄条件2,消寄項目3,消寄条件3,過去該当頭数,過去複勝圏内数,過去複勝率,コース頭数,コース複勝率,リフト,該当率,消寄ランク,広すぎ注意,消寄理由
中京,ダ,1200,2,芝ダ替わり,芝→ダ,頭数変化,同頭数,,,32,0,0.0,2173,19.51,0.0,1.47,消寄A,,芝ダ替わり=芝→ダ + 頭数変化=同頭数
中京,ダ,1200,2,頭数変化,今回かなり頭数増,休み明け区分,休み明け3戦目,,,26,0,0.0,2173,19.51,0.0,1.2,消寄A,,頭数変化=今回かなり頭数増 + 休み明け区分=休み明け3戦目
中京,ダ,1200,2,距離変化帯,短縮300-400m,頭数変化,今回かなり頭数増,,,23,0,0.0,2173,19.51,0.0,1.06,消寄A,,距離変化帯=短縮300-400m + 頭数変化=今回かなり頭数増
中京,ダ,1200,2,芝ダ替わり,芝→ダ,前走着差帯,2.0秒以上負け,,,22,0,0.0,2173,19.51,0.0,1.01,消寄A,,芝ダ替わり=芝→ダ + 前走着差帯=2.0秒以上負け
中京,ダ,1200,2,距離変化帯,短縮300-400m,前走脚質帯,先行/好位,,,21,0,0.0,2173,19.51,0.0,0.97,消寄A,,距離変化帯=短縮300-400m + 前走脚質帯=先行/好位
中京,ダ,1200,2,芝ダ替わり,芝→ダ,前走脚質帯,追込/後方,,,47,1,2.13,2173,19.51,0.109,2.16,消寄A,,芝ダ替わり=芝→ダ + 前走脚質帯=追込/後方
中京,ダ,1200,2,芝ダ替わり,芝→ダ,前走4角位置,4角11番手以下,,,37,1,2.7,2173,19.51,0.139,1.7,消寄A,,芝ダ替わり=芝→ダ + 前走4角位置=4角11番手以下
中京,ダ,1200,2,前走着差帯,2.0秒以上負け,休み明け区分,休み明け4戦目以降,,,72,2,2.78,2173,19.51,0.142,3.31,消寄A,,前走着差帯=2.0秒以上負け + 休み明け区分=休み明け4戦目以降
中京,ダ,1200,2,前走着差帯,2.0秒以上負け,頭数変化,今回頭数増,,,66,2,3.03,2173,19.51,0.155,3.04,消寄B,,前走着差帯=2.0秒以上負け + 頭数変化=今回頭数増
中京,ダ,1200,2,前走上り順帯,上り10位以下,前走4角位置,4角11番手以下,,,83,3,3.61,2173,19.51,0.185,3.82,消寄B,,前走上り順帯=上り10位以下 + 前走4角位置=4角11番手以下
中京,ダ,1200,2,前走着差帯,2.0秒以上負け,前走脚質帯,先行/好位,,,68,3,4.41,2173,19.51,0.226,3.13,消寄B,,前走着差帯=2.0秒以上負け + 前走脚質帯=先行/好位
中京,ダ,1200,2,前走着差帯,2.0秒以上負け,前走4角位置,4角11番手以下,,,87,4,4.6,2173,19.51,0.236,4.0,消寄B,,前走着差帯=2.0秒以上負け + 前走4角位置=4角11番手以下
中京,ダ,1200,2,距離変化帯,短縮100-200m,前走着差帯,2.0秒以上負け,,,100,6,6.0,2173,19.51,0.307,4.6,消寄C,,距離変化帯=短縮100-200m + 前走着差帯=2.0秒以上負け
中京,ダ,1200,2,前走着差帯,2.0秒以上負け,前走脚質帯,追込/後方,,,107,7,6.54,2173,19.51,0.335,4.92,消寄C,,前走着差帯=2.0秒以上負け + 前走脚質帯=追込/後方
中京,ダ,1200,2,前走上り順帯,上り6-9位,前走脚質帯,追込/後方,,,105,7,6.67,2173,19.51,0.342,4.83,消寄C,,前走上り順帯=上り6-9位 + 前走脚質帯=追込/後方
中京,ダ,1200,2,前走着差帯,1.5-1.9秒負け,前走脚質帯,差し/中団,,,102,7,6.86,2173,19.51,0.352,4.69,消寄C,,前走着差帯=1.5-1.9秒負け + 前走脚質帯=差し/中団
中京,ダ,1200,2,前走着差帯,2.0秒以上負け,今回頭数帯,16頭以上,,,218,15,6.88,2173,19.51,0.353,10.03,消寄C,,前走着差帯=2.0秒以上負け + 今回頭数帯=16頭以上
中京,ダ,1200,2,前走着差帯,1.5-1.9秒負け,頭数変化,同頭数,,,134,10,7.46,2173,19.51,0.382,6.17,消寄C,,前走着差帯=1.5-1.9秒負け + 頭数変化=同頭数
中京,ダ,1200,2,前走上り順帯,上り10位以下,前走4角位置,4角7-10番手,,,200,15,7.5,2173,19.51,0.384,9.2,消寄C,,前走上り順帯=上り10位以下 + 前走4角位置=4角7-10番手
中京,ダ,1200,2,前走着順帯,前走10着以下,前走脚質帯,追込/後方,,,252,19,7.54,2173,19.51,0.386,11.6,消寄C,,前走着順帯=前走10着以下 + 前走脚質帯=追込/後方
中京,ダ,1400,2,芝ダ替わり,芝→ダ,前走脚質帯,逃げ,,,37,0,0.0,3669,20.01,0.0,1.01,消寄A,,芝ダ替わり=芝→ダ + 前走脚質帯=逃げ
中京,ダ,1400,2,芝ダ替わり,芝→ダ,前走4角位置,4角1番手,,,33,0,0.0,3669,20.01,0.0,0.9,消寄A,,芝ダ替わり=芝→ダ + 前走4角位置=4角1番手
中京,ダ,1400,2,距離変化帯,延長300-400m,休み明け区分,休み明け2戦目,,,21,0,0.0,3669,20.01,0.0,0.57,消寄A,,距離変化帯=延長300-400m + 休み明け区分=休み明け2戦目
中京,ダ,1400,2,前走着差帯,1.5-1.9秒負け,頭数変化,今回かなり頭数増,,,37,1,2.7,3669,20.01,0.135,1.01,消寄A,,前走着差帯=1.5-1.9秒負け + 頭数変化=今回かなり頭数増
中京,ダ,1400,2,距離変化帯,短縮300-400m,前走脚質帯,追込/後方,,,128,6,4.69,3669,20.01,0.234,3.49,消寄B,,距離変化帯=短縮300-400m + 前走脚質帯=追込/後方
中京,ダ,1400,2,距離変化帯,延長300-400m,今回頭数帯,16頭以上,,,60,3,5.0,3669,20.01,0.25,1.64,消寄B,,距離変化帯=延長300-400m + 今回頭数帯=16頭以上
中京,ダ,1400,2,前走着差帯,2.0秒以上負け,前走4角位置,4角7-10番手,,,161,9,5.59,3669,20.01,0.279,4.39,消寄C,,前走着差帯=2.0秒以上負け + 前走4角位置=4角7-10番手
中京,ダ,1400,2,前走上り順帯,上り10位以下,前走脚質帯,追込/後方,,,201,12,5.97,3669,20.01,0.298,5.48,消寄C,,前走上り順帯=上り10位以下 + 前走脚質帯=追込/後方
中京,ダ,1400,2,前走着順帯,前走10着以下,休み明け区分,休み明け3戦目,,,114,7,6.14,3669,20.01,0.307,3.11,消寄C,,前走着順帯=前走10着以下 + 休み明け区分=休み明け3戦目
中京,ダ,1400,2,前走着順帯,前走1着,頭数変化,今回かなり頭数増,,,103,7,6.8,3669,20.01,0.34,2.81,消寄C,,前走着順帯=前走1着 + 頭数変化=今回かなり頭数増
中京,ダ,1400,2,前走上り順帯,上り10位以下,前走4角位置,4角11番手以下,,,159,11,6.92,3669,20.01,0.346,4.33,消寄C,,前走上り順帯=上り10位以下 + 前走4角位置=4角11番手以下
中京,ダ,1400,2,前走着差帯,1.5-1.9秒負け,前走着順帯,前走6-9着,,,114,8,7.02,3669,20.01,0.351,3.11,消寄C,,前走着差帯=1.5-1.9秒負け + 前走着順帯=前走6-9着
中京,ダ,1400,2,前走着差帯,2.0秒以上負け,前走脚質帯,追込/後方,,,213,15,7.04,3669,20.01,0.352,5.81,消寄C,,前走着差帯=2.0秒以上負け + 前走脚質帯=追込/後方
中京,ダ,1400,2,前走着差帯,勝ち/同タイム,頭数変化,今回かなり頭数増,,,111,8,7.21,3669,20.01,0.36,3.03,消寄C,,前走着差帯=勝ち/同タイム + 頭数変化=今回かなり頭数増
中京,ダ,1400,2,前走着差帯,2.0秒以上負け,休み明け区分,休み明け2戦目,,,123,9,7.32,3669,20.01,0.366,3.35,消寄C,,前走着差帯=2.0秒以上負け + 休み明け区分=休み明け2戦目
中京,ダ,1400,2,距離変化帯,同距離,前走着差帯,2.0秒以上負け,,,158,12,7.59,3669,20.01,0.38,4.31,消寄C,,距離変化帯=同距離 + 前走着差帯=2.0秒以上負け
中京,ダ,1400,2,前走着差帯,1.5-1.9秒負け,前走4角位置,4角11番手以下,,,143,11,7.69,3669,20.01,0.385,3.9,消寄C,,前走着差帯=1.5-1.9秒負け + 前走4角位置=4角11番手以下
中京,ダ,1400,2,頭数変化,今回かなり頭数増,休み明け区分,休み明け初戦,,,167,13,7.78,3669,20.01,0.389,4.55,消寄C,,頭数変化=今回かなり頭数増 + 休み明け区分=休み明け初戦
中京,ダ,1400,2,前走着差帯,2.0秒以上負け,前走脚質帯,差し/中団,,,179,14,7.82,3669,20.01,0.391,4.88,消寄C,,前走着差帯=2.0秒以上負け + 前走脚質帯=差し/中団
中京,ダ,1400,2,前走上り順帯,上り6-9位,前走4角位置,4角11番手以下,,,164,13,7.93,3669,20.01,0.396,4.47,消寄C,,前走上り順帯=上り6-9位 + 前走4角位置=4角11番手以下
中京,ダ,1800,2,距離変化帯,延長500m以上,今回頭数帯,12-15頭,,,23,0,0.0,3887,22.41,0.0,0.59,消寄A,,距離変化帯=延長500m以上 + 今回頭数帯=12-15頭
中京,ダ,1800,2,距離変化帯,延長500m以上,前走着順帯,前走10着以下,,,44,1,2.27,3887,22.41,0.101,1.13,消寄A,,距離変化帯=延長500m以上 + 前走着順帯=前走10着以下
中京,ダ,1800,2,距離変化帯,延長500m以上,前走脚質帯,追込/後方,,,40,1,2.5,3887,22.41,0.112,1.03,消寄A,,距離変化帯=延長500m以上 + 前走脚質帯=追込/後方
中京,ダ,1800,2,距離変化帯,延長500m以上,前走4角位置,4角11番手以下,,,35,1,2.86,3887,22.41,0.128,0.9,消寄A,,距離変化帯=延長500m以上 + 前走4角位置=4角11番手以下
中京,ダ,1800,2,距離変化帯,延長300-400m,前走着順帯,前走10着以下,,,85,3,3.53,3887,22.41,0.158,2.19,消寄B,,距離変化帯=延長300-400m + 前走着順帯=前走10着以下
中京,ダ,1800,2,芝ダ替わり,芝→ダ,頭数変化,今回頭数増,,,51,2,3.92,3887,22.41,0.175,1.31,消寄B,,芝ダ替わり=芝→ダ + 頭数変化=今回頭数増
中京,ダ,1800,2,芝ダ替わり,芝→ダ,前走4角位置,4角11番手以下,,,80,4,5.0,3887,22.41,0.223,2.06,消寄B,,芝ダ替わり=芝→ダ + 前走4角位置=4角11番手以下
中京,ダ,1800,2,前走上り順帯,上り10位以下,前走4角位置,4角11番手以下,,,203,11,5.42,3887,22.41,0.242,5.22,消寄C,,前走上り順帯=上り10位以下 + 前走4角位置=4角11番手以下
中京,ダ,1800,2,前走着順帯,前走10着以下,前走4角位置,4角11番手以下,,,415,25,6.02,3887,22.41,0.269,10.68,消寄C,,前走着順帯=前走10着以下 + 前走4角位置=4角11番手以下
中京,ダ,1800,2,芝ダ替わり,芝→ダ,前走脚質帯,追込/後方,,,114,7,6.14,3887,22.41,0.274,2.93,消寄C,,芝ダ替わり=芝→ダ + 前走脚質帯=追込/後方
中京,ダ,1800,2,前走上り順帯,上り10位以下,前走脚質帯,追込/後方,,,243,15,6.17,3887,22.41,0.275,6.25,消寄C,,前走上り順帯=上り10位以下 + 前走脚質帯=追込/後方
中京,ダ,1800,2,前走着順帯,前走10着以下,頭数変化,今回頭数増,,,198,13,6.57,3887,22.41,0.293,5.09,消寄C,,前走着順帯=前走10着以下 + 頭数変化=今回頭数増
中京,ダ,1800,2,前走着順帯,前走10着以下,前走脚質帯,追込/後方,,,484,32,6.61,3887,22.41,0.295,12.45,消寄C,,前走着順帯=前走10着以下 + 前走脚質帯=追込/後方
中京,ダ,1800,2,前走着差帯,2.0秒以上負け,前走4角位置,4角11番手以下,,,257,17,6.61,3887,22.41,0.295,6.61,消寄C,,前走着差帯=2.0秒以上負け + 前走4角位置=4角11番手以下
中京,ダ,1800,2,前走上り順帯,上り6-9位,前走4角位置,4角11番手以下,,,183,13,7.1,3887,22.41,0.317,4.71,消寄C,,前走上り順帯=上り6-9位 + 前走4角位置=4角11番手以下
中京,ダ,1800,2,前走着差帯,2.0秒以上負け,前走脚質帯,追込/後方,,,350,26,7.43,3887,22.41,0.332,9.0,消寄C,,前走着差帯=2.0秒以上負け + 前走脚質帯=追込/後方
中京,ダ,1800,2,芝ダ替わり,芝→ダ,前走着順帯,前走10着以下,,,150,12,8.0,3887,22.41,0.357,3.86,消寄C,,芝ダ替わり=芝→ダ + 前走着順帯=前走10着以下
中京,ダ,1900,2,前走着順帯,前走10着以下,休み明け区分,休み明け3戦目,,,48,0,0.0,1597,21.6,0.0,3.01,消寄A,,前走着順帯=前走10着以下 + 休み明け区分=休み明け3戦目
中京,ダ,1900,2,前走着順帯,前走10着以下,前走4角位置,4角2-3番手,,,42,0,0.0,1597,21.6,0.0,2.63,消寄A,,前走着順帯=前走10着以下 + 前走4角位置=4角2-3番手
中京,ダ,1900,2,前走着順帯,前走10着以下,前走上り順帯,上り4-5位,,,31,0,0.0,1597,21.6,0.0,1.94,消寄A,,前走着順帯=前走10着以下 + 前走上り順帯=上り4-5位
中京,ダ,1900,2,距離変化帯,延長500m以上,前走着順帯,前走10着以下,,,21,0,0.0,1597,21.6,0.0,1.31,消寄A,,距離変化帯=延長500m以上 + 前走着順帯=前走10着以下
中京,ダ,1900,2,前走着差帯,2.0秒以上負け,前走4角位置,4角11番手以下,,,113,1,0.88,1597,21.6,0.041,7.08,消寄A,,前走着差帯=2.0秒以上負け + 前走4角位置=4角11番手以下
中京,ダ,1900,2,前走上り順帯,上り10位以下,前走4角位置,4角11番手以下,,,73,1,1.37,1597,21.6,0.063,4.57,消寄A,,前走上り順帯=上り10位以下 + 前走4角位置=4角11番手以下
中京,ダ,1900,2,距離変化帯,短縮500m以上,前走着差帯,2.0秒以上負け,,,38,1,2.63,1597,21.6,0.122,2.38,消寄A,,距離変化帯=短縮500m以上 + 前走着差帯=2.0秒以上負け
中京,ダ,1900,2,前走着差帯,2.0秒以上負け,前走脚質帯,追込/後方,,,161,6,3.73,1597,21.6,0.173,10.08,消寄B,,前走着差帯=2.0秒以上負け + 前走脚質帯=追込/後方
中京,ダ,1900,2,前走着差帯,2.0秒以上負け,今回頭数帯,12-15頭,,,121,5,4.13,1597,21.6,0.191,7.58,消寄B,,前走着差帯=2.0秒以上負け + 今回頭数帯=12-15頭
中京,ダ,1900,2,前走上り順帯,上り10位以下,前走脚質帯,追込/後方,,,92,4,4.35,1597,21.6,0.201,5.76,消寄B,,前走上り順帯=上り10位以下 + 前走脚質帯=追込/後方
中京,ダ,1900,2,前走着順帯,前走10着以下,前走4角位置,4角11番手以下,,,182,8,4.4,1597,21.6,0.203,11.4,消寄B,,前走着順帯=前走10着以下 + 前走4角位置=4角11番手以下
中京,ダ,1900,2,前走着順帯,前走10着以下,前走脚質帯,追込/後方,,,216,12,5.56,1597,21.6,0.257,13.53,消寄C,,前走着順帯=前走10着以下 + 前走脚質帯=追込/後方
中京,ダ,1900,2,前走着順帯,前走10着以下,頭数変化,同頭数,,,169,11,6.51,1597,21.6,0.301,10.58,消寄C,,前走着順帯=前走10着以下 + 頭数変化=同頭数
中京,ダ,1900,2,前走着差帯,2.0秒以上負け,前走着順帯,前走10着以下,,,241,16,6.64,1597,21.6,0.307,15.09,消寄C,,前走着差帯=2.0秒以上負け + 前走着順帯=前走10着以下
中京,ダ,1900,2,前走着差帯,2.0秒以上負け,前走上り順帯,上り10位以下,,,192,13,6.77,1597,21.6,0.313,12.02,消寄C,,前走着差帯=2.0秒以上負け + 前走上り順帯=上り10位以下
中京,ダ,1900,2,前走着順帯,前走10着以下,今回頭数帯,16頭以上,,,233,17,7.3,1597,21.6,0.338,14.59,消寄C,,前走着順帯=前走10着以下 + 今回頭数帯=16頭以上
中京,ダ,1900,2,前走着順帯,前走10着以下,頭数変化,今回頭数減,,,105,8,7.62,1597,21.6,0.353,6.57,消寄C,,前走着順帯=前走10着以下 + 頭数変化=今回頭数減
中京,ダ,1900,2,距離変化帯,延長100-200m,前走着差帯,2.0秒以上負け,,,181,14,7.73,1597,21.6,0.358,11.33,消寄C,,距離変化帯=延長100-200m + 前走着差帯=2.0秒以上負け
中京,ダ,1900,2,前走着順帯,前走10着以下,休み明け区分,休み明け2戦目,,,125,10,8.0,1597,21.6,0.37,7.83,消寄C,,前走着順帯=前走10着以下 + 休み明け区分=休み明け2戦目
中京,芝,1200,2,前走着差帯,1.5-1.9秒負け,前走4角位置,4角4-6番手,,,26,0,0.0,2242,18.87,0.0,1.16,消寄A,,前走着差帯=1.5-1.9秒負け + 前走4角位置=4角4-6番手
中京,芝,1200,2,距離変化帯,延長100-200m,前走脚質帯,追込/後方,,,24,0,0.0,2242,18.87,0.0,1.07,消寄A,,距離変化帯=延長100-200m + 前走脚質帯=追込/後方
中京,芝,1200,2,距離変化帯,延長100-200m,前走4角位置,4角11番手以下,,,23,0,0.0,2242,18.87,0.0,1.03,消寄A,,距離変化帯=延長100-200m + 前走4角位置=4角11番手以下
中京,芝,1200,2,距離変化帯,延長100-200m,頭数変化,今回頭数増,,,20,0,0.0,2242,18.87,0.0,0.89,消寄A,,距離変化帯=延長100-200m + 頭数変化=今回頭数増
中京,芝,1200,2,距離変化帯,延長100-200m,休み明け区分,休み明け初戦,,,38,1,2.63,2242,18.87,0.139,1.69,消寄A,,距離変化帯=延長100-200m + 休み明け区分=休み明け初戦
中京,芝,1200,2,芝ダ替わり,ダ→芝,前走着差帯,1.0-1.4秒負け,,,37,1,2.7,2242,18.87,0.143,1.65,消寄A,,芝ダ替わり=ダ→芝 + 前走着差帯=1.0-1.4秒負け
中京,芝,1200,2,前走着差帯,1.0-1.4秒負け,前走4角位置,4角7-10番手,,,108,3,2.78,2242,18.87,0.147,4.82,消寄A,,前走着差帯=1.0-1.4秒負け + 前走4角位置=4角7-10番手
中京,芝,1200,2,芝ダ替わり,ダ→芝,頭数変化,今回かなり頭数増,,,51,2,3.92,2242,18.87,0.208,2.27,消寄B,,芝ダ替わり=ダ→芝 + 頭数変化=今回かなり頭数増
中京,芝,1200,2,前走着差帯,1.0-1.4秒負け,頭数変化,同頭数,,,72,3,4.17,2242,18.87,0.221,3.21,消寄B,,前走着差帯=1.0-1.4秒負け + 頭数変化=同頭数
中京,芝,1200,2,前走上り順帯,上り4-5位,前走4角位置,4角11番手以下,,,65,3,4.62,2242,18.87,0.245,2.9,消寄B,,前走上り順帯=上り4-5位 + 前走4角位置=4角11番手以下
中京,芝,1200,2,前走着順帯,前走10着以下,前走上り順帯,上り6-9位,,,128,6,4.69,2242,18.87,0.248,5.71,消寄B,,前走着順帯=前走10着以下 + 前走上り順帯=上り6-9位
中京,芝,1200,2,前走着差帯,1.0-1.4秒負け,今回頭数帯,12-15頭,,,61,3,4.92,2242,18.87,0.261,2.72,消寄B,,前走着差帯=1.0-1.4秒負け + 今回頭数帯=12-15頭
中京,芝,1200,2,前走着差帯,2.0秒以上負け,今回頭数帯,16頭以上,,,120,7,5.83,2242,18.87,0.309,5.35,消寄C,,前走着差帯=2.0秒以上負け + 今回頭数帯=16頭以上
中京,芝,1200,2,前走着差帯,1.0-1.4秒負け,前走脚質帯,差し/中団,,,137,8,5.84,2242,18.87,0.31,6.11,消寄C,,前走着差帯=1.0-1.4秒負け + 前走脚質帯=差し/中団
中京,芝,1200,2,前走着順帯,前走10着以下,前走脚質帯,追込/後方,,,260,16,6.15,2242,18.87,0.326,11.6,消寄C,,前走着順帯=前走10着以下 + 前走脚質帯=追込/後方
中京,芝,1200,2,前走着順帯,前走10着以下,前走4角位置,4角11番手以下,,,226,14,6.19,2242,18.87,0.328,10.08,消寄C,,前走着順帯=前走10着以下 + 前走4角位置=4角11番手以下
中京,芝,1200,2,前走着差帯,1.0-1.4秒負け,前走脚質帯,追込/後方,,,107,7,6.54,2242,18.87,0.347,4.77,消寄C,,前走着差帯=1.0-1.4秒負け + 前走脚質帯=追込/後方
中京,芝,1200,2,芝ダ替わり,ダ→芝,今回頭数帯,16頭以上,,,173,12,6.94,2242,18.87,0.368,7.72,消寄C,,芝ダ替わり=ダ→芝 + 今回頭数帯=16頭以上
中京,芝,1200,2,芝ダ替わり,ダ→芝,距離変化帯,同距離,,,109,8,7.34,2242,18.87,0.389,4.86,消寄C,,芝ダ替わり=ダ→芝 + 距離変化帯=同距離
中京,芝,1200,2,前走着差帯,1.0-1.4秒負け,前走着順帯,前走10着以下,,,249,19,7.63,2242,18.87,0.404,11.11,消寄C,,前走着差帯=1.0-1.4秒負け + 前走着順帯=前走10着以下
中京,芝,1400,2,前走着差帯,2.0秒以上負け,前走4角位置,4角7-10番手,,,68,0,0.0,2672,19.69,0.0,2.54,消寄A,,前走着差帯=2.0秒以上負け + 前走4角位置=4角7-10番手
中京,芝,1400,2,距離変化帯,延長100-200m,前走着差帯,2.0秒以上負け,,,47,0,0.0,2672,19.69,0.0,1.76,消寄A,,距離変化帯=延長100-200m + 前走着差帯=2.0秒以上負け
中京,芝,1400,2,前走着差帯,2.0秒以上負け,頭数変化,同頭数,,,26,0,0.0,2672,19.69,0.0,0.97,消寄A,,前走着差帯=2.0秒以上負け + 頭数変化=同頭数
中京,芝,1400,2,芝ダ替わり,ダ→芝,前走4角位置,4角1番手,,,56,1,1.79,2672,19.69,0.091,2.1,消寄A,,芝ダ替わり=ダ→芝 + 前走4角位置=4角1番手
中京,芝,1400,2,前走着差帯,1.5-1.9秒負け,前走4角位置,4角7-10番手,,,56,1,1.79,2672,19.69,0.091,2.1,消寄A,,前走着差帯=1.5-1.9秒負け + 前走4角位置=4角7-10番手
中京,芝,1400,2,芝ダ替わり,ダ→芝,前走脚質帯,逃げ,,,53,1,1.89,2672,19.69,0.096,1.98,消寄A,,芝ダ替わり=ダ→芝 + 前走脚質帯=逃げ
中京,芝,1400,2,距離変化帯,延長100-200m,前走着差帯,1.5-1.9秒負け,,,48,1,2.08,2672,19.69,0.106,1.8,消寄A,,距離変化帯=延長100-200m + 前走着差帯=1.5-1.9秒負け
中京,芝,1400,2,前走上り順帯,上り10位以下,前走4角位置,4角7-10番手,,,164,4,2.44,2672,19.69,0.124,6.14,消寄A,,前走上り順帯=上り10位以下 + 前走4角位置=4角7-10番手
中京,芝,1400,2,前走着差帯,2.0秒以上負け,前走脚質帯,差し/中団,,,82,2,2.44,2672,19.69,0.124,3.07,消寄A,,前走着差帯=2.0秒以上負け + 前走脚質帯=差し/中団
中京,芝,1400,2,芝ダ替わり,ダ→芝,前走着差帯,1.5-1.9秒負け,,,40,1,2.5,2672,19.69,0.127,1.5,消寄A,,芝ダ替わり=ダ→芝 + 前走着差帯=1.5-1.9秒負け
中京,芝,1400,2,前走着差帯,1.0-1.4秒負け,前走上り順帯,上り1-3位,,,35,1,2.86,2672,19.69,0.145,1.31,消寄A,,前走着差帯=1.0-1.4秒負け + 前走上り順帯=上り1-3位
中京,芝,1400,2,芝ダ替わり,ダ→芝,頭数変化,今回かなり頭数増,,,99,3,3.03,2672,19.69,0.154,3.71,消寄B,,芝ダ替わり=ダ→芝 + 頭数変化=今回かなり頭数増
中京,芝,1400,2,前走着差帯,1.5-1.9秒負け,前走4角位置,4角11番手以下,,,61,2,3.28,2672,19.69,0.167,2.28,消寄B,,前走着差帯=1.5-1.9秒負け + 前走4角位置=4角11番手以下
中京,芝,1400,2,前走着差帯,1.5-1.9秒負け,前走脚質帯,追込/後方,,,73,3,4.11,2672,19.69,0.209,2.73,消寄B,,前走着差帯=1.5-1.9秒負け + 前走脚質帯=追込/後方
中京,芝,1400,2,芝ダ替わり,ダ→芝,前走着差帯,2.0秒以上負け,,,118,5,4.24,2672,19.69,0.215,4.42,消寄B,,芝ダ替わり=ダ→芝 + 前走着差帯=2.0秒以上負け
中京,芝,1400,2,前走着順帯,前走10着以下,前走4角位置,4角7-10番手,,,211,9,4.27,2672,19.69,0.217,7.9,消寄B,,前走着順帯=前走10着以下 + 前走4角位置=4角7-10番手
中京,芝,1400,2,芝ダ替わり,ダ→芝,前走着順帯,前走10着以下,,,162,8,4.94,2672,19.69,0.251,6.06,消寄B,,芝ダ替わり=ダ→芝 + 前走着順帯=前走10着以下
中京,芝,1400,2,芝ダ替わり,ダ→芝,休み明け区分,休み明け4戦目以降,,,80,4,5.0,2672,19.69,0.254,2.99,消寄B,,芝ダ替わり=ダ→芝 + 休み明け区分=休み明け4戦目以降
中京,芝,1400,2,前走着差帯,2.0秒以上負け,休み明け区分,休み明け初戦,,,116,6,5.17,2672,19.69,0.263,4.34,消寄C,,前走着差帯=2.0秒以上負け + 休み明け区分=休み明け初戦
中京,芝,1400,2,距離変化帯,延長100-200m,前走着順帯,前走10着以下,,,242,13,5.37,2672,19.69,0.273,9.06,消寄C,,距離変化帯=延長100-200m + 前走着順帯=前走10着以下
中京,芝,1600,2,芝ダ替わり,ダ→芝,前走着差帯,勝ち/同タイム,,,45,0,0.0,2824,22.77,0.0,1.59,消寄A,,芝ダ替わり=ダ→芝 + 前走着差帯=勝ち/同タイム
中京,芝,1600,2,芝ダ替わり,ダ→芝,前走着順帯,前走1着,,,43,0,0.0,2824,22.77,0.0,1.52,消寄A,,芝ダ替わり=ダ→芝 + 前走着順帯=前走1着
中京,芝,1600,2,芝ダ替わり,ダ→芝,前走脚質帯,逃げ,,,27,0,0.0,2824,22.77,0.0,0.96,消寄A,,芝ダ替わり=ダ→芝 + 前走脚質帯=逃げ
中京,芝,1600,2,距離変化帯,延長300-400m,前走着差帯,2.0秒以上負け,,,25,0,0.0,2824,22.77,0.0,0.89,消寄A,,距離変化帯=延長300-400m + 前走着差帯=2.0秒以上負け
中京,芝,1600,2,距離変化帯,延長300-400m,休み明け区分,休み明け3戦目,,,25,0,0.0,2824,22.77,0.0,0.89,消寄A,,距離変化帯=延長300-400m + 休み明け区分=休み明け3戦目
中京,芝,1600,2,距離変化帯,延長300-400m,前走着差帯,1.5-1.9秒負け,,,20,0,0.0,2824,22.77,0.0,0.71,消寄A,,距離変化帯=延長300-400m + 前走着差帯=1.5-1.9秒負け
中京,芝,1600,2,前走着差帯,1.5-1.9秒負け,前走上り順帯,上り4-5位,,,20,0,0.0,2824,22.77,0.0,0.71,消寄A,,前走着差帯=1.5-1.9秒負け + 前走上り順帯=上り4-5位
中京,芝,1600,2,前走着差帯,1.5-1.9秒負け,頭数変化,今回かなり頭数増,,,20,0,0.0,2824,22.77,0.0,0.71,消寄A,,前走着差帯=1.5-1.9秒負け + 頭数変化=今回かなり頭数増
中京,芝,1600,2,距離変化帯,延長300-400m,頭数変化,今回頭数減,,,53,1,1.89,2824,22.77,0.083,1.88,消寄A,,距離変化帯=延長300-400m + 頭数変化=今回頭数減
中京,芝,1600,2,距離変化帯,延長300-400m,前走4角位置,4角7-10番手,,,47,1,2.13,2824,22.77,0.093,1.66,消寄A,,距離変化帯=延長300-400m + 前走4角位置=4角7-10番手
中京,芝,1600,2,芝ダ替わり,ダ→芝,前走脚質帯,追込/後方,,,90,2,2.22,2824,22.77,0.098,3.19,消寄A,,芝ダ替わり=ダ→芝 + 前走脚質帯=追込/後方
中京,芝,1600,2,距離変化帯,延長300-400m,休み明け区分,休み明け初戦,,,45,1,2.22,2824,22.77,0.098,1.59,消寄A,,距離変化帯=延長300-400m + 休み明け区分=休み明け初戦
中京,芝,1600,2,距離変化帯,延長300-400m,今回頭数帯,16頭以上,,,88,2,2.27,2824,22.77,0.1,3.12,消寄A,,距離変化帯=延長300-400m + 今回頭数帯=16頭以上
中京,芝,1600,2,距離変化帯,延長300-400m,頭数変化,同頭数,,,40,1,2.5,2824,22.77,0.11,1.42,消寄A,,距離変化帯=延長300-400m + 頭数変化=同頭数
中京,芝,1600,2,距離変化帯,延長300-400m,休み明け区分,休み明け2戦目,,,39,1,2.56,2824,22.77,0.113,1.38,消寄A,,距離変化帯=延長300-400m + 休み明け区分=休み明け2戦目
中京,芝,1600,2,距離変化帯,延長300-400m,前走上り順帯,上り6-9位,,,38,1,2.63,2824,22.77,0.116,1.35,消寄A,,距離変化帯=延長300-400m + 前走上り順帯=上り6-9位
中京,芝,1600,2,芝ダ替わり,ダ→芝,前走4角位置,4角11番手以下,,,72,2,2.78,2824,22.77,0.122,2.55,消寄A,,芝ダ替わり=ダ→芝 + 前走4角位置=4角11番手以下
中京,芝,1600,2,距離変化帯,延長300-400m,前走脚質帯,追込/後方,,,72,2,2.78,2824,22.77,0.122,2.55,消寄A,,距離変化帯=延長300-400m + 前走脚質帯=追込/後方
中京,芝,1600,2,芝ダ替わり,ダ→芝,距離変化帯,延長300-400m,,,36,1,2.78,2824,22.77,0.122,1.27,消寄A,,芝ダ替わり=ダ→芝 + 距離変化帯=延長300-400m
中京,芝,1600,2,距離変化帯,短縮300-400m,頭数変化,今回かなり頭数増,,,35,1,2.86,2824,22.77,0.125,1.24,消寄A,,距離変化帯=短縮300-400m + 頭数変化=今回かなり頭数増
中京,芝,2000,2,距離変化帯,延長500m以上,前走脚質帯,追込/後方,,,49,0,0.0,3414,23.67,0.0,1.44,消寄A,,距離変化帯=延長500m以上 + 前走脚質帯=追込/後方
中京,芝,2000,2,距離変化帯,延長500m以上,前走4角位置,4角11番手以下,,,41,0,0.0,3414,23.67,0.0,1.2,消寄A,,距離変化帯=延長500m以上 + 前走4角位置=4角11番手以下
中京,芝,2000,2,距離変化帯,延長500m以上,今回頭数帯,12-15頭,,,30,0,0.0,3414,23.67,0.0,0.88,消寄A,,距離変化帯=延長500m以上 + 今回頭数帯=12-15頭
中京,芝,2000,2,芝ダ替わり,ダ→芝,前走4角位置,4角11番手以下,,,81,1,1.23,3414,23.67,0.052,2.37,消寄A,,芝ダ替わり=ダ→芝 + 前走4角位置=4角11番手以下
中京,芝,2000,2,距離変化帯,延長500m以上,前走着差帯,2.0秒以上負け,,,40,1,2.5,3414,23.67,0.106,1.17,消寄A,,距離変化帯=延長500m以上 + 前走着差帯=2.0秒以上負け
中京,芝,2000,2,前走着差帯,1.5-1.9秒負け,頭数変化,同頭数,,,36,1,2.78,3414,23.67,0.117,1.05,消寄A,,前走着差帯=1.5-1.9秒負け + 頭数変化=同頭数
中京,芝,2000,2,芝ダ替わり,ダ→芝,今回頭数帯,12-15頭,,,101,3,2.97,3414,23.67,0.126,2.96,消寄A,,芝ダ替わり=ダ→芝 + 今回頭数帯=12-15頭
中京,芝,2000,2,距離変化帯,延長500m以上,前走着順帯,前走10着以下,,,58,2,3.45,3414,23.67,0.146,1.7,消寄B,,距離変化帯=延長500m以上 + 前走着順帯=前走10着以下
中京,芝,2000,2,前走着順帯,前走10着以下,頭数変化,今回かなり頭数増,,,81,3,3.7,3414,23.67,0.156,2.37,消寄B,,前走着順帯=前走10着以下 + 頭数変化=今回かなり頭数増
中京,芝,2000,2,芝ダ替わり,ダ→芝,頭数変化,今回頭数減,,,76,3,3.95,3414,23.67,0.167,2.23,消寄B,,芝ダ替わり=ダ→芝 + 頭数変化=今回頭数減
中京,芝,2000,2,芝ダ替わり,ダ→芝,前走着順帯,前走10着以下,,,148,6,4.05,3414,23.67,0.171,4.34,消寄B,,芝ダ替わり=ダ→芝 + 前走着順帯=前走10着以下
中京,芝,2000,2,前走着差帯,2.0秒以上負け,今回頭数帯,12-15頭,,,145,6,4.14,3414,23.67,0.175,4.25,消寄B,,前走着差帯=2.0秒以上負け + 今回頭数帯=12-15頭
中京,芝,2000,2,芝ダ替わり,ダ→芝,距離変化帯,延長500m以上,,,70,3,4.29,3414,23.67,0.181,2.05,消寄B,,芝ダ替わり=ダ→芝 + 距離変化帯=延長500m以上
中京,芝,2000,2,前走上り順帯,上り10位以下,頭数変化,今回かなり頭数増,,,68,3,4.41,3414,23.67,0.186,1.99,消寄B,,前走上り順帯=上り10位以下 + 頭数変化=今回かなり頭数増
中京,芝,2000,2,前走着差帯,2.0秒以上負け,頭数変化,今回頭数減,,,110,5,4.55,3414,23.67,0.192,3.22,消寄B,,前走着差帯=2.0秒以上負け + 頭数変化=今回頭数減
中京,芝,2000,2,前走着差帯,2.0秒以上負け,頭数変化,今回かなり頭数増,,,64,3,4.69,3414,23.67,0.198,1.87,消寄B,,前走着差帯=2.0秒以上負け + 頭数変化=今回かなり頭数増
中京,芝,2000,2,前走着差帯,2.0秒以上負け,前走上り順帯,上り6-9位,,,83,4,4.82,3414,23.67,0.204,2.43,消寄B,,前走着差帯=2.0秒以上負け + 前走上り順帯=上り6-9位
中京,芝,2000,2,前走着差帯,2.0秒以上負け,前走4角位置,4角11番手以下,,,139,7,5.04,3414,23.67,0.213,4.07,消寄C,,前走着差帯=2.0秒以上負け + 前走4角位置=4角11番手以下
中京,芝,2000,2,芝ダ替わり,ダ→芝,前走上り順帯,上り10位以下,,,130,7,5.38,3414,23.67,0.228,3.81,消寄C,,芝ダ替わり=ダ→芝 + 前走上り順帯=上り10位以下
中京,芝,2000,2,芝ダ替わり,ダ→芝,前走着差帯,2.0秒以上負け,,,160,9,5.62,3414,23.67,0.238,4.69,消寄C,,芝ダ替わり=ダ→芝 + 前走着差帯=2.0秒以上負け
中京,芝,2200,2,距離変化帯,延長500m以上,前走脚質帯,追込/後方,,,48,0,0.0,1860,24.52,0.0,2.58,消寄A,,距離変化帯=延長500m以上 + 前走脚質帯=追込/後方
中京,芝,2200,2,距離変化帯,延長500m以上,前走4角位置,4角11番手以下,,,35,0,0.0,1860,24.52,0.0,1.88,消寄A,,距離変化帯=延長500m以上 + 前走4角位置=4角11番手以下
中京,芝,2200,2,距離変化帯,延長500m以上,頭数変化,今回頭数増,,,28,0,0.0,1860,24.52,0.0,1.51,消寄A,,距離変化帯=延長500m以上 + 頭数変化=今回頭数増
中京,芝,2200,2,距離変化帯,延長500m以上,休み明け区分,休み明け2戦目,,,27,0,0.0,1860,24.52,0.0,1.45,消寄A,,距離変化帯=延長500m以上 + 休み明け区分=休み明け2戦目
中京,芝,2200,2,距離変化帯,延長500m以上,前走着差帯,勝ち/同タイム,,,22,0,0.0,1860,24.52,0.0,1.18,消寄A,,距離変化帯=延長500m以上 + 前走着差帯=勝ち/同タイム
中京,芝,2200,2,距離変化帯,延長500m以上,前走着順帯,前走1着,,,21,0,0.0,1860,24.52,0.0,1.13,消寄A,,距離変化帯=延長500m以上 + 前走着順帯=前走1着
中京,芝,2200,2,距離変化帯,延長500m以上,前走4角位置,4角4-6番手,,,20,0,0.0,1860,24.52,0.0,1.08,消寄A,,距離変化帯=延長500m以上 + 前走4角位置=4角4-6番手
中京,芝,2200,2,芝ダ替わり,ダ→芝,距離変化帯,延長500m以上,,,55,1,1.82,1860,24.52,0.074,2.96,消寄A,,芝ダ替わり=ダ→芝 + 距離変化帯=延長500m以上
中京,芝,2200,2,距離変化帯,延長500m以上,今回頭数帯,16頭以上,,,50,1,2.0,1860,24.52,0.082,2.69,消寄A,,距離変化帯=延長500m以上 + 今回頭数帯=16頭以上
中京,芝,2200,2,芝ダ替わり,ダ→芝,頭数変化,今回頭数増,,,49,1,2.04,1860,24.52,0.083,2.63,消寄A,,芝ダ替わり=ダ→芝 + 頭数変化=今回頭数増
中京,芝,2200,2,距離変化帯,短縮100-200m,前走上り順帯,上り10位以下,,,48,1,2.08,1860,24.52,0.085,2.58,消寄A,,距離変化帯=短縮100-200m + 前走上り順帯=上り10位以下
中京,芝,2200,2,前走上り順帯,上り10位以下,前走4角位置,4角11番手以下,,,85,2,2.35,1860,24.52,0.096,4.57,消寄A,,前走上り順帯=上り10位以下 + 前走4角位置=4角11番手以下
中京,芝,2200,2,距離変化帯,延長500m以上,前走上り順帯,上り1-3位,,,41,1,2.44,1860,24.52,0.099,2.2,消寄A,,距離変化帯=延長500m以上 + 前走上り順帯=上り1-3位
中京,芝,2200,2,距離変化帯,短縮100-200m,前走着順帯,前走10着以下,,,39,1,2.56,1860,24.52,0.105,2.1,消寄A,,距離変化帯=短縮100-200m + 前走着順帯=前走10着以下
中京,芝,2200,2,前走上り順帯,上り10位以下,前走脚質帯,追込/後方,,,101,3,2.97,1860,24.52,0.121,5.43,消寄A,,前走上り順帯=上り10位以下 + 前走脚質帯=追込/後方
中京,芝,2200,2,芝ダ替わり,ダ→芝,前走上り順帯,上り10位以下,,,66,2,3.03,1860,24.52,0.124,3.55,消寄B,,芝ダ替わり=ダ→芝 + 前走上り順帯=上り10位以下
中京,芝,2200,2,前走着順帯,前走10着以下,頭数変化,同頭数,,,60,2,3.33,1860,24.52,0.136,3.23,消寄B,,前走着順帯=前走10着以下 + 頭数変化=同頭数
中京,芝,2200,2,距離変化帯,延長500m以上,前走着順帯,前走10着以下,,,53,2,3.77,1860,24.52,0.154,2.85,消寄B,,距離変化帯=延長500m以上 + 前走着順帯=前走10着以下
中京,芝,2200,2,芝ダ替わり,ダ→芝,今回頭数帯,16頭以上,,,79,3,3.8,1860,24.52,0.155,4.25,消寄B,,芝ダ替わり=ダ→芝 + 今回頭数帯=16頭以上
中京,芝,2200,2,前走上り順帯,上り10位以下,休み明け区分,休み明け3戦目,,,50,2,4.0,1860,24.52,0.163,2.69,消寄B,,前走上り順帯=上り10位以下 + 休み明け区分=休み明け3戦目
中山,ダ,1200,2,距離変化帯,短縮300-400m,前走着差帯,勝ち/同タイム,,,32,0,0.0,8125,19.22,0.0,0.39,消寄A,,距離変化帯=短縮300-400m + 前走着差帯=勝ち/同タイム
中山,ダ,1200,2,距離変化帯,短縮300-400m,前走着順帯,前走1着,,,31,0,0.0,8125,19.22,0.0,0.38,消寄A,,距離変化帯=短縮300-400m + 前走着順帯=前走1着
中山,ダ,1200,2,前走着差帯,2.0秒以上負け,前走上り順帯,上り1-3位,,,63,2,3.17,8125,19.22,0.165,0.78,消寄B,,前走着差帯=2.0秒以上負け + 前走上り順帯=上り1-3位
中山,ダ,1200,2,前走着差帯,1.5-1.9秒負け,前走上り順帯,上り4-5位,,,59,2,3.39,8125,19.22,0.176,0.73,消寄B,,前走着差帯=1.5-1.9秒負け + 前走上り順帯=上り4-5位
中山,ダ,1200,2,距離変化帯,短縮500m以上,頭数変化,今回かなり頭数増,,,58,2,3.45,8125,19.22,0.179,0.71,消寄B,,距離変化帯=短縮500m以上 + 頭数変化=今回かなり頭数増
中山,ダ,1200,2,前走上り順帯,上り6-9位,前走4角位置,4角11番手以下,,,331,15,4.53,8125,19.22,0.236,4.07,消寄B,,前走上り順帯=上り6-9位 + 前走4角位置=4角11番手以下
中山,ダ,1200,2,芝ダ替わり,芝→ダ,前走脚質帯,追込/後方,,,252,13,5.16,8125,19.22,0.268,3.1,消寄C,,芝ダ替わり=芝→ダ + 前走脚質帯=追込/後方
中山,ダ,1200,2,前走着差帯,2.0秒以上負け,前走4角位置,4角11番手以下,,,332,18,5.42,8125,19.22,0.282,4.09,消寄C,,前走着差帯=2.0秒以上負け + 前走4角位置=4角11番手以下
中山,ダ,1200,2,前走着差帯,2.0秒以上負け,前走脚質帯,追込/後方,,,413,23,5.57,8125,19.22,0.29,5.08,消寄C,,前走着差帯=2.0秒以上負け + 前走脚質帯=追込/後方
中山,ダ,1200,2,芝ダ替わり,芝→ダ,前走4角位置,4角11番手以下,,,202,12,5.94,8125,19.22,0.309,2.49,消寄C,,芝ダ替わり=芝→ダ + 前走4角位置=4角11番手以下
中山,ダ,1200,2,前走着順帯,前走6-9着,頭数変化,今回かなり頭数増,,,217,13,5.99,8125,19.22,0.312,2.67,消寄C,,前走着順帯=前走6-9着 + 頭数変化=今回かなり頭数増
中山,ダ,1200,2,前走上り順帯,上り10位以下,前走脚質帯,追込/後方,,,491,30,6.11,8125,19.22,0.318,6.04,消寄C,,前走上り順帯=上り10位以下 + 前走脚質帯=追込/後方
中山,ダ,1200,2,前走上り順帯,上り6-9位,前走脚質帯,追込/後方,,,442,27,6.11,8125,19.22,0.318,5.44,消寄C,,前走上り順帯=上り6-9位 + 前走脚質帯=追込/後方
中山,ダ,1200,2,前走着順帯,前走10着以下,前走4角位置,4角11番手以下,,,937,58,6.19,8125,19.22,0.322,11.53,消寄C,,前走着順帯=前走10着以下 + 前走4角位置=4角11番手以下
中山,ダ,1200,2,前走着順帯,前走10着以下,前走脚質帯,追込/後方,,,1113,70,6.29,8125,19.22,0.327,13.7,消寄C,,前走着順帯=前走10着以下 + 前走脚質帯=追込/後方
中山,ダ,1200,2,前走上り順帯,上り10位以下,前走4角位置,4角11番手以下,,,380,24,6.32,8125,19.22,0.329,4.68,消寄C,,前走上り順帯=上り10位以下 + 前走4角位置=4角11番手以下
中山,ダ,1200,2,前走着差帯,2.0秒以上負け,頭数変化,今回かなり頭数増,,,107,7,6.54,8125,19.22,0.34,1.32,消寄C,,前走着差帯=2.0秒以上負け + 頭数変化=今回かなり頭数増
中山,ダ,1200,2,前走着差帯,1.5-1.9秒負け,前走4角位置,4角11番手以下,,,267,18,6.74,8125,19.22,0.351,3.29,消寄C,,前走着差帯=1.5-1.9秒負け + 前走4角位置=4角11番手以下
中山,ダ,1200,2,前走着差帯,1.5-1.9秒負け,前走脚質帯,追込/後方,,,331,23,6.95,8125,19.22,0.361,4.07,消寄C,,前走着差帯=1.5-1.9秒負け + 前走脚質帯=追込/後方
中山,ダ,1200,2,前走脚質帯,追込/後方,頭数変化,今回かなり頭数増,,,142,10,7.04,8125,19.22,0.366,1.75,消寄C,,前走脚質帯=追込/後方 + 頭数変化=今回かなり頭数増
中山,ダ,1800,2,距離変化帯,延長500m以上,頭数変化,今回かなり頭数減,,,27,0,0.0,7817,20.7,0.0,0.35,消寄A,,距離変化帯=延長500m以上 + 頭数変化=今回かなり頭数減
中山,ダ,1800,2,芝ダ替わり,芝→ダ,距離変化帯,延長300-400m,,,23,0,0.0,7817,20.7,0.0,0.29,消寄A,,芝ダ替わり=芝→ダ + 距離変化帯=延長300-400m
中山,ダ,1800,2,距離変化帯,延長500m以上,前走着順帯,前走10着以下,,,82,2,2.44,7817,20.7,0.118,1.05,消寄A,,距離変化帯=延長500m以上 + 前走着順帯=前走10着以下
中山,ダ,1800,2,距離変化帯,延長500m以上,休み明け区分,休み明け4戦目以降,,,36,1,2.78,7817,20.7,0.134,0.46,消寄A,,距離変化帯=延長500m以上 + 休み明け区分=休み明け4戦目以降
中山,ダ,1800,2,距離変化帯,延長500m以上,前走脚質帯,追込/後方,,,68,2,2.94,7817,20.7,0.142,0.87,消寄A,,距離変化帯=延長500m以上 + 前走脚質帯=追込/後方
中山,ダ,1800,2,距離変化帯,短縮500m以上,前走着順帯,前走10着以下,,,94,3,3.19,7817,20.7,0.154,1.2,消寄B,,距離変化帯=短縮500m以上 + 前走着順帯=前走10着以下
中山,ダ,1800,2,距離変化帯,延長500m以上,前走4角位置,4角11番手以下,,,62,2,3.23,7817,20.7,0.156,0.79,消寄B,,距離変化帯=延長500m以上 + 前走4角位置=4角11番手以下
中山,ダ,1800,2,距離変化帯,延長300-400m,頭数変化,今回頭数増,,,59,2,3.39,7817,20.7,0.164,0.75,消寄B,,距離変化帯=延長300-400m + 頭数変化=今回頭数増
中山,ダ,1800,2,距離変化帯,短縮500m以上,前走4角位置,4角11番手以下,,,57,2,3.51,7817,20.7,0.17,0.73,消寄B,,距離変化帯=短縮500m以上 + 前走4角位置=4角11番手以下
中山,ダ,1800,2,距離変化帯,短縮500m以上,前走着差帯,2.0秒以上負け,,,111,4,3.6,7817,20.7,0.174,1.42,消寄B,,距離変化帯=短縮500m以上 + 前走着差帯=2.0秒以上負け
中山,ダ,1800,2,距離変化帯,延長500m以上,前走上り順帯,上り10位以下,,,51,2,3.92,7817,20.7,0.189,0.65,消寄B,,距離変化帯=延長500m以上 + 前走上り順帯=上り10位以下
中山,ダ,1800,2,距離変化帯,延長300-400m,頭数変化,今回かなり頭数増,,,75,3,4.0,7817,20.7,0.193,0.96,消寄B,,距離変化帯=延長300-400m + 頭数変化=今回かなり頭数増
中山,ダ,1800,2,前走上り順帯,上り10位以下,頭数変化,今回かなり頭数増,,,91,4,4.4,7817,20.7,0.212,1.16,消寄B,,前走上り順帯=上り10位以下 + 頭数変化=今回かなり頭数増
中山,ダ,1800,2,距離変化帯,延長300-400m,前走着差帯,1.0-1.4秒負け,,,90,4,4.44,7817,20.7,0.215,1.15,消寄B,,距離変化帯=延長300-400m + 前走着差帯=1.0-1.4秒負け
中山,ダ,1800,2,前走着順帯,前走10着以下,頭数変化,今回かなり頭数増,,,112,5,4.46,7817,20.7,0.216,1.43,消寄B,,前走着順帯=前走10着以下 + 頭数変化=今回かなり頭数増
中山,ダ,1800,2,芝ダ替わり,ダ→ダ,距離変化帯,延長500m以上,,,111,5,4.5,7817,20.7,0.218,1.42,消寄B,,芝ダ替わり=ダ→ダ + 距離変化帯=延長500m以上
中山,ダ,1800,2,距離変化帯,延長300-400m,前走脚質帯,追込/後方,,,149,8,5.37,7817,20.7,0.259,1.91,消寄C,,距離変化帯=延長300-400m + 前走脚質帯=追込/後方
中山,ダ,1800,2,距離変化帯,延長300-400m,前走4角位置,4角11番手以下,,,109,6,5.5,7817,20.7,0.266,1.39,消寄C,,距離変化帯=延長300-400m + 前走4角位置=4角11番手以下
中山,ダ,1800,2,距離変化帯,延長300-400m,前走着順帯,前走10着以下,,,153,9,5.88,7817,20.7,0.284,1.96,消寄C,,距離変化帯=延長300-400m + 前走着順帯=前走10着以下
中山,ダ,1800,2,距離変化帯,延長300-400m,休み明け区分,休み明け2戦目,,,101,6,5.94,7817,20.7,0.287,1.29,消寄C,,距離変化帯=延長300-400m + 休み明け区分=休み明け2戦目
中山,ダ,2400,2,前走着差帯,2.0秒以上負け,頭数変化,今回かなり頭数増,,,31,0,0.0,1069,21.89,0.0,2.9,消寄A,,前走着差帯=2.0秒以上負け + 頭数変化=今回かなり頭数増
中山,ダ,2400,2,前走上り順帯,上り10位以下,前走脚質帯,追込/後方,,,91,3,3.3,1069,21.89,0.151,8.51,消寄B,,前走上り順帯=上り10位以下 + 前走脚質帯=追込/後方
中山,ダ,2400,2,前走着順帯,前走10着以下,前走上り順帯,上り6-9位,,,77,3,3.9,1069,21.89,0.178,7.2,消寄B,,前走着順帯=前走10着以下 + 前走上り順帯=上り6-9位
中山,ダ,2400,2,前走着差帯,2.0秒以上負け,前走脚質帯,追込/後方,,,147,6,4.08,1069,21.89,0.186,13.75,消寄B,,前走着差帯=2.0秒以上負け + 前走脚質帯=追込/後方
中山,ダ,2400,2,距離変化帯,延長300-400m,前走着差帯,2.0秒以上負け,,,65,3,4.62,1069,21.89,0.211,6.08,消寄B,,距離変化帯=延長300-400m + 前走着差帯=2.0秒以上負け
中山,ダ,2400,2,前走着差帯,2.0秒以上負け,今回頭数帯,16頭以上,,,127,6,4.72,1069,21.89,0.216,11.88,消寄B,,前走着差帯=2.0秒以上負け + 今回頭数帯=16頭以上
中山,ダ,2400,2,前走着順帯,前走10着以下,前走脚質帯,追込/後方,,,182,9,4.95,1069,21.89,0.226,17.03,消寄B,,前走着順帯=前走10着以下 + 前走脚質帯=追込/後方
中山,ダ,2400,2,前走着差帯,2.0秒以上負け,前走4角位置,4角11番手以下,,,112,6,5.36,1069,21.89,0.245,10.48,消寄C,,前走着差帯=2.0秒以上負け + 前走4角位置=4角11番手以下
中山,ダ,2400,2,前走着順帯,前走10着以下,頭数変化,同頭数,,,109,6,5.5,1069,21.89,0.251,10.2,消寄C,,前走着順帯=前走10着以下 + 頭数変化=同頭数
中山,ダ,2400,2,前走着順帯,前走10着以下,今回頭数帯,16頭以上,,,159,10,6.29,1069,21.89,0.287,14.87,消寄C,,前走着順帯=前走10着以下 + 今回頭数帯=16頭以上
中山,ダ,2400,2,前走着順帯,前走10着以下,前走4角位置,4角11番手以下,,,151,10,6.62,1069,21.89,0.303,14.13,消寄C,,前走着順帯=前走10着以下 + 前走4角位置=4角11番手以下
中山,ダ,2400,2,前走上り順帯,上り10位以下,今回頭数帯,16頭以上,,,118,9,7.63,1069,21.89,0.348,11.04,消寄C,,前走上り順帯=上り10位以下 + 今回頭数帯=16頭以上
中山,ダ,2400,2,距離変化帯,延長500m以上,前走着順帯,前走10着以下,,,150,12,8.0,1069,21.89,0.365,14.03,消寄C,,距離変化帯=延長500m以上 + 前走着順帯=前走10着以下
中山,芝,1200,2,前走着差帯,1.5-1.9秒負け,前走着順帯,前走6-9着,,,32,0,0.0,3520,20.48,0.0,0.91,消寄A,,前走着差帯=1.5-1.9秒負け + 前走着順帯=前走6-9着
中山,芝,1200,2,前走着差帯,2.0秒以上負け,前走上り順帯,上り6-9位,,,28,0,0.0,3520,20.48,0.0,0.8,消寄A,,前走着差帯=2.0秒以上負け + 前走上り順帯=上り6-9位
中山,芝,1200,2,距離変化帯,短縮500m以上,今回頭数帯,16頭以上,,,25,0,0.0,3520,20.48,0.0,0.71,消寄A,,距離変化帯=短縮500m以上 + 今回頭数帯=16頭以上
中山,芝,1200,2,前走着差帯,1.5-1.9秒負け,頭数変化,同頭数,,,64,1,1.56,3520,20.48,0.076,1.82,消寄A,,前走着差帯=1.5-1.9秒負け + 頭数変化=同頭数
中山,芝,1200,2,芝ダ替わり,ダ→芝,前走4角位置,4角11番手以下,,,59,1,1.69,3520,20.48,0.083,1.68,消寄A,,芝ダ替わり=ダ→芝 + 前走4角位置=4角11番手以下
中山,芝,1200,2,前走着順帯,前走10着以下,頭数変化,今回かなり頭数増,,,55,1,1.82,3520,20.48,0.089,1.56,消寄A,,前走着順帯=前走10着以下 + 頭数変化=今回かなり頭数増
中山,芝,1200,2,距離変化帯,延長100-200m,前走4角位置,4角11番手以下,,,48,1,2.08,3520,20.48,0.102,1.36,消寄A,,距離変化帯=延長100-200m + 前走4角位置=4角11番手以下
中山,芝,1200,2,前走上り順帯,上り10位以下,頭数変化,今回かなり頭数増,,,40,1,2.5,3520,20.48,0.122,1.14,消寄A,,前走上り順帯=上り10位以下 + 頭数変化=今回かなり頭数増
中山,芝,1200,2,前走着差帯,2.0秒以上負け,頭数変化,今回かなり頭数増,,,34,1,2.94,3520,20.48,0.144,0.97,消寄A,,前走着差帯=2.0秒以上負け + 頭数変化=今回かなり頭数増
中山,芝,1200,2,距離変化帯,同距離,前走着差帯,1.5-1.9秒負け,,,133,4,3.01,3520,20.48,0.147,3.78,消寄B,,距離変化帯=同距離 + 前走着差帯=1.5-1.9秒負け
中山,芝,1200,2,前走着差帯,2.0秒以上負け,前走4角位置,4角11番手以下,,,64,2,3.12,3520,20.48,0.153,1.82,消寄B,,前走着差帯=2.0秒以上負け + 前走4角位置=4角11番手以下
中山,芝,1200,2,前走着差帯,2.0秒以上負け,前走脚質帯,追込/後方,,,82,3,3.66,3520,20.48,0.179,2.33,消寄B,,前走着差帯=2.0秒以上負け + 前走脚質帯=追込/後方
中山,芝,1200,2,芝ダ替わり,ダ→芝,前走脚質帯,追込/後方,,,80,3,3.75,3520,20.48,0.183,2.27,消寄B,,芝ダ替わり=ダ→芝 + 前走脚質帯=追込/後方
中山,芝,1200,2,芝ダ替わり,ダ→芝,頭数変化,今回頭数増,,,53,2,3.77,3520,20.48,0.184,1.51,消寄B,,芝ダ替わり=ダ→芝 + 頭数変化=今回頭数増
中山,芝,1200,2,距離変化帯,延長100-200m,前走脚質帯,追込/後方,,,53,2,3.77,3520,20.48,0.184,1.51,消寄B,,距離変化帯=延長100-200m + 前走脚質帯=追込/後方
中山,芝,1200,2,前走上り順帯,上り10位以下,前走4角位置,4角11番手以下,,,103,4,3.88,3520,20.48,0.19,2.93,消寄B,,前走上り順帯=上り10位以下 + 前走4角位置=4角11番手以下
中山,芝,1200,2,前走着差帯,1.5-1.9秒負け,頭数変化,今回頭数増,,,51,2,3.92,3520,20.48,0.191,1.45,消寄B,,前走着差帯=1.5-1.9秒負け + 頭数変化=今回頭数増
中山,芝,1200,2,芝ダ替わり,ダ→芝,休み明け区分,休み明け4戦目以降,,,76,3,3.95,3520,20.48,0.193,2.16,消寄B,,芝ダ替わり=ダ→芝 + 休み明け区分=休み明け4戦目以降
中山,芝,1200,2,前走着差帯,1.5-1.9秒負け,前走脚質帯,差し/中団,,,84,4,4.76,3520,20.48,0.232,2.39,消寄B,,前走着差帯=1.5-1.9秒負け + 前走脚質帯=差し/中団
中山,芝,1200,2,前走上り順帯,上り10位以下,前走脚質帯,追込/後方,,,124,6,4.84,3520,20.48,0.236,3.52,消寄B,,前走上り順帯=上り10位以下 + 前走脚質帯=追込/後方
中山,芝,1600,2,距離変化帯,延長300-400m,前走着差帯,2.0秒以上負け,,,38,0,0.0,4751,22.06,0.0,0.8,消寄A,,距離変化帯=延長300-400m + 前走着差帯=2.0秒以上負け
中山,芝,1600,2,前走着差帯,2.0秒以上負け,前走上り順帯,上り1-3位,,,26,0,0.0,4751,22.06,0.0,0.55,消寄A,,前走着差帯=2.0秒以上負け + 前走上り順帯=上り1-3位
中山,芝,1600,2,前走着差帯,1.5-1.9秒負け,前走脚質帯,逃げ,,,23,0,0.0,4751,22.06,0.0,0.48,消寄A,,前走着差帯=1.5-1.9秒負け + 前走脚質帯=逃げ
中山,芝,1600,2,芝ダ替わり,ダ→芝,前走4角位置,4角1番手,,,55,1,1.82,4751,22.06,0.082,1.16,消寄A,,芝ダ替わり=ダ→芝 + 前走4角位置=4角1番手
中山,芝,1600,2,芝ダ替わり,ダ→芝,距離変化帯,延長300-400m,,,93,2,2.15,4751,22.06,0.097,1.96,消寄A,,芝ダ替わり=ダ→芝 + 距離変化帯=延長300-400m
中山,芝,1600,2,距離変化帯,延長300-400m,前走上り順帯,上り10位以下,,,92,2,2.17,4751,22.06,0.099,1.94,消寄A,,距離変化帯=延長300-400m + 前走上り順帯=上り10位以下
中山,芝,1600,2,距離変化帯,延長300-400m,前走着順帯,前走10着以下,,,158,4,2.53,4751,22.06,0.115,3.33,消寄A,,距離変化帯=延長300-400m + 前走着順帯=前走10着以下
中山,芝,1600,2,芝ダ替わり,ダ→芝,今回頭数帯,9-11頭,,,39,1,2.56,4751,22.06,0.116,0.82,消寄A,,芝ダ替わり=ダ→芝 + 今回頭数帯=9-11頭
中山,芝,1600,2,距離変化帯,延長300-400m,前走着差帯,1.0-1.4秒負け,,,75,2,2.67,4751,22.06,0.121,1.58,消寄A,,距離変化帯=延長300-400m + 前走着差帯=1.0-1.4秒負け
中山,芝,1600,2,芝ダ替わり,ダ→芝,前走着差帯,勝ち/同タイム,,,110,3,2.73,4751,22.06,0.124,2.32,消寄A,,芝ダ替わり=ダ→芝 + 前走着差帯=勝ち/同タイム
中山,芝,1600,2,芝ダ替わり,ダ→芝,前走着順帯,前走1着,,,108,3,2.78,4751,22.06,0.126,2.27,消寄A,,芝ダ替わり=ダ→芝 + 前走着順帯=前走1着
中山,芝,1600,2,芝ダ替わり,ダ→芝,頭数変化,今回かなり頭数増,,,96,3,3.12,4751,22.06,0.142,2.02,消寄B,,芝ダ替わり=ダ→芝 + 頭数変化=今回かなり頭数増
中山,芝,1600,2,前走着差帯,2.0秒以上負け,前走着順帯,前走6-9着,,,62,2,3.23,4751,22.06,0.146,1.3,消寄B,,前走着差帯=2.0秒以上負け + 前走着順帯=前走6-9着
中山,芝,1600,2,芝ダ替わり,ダ→芝,頭数変化,今回頭数減,,,90,3,3.33,4751,22.06,0.151,1.89,消寄B,,芝ダ替わり=ダ→芝 + 頭数変化=今回頭数減
中山,芝,1600,2,芝ダ替わり,ダ→芝,休み明け区分,休み明け初戦,,,168,6,3.57,4751,22.06,0.162,3.54,消寄B,,芝ダ替わり=ダ→芝 + 休み明け区分=休み明け初戦
中山,芝,1600,2,芝ダ替わり,ダ→芝,前走脚質帯,逃げ,,,53,2,3.77,4751,22.06,0.171,1.12,消寄B,,芝ダ替わり=ダ→芝 + 前走脚質帯=逃げ
中山,芝,1600,2,芝ダ替わり,ダ→芝,頭数変化,今回かなり頭数減,,,52,2,3.85,4751,22.06,0.174,1.09,消寄B,,芝ダ替わり=ダ→芝 + 頭数変化=今回かなり頭数減
中山,芝,1600,2,前走着差帯,2.0秒以上負け,前走4角位置,4角11番手以下,,,149,6,4.03,4751,22.06,0.183,3.14,消寄B,,前走着差帯=2.0秒以上負け + 前走4角位置=4角11番手以下
中山,芝,1600,2,芝ダ替わり,ダ→芝,距離変化帯,延長100-200m,,,147,6,4.08,4751,22.06,0.185,3.09,消寄B,,芝ダ替わり=ダ→芝 + 距離変化帯=延長100-200m
中山,芝,1600,2,前走着差帯,2.0秒以上負け,前走上り順帯,上り6-9位,,,73,3,4.11,4751,22.06,0.186,1.54,消寄B,,前走着差帯=2.0秒以上負け + 前走上り順帯=上り6-9位
中山,芝,1800,2,前走上り順帯,上り10位以下,頭数変化,今回かなり頭数増,,,33,0,0.0,2615,23.56,0.0,1.26,消寄A,,前走上り順帯=上り10位以下 + 頭数変化=今回かなり頭数増
中山,芝,1800,2,芝ダ替わり,ダ→芝,頭数変化,同頭数,,,25,0,0.0,2615,23.56,0.0,0.96,消寄A,,芝ダ替わり=ダ→芝 + 頭数変化=同頭数
中山,芝,1800,2,芝ダ替わり,ダ→芝,距離変化帯,延長300-400m,,,24,0,0.0,2615,23.56,0.0,0.92,消寄A,,芝ダ替わり=ダ→芝 + 距離変化帯=延長300-400m
中山,芝,1800,2,前走着差帯,2.0秒以上負け,休み明け区分,休み明け2戦目,,,55,1,1.82,2615,23.56,0.077,2.1,消寄A,,前走着差帯=2.0秒以上負け + 休み明け区分=休み明け2戦目
中山,芝,1800,2,芝ダ替わり,ダ→芝,前走脚質帯,追込/後方,,,46,1,2.17,2615,23.56,0.092,1.76,消寄A,,芝ダ替わり=ダ→芝 + 前走脚質帯=追込/後方
中山,芝,1800,2,前走着順帯,前走10着以下,前走上り順帯,上り4-5位,,,37,1,2.7,2615,23.56,0.115,1.41,消寄A,,前走着順帯=前走10着以下 + 前走上り順帯=上り4-5位
中山,芝,1800,2,前走着差帯,2.0秒以上負け,前走4角位置,4角7-10番手,,,61,3,4.92,2615,23.56,0.209,2.33,消寄B,,前走着差帯=2.0秒以上負け + 前走4角位置=4角7-10番手
中山,芝,1800,2,前走着差帯,2.0秒以上負け,前走着順帯,前走10着以下,,,186,14,7.53,2615,23.56,0.32,7.11,消寄C,,前走着差帯=2.0秒以上負け + 前走着順帯=前走10着以下
中山,芝,1800,2,前走着順帯,前走10着以下,休み明け区分,休み明け2戦目,,,165,13,7.88,2615,23.56,0.334,6.31,消寄C,,前走着順帯=前走10着以下 + 休み明け区分=休み明け2戦目
中山,芝,1800,2,前走着差帯,2.0秒以上負け,前走脚質帯,追込/後方,,,100,8,8.0,2615,23.56,0.34,3.82,消寄C,,前走着差帯=2.0秒以上負け + 前走脚質帯=追込/後方
中山,芝,2000,2,距離変化帯,延長500m以上,今回頭数帯,16頭以上,,,28,0,0.0,3161,22.81,0.0,0.89,消寄A,,距離変化帯=延長500m以上 + 今回頭数帯=16頭以上
中山,芝,2000,2,距離変化帯,短縮100-200m,前走着差帯,2.0秒以上負け,,,21,0,0.0,3161,22.81,0.0,0.66,消寄A,,距離変化帯=短縮100-200m + 前走着差帯=2.0秒以上負け
中山,芝,2000,2,距離変化帯,延長500m以上,前走脚質帯,追込/後方,,,21,0,0.0,3161,22.81,0.0,0.66,消寄A,,距離変化帯=延長500m以上 + 前走脚質帯=追込/後方
中山,芝,2000,2,前走着差帯,2.0秒以上負け,頭数変化,今回かなり頭数増,,,49,1,2.04,3161,22.81,0.089,1.55,消寄A,,前走着差帯=2.0秒以上負け + 頭数変化=今回かなり頭数増
中山,芝,2000,2,前走着順帯,前走10着以下,頭数変化,今回かなり頭数増,,,65,2,3.08,3161,22.81,0.135,2.06,消寄B,,前走着順帯=前走10着以下 + 頭数変化=今回かなり頭数増
中山,芝,2000,2,前走着順帯,前走10着以下,休み明け区分,休み明け2戦目,,,144,9,6.25,3161,22.81,0.274,4.56,消寄C,,前走着順帯=前走10着以下 + 休み明け区分=休み明け2戦目
中山,芝,2000,2,前走上り順帯,上り4-5位,前走脚質帯,追込/後方,,,111,7,6.31,3161,22.81,0.276,3.51,消寄C,,前走上り順帯=上り4-5位 + 前走脚質帯=追込/後方
中山,芝,2000,2,前走上り順帯,上り10位以下,休み明け区分,休み明け2戦目,,,141,11,7.8,3161,22.81,0.342,4.46,消寄C,,前走上り順帯=上り10位以下 + 休み明け区分=休み明け2戦目
中山,芝,2200,2,芝ダ替わり,ダ→芝,前走4角位置,4角11番手以下,,,28,0,0.0,1387,23.0,0.0,2.02,消寄A,,芝ダ替わり=ダ→芝 + 前走4角位置=4角11番手以下
中山,芝,2200,2,距離変化帯,延長100-200m,前走着差帯,1.5-1.9秒負け,,,28,0,0.0,1387,23.0,0.0,2.02,消寄A,,距離変化帯=延長100-200m + 前走着差帯=1.5-1.9秒負け
中山,芝,2200,2,前走着差帯,1.5-1.9秒負け,頭数変化,今回頭数増,,,20,0,0.0,1387,23.0,0.0,1.44,消寄A,,前走着差帯=1.5-1.9秒負け + 頭数変化=今回頭数増
中山,芝,2200,2,前走着順帯,前走10着以下,頭数変化,今回頭数増,,,81,1,1.23,1387,23.0,0.054,5.84,消寄A,,前走着順帯=前走10着以下 + 頭数変化=今回頭数増
中山,芝,2200,2,前走上り順帯,上り10位以下,前走4角位置,4角11番手以下,,,50,1,2.0,1387,23.0,0.087,3.6,消寄A,,前走上り順帯=上り10位以下 + 前走4角位置=4角11番手以下
中山,芝,2200,2,芝ダ替わり,ダ→芝,前走着順帯,前走10着以下,,,49,1,2.04,1387,23.0,0.089,3.53,消寄A,,芝ダ替わり=ダ→芝 + 前走着順帯=前走10着以下
中山,芝,2200,2,前走着差帯,2.0秒以上負け,前走4角位置,4角7-10番手,,,45,1,2.22,1387,23.0,0.097,3.24,消寄A,,前走着差帯=2.0秒以上負け + 前走4角位置=4角7-10番手
中山,芝,2200,2,距離変化帯,短縮300-400m,前走着順帯,前走10着以下,,,44,1,2.27,1387,23.0,0.099,3.17,消寄A,,距離変化帯=短縮300-400m + 前走着順帯=前走10着以下
中山,芝,2200,2,芝ダ替わり,ダ→芝,前走着差帯,2.0秒以上負け,,,40,1,2.5,1387,23.0,0.109,2.88,消寄A,,芝ダ替わり=ダ→芝 + 前走着差帯=2.0秒以上負け
中山,芝,2200,2,芝ダ替わり,ダ→芝,今回頭数帯,16頭以上,,,38,1,2.63,1387,23.0,0.114,2.74,消寄A,,芝ダ替わり=ダ→芝 + 今回頭数帯=16頭以上
中山,芝,2200,2,前走着差帯,2.0秒以上負け,頭数変化,今回頭数増,,,38,1,2.63,1387,23.0,0.114,2.74,消寄A,,前走着差帯=2.0秒以上負け + 頭数変化=今回頭数増
中山,芝,2200,2,芝ダ替わり,ダ→芝,前走上り順帯,上り10位以下,,,35,1,2.86,1387,23.0,0.124,2.52,消寄A,,芝ダ替わり=ダ→芝 + 前走上り順帯=上り10位以下
中山,芝,2200,2,前走上り順帯,上り10位以下,頭数変化,今回頭数増,,,69,2,2.9,1387,23.0,0.126,4.97,消寄A,,前走上り順帯=上り10位以下 + 頭数変化=今回頭数増
中山,芝,2200,2,前走上り順帯,上り10位以下,前走脚質帯,追込/後方,,,63,2,3.17,1387,23.0,0.138,4.54,消寄B,,前走上り順帯=上り10位以下 + 前走脚質帯=追込/後方
中山,芝,2200,2,前走着順帯,前走10着以下,休み明け区分,休み明け4戦目以降,,,93,3,3.23,1387,23.0,0.14,6.71,消寄B,,前走着順帯=前走10着以下 + 休み明け区分=休み明け4戦目以降
中山,芝,2200,2,前走着順帯,前走6-9着,頭数変化,今回かなり頭数増,,,72,3,4.17,1387,23.0,0.181,5.19,消寄B,,前走着順帯=前走6-9着 + 頭数変化=今回かなり頭数増
中山,芝,2200,2,前走着差帯,2.0秒以上負け,前走脚質帯,追込/後方,,,66,3,4.55,1387,23.0,0.198,4.76,消寄B,,前走着差帯=2.0秒以上負け + 前走脚質帯=追込/後方
中山,芝,2200,2,前走着順帯,前走10着以下,前走4角位置,4角11番手以下,,,127,9,7.09,1387,23.0,0.308,9.16,消寄C,,前走着順帯=前走10着以下 + 前走4角位置=4角11番手以下
中山,芝,2200,2,前走着順帯,前走10着以下,前走脚質帯,追込/後方,,,148,11,7.43,1387,23.0,0.323,10.67,消寄C,,前走着順帯=前走10着以下 + 前走脚質帯=追込/後方
中山,芝,2200,2,前走着差帯,2.0秒以上負け,前走着順帯,前走10着以下,,,120,9,7.5,1387,23.0,0.326,8.65,消寄C,,前走着差帯=2.0秒以上負け + 前走着順帯=前走10着以下
中山,芝,2500,2,芝ダ替わり,ダ→芝,前走着順帯,前走10着以下,,,44,0,0.0,1278,23.94,0.0,3.44,消寄A,,芝ダ替わり=ダ→芝 + 前走着順帯=前走10着以下
中山,芝,2500,2,芝ダ替わり,ダ→芝,前走上り順帯,上り10位以下,,,34,0,0.0,1278,23.94,0.0,2.66,消寄A,,芝ダ替わり=ダ→芝 + 前走上り順帯=上り10位以下
中山,芝,2500,2,前走着差帯,2.0秒以上負け,頭数変化,同頭数,,,21,0,0.0,1278,23.94,0.0,1.64,消寄A,,前走着差帯=2.0秒以上負け + 頭数変化=同頭数
中山,芝,2500,2,前走着差帯,1.5-1.9秒負け,前走着順帯,前走10着以下,,,71,1,1.41,1278,23.94,0.059,5.56,消寄A,,前走着差帯=1.5-1.9秒負け + 前走着順帯=前走10着以下
中山,芝,2500,2,前走上り順帯,上り10位以下,前走4角位置,4角11番手以下,,,63,1,1.59,1278,23.94,0.066,4.93,消寄A,,前走上り順帯=上り10位以下 + 前走4角位置=4角11番手以下
中山,芝,2500,2,距離変化帯,延長500m以上,前走着差帯,2.0秒以上負け,,,49,1,2.04,1278,23.94,0.085,3.83,消寄A,,距離変化帯=延長500m以上 + 前走着差帯=2.0秒以上負け
中山,芝,2500,2,芝ダ替わり,ダ→芝,距離変化帯,延長500m以上,,,43,1,2.33,1278,23.94,0.097,3.36,消寄A,,芝ダ替わり=ダ→芝 + 距離変化帯=延長500m以上
中山,芝,2500,2,前走着差帯,2.0秒以上負け,休み明け区分,休み明け4戦目以降,,,39,1,2.56,1278,23.94,0.107,3.05,消寄A,,前走着差帯=2.0秒以上負け + 休み明け区分=休み明け4戦目以降
中山,芝,2500,2,芝ダ替わり,ダ→芝,今回頭数帯,12-15頭,,,38,1,2.63,1278,23.94,0.11,2.97,消寄A,,芝ダ替わり=ダ→芝 + 今回頭数帯=12-15頭
中山,芝,2500,2,芝ダ替わり,ダ→芝,前走脚質帯,追込/後方,,,37,1,2.7,1278,23.94,0.113,2.9,消寄A,,芝ダ替わり=ダ→芝 + 前走脚質帯=追込/後方
中山,芝,2500,2,距離変化帯,延長500m以上,前走着差帯,1.5-1.9秒負け,,,36,1,2.78,1278,23.94,0.116,2.82,消寄A,,距離変化帯=延長500m以上 + 前走着差帯=1.5-1.9秒負け
中山,芝,2500,2,前走上り順帯,上り10位以下,前走脚質帯,追込/後方,,,70,2,2.86,1278,23.94,0.119,5.48,消寄A,,前走上り順帯=上り10位以下 + 前走脚質帯=追込/後方
中山,芝,2500,2,前走着順帯,前走10着以下,前走脚質帯,先行/好位,,,34,1,2.94,1278,23.94,0.123,2.66,消寄A,,前走着順帯=前走10着以下 + 前走脚質帯=先行/好位
中山,芝,2500,2,距離変化帯,延長100-200m,前走着順帯,前走10着以下,,,58,2,3.45,1278,23.94,0.144,4.54,消寄B,,距離変化帯=延長100-200m + 前走着順帯=前走10着以下
中山,芝,2500,2,前走着順帯,前走10着以下,休み明け区分,休み明け3戦目,,,53,2,3.77,1278,23.94,0.158,4.15,消寄B,,前走着順帯=前走10着以下 + 休み明け区分=休み明け3戦目
中山,芝,2500,2,前走着順帯,前走10着以下,今回頭数帯,12-15頭,,,124,5,4.03,1278,23.94,0.168,9.7,消寄B,,前走着順帯=前走10着以下 + 今回頭数帯=12-15頭
中山,芝,2500,2,前走着差帯,2.0秒以上負け,今回頭数帯,12-15頭,,,73,3,4.11,1278,23.94,0.172,5.71,消寄B,,前走着差帯=2.0秒以上負け + 今回頭数帯=12-15頭
中山,芝,2500,2,前走着差帯,2.0秒以上負け,前走上り順帯,上り10位以下,,,89,4,4.49,1278,23.94,0.188,6.96,消寄B,,前走着差帯=2.0秒以上負け + 前走上り順帯=上り10位以下
中山,芝,2500,2,前走着順帯,前走10着以下,前走脚質帯,追込/後方,,,143,7,4.9,1278,23.94,0.204,11.19,消寄B,,前走着順帯=前走10着以下 + 前走脚質帯=追込/後方
中山,芝,2500,2,前走着順帯,前走10着以下,前走上り順帯,上り10位以下,,,183,9,4.92,1278,23.94,0.205,14.32,消寄B,,前走着順帯=前走10着以下 + 前走上り順帯=上り10位以下
中山,芝,4100,2,距離変化帯,延長500m以上,前走着順帯,前走6-9着,,,30,0,0.0,127,23.62,0.0,23.62,消寄A,,距離変化帯=延長500m以上 + 前走着順帯=前走6-9着
中山,芝,4100,2,芝ダ替わり,芝→芝,前走着順帯,前走6-9着,,,27,0,0.0,127,23.62,0.0,21.26,消寄A,,芝ダ替わり=芝→芝 + 前走着順帯=前走6-9着
中山,芝,4100,2,今回頭数帯,12-15頭,休み明け区分,休み明け3戦目,,,21,0,0.0,127,23.62,0.0,16.54,消寄A,,今回頭数帯=12-15頭 + 休み明け区分=休み明け3戦目
中山,芝,4100,2,前走着順帯,前走6-9着,今回頭数帯,12-15頭,,,20,0,0.0,127,23.62,0.0,15.75,消寄A,,前走着順帯=前走6-9着 + 今回頭数帯=12-15頭
京都,ダ,1200,2,前走着差帯,2.0秒以上負け,頭数変化,今回かなり頭数増,,,43,0,0.0,3530,19.86,0.0,1.22,消寄A,,前走着差帯=2.0秒以上負け + 頭数変化=今回かなり頭数増
京都,ダ,1200,2,前走上り順帯,上り10位以下,頭数変化,今回かなり頭数増,,,30,0,0.0,3530,19.86,0.0,0.85,消寄A,,前走上り順帯=上り10位以下 + 頭数変化=今回かなり頭数増
京都,ダ,1200,2,前走着差帯,2.0秒以上負け,前走脚質帯,先行/好位,,,80,3,3.75,3530,19.86,0.189,2.27,消寄B,,前走着差帯=2.0秒以上負け + 前走脚質帯=先行/好位
京都,ダ,1200,2,芝ダ替わり,芝→ダ,前走脚質帯,差し/中団,,,85,4,4.71,3530,19.86,0.237,2.41,消寄B,,芝ダ替わり=芝→ダ + 前走脚質帯=差し/中団
京都,ダ,1200,2,前走着差帯,0.6-0.9秒負け,前走着順帯,前走10着以下,,,128,7,5.47,3530,19.86,0.275,3.63,消寄C,,前走着差帯=0.6-0.9秒負け + 前走着順帯=前走10着以下
京都,ダ,1200,2,前走着差帯,1.5-1.9秒負け,前走脚質帯,追込/後方,,,106,6,5.66,3530,19.86,0.285,3.0,消寄C,,前走着差帯=1.5-1.9秒負け + 前走脚質帯=追込/後方
京都,ダ,1200,2,前走着順帯,前走6-9着,頭数変化,今回かなり頭数増,,,105,6,5.71,3530,19.86,0.288,2.97,消寄C,,前走着順帯=前走6-9着 + 頭数変化=今回かなり頭数増
京都,ダ,1200,2,前走着順帯,前走10着以下,休み明け区分,休み明け3戦目,,,163,11,6.75,3530,19.86,0.34,4.62,消寄C,,前走着順帯=前走10着以下 + 休み明け区分=休み明け3戦目
京都,ダ,1200,2,前走上り順帯,上り10位以下,前走脚質帯,追込/後方,,,146,10,6.85,3530,19.86,0.345,4.14,消寄C,,前走上り順帯=上り10位以下 + 前走脚質帯=追込/後方
京都,ダ,1200,2,前走着差帯,2.0秒以上負け,今回頭数帯,16頭以上,,,260,18,6.92,3530,19.86,0.349,7.37,消寄C,,前走着差帯=2.0秒以上負け + 今回頭数帯=16頭以上
京都,ダ,1200,2,距離変化帯,短縮100-200m,前走着差帯,2.0秒以上負け,,,127,9,7.09,3530,19.86,0.357,3.6,消寄C,,距離変化帯=短縮100-200m + 前走着差帯=2.0秒以上負け
京都,ダ,1200,2,前走着差帯,2.0秒以上負け,休み明け区分,休み明け初戦,,,149,11,7.38,3530,19.86,0.372,4.22,消寄C,,前走着差帯=2.0秒以上負け + 休み明け区分=休み明け初戦
京都,ダ,1200,2,前走着差帯,2.0秒以上負け,頭数変化,同頭数,,,176,13,7.39,3530,19.86,0.372,4.99,消寄C,,前走着差帯=2.0秒以上負け + 頭数変化=同頭数
京都,ダ,1200,2,前走着順帯,前走10着以下,前走脚質帯,追込/後方,,,407,31,7.62,3530,19.86,0.384,11.53,消寄C,,前走着順帯=前走10着以下 + 前走脚質帯=追込/後方
京都,ダ,1200,2,前走着差帯,2.0秒以上負け,前走4角位置,4角11番手以下,,,104,8,7.69,3530,19.86,0.387,2.95,消寄C,,前走着差帯=2.0秒以上負け + 前走4角位置=4角11番手以下
京都,ダ,1200,2,前走着差帯,2.0秒以上負け,前走脚質帯,追込/後方,,,141,11,7.8,3530,19.86,0.393,3.99,消寄C,,前走着差帯=2.0秒以上負け + 前走脚質帯=追込/後方
京都,ダ,1200,2,距離変化帯,同距離,前走着差帯,2.0秒以上負け,,,176,14,7.95,3530,19.86,0.401,4.99,消寄C,,距離変化帯=同距離 + 前走着差帯=2.0秒以上負け
京都,ダ,1400,2,芝ダ替わり,芝→ダ,前走着差帯,2.0秒以上負け,,,44,0,0.0,3559,20.15,0.0,1.24,消寄A,,芝ダ替わり=芝→ダ + 前走着差帯=2.0秒以上負け
京都,ダ,1400,2,距離変化帯,延長300-400m,前走4角位置,4角11番手以下,,,23,0,0.0,3559,20.15,0.0,0.65,消寄A,,距離変化帯=延長300-400m + 前走4角位置=4角11番手以下
京都,ダ,1400,2,距離変化帯,延長300-400m,前走上り順帯,上り10位以下,,,22,0,0.0,3559,20.15,0.0,0.62,消寄A,,距離変化帯=延長300-400m + 前走上り順帯=上り10位以下
京都,ダ,1400,2,距離変化帯,短縮500m以上,頭数変化,今回かなり頭数増,,,20,0,0.0,3559,20.15,0.0,0.56,消寄A,,距離変化帯=短縮500m以上 + 頭数変化=今回かなり頭数増
京都,ダ,1400,2,芝ダ替わり,芝→ダ,頭数変化,今回かなり頭数増,,,48,1,2.08,3559,20.15,0.103,1.35,消寄A,,芝ダ替わり=芝→ダ + 頭数変化=今回かなり頭数増
京都,ダ,1400,2,芝ダ替わり,芝→ダ,距離変化帯,延長100-200m,,,84,2,2.38,3559,20.15,0.118,2.36,消寄A,,芝ダ替わり=芝→ダ + 距離変化帯=延長100-200m
京都,ダ,1400,2,距離変化帯,短縮100-200m,前走着差帯,1.5-1.9秒負け,,,35,1,2.86,3559,20.15,0.142,0.98,消寄A,,距離変化帯=短縮100-200m + 前走着差帯=1.5-1.9秒負け
京都,ダ,1400,2,距離変化帯,延長300-400m,前走着順帯,前走10着以下,,,35,1,2.86,3559,20.15,0.142,0.98,消寄A,,距離変化帯=延長300-400m + 前走着順帯=前走10着以下
京都,ダ,1400,2,前走着順帯,前走10着以下,頭数変化,今回かなり頭数増,,,65,3,4.62,3559,20.15,0.229,1.83,消寄B,,前走着順帯=前走10着以下 + 頭数変化=今回かなり頭数増
京都,ダ,1400,2,前走上り順帯,上り10位以下,頭数変化,今回かなり頭数増,,,61,3,4.92,3559,20.15,0.244,1.71,消寄B,,前走上り順帯=上り10位以下 + 頭数変化=今回かなり頭数増
京都,ダ,1400,2,前走着差帯,2.0秒以上負け,前走脚質帯,差し/中団,,,153,8,5.23,3559,20.15,0.26,4.3,消寄C,,前走着差帯=2.0秒以上負け + 前走脚質帯=差し/中団
京都,ダ,1400,2,前走着差帯,2.0秒以上負け,休み明け区分,休み明け初戦,,,193,12,6.22,3559,20.15,0.309,5.42,消寄C,,前走着差帯=2.0秒以上負け + 休み明け区分=休み明け初戦
京都,ダ,1400,2,芝ダ替わり,芝→ダ,休み明け区分,休み明け初戦,,,106,7,6.6,3559,20.15,0.328,2.98,消寄C,,芝ダ替わり=芝→ダ + 休み明け区分=休み明け初戦
京都,ダ,1400,2,前走着差帯,2.0秒以上負け,前走4角位置,4角11番手以下,,,139,10,7.19,3559,20.15,0.357,3.91,消寄C,,前走着差帯=2.0秒以上負け + 前走4角位置=4角11番手以下
京都,ダ,1400,2,前走着差帯,2.0秒以上負け,前走上り順帯,上り10位以下,,,373,28,7.51,3559,20.15,0.373,10.48,消寄C,,前走着差帯=2.0秒以上負け + 前走上り順帯=上り10位以下
京都,ダ,1400,2,前走着差帯,2.0秒以上負け,今回頭数帯,16頭以上,,,316,24,7.59,3559,20.15,0.377,8.88,消寄C,,前走着差帯=2.0秒以上負け + 今回頭数帯=16頭以上
京都,ダ,1400,2,前走着差帯,2.0秒以上負け,前走着順帯,前走10着以下,,,406,31,7.64,3559,20.15,0.379,11.41,消寄C,,前走着差帯=2.0秒以上負け + 前走着順帯=前走10着以下
京都,ダ,1400,2,前走上り順帯,上り4-5位,前走4角位置,4角11番手以下,,,104,8,7.69,3559,20.15,0.382,2.92,消寄C,,前走上り順帯=上り4-5位 + 前走4角位置=4角11番手以下
京都,ダ,1400,2,前走着差帯,2.0秒以上負け,頭数変化,同頭数,,,193,15,7.77,3559,20.15,0.386,5.42,消寄C,,前走着差帯=2.0秒以上負け + 頭数変化=同頭数
京都,ダ,1400,2,前走着順帯,前走1着,頭数変化,今回かなり頭数増,,,127,10,7.87,3559,20.15,0.391,3.57,消寄C,,前走着順帯=前走1着 + 頭数変化=今回かなり頭数増
京都,ダ,1800,2,距離変化帯,延長100-200m,頭数変化,今回かなり頭数増,,,44,1,2.27,4690,22.79,0.1,0.94,消寄A,,距離変化帯=延長100-200m + 頭数変化=今回かなり頭数増
京都,ダ,1800,2,前走着差帯,2.0秒以上負け,今回頭数帯,16頭以上,,,262,11,4.2,4690,22.79,0.184,5.59,消寄B,,前走着差帯=2.0秒以上負け + 今回頭数帯=16頭以上
京都,ダ,1800,2,前走着差帯,2.0秒以上負け,頭数変化,同頭数,,,151,8,5.3,4690,22.79,0.232,3.22,消寄C,,前走着差帯=2.0秒以上負け + 頭数変化=同頭数
京都,ダ,1800,2,距離変化帯,延長100-200m,前走着差帯,2.0秒以上負け,,,101,6,5.94,4690,22.79,0.261,2.15,消寄C,,距離変化帯=延長100-200m + 前走着差帯=2.0秒以上負け
京都,ダ,1800,2,前走着差帯,2.0秒以上負け,頭数変化,今回頭数増,,,200,12,6.0,4690,22.79,0.263,4.26,消寄C,,前走着差帯=2.0秒以上負け + 頭数変化=今回頭数増
京都,ダ,1800,2,距離変化帯,短縮100-200m,前走着差帯,2.0秒以上負け,,,146,10,6.85,4690,22.79,0.3,3.11,消寄C,,距離変化帯=短縮100-200m + 前走着差帯=2.0秒以上負け
京都,ダ,1800,2,前走着差帯,2.0秒以上負け,前走4角位置,4角7-10番手,,,277,19,6.86,4690,22.79,0.301,5.91,消寄C,,前走着差帯=2.0秒以上負け + 前走4角位置=4角7-10番手
京都,ダ,1800,2,距離変化帯,短縮100-200m,前走着順帯,前走10着以下,,,159,11,6.92,4690,22.79,0.304,3.39,消寄C,,距離変化帯=短縮100-200m + 前走着順帯=前走10着以下
京都,ダ,1800,2,前走着順帯,前走10着以下,頭数変化,同頭数,,,277,20,7.22,4690,22.79,0.317,5.91,消寄C,,前走着順帯=前走10着以下 + 頭数変化=同頭数
京都,ダ,1800,2,前走着差帯,2.0秒以上負け,休み明け区分,休み明け2戦目,,,244,18,7.38,4690,22.79,0.324,5.2,消寄C,,前走着差帯=2.0秒以上負け + 休み明け区分=休み明け2戦目
京都,ダ,1800,2,前走着差帯,2.0秒以上負け,前走脚質帯,追込/後方,,,376,28,7.45,4690,22.79,0.327,8.02,消寄C,,前走着差帯=2.0秒以上負け + 前走脚質帯=追込/後方
京都,ダ,1800,2,前走着差帯,2.0秒以上負け,前走脚質帯,差し/中団,,,252,19,7.54,4690,22.79,0.331,5.37,消寄C,,前走着差帯=2.0秒以上負け + 前走脚質帯=差し/中団
京都,ダ,1800,2,前走着順帯,前走10着以下,今回頭数帯,16頭以上,,,405,31,7.65,4690,22.79,0.336,8.64,消寄C,,前走着順帯=前走10着以下 + 今回頭数帯=16頭以上
京都,ダ,1800,2,前走着差帯,2.0秒以上負け,前走着順帯,前走10着以下,,,625,48,7.68,4690,22.79,0.337,13.33,消寄C,,前走着差帯=2.0秒以上負け + 前走着順帯=前走10着以下
京都,ダ,1800,2,前走着差帯,2.0秒以上負け,休み明け区分,休み明け4戦目以降,,,194,15,7.73,4690,22.79,0.339,4.14,消寄C,,前走着差帯=2.0秒以上負け + 休み明け区分=休み明け4戦目以降
京都,ダ,1800,2,前走着差帯,2.0秒以上負け,休み明け区分,休み明け3戦目,,,101,8,7.92,4690,22.79,0.348,2.15,消寄C,,前走着差帯=2.0秒以上負け + 休み明け区分=休み明け3戦目
京都,ダ,1800,2,芝ダ替わり,ダ→ダ,前走着差帯,2.0秒以上負け,,,752,60,7.98,4690,22.79,0.35,16.03,消寄C,,芝ダ替わり=ダ→ダ + 前走着差帯=2.0秒以上負け
京都,ダ,1900,2,芝ダ替わり,芝→ダ,休み明け区分,休み明け2戦目,,,22,0,0.0,1595,22.57,0.0,1.38,消寄A,,芝ダ替わり=芝→ダ + 休み明け区分=休み明け2戦目
京都,ダ,1900,2,芝ダ替わり,芝→ダ,前走4角位置,4角2-3番手,,,21,0,0.0,1595,22.57,0.0,1.32,消寄A,,芝ダ替わり=芝→ダ + 前走4角位置=4角2-3番手
京都,ダ,1900,2,距離変化帯,同距離,前走着順帯,前走10着以下,,,35,1,2.86,1595,22.57,0.127,2.19,消寄A,,距離変化帯=同距離 + 前走着順帯=前走10着以下
京都,ダ,1900,2,前走着差帯,1.0-1.4秒負け,頭数変化,今回頭数増,,,66,2,3.03,1595,22.57,0.134,4.14,消寄B,,前走着差帯=1.0-1.4秒負け + 頭数変化=今回頭数増
京都,ダ,1900,2,前走着順帯,前走10着以下,休み明け区分,休み明け2戦目,,,110,6,5.45,1595,22.57,0.242,6.9,消寄C,,前走着順帯=前走10着以下 + 休み明け区分=休み明け2戦目
京都,芝,1200,2,芝ダ替わり,ダ→芝,前走4角位置,4角4-6番手,,,31,0,0.0,1976,19.84,0.0,1.57,消寄A,,芝ダ替わり=ダ→芝 + 前走4角位置=4角4-6番手
京都,芝,1200,2,距離変化帯,延長100-200m,前走脚質帯,差し/中団,,,30,0,0.0,1976,19.84,0.0,1.52,消寄A,,距離変化帯=延長100-200m + 前走脚質帯=差し/中団
京都,芝,1200,2,前走着差帯,2.0秒以上負け,頭数変化,今回頭数増,,,30,0,0.0,1976,19.84,0.0,1.52,消寄A,,前走着差帯=2.0秒以上負け + 頭数変化=今回頭数増
京都,芝,1200,2,前走着差帯,2.0秒以上負け,前走脚質帯,先行/好位,,,23,0,0.0,1976,19.84,0.0,1.16,消寄A,,前走着差帯=2.0秒以上負け + 前走脚質帯=先行/好位
京都,芝,1200,2,芝ダ替わり,ダ→芝,頭数変化,今回かなり頭数増,,,22,0,0.0,1976,19.84,0.0,1.11,消寄A,,芝ダ替わり=ダ→芝 + 頭数変化=今回かなり頭数増
京都,芝,1200,2,前走着差帯,2.0秒以上負け,休み明け区分,休み明け4戦目以降,,,22,0,0.0,1976,19.84,0.0,1.11,消寄A,,前走着差帯=2.0秒以上負け + 休み明け区分=休み明け4戦目以降
京都,芝,1200,2,距離変化帯,延長100-200m,前走4角位置,4角7-10番手,,,21,0,0.0,1976,19.84,0.0,1.06,消寄A,,距離変化帯=延長100-200m + 前走4角位置=4角7-10番手
京都,芝,1200,2,前走着差帯,2.0秒以上負け,今回頭数帯,16頭以上,,,57,1,1.75,1976,19.84,0.088,2.88,消寄A,,前走着差帯=2.0秒以上負け + 今回頭数帯=16頭以上
京都,芝,1200,2,芝ダ替わり,ダ→芝,頭数変化,今回頭数増,,,51,1,1.96,1976,19.84,0.099,2.58,消寄A,,芝ダ替わり=ダ→芝 + 頭数変化=今回頭数増
京都,芝,1200,2,距離変化帯,延長100-200m,今回頭数帯,16頭以上,,,50,1,2.0,1976,19.84,0.101,2.53,消寄A,,距離変化帯=延長100-200m + 今回頭数帯=16頭以上
京都,芝,1200,2,前走着差帯,2.0秒以上負け,前走脚質帯,追込/後方,,,40,1,2.5,1976,19.84,0.126,2.02,消寄A,,前走着差帯=2.0秒以上負け + 前走脚質帯=追込/後方
京都,芝,1200,2,芝ダ替わり,芝→芝,前走着差帯,2.0秒以上負け,,,66,2,3.03,1976,19.84,0.153,3.34,消寄B,,芝ダ替わり=芝→芝 + 前走着差帯=2.0秒以上負け
京都,芝,1200,2,芝ダ替わり,ダ→芝,今回頭数帯,16頭以上,,,89,3,3.37,1976,19.84,0.17,4.5,消寄B,,芝ダ替わり=ダ→芝 + 今回頭数帯=16頭以上
京都,芝,1200,2,前走着差帯,2.0秒以上負け,前走着順帯,前走10着以下,,,97,4,4.12,1976,19.84,0.208,4.91,消寄B,,前走着差帯=2.0秒以上負け + 前走着順帯=前走10着以下
京都,芝,1200,2,前走着差帯,2.0秒以上負け,前走上り順帯,上り10位以下,,,84,4,4.76,1976,19.84,0.24,4.25,消寄B,,前走着差帯=2.0秒以上負け + 前走上り順帯=上り10位以下
京都,芝,1200,2,前走4角位置,4角11番手以下,休み明け区分,休み明け4戦目以降,,,140,10,7.14,1976,19.84,0.36,7.09,消寄C,,前走4角位置=4角11番手以下 + 休み明け区分=休み明け4戦目以降
京都,芝,1200,2,前走着順帯,前走10着以下,休み明け区分,休み明け4戦目以降,,,214,16,7.48,1976,19.84,0.377,10.83,消寄C,,前走着順帯=前走10着以下 + 休み明け区分=休み明け4戦目以降
京都,芝,1400,2,前走着差帯,1.5-1.9秒負け,前走4角位置,4角11番手以下,,,24,0,0.0,2279,22.42,0.0,1.05,消寄A,,前走着差帯=1.5-1.9秒負け + 前走4角位置=4角11番手以下
京都,芝,1400,2,芝ダ替わり,ダ→芝,休み明け区分,休み明け3戦目,,,22,0,0.0,2279,22.42,0.0,0.97,消寄A,,芝ダ替わり=ダ→芝 + 休み明け区分=休み明け3戦目
京都,芝,1400,2,前走着差帯,1.5-1.9秒負け,前走脚質帯,追込/後方,,,38,1,2.63,2279,22.42,0.117,1.67,消寄A,,前走着差帯=1.5-1.9秒負け + 前走脚質帯=追込/後方
京都,芝,1400,2,前走着差帯,1.5-1.9秒負け,前走上り順帯,上り6-9位,,,36,1,2.78,2279,22.42,0.124,1.58,消寄A,,前走着差帯=1.5-1.9秒負け + 前走上り順帯=上り6-9位
京都,芝,1400,2,前走着差帯,1.5-1.9秒負け,今回頭数帯,16頭以上,,,55,2,3.64,2279,22.42,0.162,2.41,消寄B,,前走着差帯=1.5-1.9秒負け + 今回頭数帯=16頭以上
京都,芝,1400,2,前走着差帯,2.0秒以上負け,前走脚質帯,追込/後方,,,52,2,3.85,2279,22.42,0.172,2.28,消寄B,,前走着差帯=2.0秒以上負け + 前走脚質帯=追込/後方
京都,芝,1400,2,前走着差帯,1.0-1.4秒負け,休み明け区分,休み明け4戦目以降,,,77,3,3.9,2279,22.42,0.174,3.38,消寄B,,前走着差帯=1.0-1.4秒負け + 休み明け区分=休み明け4戦目以降
京都,芝,1400,2,芝ダ替わり,ダ→芝,前走4角位置,4角7-10番手,,,51,2,3.92,2279,22.42,0.175,2.24,消寄B,,芝ダ替わり=ダ→芝 + 前走4角位置=4角7-10番手
京都,芝,1400,2,前走上り順帯,上り10位以下,前走脚質帯,追込/後方,,,60,3,5.0,2279,22.42,0.223,2.63,消寄B,,前走上り順帯=上り10位以下 + 前走脚質帯=追込/後方
京都,芝,1400,2,前走着順帯,前走10着以下,頭数変化,同頭数,,,103,8,7.77,2279,22.42,0.346,4.52,消寄C,,前走着順帯=前走10着以下 + 頭数変化=同頭数
京都,芝,1600,2,芝ダ替わり,ダ→芝,前走着差帯,1.5-1.9秒負け,,,42,0,0.0,2737,24.15,0.0,1.53,消寄A,,芝ダ替わり=ダ→芝 + 前走着差帯=1.5-1.9秒負け
京都,芝,1600,2,前走着差帯,1.5-1.9秒負け,休み明け区分,休み明け3戦目,,,21,0,0.0,2737,24.15,0.0,0.77,消寄A,,前走着差帯=1.5-1.9秒負け + 休み明け区分=休み明け3戦目
京都,芝,1600,2,前走着差帯,0.6-0.9秒負け,前走4角位置,4角1番手,,,39,1,2.56,2737,24.15,0.106,1.42,消寄A,,前走着差帯=0.6-0.9秒負け + 前走4角位置=4角1番手
京都,芝,1600,2,前走着差帯,2.0秒以上負け,前走上り順帯,上り6-9位,,,38,1,2.63,2737,24.15,0.109,1.39,消寄A,,前走着差帯=2.0秒以上負け + 前走上り順帯=上り6-9位
京都,芝,1600,2,前走着差帯,0.6-0.9秒負け,前走脚質帯,逃げ,,,37,1,2.7,2737,24.15,0.112,1.35,消寄A,,前走着差帯=0.6-0.9秒負け + 前走脚質帯=逃げ
京都,芝,1600,2,芝ダ替わり,ダ→芝,頭数変化,今回頭数増,,,64,2,3.12,2737,24.15,0.129,2.34,消寄B,,芝ダ替わり=ダ→芝 + 頭数変化=今回頭数増
京都,芝,1600,2,芝ダ替わり,ダ→芝,前走脚質帯,先行/好位,,,61,2,3.28,2737,24.15,0.136,2.23,消寄B,,芝ダ替わり=ダ→芝 + 前走脚質帯=先行/好位
京都,芝,1600,2,前走着差帯,2.0秒以上負け,頭数変化,今回頭数増,,,58,2,3.45,2737,24.15,0.143,2.12,消寄B,,前走着差帯=2.0秒以上負け + 頭数変化=今回頭数増
京都,芝,1600,2,前走着順帯,前走10着以下,頭数変化,今回頭数増,,,163,11,6.75,2737,24.15,0.279,5.96,消寄C,,前走着順帯=前走10着以下 + 頭数変化=今回頭数増
京都,芝,1800,2,前走着差帯,2.0秒以上負け,前走4角位置,4角11番手以下,,,44,0,0.0,1815,27.27,0.0,2.42,消寄A,,前走着差帯=2.0秒以上負け + 前走4角位置=4角11番手以下
京都,芝,1800,2,前走着差帯,2.0秒以上負け,前走上り順帯,上り6-9位,,,35,0,0.0,1815,27.27,0.0,1.93,消寄A,,前走着差帯=2.0秒以上負け + 前走上り順帯=上り6-9位
京都,芝,1800,2,距離変化帯,延長300-400m,今回頭数帯,12-15頭,,,20,0,0.0,1815,27.27,0.0,1.1,消寄A,,距離変化帯=延長300-400m + 今回頭数帯=12-15頭
京都,芝,1800,2,前走着差帯,2.0秒以上負け,前走脚質帯,追込/後方,,,60,1,1.67,1815,27.27,0.061,3.31,消寄A,,前走着差帯=2.0秒以上負け + 前走脚質帯=追込/後方
京都,芝,1800,2,前走上り順帯,上り10位以下,前走4角位置,4角11番手以下,,,45,1,2.22,1815,27.27,0.081,2.48,消寄A,,前走上り順帯=上り10位以下 + 前走4角位置=4角11番手以下
京都,芝,1800,2,前走4角位置,4角11番手以下,頭数変化,今回頭数増,,,37,1,2.7,1815,27.27,0.099,2.04,消寄A,,前走4角位置=4角11番手以下 + 頭数変化=今回頭数増
京都,芝,1800,2,芝ダ替わり,ダ→芝,休み明け区分,休み明け4戦目以降,,,35,1,2.86,1815,27.27,0.105,1.93,消寄A,,芝ダ替わり=ダ→芝 + 休み明け区分=休み明け4戦目以降
京都,芝,1800,2,前走上り順帯,上り10位以下,前走脚質帯,追込/後方,,,57,2,3.51,1815,27.27,0.129,3.14,消寄B,,前走上り順帯=上り10位以下 + 前走脚質帯=追込/後方
京都,芝,1800,2,前走着順帯,前走10着以下,前走4角位置,4角11番手以下,,,131,9,6.87,1815,27.27,0.252,7.22,消寄C,,前走着順帯=前走10着以下 + 前走4角位置=4角11番手以下
京都,芝,1800,2,前走着順帯,前走10着以下,前走脚質帯,追込/後方,,,155,12,7.74,1815,27.27,0.284,8.54,消寄C,,前走着順帯=前走10着以下 + 前走脚質帯=追込/後方
京都,芝,2000,2,前走上り順帯,上り10位以下,前走4角位置,4角11番手以下,,,41,0,0.0,1848,27.44,0.0,2.22,消寄A,,前走上り順帯=上り10位以下 + 前走4角位置=4角11番手以下
京都,芝,2000,2,前走着差帯,2.0秒以上負け,前走4角位置,4角11番手以下,,,51,1,1.96,1848,27.44,0.071,2.76,消寄A,,前走着差帯=2.0秒以上負け + 前走4角位置=4角11番手以下
京都,芝,2000,2,前走上り順帯,上り10位以下,前走脚質帯,追込/後方,,,51,2,3.92,1848,27.44,0.143,2.76,消寄B,,前走上り順帯=上り10位以下 + 前走脚質帯=追込/後方
京都,芝,2200,2,前走着差帯,2.0秒以上負け,前走上り順帯,上り6-9位,,,27,0,0.0,1019,26.2,0.0,2.65,消寄A,,前走着差帯=2.0秒以上負け + 前走上り順帯=上り6-9位
京都,芝,2200,2,前走着差帯,2.0秒以上負け,前走4角位置,4角4-6番手,,,22,0,0.0,1019,26.2,0.0,2.16,消寄A,,前走着差帯=2.0秒以上負け + 前走4角位置=4角4-6番手
京都,芝,2200,2,前走着差帯,2.0秒以上負け,前走着順帯,前走6-9着,,,20,0,0.0,1019,26.2,0.0,1.96,消寄A,,前走着差帯=2.0秒以上負け + 前走着順帯=前走6-9着
京都,芝,2200,2,前走着差帯,2.0秒以上負け,休み明け区分,休み明け4戦目以降,,,20,0,0.0,1019,26.2,0.0,1.96,消寄A,,前走着差帯=2.0秒以上負け + 休み明け区分=休み明け4戦目以降
京都,芝,2400,2,前走着順帯,前走10着以下,頭数変化,今回頭数増,,,36,0,0.0,1050,27.62,0.0,3.43,消寄A,,前走着順帯=前走10着以下 + 頭数変化=今回頭数増
京都,芝,2400,2,前走着差帯,0.6-0.9秒負け,前走着順帯,前走10着以下,,,27,0,0.0,1050,27.62,0.0,2.57,消寄A,,前走着差帯=0.6-0.9秒負け + 前走着順帯=前走10着以下
京都,芝,2400,2,距離変化帯,延長500m以上,頭数変化,今回頭数増,,,25,0,0.0,1050,27.62,0.0,2.38,消寄A,,距離変化帯=延長500m以上 + 頭数変化=今回頭数増
京都,芝,2400,2,前走着差帯,2.0秒以上負け,頭数変化,今回頭数増,,,23,0,0.0,1050,27.62,0.0,2.19,消寄A,,前走着差帯=2.0秒以上負け + 頭数変化=今回頭数増
京都,芝,2400,2,前走4角位置,4角11番手以下,頭数変化,今回頭数増,,,22,0,0.0,1050,27.62,0.0,2.1,消寄A,,前走4角位置=4角11番手以下 + 頭数変化=今回頭数増
京都,芝,2400,2,前走着順帯,前走10着以下,今回頭数帯,16頭以上,,,39,1,2.56,1050,27.62,0.093,3.71,消寄A,,前走着順帯=前走10着以下 + 今回頭数帯=16頭以上
京都,芝,3000,2,前走着順帯,前走10着以下,前走脚質帯,追込/後方,,,26,0,0.0,248,20.56,0.0,10.48,消寄A,,前走着順帯=前走10着以下 + 前走脚質帯=追込/後方
京都,芝,3000,2,前走着順帯,前走10着以下,前走4角位置,4角11番手以下,,,21,0,0.0,248,20.56,0.0,8.47,消寄A,,前走着順帯=前走10着以下 + 前走4角位置=4角11番手以下
京都,芝,3000,2,前走着順帯,前走10着以下,今回頭数帯,16頭以上,,,21,0,0.0,248,20.56,0.0,8.47,消寄A,,前走着順帯=前走10着以下 + 今回頭数帯=16頭以上
京都,芝,3000,2,前走着順帯,前走10着以下,休み明け区分,休み明け2戦目,,,20,0,0.0,248,20.56,0.0,8.06,消寄A,,前走着順帯=前走10着以下 + 休み明け区分=休み明け2戦目
京都,芝,3200,2,今回頭数帯,16頭以上,休み明け区分,休み明け4戦目以降,,,20,0,0.0,126,19.05,0.0,15.87,消寄A,,今回頭数帯=16頭以上 + 休み明け区分=休み明け4戦目以降
函館,ダ,1000,2,前走着差帯,1.5-1.9秒負け,頭数変化,今回頭数減,,,26,0,0.0,878,25.97,0.0,2.96,消寄A,,前走着差帯=1.5-1.9秒負け + 頭数変化=今回頭数減
函館,ダ,1000,2,芝ダ替わり,芝→ダ,前走脚質帯,追込/後方,,,22,0,0.0,878,25.97,0.0,2.51,消寄A,,芝ダ替わり=芝→ダ + 前走脚質帯=追込/後方
函館,ダ,1700,2,芝ダ替わり,芝→ダ,距離変化帯,延長500m以上,,,23,0,0.0,2358,24.68,0.0,0.98,消寄A,,芝ダ替わり=芝→ダ + 距離変化帯=延長500m以上
函館,ダ,1700,2,前走着差帯,2.0秒以上負け,頭数変化,同頭数,,,61,2,3.28,2358,24.68,0.133,2.59,消寄B,,前走着差帯=2.0秒以上負け + 頭数変化=同頭数
函館,芝,1200,2,距離変化帯,短縮500m以上,前走着差帯,2.0秒以上負け,,,42,1,2.38,2848,22.23,0.107,1.47,消寄A,,距離変化帯=短縮500m以上 + 前走着差帯=2.0秒以上負け
函館,芝,1200,2,芝ダ替わり,ダ→芝,前走4角位置,4角7-10番手,,,90,3,3.33,2848,22.23,0.15,3.16,消寄B,,芝ダ替わり=ダ→芝 + 前走4角位置=4角7-10番手
函館,芝,1200,2,前走着差帯,2.0秒以上負け,前走4角位置,4角11番手以下,,,52,2,3.85,2848,22.23,0.173,1.83,消寄B,,前走着差帯=2.0秒以上負け + 前走4角位置=4角11番手以下
函館,芝,1200,2,前走着差帯,2.0秒以上負け,前走脚質帯,追込/後方,,,69,3,4.35,2848,22.23,0.196,2.42,消寄B,,前走着差帯=2.0秒以上負け + 前走脚質帯=追込/後方
函館,芝,1200,2,前走上り順帯,上り10位以下,前走脚質帯,追込/後方,,,107,5,4.67,2848,22.23,0.21,3.76,消寄B,,前走上り順帯=上り10位以下 + 前走脚質帯=追込/後方
函館,芝,1200,2,前走着差帯,1.0-1.4秒負け,前走4角位置,4角7-10番手,,,124,7,5.65,2848,22.23,0.254,4.35,消寄C,,前走着差帯=1.0-1.4秒負け + 前走4角位置=4角7-10番手
函館,芝,1200,2,芝ダ替わり,ダ→芝,前走着差帯,2.0秒以上負け,,,105,7,6.67,2848,22.23,0.3,3.69,消寄C,,芝ダ替わり=ダ→芝 + 前走着差帯=2.0秒以上負け
函館,芝,1200,2,芝ダ替わり,ダ→芝,前走脚質帯,差し/中団,,,104,8,7.69,2848,22.23,0.346,3.65,消寄C,,芝ダ替わり=ダ→芝 + 前走脚質帯=差し/中団
函館,芝,1800,2,前走上り順帯,上り10位以下,頭数変化,今回頭数増,,,63,0,0.0,1229,24.41,0.0,5.13,消寄A,,前走上り順帯=上り10位以下 + 頭数変化=今回頭数増
函館,芝,1800,2,距離変化帯,短縮100-200m,前走着差帯,2.0秒以上負け,,,33,0,0.0,1229,24.41,0.0,2.69,消寄A,,距離変化帯=短縮100-200m + 前走着差帯=2.0秒以上負け
函館,芝,1800,2,前走着順帯,前走10着以下,頭数変化,今回頭数増,,,61,1,1.64,1229,24.41,0.067,4.96,消寄A,,前走着順帯=前走10着以下 + 頭数変化=今回頭数増
函館,芝,2000,2,芝ダ替わり,ダ→芝,今回頭数帯,12-15頭,,,27,0,0.0,997,25.68,0.0,2.71,消寄A,,芝ダ替わり=ダ→芝 + 今回頭数帯=12-15頭
函館,芝,2000,2,芝ダ替わり,ダ→芝,休み明け区分,休み明け初戦,,,20,0,0.0,997,25.68,0.0,2.01,消寄A,,芝ダ替わり=ダ→芝 + 休み明け区分=休み明け初戦
函館,芝,2000,2,前走上り順帯,上り10位以下,前走脚質帯,追込/後方,,,44,1,2.27,997,25.68,0.089,4.41,消寄A,,前走上り順帯=上り10位以下 + 前走脚質帯=追込/後方
函館,芝,2000,2,前走着差帯,1.5-1.9秒負け,前走脚質帯,追込/後方,,,35,1,2.86,997,25.68,0.111,3.51,消寄A,,前走着差帯=1.5-1.9秒負け + 前走脚質帯=追込/後方
函館,芝,2000,2,距離変化帯,延長100-200m,前走着順帯,前走10着以下,,,76,3,3.95,997,25.68,0.154,7.62,消寄B,,距離変化帯=延長100-200m + 前走着順帯=前走10着以下
小倉,ダ,1000,2,前走着順帯,前走6-9着,頭数変化,今回頭数増,,,35,0,0.0,1184,22.38,0.0,2.96,消寄A,,前走着順帯=前走6-9着 + 頭数変化=今回頭数増
小倉,ダ,1000,2,前走4角位置,4角11番手以下,休み明け区分,休み明け2戦目,,,23,0,0.0,1184,22.38,0.0,1.94,消寄A,,前走4角位置=4角11番手以下 + 休み明け区分=休み明け2戦目
小倉,ダ,1700,2,距離変化帯,延長500m以上,前走脚質帯,先行/好位,,,26,0,0.0,5412,20.51,0.0,0.48,消寄A,,距離変化帯=延長500m以上 + 前走脚質帯=先行/好位
小倉,ダ,1700,2,距離変化帯,短縮500m以上,前走4角位置,4角4-6番手,,,20,0,0.0,5412,20.51,0.0,0.37,消寄A,,距離変化帯=短縮500m以上 + 前走4角位置=4角4-6番手
小倉,ダ,1700,2,距離変化帯,延長100-200m,前走着差帯,2.0秒以上負け,,,61,1,1.64,5412,20.51,0.08,1.13,消寄A,,距離変化帯=延長100-200m + 前走着差帯=2.0秒以上負け
小倉,ダ,1700,2,距離変化帯,延長500m以上,前走着差帯,2.0秒以上負け,,,55,1,1.82,5412,20.51,0.089,1.02,消寄A,,距離変化帯=延長500m以上 + 前走着差帯=2.0秒以上負け
小倉,ダ,1700,2,距離変化帯,短縮300-400m,前走上り順帯,上り6-9位,,,48,1,2.08,5412,20.51,0.102,0.89,消寄A,,距離変化帯=短縮300-400m + 前走上り順帯=上り6-9位
小倉,ダ,1700,2,芝ダ替わり,芝→ダ,距離変化帯,延長500m以上,,,46,1,2.17,5412,20.51,0.106,0.85,消寄A,,芝ダ替わり=芝→ダ + 距離変化帯=延長500m以上
小倉,ダ,1700,2,芝ダ替わり,芝→ダ,頭数変化,今回かなり頭数減,,,39,1,2.56,5412,20.51,0.125,0.72,消寄A,,芝ダ替わり=芝→ダ + 頭数変化=今回かなり頭数減
小倉,ダ,1700,2,距離変化帯,短縮300-400m,前走4角位置,4角11番手以下,,,37,1,2.7,5412,20.51,0.132,0.68,消寄A,,距離変化帯=短縮300-400m + 前走4角位置=4角11番手以下
小倉,ダ,1700,2,芝ダ替わり,芝→ダ,前走4角位置,4角11番手以下,,,96,3,3.12,5412,20.51,0.152,1.77,消寄B,,芝ダ替わり=芝→ダ + 前走4角位置=4角11番手以下
小倉,ダ,1700,2,距離変化帯,延長300-400m,前走着差帯,2.0秒以上負け,,,129,5,3.88,5412,20.51,0.189,2.38,消寄B,,距離変化帯=延長300-400m + 前走着差帯=2.0秒以上負け
小倉,ダ,1700,2,距離変化帯,延長500m以上,前走脚質帯,追込/後方,,,123,5,4.07,5412,20.51,0.198,2.27,消寄B,,距離変化帯=延長500m以上 + 前走脚質帯=追込/後方
小倉,ダ,1700,2,距離変化帯,延長500m以上,前走上り順帯,上り10位以下,,,109,5,4.59,5412,20.51,0.224,2.01,消寄B,,距離変化帯=延長500m以上 + 前走上り順帯=上り10位以下
小倉,ダ,1700,2,距離変化帯,延長500m以上,前走4角位置,4角11番手以下,,,109,5,4.59,5412,20.51,0.224,2.01,消寄B,,距離変化帯=延長500m以上 + 前走4角位置=4角11番手以下
小倉,ダ,1700,2,距離変化帯,短縮300-400m,前走着差帯,2.0秒以上負け,,,65,3,4.62,5412,20.51,0.225,1.2,消寄B,,距離変化帯=短縮300-400m + 前走着差帯=2.0秒以上負け
小倉,ダ,1700,2,前走着順帯,前走10着以下,頭数変化,今回かなり頭数増,,,107,5,4.67,5412,20.51,0.228,1.98,消寄B,,前走着順帯=前走10着以下 + 頭数変化=今回かなり頭数増
小倉,ダ,1700,2,芝ダ替わり,芝→ダ,前走着差帯,2.0秒以上負け,,,128,6,4.69,5412,20.51,0.229,2.37,消寄B,,芝ダ替わり=芝→ダ + 前走着差帯=2.0秒以上負け
小倉,ダ,1700,2,距離変化帯,延長500m以上,前走着順帯,前走10着以下,,,170,8,4.71,5412,20.51,0.229,3.14,消寄B,,距離変化帯=延長500m以上 + 前走着順帯=前走10着以下
小倉,ダ,1700,2,距離変化帯,同距離,前走着順帯,前走10着以下,,,318,15,4.72,5412,20.51,0.23,5.88,消寄B,,距離変化帯=同距離 + 前走着順帯=前走10着以下
小倉,ダ,1700,2,前走上り順帯,上り10位以下,前走脚質帯,追込/後方,,,344,17,4.94,5412,20.51,0.241,6.36,消寄B,,前走上り順帯=上り10位以下 + 前走脚質帯=追込/後方
小倉,ダ,1700,2,距離変化帯,延長500m以上,今回頭数帯,16頭以上,,,161,8,4.97,5412,20.51,0.242,2.97,消寄B,,距離変化帯=延長500m以上 + 今回頭数帯=16頭以上
小倉,芝,1200,2,距離変化帯,延長100-200m,前走着差帯,2.0秒以上負け,,,32,0,0.0,6013,19.03,0.0,0.53,消寄A,,距離変化帯=延長100-200m + 前走着差帯=2.0秒以上負け
小倉,芝,1200,2,前走着差帯,2.0秒以上負け,前走上り順帯,上り1-3位,,,44,1,2.27,6013,19.03,0.119,0.73,消寄A,,前走着差帯=2.0秒以上負け + 前走上り順帯=上り1-3位
小倉,芝,1200,2,距離変化帯,延長100-200m,前走4角位置,4角2-3番手,,,41,1,2.44,6013,19.03,0.128,0.68,消寄A,,距離変化帯=延長100-200m + 前走4角位置=4角2-3番手
小倉,芝,1200,2,前走着差帯,2.0秒以上負け,頭数変化,今回かなり頭数増,,,135,5,3.7,6013,19.03,0.195,2.25,消寄B,,前走着差帯=2.0秒以上負け + 頭数変化=今回かなり頭数増
小倉,芝,1200,2,距離変化帯,延長100-200m,前走上り順帯,上り10位以下,,,121,5,4.13,6013,19.03,0.217,2.01,消寄B,,距離変化帯=延長100-200m + 前走上り順帯=上り10位以下
小倉,芝,1200,2,距離変化帯,短縮500m以上,頭数変化,今回頭数増,,,69,3,4.35,6013,19.03,0.229,1.15,消寄B,,距離変化帯=短縮500m以上 + 頭数変化=今回頭数増
小倉,芝,1200,2,前走着差帯,2.0秒以上負け,休み明け区分,休み明け2戦目,,,112,5,4.46,6013,19.03,0.235,1.86,消寄B,,前走着差帯=2.0秒以上負け + 休み明け区分=休み明け2戦目
小倉,芝,1200,2,前走着差帯,2.0秒以上負け,前走脚質帯,追込/後方,,,239,11,4.6,6013,19.03,0.242,3.97,消寄B,,前走着差帯=2.0秒以上負け + 前走脚質帯=追込/後方
小倉,芝,1200,2,前走着差帯,2.0秒以上負け,前走4角位置,4角11番手以下,,,184,9,4.89,6013,19.03,0.257,3.06,消寄B,,前走着差帯=2.0秒以上負け + 前走4角位置=4角11番手以下
小倉,芝,1200,2,距離変化帯,延長100-200m,前走着順帯,前走10着以下,,,133,7,5.26,6013,19.03,0.277,2.21,消寄C,,距離変化帯=延長100-200m + 前走着順帯=前走10着以下
小倉,芝,1200,2,前走着差帯,2.0秒以上負け,前走4角位置,4角7-10番手,,,177,10,5.65,6013,19.03,0.297,2.94,消寄C,,前走着差帯=2.0秒以上負け + 前走4角位置=4角7-10番手
小倉,芝,1200,2,前走上り順帯,上り10位以下,前走4角位置,4角11番手以下,,,247,14,5.67,6013,19.03,0.298,4.11,消寄C,,前走上り順帯=上り10位以下 + 前走4角位置=4角11番手以下
小倉,芝,1200,2,前走着差帯,2.0秒以上負け,休み明け区分,休み明け初戦,,,256,15,5.86,6013,19.03,0.308,4.26,消寄C,,前走着差帯=2.0秒以上負け + 休み明け区分=休み明け初戦
小倉,芝,1200,2,前走着差帯,2.0秒以上負け,今回頭数帯,16頭以上,,,465,28,6.02,6013,19.03,0.316,7.73,消寄C,,前走着差帯=2.0秒以上負け + 今回頭数帯=16頭以上
小倉,芝,1200,2,前走着順帯,前走10着以下,前走上り順帯,上り1-3位,,,131,8,6.11,6013,19.03,0.321,2.18,消寄C,,前走着順帯=前走10着以下 + 前走上り順帯=上り1-3位
小倉,芝,1200,2,前走上り順帯,上り10位以下,前走脚質帯,追込/後方,,,291,18,6.19,6013,19.03,0.325,4.84,消寄C,,前走上り順帯=上り10位以下 + 前走脚質帯=追込/後方
小倉,芝,1200,2,前走着順帯,前走10着以下,頭数変化,今回かなり頭数増,,,233,15,6.44,6013,19.03,0.338,3.87,消寄C,,前走着順帯=前走10着以下 + 頭数変化=今回かなり頭数増
小倉,芝,1200,2,距離変化帯,同距離,前走着差帯,1.5-1.9秒負け,,,263,17,6.46,6013,19.03,0.34,4.37,消寄C,,距離変化帯=同距離 + 前走着差帯=1.5-1.9秒負け
小倉,芝,1200,2,前走着差帯,2.0秒以上負け,前走脚質帯,差し/中団,,,213,14,6.57,6013,19.03,0.345,3.54,消寄C,,前走着差帯=2.0秒以上負け + 前走脚質帯=差し/中団
小倉,芝,1200,2,芝ダ替わり,ダ→芝,距離変化帯,延長100-200m,,,119,8,6.72,6013,19.03,0.353,1.98,消寄C,,芝ダ替わり=ダ→芝 + 距離変化帯=延長100-200m
小倉,芝,1800,2,距離変化帯,延長500m以上,前走脚質帯,追込/後方,,,46,0,0.0,2761,22.71,0.0,1.67,消寄A,,距離変化帯=延長500m以上 + 前走脚質帯=追込/後方
小倉,芝,1800,2,距離変化帯,延長500m以上,前走4角位置,4角11番手以下,,,44,0,0.0,2761,22.71,0.0,1.59,消寄A,,距離変化帯=延長500m以上 + 前走4角位置=4角11番手以下
小倉,芝,1800,2,距離変化帯,延長500m以上,休み明け区分,休み明け2戦目,,,38,0,0.0,2761,22.71,0.0,1.38,消寄A,,距離変化帯=延長500m以上 + 休み明け区分=休み明け2戦目
小倉,芝,1800,2,前走着順帯,前走10着以下,頭数変化,今回かなり頭数増,,,37,0,0.0,2761,22.71,0.0,1.34,消寄A,,前走着順帯=前走10着以下 + 頭数変化=今回かなり頭数増
小倉,芝,1800,2,距離変化帯,延長500m以上,前走着差帯,1.0-1.4秒負け,,,36,0,0.0,2761,22.71,0.0,1.3,消寄A,,距離変化帯=延長500m以上 + 前走着差帯=1.0-1.4秒負け
小倉,芝,1800,2,距離変化帯,延長500m以上,今回頭数帯,16頭以上,,,35,0,0.0,2761,22.71,0.0,1.27,消寄A,,距離変化帯=延長500m以上 + 今回頭数帯=16頭以上
小倉,芝,1800,2,距離変化帯,延長500m以上,前走4角位置,4角7-10番手,,,30,0,0.0,2761,22.71,0.0,1.09,消寄A,,距離変化帯=延長500m以上 + 前走4角位置=4角7-10番手
小倉,芝,1800,2,距離変化帯,延長500m以上,前走着差帯,2.0秒以上負け,,,24,0,0.0,2761,22.71,0.0,0.87,消寄A,,距離変化帯=延長500m以上 + 前走着差帯=2.0秒以上負け
小倉,芝,1800,2,芝ダ替わり,ダ→芝,距離変化帯,延長500m以上,,,22,0,0.0,2761,22.71,0.0,0.8,消寄A,,芝ダ替わり=ダ→芝 + 距離変化帯=延長500m以上
小倉,芝,1800,2,距離変化帯,延長500m以上,前走着差帯,0.6-0.9秒負け,,,20,0,0.0,2761,22.71,0.0,0.72,消寄A,,距離変化帯=延長500m以上 + 前走着差帯=0.6-0.9秒負け
小倉,芝,1800,2,距離変化帯,延長500m以上,前走着順帯,前走10着以下,,,77,1,1.3,2761,22.71,0.057,2.79,消寄A,,距離変化帯=延長500m以上 + 前走着順帯=前走10着以下
小倉,芝,1800,2,距離変化帯,延長500m以上,今回頭数帯,12-15頭,,,51,1,1.96,2761,22.71,0.086,1.85,消寄A,,距離変化帯=延長500m以上 + 今回頭数帯=12-15頭
小倉,芝,1800,2,距離変化帯,延長500m以上,前走上り順帯,上り10位以下,,,47,1,2.13,2761,22.71,0.094,1.7,消寄A,,距離変化帯=延長500m以上 + 前走上り順帯=上り10位以下
小倉,芝,1800,2,距離変化帯,延長500m以上,頭数変化,今回頭数減,,,45,1,2.22,2761,22.71,0.098,1.63,消寄A,,距離変化帯=延長500m以上 + 頭数変化=今回頭数減
小倉,芝,1800,2,芝ダ替わり,芝→芝,距離変化帯,延長500m以上,,,78,2,2.56,2761,22.71,0.113,2.83,消寄A,,芝ダ替わり=芝→芝 + 距離変化帯=延長500m以上
小倉,芝,1800,2,距離変化帯,延長300-400m,休み明け区分,休み明け2戦目,,,36,1,2.78,2761,22.71,0.122,1.3,消寄A,,距離変化帯=延長300-400m + 休み明け区分=休み明け2戦目
小倉,芝,1800,2,前走上り順帯,上り10位以下,頭数変化,今回かなり頭数増,,,34,1,2.94,2761,22.71,0.13,1.23,消寄A,,前走上り順帯=上り10位以下 + 頭数変化=今回かなり頭数増
小倉,芝,1800,2,芝ダ替わり,ダ→芝,頭数変化,今回かなり頭数増,,,53,2,3.77,2761,22.71,0.166,1.92,消寄B,,芝ダ替わり=ダ→芝 + 頭数変化=今回かなり頭数増
小倉,芝,1800,2,距離変化帯,延長300-400m,前走脚質帯,追込/後方,,,53,2,3.77,2761,22.71,0.166,1.92,消寄B,,距離変化帯=延長300-400m + 前走脚質帯=追込/後方
小倉,芝,1800,2,前走着差帯,2.0秒以上負け,頭数変化,同頭数,,,88,4,4.55,2761,22.71,0.2,3.19,消寄B,,前走着差帯=2.0秒以上負け + 頭数変化=同頭数
小倉,芝,2000,2,距離変化帯,延長500m以上,前走上り順帯,上り10位以下,,,35,0,0.0,2807,23.51,0.0,1.25,消寄A,,距離変化帯=延長500m以上 + 前走上り順帯=上り10位以下
小倉,芝,2000,2,距離変化帯,延長500m以上,前走着順帯,前走10着以下,,,51,1,1.96,2807,23.51,0.083,1.82,消寄A,,距離変化帯=延長500m以上 + 前走着順帯=前走10着以下
小倉,芝,2000,2,距離変化帯,延長500m以上,前走脚質帯,追込/後方,,,40,1,2.5,2807,23.51,0.106,1.43,消寄A,,距離変化帯=延長500m以上 + 前走脚質帯=追込/後方
小倉,芝,2000,2,前走着差帯,1.5-1.9秒負け,前走4角位置,4角2-3番手,,,39,1,2.56,2807,23.51,0.109,1.39,消寄A,,前走着差帯=1.5-1.9秒負け + 前走4角位置=4角2-3番手
小倉,芝,2000,2,芝ダ替わり,ダ→芝,距離変化帯,延長300-400m,,,77,2,2.6,2807,23.51,0.11,2.74,消寄A,,芝ダ替わり=ダ→芝 + 距離変化帯=延長300-400m
小倉,芝,2000,2,距離変化帯,延長500m以上,休み明け区分,休み明け2戦目,,,35,1,2.86,2807,23.51,0.122,1.25,消寄A,,距離変化帯=延長500m以上 + 休み明け区分=休み明け2戦目
小倉,芝,2000,2,距離変化帯,延長500m以上,前走4角位置,4角11番手以下,,,34,1,2.94,2807,23.51,0.125,1.21,消寄A,,距離変化帯=延長500m以上 + 前走4角位置=4角11番手以下
小倉,芝,2000,2,芝ダ替わり,ダ→芝,休み明け区分,休み明け2戦目,,,63,3,4.76,2807,23.51,0.203,2.24,消寄B,,芝ダ替わり=ダ→芝 + 休み明け区分=休み明け2戦目
小倉,芝,2000,2,芝ダ替わり,ダ→芝,頭数変化,今回頭数減,,,62,3,4.84,2807,23.51,0.206,2.21,消寄B,,芝ダ替わり=ダ→芝 + 頭数変化=今回頭数減
小倉,芝,2000,2,前走着差帯,1.5-1.9秒負け,今回頭数帯,16頭以上,,,105,6,5.71,2807,23.51,0.243,3.74,消寄C,,前走着差帯=1.5-1.9秒負け + 今回頭数帯=16頭以上
小倉,芝,2000,2,前走上り順帯,上り10位以下,頭数変化,今回頭数増,,,163,10,6.13,2807,23.51,0.261,5.81,消寄C,,前走上り順帯=上り10位以下 + 頭数変化=今回頭数増
小倉,芝,2000,2,芝ダ替わり,ダ→芝,前走着順帯,前走10着以下,,,139,10,7.19,2807,23.51,0.306,4.95,消寄C,,芝ダ替わり=ダ→芝 + 前走着順帯=前走10着以下
小倉,芝,2000,2,前走着差帯,2.0秒以上負け,頭数変化,今回頭数増,,,137,10,7.3,2807,23.51,0.31,4.88,消寄C,,前走着差帯=2.0秒以上負け + 頭数変化=今回頭数増
小倉,芝,2000,2,芝ダ替わり,ダ→芝,前走脚質帯,追込/後方,,,109,8,7.34,2807,23.51,0.312,3.88,消寄C,,芝ダ替わり=ダ→芝 + 前走脚質帯=追込/後方
小倉,芝,2000,2,前走着差帯,1.5-1.9秒負け,前走上り順帯,上り6-9位,,,121,9,7.44,2807,23.51,0.316,4.31,消寄C,,前走着差帯=1.5-1.9秒負け + 前走上り順帯=上り6-9位
小倉,芝,2000,2,前走着差帯,2.0秒以上負け,今回頭数帯,16頭以上,,,147,11,7.48,2807,23.51,0.318,5.24,消寄C,,前走着差帯=2.0秒以上負け + 今回頭数帯=16頭以上
小倉,芝,2000,2,芝ダ替わり,ダ→芝,前走着差帯,2.0秒以上負け,,,143,11,7.69,2807,23.51,0.327,5.09,消寄C,,芝ダ替わり=ダ→芝 + 前走着差帯=2.0秒以上負け
小倉,芝,2000,2,芝ダ替わり,ダ→芝,頭数変化,今回頭数増,,,101,8,7.92,2807,23.51,0.337,3.6,消寄C,,芝ダ替わり=ダ→芝 + 頭数変化=今回頭数増
小倉,芝,2600,2,距離変化帯,延長500m以上,前走着差帯,2.0秒以上負け,,,67,3,4.48,933,25.08,0.179,7.18,消寄B,,距離変化帯=延長500m以上 + 前走着差帯=2.0秒以上負け
小倉,芝,2600,2,距離変化帯,延長500m以上,前走着順帯,前走10着以下,,,117,8,6.84,933,25.08,0.273,12.54,消寄C,,距離変化帯=延長500m以上 + 前走着順帯=前走10着以下
新潟,ダ,1200,2,距離変化帯,短縮500m以上,前走4角位置,4角11番手以下,,,51,0,0.0,4470,20.74,0.0,1.14,消寄A,,距離変化帯=短縮500m以上 + 前走4角位置=4角11番手以下
新潟,ダ,1200,2,前走着差帯,1.5-1.9秒負け,頭数変化,今回かなり頭数増,,,23,0,0.0,4470,20.74,0.0,0.51,消寄A,,前走着差帯=1.5-1.9秒負け + 頭数変化=今回かなり頭数増
新潟,ダ,1200,2,前走着差帯,2.0秒以上負け,前走4角位置,4角11番手以下,,,197,4,2.03,4470,20.74,0.098,4.41,消寄A,,前走着差帯=2.0秒以上負け + 前走4角位置=4角11番手以下
新潟,ダ,1200,2,距離変化帯,短縮300-400m,前走4角位置,4角11番手以下,,,37,1,2.7,4470,20.74,0.13,0.83,消寄A,,距離変化帯=短縮300-400m + 前走4角位置=4角11番手以下
新潟,ダ,1200,2,距離変化帯,短縮500m以上,前走脚質帯,追込/後方,,,65,2,3.08,4470,20.74,0.148,1.45,消寄B,,距離変化帯=短縮500m以上 + 前走脚質帯=追込/後方
新潟,ダ,1200,2,前走着差帯,2.0秒以上負け,前走脚質帯,追込/後方,,,245,8,3.27,4470,20.74,0.157,5.48,消寄B,,前走着差帯=2.0秒以上負け + 前走脚質帯=追込/後方
新潟,ダ,1200,2,距離変化帯,延長100-200m,前走着順帯,前走10着以下,,,177,9,5.08,4470,20.74,0.245,3.96,消寄C,,距離変化帯=延長100-200m + 前走着順帯=前走10着以下
新潟,ダ,1200,2,前走4角位置,4角11番手以下,頭数変化,今回頭数増,,,115,7,6.09,4470,20.74,0.294,2.57,消寄C,,前走4角位置=4角11番手以下 + 頭数変化=今回頭数増
新潟,ダ,1200,2,前走上り順帯,上り10位以下,前走4角位置,4角11番手以下,,,190,12,6.32,4470,20.74,0.305,4.25,消寄C,,前走上り順帯=上り10位以下 + 前走4角位置=4角11番手以下
新潟,ダ,1200,2,前走上り順帯,上り6-9位,前走4角位置,4角11番手以下,,,186,12,6.45,4470,20.74,0.311,4.16,消寄C,,前走上り順帯=上り6-9位 + 前走4角位置=4角11番手以下
新潟,ダ,1200,2,前走上り順帯,上り10位以下,前走脚質帯,追込/後方,,,226,15,6.64,4470,20.74,0.32,5.06,消寄C,,前走上り順帯=上り10位以下 + 前走脚質帯=追込/後方
新潟,ダ,1200,2,前走上り順帯,上り6-9位,前走脚質帯,追込/後方,,,244,17,6.97,4470,20.74,0.336,5.46,消寄C,,前走上り順帯=上り6-9位 + 前走脚質帯=追込/後方
新潟,ダ,1200,2,前走着順帯,前走10着以下,前走脚質帯,追込/後方,,,575,41,7.13,4470,20.74,0.344,12.86,消寄C,,前走着順帯=前走10着以下 + 前走脚質帯=追込/後方
新潟,ダ,1200,2,距離変化帯,延長100-200m,前走4角位置,4角11番手以下,,,140,10,7.14,4470,20.74,0.344,3.13,消寄C,,距離変化帯=延長100-200m + 前走4角位置=4角11番手以下
新潟,ダ,1200,2,前走着順帯,前走10着以下,前走4角位置,4角11番手以下,,,502,36,7.17,4470,20.74,0.346,11.23,消寄C,,前走着順帯=前走10着以下 + 前走4角位置=4角11番手以下
新潟,ダ,1200,2,距離変化帯,同距離,前走着差帯,2.0秒以上負け,,,201,15,7.46,4470,20.74,0.36,4.5,消寄C,,距離変化帯=同距離 + 前走着差帯=2.0秒以上負け
新潟,ダ,1200,2,前走着差帯,2.0秒以上負け,休み明け区分,休み明け初戦,,,341,26,7.62,4470,20.74,0.368,7.63,消寄C,,前走着差帯=2.0秒以上負け + 休み明け区分=休み明け初戦
新潟,ダ,1200,2,前走着差帯,2.0秒以上負け,頭数変化,今回頭数減,,,382,30,7.85,4470,20.74,0.379,8.55,消寄C,,前走着差帯=2.0秒以上負け + 頭数変化=今回頭数減
新潟,ダ,1800,2,距離変化帯,短縮500m以上,頭数変化,今回頭数減,,,37,0,0.0,4536,22.18,0.0,0.82,消寄A,,距離変化帯=短縮500m以上 + 頭数変化=今回頭数減
新潟,ダ,1800,2,前走着差帯,0.6-0.9秒負け,前走着順帯,前走10着以下,,,46,1,2.17,4536,22.18,0.098,1.01,消寄A,,前走着差帯=0.6-0.9秒負け + 前走着順帯=前走10着以下
新潟,ダ,1800,2,距離変化帯,短縮500m以上,前走着順帯,前走10着以下,,,54,2,3.7,4536,22.18,0.167,1.19,消寄B,,距離変化帯=短縮500m以上 + 前走着順帯=前走10着以下
新潟,ダ,1800,2,前走着順帯,前走10着以下,前走上り順帯,上り1-3位,,,52,2,3.85,4536,22.18,0.173,1.15,消寄B,,前走着順帯=前走10着以下 + 前走上り順帯=上り1-3位
新潟,ダ,1800,2,距離変化帯,延長500m以上,前走着順帯,前走10着以下,,,69,3,4.35,4536,22.18,0.196,1.52,消寄B,,距離変化帯=延長500m以上 + 前走着順帯=前走10着以下
新潟,ダ,1800,2,距離変化帯,短縮500m以上,前走着差帯,2.0秒以上負け,,,65,3,4.62,4536,22.18,0.208,1.43,消寄B,,距離変化帯=短縮500m以上 + 前走着差帯=2.0秒以上負け
新潟,ダ,1800,2,前走着差帯,2.0秒以上負け,休み明け区分,休み明け2戦目,,,225,14,6.22,4536,22.18,0.281,4.96,消寄C,,前走着差帯=2.0秒以上負け + 休み明け区分=休み明け2戦目
新潟,ダ,1800,2,前走着差帯,2.0秒以上負け,前走脚質帯,差し/中団,,,322,21,6.52,4536,22.18,0.294,7.1,消寄C,,前走着差帯=2.0秒以上負け + 前走脚質帯=差し/中団
新潟,ダ,1800,2,前走着順帯,前走10着以下,休み明け区分,休み明け2戦目,,,291,20,6.87,4536,22.18,0.31,6.42,消寄C,,前走着順帯=前走10着以下 + 休み明け区分=休み明け2戦目
新潟,ダ,1800,2,前走着差帯,2.0秒以上負け,前走4角位置,4角7-10番手,,,333,23,6.91,4536,22.18,0.311,7.34,消寄C,,前走着差帯=2.0秒以上負け + 前走4角位置=4角7-10番手
新潟,ダ,1800,2,前走着順帯,前走10着以下,前走上り順帯,上り6-9位,,,246,18,7.32,4536,22.18,0.33,5.42,消寄C,,前走着順帯=前走10着以下 + 前走上り順帯=上り6-9位
新潟,ダ,1800,2,前走着順帯,前走10着以下,休み明け区分,休み明け3戦目,,,116,9,7.76,4536,22.18,0.35,2.56,消寄C,,前走着順帯=前走10着以下 + 休み明け区分=休み明け3戦目
新潟,ダ,1800,2,前走着差帯,2.0秒以上負け,前走上り順帯,上り6-9位,,,230,18,7.83,4536,22.18,0.353,5.07,消寄C,,前走着差帯=2.0秒以上負け + 前走上り順帯=上り6-9位
新潟,芝,1000,2,距離変化帯,短縮500m以上,前走上り順帯,上り1-3位,,,27,0,0.0,3090,17.96,0.0,0.87,消寄A,,距離変化帯=短縮500m以上 + 前走上り順帯=上り1-3位
新潟,芝,1000,2,距離変化帯,短縮500m以上,前走着差帯,1.5-1.9秒負け,,,26,0,0.0,3090,17.96,0.0,0.84,消寄A,,距離変化帯=短縮500m以上 + 前走着差帯=1.5-1.9秒負け
新潟,芝,1000,2,距離変化帯,短縮500m以上,休み明け区分,休み明け4戦目以降,,,39,1,2.56,3090,17.96,0.143,1.26,消寄A,,距離変化帯=短縮500m以上 + 休み明け区分=休み明け4戦目以降
新潟,芝,1000,2,芝ダ替わり,ダ→芝,距離変化帯,短縮500m以上,,,65,3,4.62,3090,17.96,0.257,2.1,消寄B,,芝ダ替わり=ダ→芝 + 距離変化帯=短縮500m以上
新潟,芝,1000,2,前走着差帯,1.5-1.9秒負け,前走脚質帯,追込/後方,,,103,5,4.85,3090,17.96,0.27,3.33,消寄B,,前走着差帯=1.5-1.9秒負け + 前走脚質帯=追込/後方
新潟,芝,1000,2,前走上り順帯,上り6-9位,前走4角位置,4角11番手以下,,,129,7,5.43,3090,17.96,0.302,4.17,消寄C,,前走上り順帯=上り6-9位 + 前走4角位置=4角11番手以下
新潟,芝,1000,2,前走着順帯,前走10着以下,前走上り順帯,上り6-9位,,,180,11,6.11,3090,17.96,0.34,5.83,消寄C,,前走着順帯=前走10着以下 + 前走上り順帯=上り6-9位
新潟,芝,1000,2,前走上り順帯,上り6-9位,前走脚質帯,追込/後方,,,159,10,6.29,3090,17.96,0.35,5.15,消寄C,,前走上り順帯=上り6-9位 + 前走脚質帯=追込/後方
新潟,芝,1000,2,距離変化帯,短縮300-400m,前走着差帯,2.0秒以上負け,,,110,7,6.36,3090,17.96,0.354,3.56,消寄C,,距離変化帯=短縮300-400m + 前走着差帯=2.0秒以上負け
新潟,芝,1000,2,前走着差帯,1.5-1.9秒負け,休み明け区分,休み明け初戦,,,150,10,6.67,3090,17.96,0.371,4.85,消寄C,,前走着差帯=1.5-1.9秒負け + 休み明け区分=休み明け初戦
新潟,芝,1000,2,前走着差帯,2.0秒以上負け,前走脚質帯,追込/後方,,,131,9,6.87,3090,17.96,0.383,4.24,消寄C,,前走着差帯=2.0秒以上負け + 前走脚質帯=追込/後方
新潟,芝,1000,2,芝ダ替わり,ダ→芝,前走脚質帯,追込/後方,,,142,10,7.04,3090,17.96,0.392,4.6,消寄C,,芝ダ替わり=ダ→芝 + 前走脚質帯=追込/後方
新潟,芝,1000,2,前走着差帯,2.0秒以上負け,前走4角位置,4角7-10番手,,,121,9,7.44,3090,17.96,0.414,3.92,消寄C,,前走着差帯=2.0秒以上負け + 前走4角位置=4角7-10番手
新潟,芝,1000,2,前走着順帯,前走10着以下,前走脚質帯,追込/後方,,,428,33,7.71,3090,17.96,0.429,13.85,消寄C,,前走着順帯=前走10着以下 + 前走脚質帯=追込/後方
新潟,芝,1000,2,前走着差帯,1.0-1.4秒負け,前走上り順帯,上り6-9位,,,142,11,7.75,3090,17.96,0.431,4.6,消寄C,,前走着差帯=1.0-1.4秒負け + 前走上り順帯=上り6-9位
新潟,芝,1000,2,芝ダ替わり,芝→芝,前走着差帯,1.5-1.9秒負け,,,219,17,7.76,3090,17.96,0.432,7.09,消寄C,,芝ダ替わり=芝→芝 + 前走着差帯=1.5-1.9秒負け
新潟,芝,1000,2,芝ダ替わり,ダ→芝,前走4角位置,4角11番手以下,,,116,9,7.76,3090,17.96,0.432,3.75,消寄C,,芝ダ替わり=ダ→芝 + 前走4角位置=4角11番手以下
新潟,芝,1200,2,前走着差帯,1.5-1.9秒負け,前走脚質帯,差し/中団,,,48,0,0.0,1431,18.66,0.0,3.35,消寄A,,前走着差帯=1.5-1.9秒負け + 前走脚質帯=差し/中団
新潟,芝,1200,2,前走着差帯,2.0秒以上負け,頭数変化,今回かなり頭数増,,,31,0,0.0,1431,18.66,0.0,2.17,消寄A,,前走着差帯=2.0秒以上負け + 頭数変化=今回かなり頭数増
新潟,芝,1200,2,距離変化帯,延長100-200m,休み明け区分,休み明け初戦,,,28,0,0.0,1431,18.66,0.0,1.96,消寄A,,距離変化帯=延長100-200m + 休み明け区分=休み明け初戦
新潟,芝,1200,2,前走着差帯,2.0秒以上負け,休み明け区分,休み明け4戦目以降,,,28,0,0.0,1431,18.66,0.0,1.96,消寄A,,前走着差帯=2.0秒以上負け + 休み明け区分=休み明け4戦目以降
新潟,芝,1200,2,前走着差帯,2.0秒以上負け,前走脚質帯,先行/好位,,,27,0,0.0,1431,18.66,0.0,1.89,消寄A,,前走着差帯=2.0秒以上負け + 前走脚質帯=先行/好位
新潟,芝,1200,2,前走着差帯,2.0秒以上負け,前走4角位置,4角2-3番手,,,24,0,0.0,1431,18.66,0.0,1.68,消寄A,,前走着差帯=2.0秒以上負け + 前走4角位置=4角2-3番手
新潟,芝,1200,2,前走着差帯,1.5-1.9秒負け,前走着順帯,前走6-9着,,,22,0,0.0,1431,18.66,0.0,1.54,消寄A,,前走着差帯=1.5-1.9秒負け + 前走着順帯=前走6-9着
新潟,芝,1200,2,芝ダ替わり,芝→芝,前走着差帯,2.0秒以上負け,,,74,1,1.35,1431,18.66,0.072,5.17,消寄A,,芝ダ替わり=芝→芝 + 前走着差帯=2.0秒以上負け
新潟,芝,1200,2,前走4角位置,4角11番手以下,休み明け区分,休み明け2戦目,,,54,1,1.85,1431,18.66,0.099,3.77,消寄A,,前走4角位置=4角11番手以下 + 休み明け区分=休み明け2戦目
新潟,芝,1200,2,芝ダ替わり,ダ→芝,頭数変化,今回かなり頭数増,,,50,1,2.0,1431,18.66,0.107,3.49,消寄A,,芝ダ替わり=ダ→芝 + 頭数変化=今回かなり頭数増
新潟,芝,1200,2,前走着差帯,1.5-1.9秒負け,頭数変化,今回頭数増,,,39,1,2.56,1431,18.66,0.137,2.73,消寄A,,前走着差帯=1.5-1.9秒負け + 頭数変化=今回頭数増
新潟,芝,1200,2,距離変化帯,延長100-200m,前走4角位置,4角11番手以下,,,37,1,2.7,1431,18.66,0.145,2.59,消寄A,,距離変化帯=延長100-200m + 前走4角位置=4角11番手以下
新潟,芝,1200,2,距離変化帯,短縮100-200m,前走着差帯,2.0秒以上負け,,,35,1,2.86,1431,18.66,0.153,2.45,消寄A,,距離変化帯=短縮100-200m + 前走着差帯=2.0秒以上負け
新潟,芝,1200,2,距離変化帯,延長100-200m,頭数変化,今回頭数増,,,34,1,2.94,1431,18.66,0.158,2.38,消寄A,,距離変化帯=延長100-200m + 頭数変化=今回頭数増
新潟,芝,1200,2,前走着差帯,2.0秒以上負け,頭数変化,同頭数,,,34,1,2.94,1431,18.66,0.158,2.38,消寄A,,前走着差帯=2.0秒以上負け + 頭数変化=同頭数
新潟,芝,1200,2,芝ダ替わり,芝→芝,前走着差帯,1.5-1.9秒負け,,,80,3,3.75,1431,18.66,0.201,5.59,消寄B,,芝ダ替わり=芝→芝 + 前走着差帯=1.5-1.9秒負け
新潟,芝,1200,2,前走着差帯,2.0秒以上負け,今回頭数帯,16頭以上,,,127,5,3.94,1431,18.66,0.211,8.87,消寄B,,前走着差帯=2.0秒以上負け + 今回頭数帯=16頭以上
新潟,芝,1200,2,前走脚質帯,追込/後方,休み明け区分,休み明け2戦目,,,66,3,4.55,1431,18.66,0.244,4.61,消寄B,,前走脚質帯=追込/後方 + 休み明け区分=休み明け2戦目
新潟,芝,1200,2,前走着差帯,1.5-1.9秒負け,今回頭数帯,16頭以上,,,84,4,4.76,1431,18.66,0.255,5.87,消寄B,,前走着差帯=1.5-1.9秒負け + 今回頭数帯=16頭以上
新潟,芝,1200,2,前走着差帯,1.5-1.9秒負け,前走上り順帯,上り10位以下,,,82,4,4.88,1431,18.66,0.261,5.73,消寄B,,前走着差帯=1.5-1.9秒負け + 前走上り順帯=上り10位以下
新潟,芝,1400,2,距離変化帯,短縮500m以上,前走着差帯,2.0秒以上負け,,,23,0,0.0,1848,18.78,0.0,1.24,消寄A,,距離変化帯=短縮500m以上 + 前走着差帯=2.0秒以上負け
新潟,芝,1400,2,距離変化帯,短縮300-400m,前走4角位置,4角7-10番手,,,37,1,2.7,1848,18.78,0.144,2.0,消寄A,,距離変化帯=短縮300-400m + 前走4角位置=4角7-10番手
新潟,芝,1400,2,前走着順帯,前走10着以下,前走上り順帯,上り6-9位,,,111,4,3.6,1848,18.78,0.192,6.01,消寄B,,前走着順帯=前走10着以下 + 前走上り順帯=上り6-9位
新潟,芝,1400,2,前走上り順帯,上り6-9位,前走4角位置,4角11番手以下,,,76,3,3.95,1848,18.78,0.21,4.11,消寄B,,前走上り順帯=上り6-9位 + 前走4角位置=4角11番手以下
新潟,芝,1400,2,芝ダ替わり,ダ→芝,頭数変化,今回かなり頭数増,,,75,3,4.0,1848,18.78,0.213,4.06,消寄B,,芝ダ替わり=ダ→芝 + 頭数変化=今回かなり頭数増
新潟,芝,1400,2,前走着順帯,前走10着以下,頭数変化,今回かなり頭数増,,,97,4,4.12,1848,18.78,0.22,5.25,消寄B,,前走着順帯=前走10着以下 + 頭数変化=今回かなり頭数増
新潟,芝,1400,2,芝ダ替わり,ダ→芝,前走着差帯,2.0秒以上負け,,,92,4,4.35,1848,18.78,0.232,4.98,消寄B,,芝ダ替わり=ダ→芝 + 前走着差帯=2.0秒以上負け
新潟,芝,1400,2,芝ダ替わり,ダ→芝,前走脚質帯,追込/後方,,,68,3,4.41,1848,18.78,0.235,3.68,消寄B,,芝ダ替わり=ダ→芝 + 前走脚質帯=追込/後方
新潟,芝,1400,2,前走着差帯,2.0秒以上負け,頭数変化,今回頭数増,,,87,4,4.6,1848,18.78,0.245,4.71,消寄B,,前走着差帯=2.0秒以上負け + 頭数変化=今回頭数増
新潟,芝,1400,2,前走着差帯,2.0秒以上負け,前走4角位置,4角11番手以下,,,61,3,4.92,1848,18.78,0.262,3.3,消寄B,,前走着差帯=2.0秒以上負け + 前走4角位置=4角11番手以下
新潟,芝,1400,2,前走着差帯,2.0秒以上負け,前走脚質帯,追込/後方,,,80,4,5.0,1848,18.78,0.266,4.33,消寄B,,前走着差帯=2.0秒以上負け + 前走脚質帯=追込/後方
新潟,芝,1400,2,芝ダ替わり,ダ→芝,前走着順帯,前走10着以下,,,115,6,5.22,1848,18.78,0.278,6.22,消寄C,,芝ダ替わり=ダ→芝 + 前走着順帯=前走10着以下
新潟,芝,1400,2,前走着順帯,前走10着以下,前走脚質帯,追込/後方,,,263,15,5.7,1848,18.78,0.304,14.23,消寄C,,前走着順帯=前走10着以下 + 前走脚質帯=追込/後方
新潟,芝,1400,2,距離変化帯,延長100-200m,前走4角位置,4角11番手以下,,,137,8,5.84,1848,18.78,0.311,7.41,消寄C,,距離変化帯=延長100-200m + 前走4角位置=4角11番手以下
新潟,芝,1400,2,前走上り順帯,上り6-9位,前走脚質帯,追込/後方,,,102,6,5.88,1848,18.78,0.313,5.52,消寄C,,前走上り順帯=上り6-9位 + 前走脚質帯=追込/後方
新潟,芝,1400,2,前走着順帯,前走10着以下,休み明け区分,休み明け2戦目,,,118,7,5.93,1848,18.78,0.316,6.39,消寄C,,前走着順帯=前走10着以下 + 休み明け区分=休み明け2戦目
新潟,芝,1400,2,距離変化帯,延長100-200m,前走脚質帯,追込/後方,,,168,10,5.95,1848,18.78,0.317,9.09,消寄C,,距離変化帯=延長100-200m + 前走脚質帯=追込/後方
新潟,芝,1400,2,前走着順帯,前走10着以下,前走4角位置,4角7-10番手,,,183,11,6.01,1848,18.78,0.32,9.9,消寄C,,前走着順帯=前走10着以下 + 前走4角位置=4角7-10番手
新潟,芝,1400,2,前走着差帯,2.0秒以上負け,前走着順帯,前走10着以下,,,176,11,6.25,1848,18.78,0.333,9.52,消寄C,,前走着差帯=2.0秒以上負け + 前走着順帯=前走10着以下
新潟,芝,1400,2,前走着順帯,前走10着以下,前走4角位置,4角11番手以下,,,232,15,6.47,1848,18.78,0.344,12.55,消寄C,,前走着順帯=前走10着以下 + 前走4角位置=4角11番手以下
新潟,芝,1600,2,前走着差帯,1.5-1.9秒負け,休み明け区分,休み明け4戦目以降,,,38,0,0.0,1802,20.14,0.0,2.11,消寄A,,前走着差帯=1.5-1.9秒負け + 休み明け区分=休み明け4戦目以降
新潟,芝,1600,2,距離変化帯,延長300-400m,休み明け区分,休み明け2戦目,,,29,0,0.0,1802,20.14,0.0,1.61,消寄A,,距離変化帯=延長300-400m + 休み明け区分=休み明け2戦目
新潟,芝,1600,2,距離変化帯,短縮500m以上,前走着差帯,2.0秒以上負け,,,20,0,0.0,1802,20.14,0.0,1.11,消寄A,,距離変化帯=短縮500m以上 + 前走着差帯=2.0秒以上負け
新潟,芝,1600,2,距離変化帯,短縮100-200m,前走着差帯,2.0秒以上負け,,,62,1,1.61,1802,20.14,0.08,3.44,消寄A,,距離変化帯=短縮100-200m + 前走着差帯=2.0秒以上負け
新潟,芝,1600,2,前走着差帯,2.0秒以上負け,前走4角位置,4角7-10番手,,,52,1,1.92,1802,20.14,0.095,2.89,消寄A,,前走着差帯=2.0秒以上負け + 前走4角位置=4角7-10番手
新潟,芝,1600,2,芝ダ替わり,ダ→芝,頭数変化,今回かなり頭数増,,,43,1,2.33,1802,20.14,0.115,2.39,消寄A,,芝ダ替わり=ダ→芝 + 頭数変化=今回かなり頭数増
新潟,芝,1600,2,距離変化帯,延長300-400m,前走着差帯,1.0-1.4秒負け,,,38,1,2.63,1802,20.14,0.131,2.11,消寄A,,距離変化帯=延長300-400m + 前走着差帯=1.0-1.4秒負け
新潟,芝,1600,2,距離変化帯,延長300-400m,休み明け区分,休み明け4戦目以降,,,37,1,2.7,1802,20.14,0.134,2.05,消寄A,,距離変化帯=延長300-400m + 休み明け区分=休み明け4戦目以降
新潟,芝,1600,2,距離変化帯,延長300-400m,今回頭数帯,12-15頭,,,35,1,2.86,1802,20.14,0.142,1.94,消寄A,,距離変化帯=延長300-400m + 今回頭数帯=12-15頭
新潟,芝,1600,2,距離変化帯,延長100-200m,頭数変化,今回かなり頭数増,,,54,2,3.7,1802,20.14,0.184,3.0,消寄B,,距離変化帯=延長100-200m + 頭数変化=今回かなり頭数増
新潟,芝,1600,2,前走着差帯,2.0秒以上負け,頭数変化,今回頭数増,,,60,3,5.0,1802,20.14,0.248,3.33,消寄B,,前走着差帯=2.0秒以上負け + 頭数変化=今回頭数増
新潟,芝,1600,2,芝ダ替わり,ダ→芝,今回頭数帯,16頭以上,,,125,7,5.6,1802,20.14,0.278,6.94,消寄C,,芝ダ替わり=ダ→芝 + 今回頭数帯=16頭以上
新潟,芝,1600,2,前走着順帯,前走10着以下,休み明け区分,休み明け4戦目以降,,,116,7,6.03,1802,20.14,0.3,6.44,消寄C,,前走着順帯=前走10着以下 + 休み明け区分=休み明け4戦目以降
新潟,芝,1600,2,前走脚質帯,追込/後方,休み明け区分,休み明け4戦目以降,,,110,7,6.36,1802,20.14,0.316,6.1,消寄C,,前走脚質帯=追込/後方 + 休み明け区分=休み明け4戦目以降
新潟,芝,1600,2,前走着順帯,前走10着以下,頭数変化,今回頭数増,,,164,11,6.71,1802,20.14,0.333,9.1,消寄C,,前走着順帯=前走10着以下 + 頭数変化=今回頭数増
新潟,芝,1600,2,前走着差帯,2.0秒以上負け,今回頭数帯,16頭以上,,,120,9,7.5,1802,20.14,0.372,6.66,消寄C,,前走着差帯=2.0秒以上負け + 今回頭数帯=16頭以上
新潟,芝,1600,2,前走着差帯,2.0秒以上負け,前走着順帯,前走10着以下,,,155,12,7.74,1802,20.14,0.384,8.6,消寄C,,前走着差帯=2.0秒以上負け + 前走着順帯=前走10着以下
新潟,芝,1600,2,前走着順帯,前走10着以下,前走4角位置,4角7-10番手,,,155,12,7.74,1802,20.14,0.384,8.6,消寄C,,前走着順帯=前走10着以下 + 前走4角位置=4角7-10番手
新潟,芝,1600,2,前走上り順帯,上り10位以下,前走4角位置,4角7-10番手,,,115,9,7.83,1802,20.14,0.389,6.38,消寄C,,前走上り順帯=上り10位以下 + 前走4角位置=4角7-10番手
新潟,芝,1800,2,芝ダ替わり,ダ→芝,休み明け区分,休み明け3戦目,,,31,0,0.0,2159,21.86,0.0,1.44,消寄A,,芝ダ替わり=ダ→芝 + 休み明け区分=休み明け3戦目
新潟,芝,1800,2,距離変化帯,延長300-400m,前走4角位置,4角7-10番手,,,23,0,0.0,2159,21.86,0.0,1.07,消寄A,,距離変化帯=延長300-400m + 前走4角位置=4角7-10番手
新潟,芝,1800,2,距離変化帯,延長500m以上,休み明け区分,休み明け2戦目,,,22,0,0.0,2159,21.86,0.0,1.02,消寄A,,距離変化帯=延長500m以上 + 休み明け区分=休み明け2戦目
新潟,芝,1800,2,前走着順帯,前走10着以下,頭数変化,今回かなり頭数増,,,45,1,2.22,2159,21.86,0.102,2.08,消寄A,,前走着順帯=前走10着以下 + 頭数変化=今回かなり頭数増
新潟,芝,1800,2,前走着差帯,2.0秒以上負け,頭数変化,今回かなり頭数増,,,42,1,2.38,2159,21.86,0.109,1.95,消寄A,,前走着差帯=2.0秒以上負け + 頭数変化=今回かなり頭数増
新潟,芝,1800,2,前走着差帯,2.0秒以上負け,休み明け区分,休み明け2戦目,,,73,2,2.74,2159,21.86,0.125,3.38,消寄A,,前走着差帯=2.0秒以上負け + 休み明け区分=休み明け2戦目
新潟,芝,1800,2,芝ダ替わり,ダ→芝,今回頭数帯,16頭以上,,,98,3,3.06,2159,21.86,0.14,4.54,消寄B,,芝ダ替わり=ダ→芝 + 今回頭数帯=16頭以上
新潟,芝,1800,2,前走着差帯,1.5-1.9秒負け,頭数変化,今回頭数減,,,54,2,3.7,2159,21.86,0.169,2.5,消寄B,,前走着差帯=1.5-1.9秒負け + 頭数変化=今回頭数減
新潟,芝,1800,2,前走着差帯,2.0秒以上負け,前走4角位置,4角11番手以下,,,97,4,4.12,2159,21.86,0.189,4.49,消寄B,,前走着差帯=2.0秒以上負け + 前走4角位置=4角11番手以下
新潟,芝,1800,2,芝ダ替わり,ダ→芝,前走4角位置,4角7-10番手,,,64,3,4.69,2159,21.86,0.214,2.96,消寄B,,芝ダ替わり=ダ→芝 + 前走4角位置=4角7-10番手
新潟,芝,1800,2,前走着差帯,1.5-1.9秒負け,前走着順帯,前走6-9着,,,64,3,4.69,2159,21.86,0.214,2.96,消寄B,,前走着差帯=1.5-1.9秒負け + 前走着順帯=前走6-9着
新潟,芝,1800,2,前走上り順帯,上り10位以下,前走4角位置,4角11番手以下,,,107,6,5.61,2159,21.86,0.256,4.96,消寄C,,前走上り順帯=上り10位以下 + 前走4角位置=4角11番手以下
新潟,芝,1800,2,前走着差帯,2.0秒以上負け,前走脚質帯,追込/後方,,,123,7,5.69,2159,21.86,0.26,5.7,消寄C,,前走着差帯=2.0秒以上負け + 前走脚質帯=追込/後方
新潟,芝,1800,2,前走着差帯,2.0秒以上負け,今回頭数帯,16頭以上,,,137,8,5.84,2159,21.86,0.267,6.35,消寄C,,前走着差帯=2.0秒以上負け + 今回頭数帯=16頭以上
新潟,芝,1800,2,芝ダ替わり,ダ→芝,前走上り順帯,上り10位以下,,,101,6,5.94,2159,21.86,0.272,4.68,消寄C,,芝ダ替わり=ダ→芝 + 前走上り順帯=上り10位以下
新潟,芝,1800,2,前走着差帯,1.5-1.9秒負け,前走上り順帯,上り10位以下,,,111,7,6.31,2159,21.86,0.288,5.14,消寄C,,前走着差帯=1.5-1.9秒負け + 前走上り順帯=上り10位以下
新潟,芝,1800,2,前走上り順帯,上り10位以下,前走脚質帯,追込/後方,,,126,9,7.14,2159,21.86,0.327,5.84,消寄C,,前走上り順帯=上り10位以下 + 前走脚質帯=追込/後方
新潟,芝,1800,2,前走着順帯,前走10着以下,今回頭数帯,16頭以上,,,278,20,7.19,2159,21.86,0.329,12.88,消寄C,,前走着順帯=前走10着以下 + 今回頭数帯=16頭以上
新潟,芝,1800,2,芝ダ替わり,芝→芝,前走着差帯,1.5-1.9秒負け,,,177,13,7.34,2159,21.86,0.336,8.2,消寄C,,芝ダ替わり=芝→芝 + 前走着差帯=1.5-1.9秒負け
新潟,芝,1800,2,芝ダ替わり,ダ→芝,前走着順帯,前走10着以下,,,122,9,7.38,2159,21.86,0.337,5.65,消寄C,,芝ダ替わり=ダ→芝 + 前走着順帯=前走10着以下
新潟,芝,2000,2,前走着差帯,2.0秒以上負け,今回頭数帯,9-11頭,,,41,0,0.0,1851,23.07,0.0,2.22,消寄A,,前走着差帯=2.0秒以上負け + 今回頭数帯=9-11頭
新潟,芝,2000,2,芝ダ替わり,ダ→芝,距離変化帯,延長500m以上,,,25,0,0.0,1851,23.07,0.0,1.35,消寄A,,芝ダ替わり=ダ→芝 + 距離変化帯=延長500m以上
新潟,芝,2000,2,距離変化帯,延長100-200m,前走着差帯,2.0秒以上負け,,,57,1,1.75,1851,23.07,0.076,3.08,消寄A,,距離変化帯=延長100-200m + 前走着差帯=2.0秒以上負け
新潟,芝,2000,2,前走着差帯,2.0秒以上負け,休み明け区分,休み明け4戦目以降,,,52,1,1.92,1851,23.07,0.083,2.81,消寄A,,前走着差帯=2.0秒以上負け + 休み明け区分=休み明け4戦目以降
新潟,芝,2000,2,芝ダ替わり,ダ→芝,前走4角位置,4角11番手以下,,,48,1,2.08,1851,23.07,0.09,2.59,消寄A,,芝ダ替わり=ダ→芝 + 前走4角位置=4角11番手以下
新潟,芝,2000,2,芝ダ替わり,ダ→芝,前走着差帯,2.0秒以上負け,,,88,2,2.27,1851,23.07,0.099,4.75,消寄A,,芝ダ替わり=ダ→芝 + 前走着差帯=2.0秒以上負け
新潟,芝,2000,2,芝ダ替わり,ダ→芝,前走着順帯,前走10着以下,,,84,2,2.38,1851,23.07,0.103,4.54,消寄A,,芝ダ替わり=ダ→芝 + 前走着順帯=前走10着以下
新潟,芝,2000,2,前走着差帯,2.0秒以上負け,前走4角位置,4角11番手以下,,,84,2,2.38,1851,23.07,0.103,4.54,消寄A,,前走着差帯=2.0秒以上負け + 前走4角位置=4角11番手以下
新潟,芝,2000,2,距離変化帯,延長300-400m,前走着差帯,2.0秒以上負け,,,40,1,2.5,1851,23.07,0.108,2.16,消寄A,,距離変化帯=延長300-400m + 前走着差帯=2.0秒以上負け
新潟,芝,2000,2,芝ダ替わり,ダ→芝,前走脚質帯,追込/後方,,,67,2,2.99,1851,23.07,0.129,3.62,消寄A,,芝ダ替わり=ダ→芝 + 前走脚質帯=追込/後方
新潟,芝,2000,2,前走着差帯,2.0秒以上負け,今回頭数帯,12-15頭,,,78,3,3.85,1851,23.07,0.167,4.21,消寄B,,前走着差帯=2.0秒以上負け + 今回頭数帯=12-15頭
新潟,芝,2000,2,芝ダ替わり,ダ→芝,前走上り順帯,上り10位以下,,,70,3,4.29,1851,23.07,0.186,3.78,消寄B,,芝ダ替わり=ダ→芝 + 前走上り順帯=上り10位以下
新潟,芝,2000,2,前走着差帯,2.0秒以上負け,前走脚質帯,追込/後方,,,113,5,4.42,1851,23.07,0.192,6.1,消寄B,,前走着差帯=2.0秒以上負け + 前走脚質帯=追込/後方
新潟,芝,2000,2,芝ダ替わり,ダ→芝,距離変化帯,延長100-200m,,,65,3,4.62,1851,23.07,0.2,3.51,消寄B,,芝ダ替わり=ダ→芝 + 距離変化帯=延長100-200m
新潟,芝,2000,2,前走上り順帯,上り10位以下,前走4角位置,4角11番手以下,,,83,4,4.82,1851,23.07,0.209,4.48,消寄B,,前走上り順帯=上り10位以下 + 前走4角位置=4角11番手以下
新潟,芝,2000,2,前走上り順帯,上り10位以下,前走脚質帯,追込/後方,,,100,5,5.0,1851,23.07,0.217,5.4,消寄B,,前走上り順帯=上り10位以下 + 前走脚質帯=追込/後方
新潟,芝,2000,2,前走着差帯,2.0秒以上負け,前走上り順帯,上り10位以下,,,163,11,6.75,1851,23.07,0.293,8.81,消寄C,,前走着差帯=2.0秒以上負け + 前走上り順帯=上り10位以下
新潟,芝,2000,2,前走着差帯,2.0秒以上負け,前走着順帯,前走10着以下,,,182,13,7.14,1851,23.07,0.31,9.83,消寄C,,前走着差帯=2.0秒以上負け + 前走着順帯=前走10着以下
新潟,芝,2000,2,前走着順帯,前走10着以下,頭数変化,今回頭数増,,,116,9,7.76,1851,23.07,0.336,6.27,消寄C,,前走着順帯=前走10着以下 + 頭数変化=今回頭数増
新潟,芝,2200,2,芝ダ替わり,ダ→芝,距離変化帯,延長500m以上,,,26,0,0.0,905,23.87,0.0,2.87,消寄A,,芝ダ替わり=ダ→芝 + 距離変化帯=延長500m以上
新潟,芝,2200,2,距離変化帯,延長500m以上,前走着順帯,前走10着以下,,,22,0,0.0,905,23.87,0.0,2.43,消寄A,,距離変化帯=延長500m以上 + 前走着順帯=前走10着以下
新潟,芝,2200,2,芝ダ替わり,ダ→芝,前走上り順帯,上り10位以下,,,21,0,0.0,905,23.87,0.0,2.32,消寄A,,芝ダ替わり=ダ→芝 + 前走上り順帯=上り10位以下
新潟,芝,2200,2,距離変化帯,短縮300-400m,今回頭数帯,16頭以上,,,21,0,0.0,905,23.87,0.0,2.32,消寄A,,距離変化帯=短縮300-400m + 今回頭数帯=16頭以上
新潟,芝,2200,2,前走着順帯,前走6-9着,前走脚質帯,逃げ,,,20,0,0.0,905,23.87,0.0,2.21,消寄A,,前走着順帯=前走6-9着 + 前走脚質帯=逃げ
新潟,芝,2400,2,前走上り順帯,上り10位以下,今回頭数帯,12-15頭,,,31,0,0.0,405,24.44,0.0,7.65,消寄A,,前走上り順帯=上り10位以下 + 今回頭数帯=12-15頭
新潟,芝,2400,2,距離変化帯,延長500m以上,今回頭数帯,12-15頭,,,25,0,0.0,405,24.44,0.0,6.17,消寄A,,距離変化帯=延長500m以上 + 今回頭数帯=12-15頭
新潟,芝,2400,2,距離変化帯,延長500m以上,前走着順帯,前走10着以下,,,22,0,0.0,405,24.44,0.0,5.43,消寄A,,距離変化帯=延長500m以上 + 前走着順帯=前走10着以下
新潟,芝,2400,2,前走着差帯,2.0秒以上負け,前走脚質帯,追込/後方,,,36,1,2.78,405,24.44,0.114,8.89,消寄A,,前走着差帯=2.0秒以上負け + 前走脚質帯=追込/後方
新潟,芝,2400,2,芝ダ替わり,芝→芝,前走上り順帯,上り10位以下,,,50,2,4.0,405,24.44,0.164,12.35,消寄B,,芝ダ替わり=芝→芝 + 前走上り順帯=上り10位以下
新潟,芝,2400,2,前走着順帯,前走10着以下,前走上り順帯,上り10位以下,,,50,2,4.0,405,24.44,0.164,12.35,消寄B,,前走着順帯=前走10着以下 + 前走上り順帯=上り10位以下
札幌,ダ,1000,2,前走4角位置,4角7-10番手,頭数変化,今回頭数増,,,23,0,0.0,651,25.81,0.0,3.53,消寄A,,前走4角位置=4角7-10番手 + 頭数変化=今回頭数増
札幌,ダ,1000,2,前走着差帯,1.5-1.9秒負け,頭数変化,同頭数,,,21,0,0.0,651,25.81,0.0,3.23,消寄A,,前走着差帯=1.5-1.9秒負け + 頭数変化=同頭数
札幌,ダ,1700,2,前走着差帯,2.0秒以上負け,頭数変化,今回かなり頭数増,,,46,1,2.17,2655,23.05,0.094,1.73,消寄A,,前走着差帯=2.0秒以上負け + 頭数変化=今回かなり頭数増
札幌,ダ,1700,2,前走着順帯,前走10着以下,頭数変化,今回頭数増,,,114,6,5.26,2655,23.05,0.228,4.29,消寄C,,前走着順帯=前走10着以下 + 頭数変化=今回頭数増
札幌,ダ,1700,2,前走上り順帯,上り10位以下,前走4角位置,4角11番手以下,,,128,9,7.03,2655,23.05,0.305,4.82,消寄C,,前走上り順帯=上り10位以下 + 前走4角位置=4角11番手以下
札幌,ダ,1700,2,距離変化帯,同距離,前走着順帯,前走10着以下,,,269,19,7.06,2655,23.05,0.306,10.13,消寄C,,距離変化帯=同距離 + 前走着順帯=前走10着以下
札幌,ダ,1700,2,前走着順帯,前走10着以下,頭数変化,同頭数,,,177,13,7.34,2655,23.05,0.319,6.67,消寄C,,前走着順帯=前走10着以下 + 頭数変化=同頭数
札幌,ダ,1700,2,前走着順帯,前走10着以下,休み明け区分,休み明け2戦目,,,139,11,7.91,2655,23.05,0.343,5.24,消寄C,,前走着順帯=前走10着以下 + 休み明け区分=休み明け2戦目
札幌,芝,1200,2,前走着差帯,1.0-1.4秒負け,前走4角位置,4角2-3番手,,,37,0,0.0,1959,20.62,0.0,1.89,消寄A,,前走着差帯=1.0-1.4秒負け + 前走4角位置=4角2-3番手
札幌,芝,1200,2,前走着差帯,1.5-1.9秒負け,前走4角位置,4角7-10番手,,,32,0,0.0,1959,20.62,0.0,1.63,消寄A,,前走着差帯=1.5-1.9秒負け + 前走4角位置=4角7-10番手
札幌,芝,1200,2,前走着差帯,1.5-1.9秒負け,前走脚質帯,差し/中団,,,29,0,0.0,1959,20.62,0.0,1.48,消寄A,,前走着差帯=1.5-1.9秒負け + 前走脚質帯=差し/中団
札幌,芝,1200,2,距離変化帯,延長100-200m,頭数変化,今回頭数増,,,26,0,0.0,1959,20.62,0.0,1.33,消寄A,,距離変化帯=延長100-200m + 頭数変化=今回頭数増
札幌,芝,1200,2,前走着差帯,1.5-1.9秒負け,休み明け区分,休み明け2戦目,,,21,0,0.0,1959,20.62,0.0,1.07,消寄A,,前走着差帯=1.5-1.9秒負け + 休み明け区分=休み明け2戦目
札幌,芝,1200,2,距離変化帯,延長100-200m,前走脚質帯,追込/後方,,,45,1,2.22,1959,20.62,0.108,2.3,消寄A,,距離変化帯=延長100-200m + 前走脚質帯=追込/後方
札幌,芝,1200,2,芝ダ替わり,ダ→芝,前走着差帯,0.6-0.9秒負け,,,39,1,2.56,1959,20.62,0.124,1.99,消寄A,,芝ダ替わり=ダ→芝 + 前走着差帯=0.6-0.9秒負け
札幌,芝,1200,2,前走着差帯,1.0-1.4秒負け,頭数変化,今回かなり頭数増,,,34,1,2.94,1959,20.62,0.143,1.74,消寄A,,前走着差帯=1.0-1.4秒負け + 頭数変化=今回かなり頭数増
札幌,芝,1200,2,距離変化帯,延長100-200m,頭数変化,今回かなり頭数増,,,61,2,3.28,1959,20.62,0.159,3.11,消寄B,,距離変化帯=延長100-200m + 頭数変化=今回かなり頭数増
札幌,芝,1200,2,芝ダ替わり,ダ→芝,前走脚質帯,追込/後方,,,60,2,3.33,1959,20.62,0.162,3.06,消寄B,,芝ダ替わり=ダ→芝 + 前走脚質帯=追込/後方
札幌,芝,1200,2,前走着差帯,1.0-1.4秒負け,前走脚質帯,先行/好位,,,50,2,4.0,1959,20.62,0.194,2.55,消寄B,,前走着差帯=1.0-1.4秒負け + 前走脚質帯=先行/好位
札幌,芝,1200,2,芝ダ替わり,ダ→芝,距離変化帯,延長100-200m,,,104,5,4.81,1959,20.62,0.233,5.31,消寄B,,芝ダ替わり=ダ→芝 + 距離変化帯=延長100-200m
札幌,芝,1200,2,前走着順帯,前走10着以下,頭数変化,今回頭数増,,,147,8,5.44,1959,20.62,0.264,7.5,消寄C,,前走着順帯=前走10着以下 + 頭数変化=今回頭数増
札幌,芝,1200,2,前走着差帯,1.0-1.4秒負け,今回頭数帯,16頭以上,,,146,10,6.85,1959,20.62,0.332,7.45,消寄C,,前走着差帯=1.0-1.4秒負け + 今回頭数帯=16頭以上
札幌,芝,1200,2,前走着順帯,前走10着以下,前走脚質帯,追込/後方,,,210,16,7.62,1959,20.62,0.369,10.72,消寄C,,前走着順帯=前走10着以下 + 前走脚質帯=追込/後方
札幌,芝,1200,2,前走着順帯,前走10着以下,前走4角位置,4角11番手以下,,,165,13,7.88,1959,20.62,0.382,8.42,消寄C,,前走着順帯=前走10着以下 + 前走4角位置=4角11番手以下
札幌,芝,1200,2,前走着順帯,前走10着以下,休み明け区分,休み明け4戦目以降,,,200,16,8.0,1959,20.62,0.388,10.21,消寄C,,前走着順帯=前走10着以下 + 休み明け区分=休み明け4戦目以降
札幌,芝,1500,2,前走着差帯,2.0秒以上負け,前走4角位置,4角11番手以下,,,28,0,0.0,971,23.89,0.0,2.88,消寄A,,前走着差帯=2.0秒以上負け + 前走4角位置=4角11番手以下
札幌,芝,1500,2,前走着差帯,1.5-1.9秒負け,休み明け区分,休み明け2戦目,,,20,0,0.0,971,23.89,0.0,2.06,消寄A,,前走着差帯=1.5-1.9秒負け + 休み明け区分=休み明け2戦目
札幌,芝,1500,2,前走着差帯,2.0秒以上負け,前走脚質帯,追込/後方,,,40,1,2.5,971,23.89,0.105,4.12,消寄A,,前走着差帯=2.0秒以上負け + 前走脚質帯=追込/後方
札幌,芝,1500,2,前走着差帯,1.5-1.9秒負け,前走着順帯,前走10着以下,,,59,2,3.39,971,23.89,0.142,6.08,消寄B,,前走着差帯=1.5-1.9秒負け + 前走着順帯=前走10着以下
札幌,芝,1500,2,距離変化帯,延長300-400m,前走着順帯,前走10着以下,,,69,3,4.35,971,23.89,0.182,7.11,消寄B,,距離変化帯=延長300-400m + 前走着順帯=前走10着以下
札幌,芝,1500,2,芝ダ替わり,ダ→芝,今回頭数帯,12-15頭,,,108,7,6.48,971,23.89,0.271,11.12,消寄C,,芝ダ替わり=ダ→芝 + 今回頭数帯=12-15頭
札幌,芝,1800,2,前走着差帯,1.0-1.4秒負け,前走着順帯,前走4-5着,,,21,0,0.0,1302,24.81,0.0,1.61,消寄A,,前走着差帯=1.0-1.4秒負け + 前走着順帯=前走4-5着
札幌,芝,1800,2,前走着差帯,1.0-1.4秒負け,頭数変化,同頭数,,,37,1,2.7,1302,24.81,0.109,2.84,消寄A,,前走着差帯=1.0-1.4秒負け + 頭数変化=同頭数
札幌,芝,1800,2,距離変化帯,延長100-200m,休み明け区分,休み明け4戦目以降,,,35,1,2.86,1302,24.81,0.115,2.69,消寄A,,距離変化帯=延長100-200m + 休み明け区分=休み明け4戦目以降
札幌,芝,1800,2,前走着順帯,前走10着以下,休み明け区分,休み明け2戦目,,,52,2,3.85,1302,24.81,0.155,3.99,消寄B,,前走着順帯=前走10着以下 + 休み明け区分=休み明け2戦目
札幌,芝,1800,2,前走着順帯,前走10着以下,前走脚質帯,追込/後方,,,112,8,7.14,1302,24.81,0.288,8.6,消寄C,,前走着順帯=前走10着以下 + 前走脚質帯=追込/後方
札幌,芝,2000,2,距離変化帯,延長300-400m,頭数変化,今回頭数増,,,44,0,0.0,1416,23.09,0.0,3.11,消寄A,,距離変化帯=延長300-400m + 頭数変化=今回頭数増
札幌,芝,2000,2,芝ダ替わり,ダ→芝,休み明け区分,休み明け2戦目,,,20,0,0.0,1416,23.09,0.0,1.41,消寄A,,芝ダ替わり=ダ→芝 + 休み明け区分=休み明け2戦目
札幌,芝,2000,2,芝ダ替わり,ダ→芝,頭数変化,今回頭数増,,,54,1,1.85,1416,23.09,0.08,3.81,消寄A,,芝ダ替わり=ダ→芝 + 頭数変化=今回頭数増
札幌,芝,2000,2,距離変化帯,延長300-400m,前走着差帯,2.0秒以上負け,,,38,1,2.63,1416,23.09,0.114,2.68,消寄A,,距離変化帯=延長300-400m + 前走着差帯=2.0秒以上負け
札幌,芝,2000,2,芝ダ替わり,ダ→芝,前走着差帯,2.0秒以上負け,,,54,2,3.7,1416,23.09,0.16,3.81,消寄B,,芝ダ替わり=ダ→芝 + 前走着差帯=2.0秒以上負け
札幌,芝,2000,2,前走着差帯,1.0-1.4秒負け,前走上り順帯,上り4-5位,,,50,2,4.0,1416,23.09,0.173,3.53,消寄B,,前走着差帯=1.0-1.4秒負け + 前走上り順帯=上り4-5位
札幌,芝,2600,2,芝ダ替わり,ダ→芝,前走着順帯,前走10着以下,,,26,0,0.0,739,25.17,0.0,3.52,消寄A,,芝ダ替わり=ダ→芝 + 前走着順帯=前走10着以下
札幌,芝,2600,2,芝ダ替わり,ダ→芝,頭数変化,今回頭数減,,,26,0,0.0,739,25.17,0.0,3.52,消寄A,,芝ダ替わり=ダ→芝 + 頭数変化=今回頭数減
札幌,芝,2600,2,芝ダ替わり,ダ→芝,前走脚質帯,差し/中団,,,23,0,0.0,739,25.17,0.0,3.11,消寄A,,芝ダ替わり=ダ→芝 + 前走脚質帯=差し/中団
札幌,芝,2600,2,芝ダ替わり,ダ→芝,休み明け区分,休み明け4戦目以降,,,23,0,0.0,739,25.17,0.0,3.11,消寄A,,芝ダ替わり=ダ→芝 + 休み明け区分=休み明け4戦目以降
札幌,芝,2600,2,芝ダ替わり,ダ→芝,前走上り順帯,上り10位以下,,,22,0,0.0,739,25.17,0.0,2.98,消寄A,,芝ダ替わり=ダ→芝 + 前走上り順帯=上り10位以下
札幌,芝,2600,2,芝ダ替わり,ダ→芝,距離変化帯,延長500m以上,,,57,1,1.75,739,25.17,0.07,7.71,消寄A,,芝ダ替わり=ダ→芝 + 距離変化帯=延長500m以上
札幌,芝,2600,2,芝ダ替わり,ダ→芝,今回頭数帯,12-15頭,,,43,1,2.33,739,25.17,0.092,5.82,消寄A,,芝ダ替わり=ダ→芝 + 今回頭数帯=12-15頭
札幌,芝,2600,2,前走着順帯,前走10着以下,頭数変化,同頭数,,,37,1,2.7,739,25.17,0.107,5.01,消寄A,,前走着順帯=前走10着以下 + 頭数変化=同頭数
札幌,芝,2600,2,距離変化帯,延長500m以上,前走着差帯,2.0秒以上負け,,,36,1,2.78,739,25.17,0.11,4.87,消寄A,,距離変化帯=延長500m以上 + 前走着差帯=2.0秒以上負け
札幌,芝,2600,2,距離変化帯,同距離,前走上り順帯,上り10位以下,,,35,1,2.86,739,25.17,0.114,4.74,消寄A,,距離変化帯=同距離 + 前走上り順帯=上り10位以下
札幌,芝,2600,2,前走着順帯,前走10着以下,休み明け区分,休み明け4戦目以降,,,50,2,4.0,739,25.17,0.159,6.77,消寄B,,前走着順帯=前走10着以下 + 休み明け区分=休み明け4戦目以降
東京,ダ,1300,2,距離変化帯,短縮500m以上,今回頭数帯,16頭以上,,,34,0,0.0,1385,19.28,0.0,2.45,消寄A,,距離変化帯=短縮500m以上 + 今回頭数帯=16頭以上
東京,ダ,1300,2,芝ダ替わり,芝→ダ,前走4角位置,4角7-10番手,,,29,0,0.0,1385,19.28,0.0,2.09,消寄A,,芝ダ替わり=芝→ダ + 前走4角位置=4角7-10番手
東京,ダ,1300,2,前走着差帯,1.5-1.9秒負け,休み明け区分,休み明け4戦目以降,,,28,0,0.0,1385,19.28,0.0,2.02,消寄A,,前走着差帯=1.5-1.9秒負け + 休み明け区分=休み明け4戦目以降
東京,ダ,1300,2,芝ダ替わり,芝→ダ,前走上り順帯,上り6-9位,,,27,0,0.0,1385,19.28,0.0,1.95,消寄A,,芝ダ替わり=芝→ダ + 前走上り順帯=上り6-9位
東京,ダ,1300,2,距離変化帯,短縮500m以上,休み明け区分,休み明け初戦,,,22,0,0.0,1385,19.28,0.0,1.59,消寄A,,距離変化帯=短縮500m以上 + 休み明け区分=休み明け初戦
東京,ダ,1300,2,前走着差帯,2.0秒以上負け,頭数変化,今回かなり頭数増,,,21,0,0.0,1385,19.28,0.0,1.52,消寄A,,前走着差帯=2.0秒以上負け + 頭数変化=今回かなり頭数増
東京,ダ,1300,2,距離変化帯,短縮300-400m,前走4角位置,4角7-10番手,,,20,0,0.0,1385,19.28,0.0,1.44,消寄A,,距離変化帯=短縮300-400m + 前走4角位置=4角7-10番手
東京,ダ,1300,2,距離変化帯,短縮500m以上,頭数変化,今回頭数増,,,20,0,0.0,1385,19.28,0.0,1.44,消寄A,,距離変化帯=短縮500m以上 + 頭数変化=今回頭数増
東京,ダ,1300,2,芝ダ替わり,芝→ダ,前走脚質帯,差し/中団,,,42,1,2.38,1385,19.28,0.124,3.03,消寄A,,芝ダ替わり=芝→ダ + 前走脚質帯=差し/中団
東京,ダ,1300,2,前走着差帯,1.5-1.9秒負け,前走上り順帯,上り6-9位,,,34,1,2.94,1385,19.28,0.153,2.45,消寄A,,前走着差帯=1.5-1.9秒負け + 前走上り順帯=上り6-9位
東京,ダ,1300,2,前走着差帯,2.0秒以上負け,頭数変化,今回頭数増,,,59,2,3.39,1385,19.28,0.176,4.26,消寄B,,前走着差帯=2.0秒以上負け + 頭数変化=今回頭数増
東京,ダ,1300,2,前走着差帯,2.0秒以上負け,前走4角位置,4角7-10番手,,,55,2,3.64,1385,19.28,0.189,3.97,消寄B,,前走着差帯=2.0秒以上負け + 前走4角位置=4角7-10番手
東京,ダ,1300,2,前走着差帯,2.0秒以上負け,前走4角位置,4角11番手以下,,,53,2,3.77,1385,19.28,0.196,3.83,消寄B,,前走着差帯=2.0秒以上負け + 前走4角位置=4角11番手以下
東京,ダ,1300,2,芝ダ替わり,芝→ダ,距離変化帯,延長100-200m,,,51,2,3.92,1385,19.28,0.203,3.68,消寄B,,芝ダ替わり=芝→ダ + 距離変化帯=延長100-200m
東京,ダ,1300,2,前走着差帯,2.0秒以上負け,前走脚質帯,追込/後方,,,71,3,4.23,1385,19.28,0.219,5.13,消寄B,,前走着差帯=2.0秒以上負け + 前走脚質帯=追込/後方
東京,ダ,1300,2,前走着差帯,2.0秒以上負け,前走脚質帯,差し/中団,,,66,3,4.55,1385,19.28,0.236,4.77,消寄B,,前走着差帯=2.0秒以上負け + 前走脚質帯=差し/中団
東京,ダ,1300,2,前走着差帯,1.5-1.9秒負け,前走脚質帯,追込/後方,,,64,3,4.69,1385,19.28,0.243,4.62,消寄B,,前走着差帯=1.5-1.9秒負け + 前走脚質帯=追込/後方
東京,ダ,1300,2,前走上り順帯,上り6-9位,前走脚質帯,追込/後方,,,82,4,4.88,1385,19.28,0.253,5.92,消寄B,,前走上り順帯=上り6-9位 + 前走脚質帯=追込/後方
東京,ダ,1300,2,前走着差帯,2.0秒以上負け,今回頭数帯,16頭以上,,,153,9,5.88,1385,19.28,0.305,11.05,消寄C,,前走着差帯=2.0秒以上負け + 今回頭数帯=16頭以上
東京,ダ,1300,2,前走着順帯,前走10着以下,前走脚質帯,追込/後方,,,198,12,6.06,1385,19.28,0.314,14.3,消寄C,,前走着順帯=前走10着以下 + 前走脚質帯=追込/後方
東京,ダ,1400,2,距離変化帯,延長300-400m,頭数変化,同頭数,,,62,0,0.0,6892,19.11,0.0,0.9,消寄A,,距離変化帯=延長300-400m + 頭数変化=同頭数
東京,ダ,1400,2,距離変化帯,延長300-400m,前走上り順帯,上り10位以下,,,36,0,0.0,6892,19.11,0.0,0.52,消寄A,,距離変化帯=延長300-400m + 前走上り順帯=上り10位以下
東京,ダ,1400,2,距離変化帯,延長300-400m,休み明け区分,休み明け2戦目,,,26,0,0.0,6892,19.11,0.0,0.38,消寄A,,距離変化帯=延長300-400m + 休み明け区分=休み明け2戦目
東京,ダ,1400,2,距離変化帯,延長300-400m,前走4角位置,4角4-6番手,,,20,0,0.0,6892,19.11,0.0,0.29,消寄A,,距離変化帯=延長300-400m + 前走4角位置=4角4-6番手
東京,ダ,1400,2,距離変化帯,延長300-400m,前走着順帯,前走10着以下,,,55,1,1.82,6892,19.11,0.095,0.8,消寄A,,距離変化帯=延長300-400m + 前走着順帯=前走10着以下
東京,ダ,1400,2,距離変化帯,延長300-400m,前走着順帯,前走6-9着,,,40,1,2.5,6892,19.11,0.131,0.58,消寄A,,距離変化帯=延長300-400m + 前走着順帯=前走6-9着
東京,ダ,1400,2,距離変化帯,延長300-400m,今回頭数帯,16頭以上,,,116,4,3.45,6892,19.11,0.18,1.68,消寄B,,距離変化帯=延長300-400m + 今回頭数帯=16頭以上
東京,ダ,1400,2,距離変化帯,延長300-400m,前走脚質帯,差し/中団,,,54,2,3.7,6892,19.11,0.194,0.78,消寄B,,距離変化帯=延長300-400m + 前走脚質帯=差し/中団
東京,ダ,1400,2,距離変化帯,延長300-400m,前走脚質帯,追込/後方,,,53,2,3.77,6892,19.11,0.197,0.77,消寄B,,距離変化帯=延長300-400m + 前走脚質帯=追込/後方
東京,ダ,1400,2,前走着順帯,前走10着以下,頭数変化,今回かなり頭数増,,,84,4,4.76,6892,19.11,0.249,1.22,消寄B,,前走着順帯=前走10着以下 + 頭数変化=今回かなり頭数増
東京,ダ,1400,2,芝ダ替わり,ダ→ダ,距離変化帯,延長300-400m,,,117,6,5.13,6892,19.11,0.268,1.7,消寄C,,芝ダ替わり=ダ→ダ + 距離変化帯=延長300-400m
東京,ダ,1400,2,距離変化帯,短縮100-200m,前走着差帯,2.0秒以上負け,,,113,7,6.19,6892,19.11,0.324,1.64,消寄C,,距離変化帯=短縮100-200m + 前走着差帯=2.0秒以上負け
東京,ダ,1400,2,前走上り順帯,上り6-9位,前走4角位置,4角11番手以下,,,290,18,6.21,6892,19.11,0.325,4.21,消寄C,,前走上り順帯=上り6-9位 + 前走4角位置=4角11番手以下
東京,ダ,1400,2,前走上り順帯,上り10位以下,前走4角位置,4角11番手以下,,,290,19,6.55,6892,19.11,0.343,4.21,消寄C,,前走上り順帯=上り10位以下 + 前走4角位置=4角11番手以下
東京,ダ,1400,2,前走上り順帯,上り10位以下,前走4角位置,4角7-10番手,,,526,35,6.65,6892,19.11,0.348,7.63,消寄C,,前走上り順帯=上り10位以下 + 前走4角位置=4角7-10番手
東京,ダ,1400,2,前走上り順帯,上り10位以下,前走脚質帯,追込/後方,,,344,23,6.69,6892,19.11,0.35,4.99,消寄C,,前走上り順帯=上り10位以下 + 前走脚質帯=追込/後方
東京,ダ,1400,2,前走着差帯,2.0秒以上負け,前走4角位置,4角11番手以下,,,299,20,6.69,6892,19.11,0.35,4.34,消寄C,,前走着差帯=2.0秒以上負け + 前走4角位置=4角11番手以下
東京,ダ,1400,2,前走着差帯,2.0秒以上負け,頭数変化,今回頭数増,,,249,18,7.23,6892,19.11,0.378,3.61,消寄C,,前走着差帯=2.0秒以上負け + 頭数変化=今回頭数増
東京,ダ,1400,2,前走着差帯,2.0秒以上負け,休み明け区分,休み明け4戦目以降,,,136,10,7.35,6892,19.11,0.385,1.97,消寄C,,前走着差帯=2.0秒以上負け + 休み明け区分=休み明け4戦目以降
東京,ダ,1400,2,前走着順帯,前走10着以下,前走4角位置,4角11番手以下,,,755,56,7.42,6892,19.11,0.388,10.95,消寄C,,前走着順帯=前走10着以下 + 前走4角位置=4角11番手以下
東京,ダ,1600,2,距離変化帯,延長300-400m,前走着差帯,2.0秒以上負け,,,40,1,2.5,7463,20.38,0.123,0.54,消寄A,,距離変化帯=延長300-400m + 前走着差帯=2.0秒以上負け
東京,ダ,1600,2,芝ダ替わり,芝→ダ,今回頭数帯,9-11頭,,,38,1,2.63,7463,20.38,0.129,0.51,消寄A,,芝ダ替わり=芝→ダ + 今回頭数帯=9-11頭
東京,ダ,1600,2,距離変化帯,短縮500m以上,前走脚質帯,差し/中団,,,61,2,3.28,7463,20.38,0.161,0.82,消寄B,,距離変化帯=短縮500m以上 + 前走脚質帯=差し/中団
東京,ダ,1600,2,距離変化帯,延長300-400m,前走上り順帯,上り10位以下,,,90,3,3.33,7463,20.38,0.164,1.21,消寄B,,距離変化帯=延長300-400m + 前走上り順帯=上り10位以下
東京,ダ,1600,2,距離変化帯,短縮500m以上,休み明け区分,休み明け初戦,,,75,3,4.0,7463,20.38,0.196,1.0,消寄B,,距離変化帯=短縮500m以上 + 休み明け区分=休み明け初戦
東京,ダ,1600,2,距離変化帯,短縮500m以上,前走4角位置,4角7-10番手,,,62,3,4.84,7463,20.38,0.237,0.83,消寄B,,距離変化帯=短縮500m以上 + 前走4角位置=4角7-10番手
東京,ダ,1600,2,距離変化帯,短縮500m以上,前走着差帯,2.0秒以上負け,,,102,5,4.9,7463,20.38,0.241,1.37,消寄B,,距離変化帯=短縮500m以上 + 前走着差帯=2.0秒以上負け
東京,ダ,1600,2,距離変化帯,延長300-400m,前走着差帯,1.0-1.4秒負け,,,81,4,4.94,7463,20.38,0.242,1.09,消寄B,,距離変化帯=延長300-400m + 前走着差帯=1.0-1.4秒負け
東京,ダ,1600,2,前走上り順帯,上り10位以下,前走4角位置,4角11番手以下,,,339,18,5.31,7463,20.38,0.261,4.54,消寄C,,前走上り順帯=上り10位以下 + 前走4角位置=4角11番手以下
東京,ダ,1600,2,距離変化帯,延長100-200m,前走着差帯,2.0秒以上負け,,,168,9,5.36,7463,20.38,0.263,2.25,消寄C,,距離変化帯=延長100-200m + 前走着差帯=2.0秒以上負け
東京,ダ,1600,2,前走上り順帯,上り10位以下,前走脚質帯,追込/後方,,,410,22,5.37,7463,20.38,0.263,5.49,消寄C,,前走上り順帯=上り10位以下 + 前走脚質帯=追込/後方
東京,ダ,1600,2,前走着順帯,前走10着以下,前走上り順帯,上り4-5位,,,110,6,5.45,7463,20.38,0.268,1.47,消寄C,,前走着順帯=前走10着以下 + 前走上り順帯=上り4-5位
東京,ダ,1600,2,距離変化帯,延長300-400m,前走着順帯,前走10着以下,,,156,10,6.41,7463,20.38,0.315,2.09,消寄C,,距離変化帯=延長300-400m + 前走着順帯=前走10着以下
東京,ダ,1600,2,前走着差帯,2.0秒以上負け,前走脚質帯,追込/後方,,,491,33,6.72,7463,20.38,0.33,6.58,消寄C,,前走着差帯=2.0秒以上負け + 前走脚質帯=追込/後方
東京,ダ,1600,2,前走着差帯,2.0秒以上負け,前走4角位置,4角11番手以下,,,397,27,6.8,7463,20.38,0.334,5.32,消寄C,,前走着差帯=2.0秒以上負け + 前走4角位置=4角11番手以下
東京,ダ,1600,2,距離変化帯,短縮500m以上,前走着順帯,前走10着以下,,,100,7,7.0,7463,20.38,0.343,1.34,消寄C,,距離変化帯=短縮500m以上 + 前走着順帯=前走10着以下
東京,ダ,1600,2,前走着順帯,前走10着以下,前走4角位置,4角11番手以下,,,793,56,7.06,7463,20.38,0.346,10.63,消寄C,,前走着順帯=前走10着以下 + 前走4角位置=4角11番手以下
東京,ダ,1600,2,前走着差帯,2.0秒以上負け,休み明け区分,休み明け4戦目以降,,,234,17,7.26,7463,20.38,0.356,3.14,消寄C,,前走着差帯=2.0秒以上負け + 休み明け区分=休み明け4戦目以降
東京,ダ,1600,2,前走着順帯,前走10着以下,休み明け区分,休み明け4戦目以降,,,452,33,7.3,7463,20.38,0.358,6.06,消寄C,,前走着順帯=前走10着以下 + 休み明け区分=休み明け4戦目以降
東京,ダ,1600,2,前走着順帯,前走10着以下,前走脚質帯,追込/後方,,,922,69,7.48,7463,20.38,0.367,12.35,消寄C,,前走着順帯=前走10着以下 + 前走脚質帯=追込/後方
東京,ダ,2100,2,距離変化帯,短縮500m以上,前走着順帯,前走10着以下,,,29,0,0.0,3055,20.62,0.0,0.95,消寄A,,距離変化帯=短縮500m以上 + 前走着順帯=前走10着以下
東京,ダ,2100,2,芝ダ替わり,芝→ダ,距離変化帯,延長300-400m,,,23,0,0.0,3055,20.62,0.0,0.75,消寄A,,芝ダ替わり=芝→ダ + 距離変化帯=延長300-400m
東京,ダ,2100,2,距離変化帯,短縮500m以上,前走上り順帯,上り10位以下,,,20,0,0.0,3055,20.62,0.0,0.65,消寄A,,距離変化帯=短縮500m以上 + 前走上り順帯=上り10位以下
東京,ダ,2100,2,距離変化帯,同距離,前走着順帯,前走10着以下,,,155,6,3.87,3055,20.62,0.188,5.07,消寄B,,距離変化帯=同距離 + 前走着順帯=前走10着以下
東京,ダ,2100,2,前走着差帯,1.5-1.9秒負け,前走4角位置,4角11番手以下,,,124,7,5.65,3055,20.62,0.274,4.06,消寄C,,前走着差帯=1.5-1.9秒負け + 前走4角位置=4角11番手以下
東京,ダ,2100,2,距離変化帯,同距離,前走着差帯,2.0秒以上負け,,,122,7,5.74,3055,20.62,0.278,3.99,消寄C,,距離変化帯=同距離 + 前走着差帯=2.0秒以上負け
東京,ダ,2100,2,前走着差帯,1.5-1.9秒負け,前走脚質帯,追込/後方,,,174,10,5.75,3055,20.62,0.279,5.7,消寄C,,前走着差帯=1.5-1.9秒負け + 前走脚質帯=追込/後方
東京,ダ,2100,2,前走着順帯,前走10着以下,休み明け区分,休み明け4戦目以降,,,178,11,6.18,3055,20.62,0.3,5.83,消寄C,,前走着順帯=前走10着以下 + 休み明け区分=休み明け4戦目以降
東京,ダ,2100,2,前走着順帯,前走10着以下,前走上り順帯,上り6-9位,,,161,10,6.21,3055,20.62,0.301,5.27,消寄C,,前走着順帯=前走10着以下 + 前走上り順帯=上り6-9位
東京,ダ,2100,2,前走上り順帯,上り10位以下,前走脚質帯,追込/後方,,,191,12,6.28,3055,20.62,0.305,6.25,消寄C,,前走上り順帯=上り10位以下 + 前走脚質帯=追込/後方
東京,ダ,2100,2,前走着順帯,前走10着以下,前走脚質帯,追込/後方,,,381,26,6.82,3055,20.62,0.331,12.47,消寄C,,前走着順帯=前走10着以下 + 前走脚質帯=追込/後方
東京,ダ,2100,2,前走着順帯,前走10着以下,休み明け区分,休み明け3戦目,,,129,9,6.98,3055,20.62,0.338,4.22,消寄C,,前走着順帯=前走10着以下 + 休み明け区分=休み明け3戦目
東京,ダ,2100,2,前走着差帯,2.0秒以上負け,頭数変化,同頭数,,,208,15,7.21,3055,20.62,0.35,6.81,消寄C,,前走着差帯=2.0秒以上負け + 頭数変化=同頭数
東京,ダ,2100,2,前走着順帯,前走10着以下,前走4角位置,4角11番手以下,,,317,23,7.26,3055,20.62,0.352,10.38,消寄C,,前走着順帯=前走10着以下 + 前走4角位置=4角11番手以下
東京,ダ,2100,2,前走着差帯,2.0秒以上負け,前走着順帯,前走10着以下,,,449,33,7.35,3055,20.62,0.356,14.7,消寄C,,前走着差帯=2.0秒以上負け + 前走着順帯=前走10着以下
東京,ダ,2100,2,前走着差帯,2.0秒以上負け,休み明け区分,休み明け2戦目,,,149,11,7.38,3055,20.62,0.358,4.88,消寄C,,前走着差帯=2.0秒以上負け + 休み明け区分=休み明け2戦目
東京,ダ,2100,2,前走上り順帯,上り10位以下,前走4角位置,4角11番手以下,,,149,11,7.38,3055,20.62,0.358,4.88,消寄C,,前走上り順帯=上り10位以下 + 前走4角位置=4角11番手以下
東京,ダ,2100,2,前走着差帯,2.0秒以上負け,前走脚質帯,追込/後方,,,269,20,7.43,3055,20.62,0.361,8.81,消寄C,,前走着差帯=2.0秒以上負け + 前走脚質帯=追込/後方
東京,ダ,2100,2,前走着差帯,2.0秒以上負け,前走4角位置,4角11番手以下,,,202,15,7.43,3055,20.62,0.36,6.61,消寄C,,前走着差帯=2.0秒以上負け + 前走4角位置=4角11番手以下
東京,ダ,2100,2,前走上り順帯,上り10位以下,休み明け区分,休み明け4戦目以降,,,147,11,7.48,3055,20.62,0.363,4.81,消寄C,,前走上り順帯=上り10位以下 + 休み明け区分=休み明け4戦目以降
東京,芝,1400,2,前走着差帯,2.0秒以上負け,頭数変化,今回かなり頭数増,,,59,0,0.0,4134,20.66,0.0,1.43,消寄A,,前走着差帯=2.0秒以上負け + 頭数変化=今回かなり頭数増
東京,芝,1400,2,距離変化帯,延長100-200m,前走着差帯,2.0秒以上負け,,,57,0,0.0,4134,20.66,0.0,1.38,消寄A,,距離変化帯=延長100-200m + 前走着差帯=2.0秒以上負け
東京,芝,1400,2,距離変化帯,延長300-400m,今回頭数帯,16頭以上,,,43,0,0.0,4134,20.66,0.0,1.04,消寄A,,距離変化帯=延長300-400m + 今回頭数帯=16頭以上
東京,芝,1400,2,距離変化帯,延長300-400m,前走脚質帯,追込/後方,,,42,0,0.0,4134,20.66,0.0,1.02,消寄A,,距離変化帯=延長300-400m + 前走脚質帯=追込/後方
東京,芝,1400,2,芝ダ替わり,ダ→芝,前走4角位置,4角1番手,,,37,0,0.0,4134,20.66,0.0,0.9,消寄A,,芝ダ替わり=ダ→芝 + 前走4角位置=4角1番手
東京,芝,1400,2,距離変化帯,延長300-400m,前走4角位置,4角11番手以下,,,37,0,0.0,4134,20.66,0.0,0.9,消寄A,,距離変化帯=延長300-400m + 前走4角位置=4角11番手以下
東京,芝,1400,2,距離変化帯,延長300-400m,前走着順帯,前走10着以下,,,32,0,0.0,4134,20.66,0.0,0.77,消寄A,,距離変化帯=延長300-400m + 前走着順帯=前走10着以下
東京,芝,1400,2,距離変化帯,延長300-400m,休み明け区分,休み明け2戦目,,,32,0,0.0,4134,20.66,0.0,0.77,消寄A,,距離変化帯=延長300-400m + 休み明け区分=休み明け2戦目
東京,芝,1400,2,距離変化帯,延長300-400m,前走上り順帯,上り10位以下,,,28,0,0.0,4134,20.66,0.0,0.68,消寄A,,距離変化帯=延長300-400m + 前走上り順帯=上り10位以下
東京,芝,1400,2,距離変化帯,延長300-400m,今回頭数帯,12-15頭,,,28,0,0.0,4134,20.66,0.0,0.68,消寄A,,距離変化帯=延長300-400m + 今回頭数帯=12-15頭
東京,芝,1400,2,距離変化帯,延長300-400m,前走着差帯,1.0-1.4秒負け,,,24,0,0.0,4134,20.66,0.0,0.58,消寄A,,距離変化帯=延長300-400m + 前走着差帯=1.0-1.4秒負け
東京,芝,1400,2,距離変化帯,延長300-400m,頭数変化,今回頭数増,,,23,0,0.0,4134,20.66,0.0,0.56,消寄A,,距離変化帯=延長300-400m + 頭数変化=今回頭数増
東京,芝,1400,2,距離変化帯,延長300-400m,前走着差帯,0.6-0.9秒負け,,,22,0,0.0,4134,20.66,0.0,0.53,消寄A,,距離変化帯=延長300-400m + 前走着差帯=0.6-0.9秒負け
東京,芝,1400,2,距離変化帯,延長300-400m,休み明け区分,休み明け4戦目以降,,,22,0,0.0,4134,20.66,0.0,0.53,消寄A,,距離変化帯=延長300-400m + 休み明け区分=休み明け4戦目以降
東京,芝,1400,2,距離変化帯,延長300-400m,前走上り順帯,上り1-3位,,,20,0,0.0,4134,20.66,0.0,0.48,消寄A,,距離変化帯=延長300-400m + 前走上り順帯=上り1-3位
東京,芝,1400,2,距離変化帯,延長300-400m,頭数変化,今回頭数減,,,20,0,0.0,4134,20.66,0.0,0.48,消寄A,,距離変化帯=延長300-400m + 頭数変化=今回頭数減
東京,芝,1400,2,芝ダ替わり,芝→芝,距離変化帯,延長300-400m,,,71,1,1.41,4134,20.66,0.068,1.72,消寄A,,芝ダ替わり=芝→芝 + 距離変化帯=延長300-400m
東京,芝,1400,2,芝ダ替わり,ダ→芝,頭数変化,今回かなり頭数増,,,61,1,1.64,4134,20.66,0.079,1.48,消寄A,,芝ダ替わり=ダ→芝 + 頭数変化=今回かなり頭数増
東京,芝,1400,2,芝ダ替わり,ダ→芝,距離変化帯,短縮100-200m,,,55,1,1.82,4134,20.66,0.088,1.33,消寄A,,芝ダ替わり=ダ→芝 + 距離変化帯=短縮100-200m
東京,芝,1400,2,前走着差帯,2.0秒以上負け,前走上り順帯,上り6-9位,,,44,1,2.27,4134,20.66,0.11,1.06,消寄A,,前走着差帯=2.0秒以上負け + 前走上り順帯=上り6-9位
東京,芝,1600,2,距離変化帯,延長300-400m,前走着差帯,2.0秒以上負け,,,20,0,0.0,4377,22.57,0.0,0.46,消寄A,,距離変化帯=延長300-400m + 前走着差帯=2.0秒以上負け
東京,芝,1600,2,距離変化帯,短縮300-400m,前走着差帯,2.0秒以上負け,,,53,1,1.89,4377,22.57,0.084,1.21,消寄A,,距離変化帯=短縮300-400m + 前走着差帯=2.0秒以上負け
東京,芝,1600,2,距離変化帯,延長100-200m,前走着差帯,1.5-1.9秒負け,,,42,1,2.38,4377,22.57,0.105,0.96,消寄A,,距離変化帯=延長100-200m + 前走着差帯=1.5-1.9秒負け
東京,芝,1600,2,芝ダ替わり,ダ→芝,休み明け区分,休み明け4戦目以降,,,88,3,3.41,4377,22.57,0.151,2.01,消寄B,,芝ダ替わり=ダ→芝 + 休み明け区分=休み明け4戦目以降
東京,芝,1600,2,前走着差帯,2.0秒以上負け,休み明け区分,休み明け4戦目以降,,,57,2,3.51,4377,22.57,0.155,1.3,消寄B,,前走着差帯=2.0秒以上負け + 休み明け区分=休み明け4戦目以降
東京,芝,1600,2,前走着差帯,1.5-1.9秒負け,休み明け区分,休み明け4戦目以降,,,56,2,3.57,4377,22.57,0.158,1.28,消寄B,,前走着差帯=1.5-1.9秒負け + 休み明け区分=休み明け4戦目以降
東京,芝,1600,2,芝ダ替わり,ダ→芝,休み明け区分,休み明け2戦目,,,51,2,3.92,4377,22.57,0.174,1.17,消寄B,,芝ダ替わり=ダ→芝 + 休み明け区分=休み明け2戦目
東京,芝,1600,2,距離変化帯,延長100-200m,前走着差帯,1.0-1.4秒負け,,,92,4,4.35,4377,22.57,0.193,2.1,消寄B,,距離変化帯=延長100-200m + 前走着差帯=1.0-1.4秒負け
東京,芝,1600,2,前走着差帯,1.0-1.4秒負け,休み明け区分,休み明け2戦目,,,155,7,4.52,4377,22.57,0.2,3.54,消寄B,,前走着差帯=1.0-1.4秒負け + 休み明け区分=休み明け2戦目
東京,芝,1600,2,距離変化帯,延長300-400m,前走着順帯,前走10着以下,,,84,4,4.76,4377,22.57,0.211,1.92,消寄B,,距離変化帯=延長300-400m + 前走着順帯=前走10着以下
東京,芝,1600,2,前走着差帯,2.0秒以上負け,今回頭数帯,16頭以上,,,127,7,5.51,4377,22.57,0.244,2.9,消寄C,,前走着差帯=2.0秒以上負け + 今回頭数帯=16頭以上
東京,芝,1600,2,芝ダ替わり,ダ→芝,前走上り順帯,上り10位以下,,,125,7,5.6,4377,22.57,0.248,2.86,消寄C,,芝ダ替わり=ダ→芝 + 前走上り順帯=上り10位以下
東京,芝,1600,2,距離変化帯,延長100-200m,前走着順帯,前走10着以下,,,169,10,5.92,4377,22.57,0.262,3.86,消寄C,,距離変化帯=延長100-200m + 前走着順帯=前走10着以下
東京,芝,1600,2,距離変化帯,延長100-200m,休み明け区分,休み明け4戦目以降,,,155,10,6.45,4377,22.57,0.286,3.54,消寄C,,距離変化帯=延長100-200m + 休み明け区分=休み明け4戦目以降
東京,芝,1600,2,芝ダ替わり,ダ→芝,前走着順帯,前走10着以下,,,154,10,6.49,4377,22.57,0.288,3.52,消寄C,,芝ダ替わり=ダ→芝 + 前走着順帯=前走10着以下
東京,芝,1600,2,前走着順帯,前走10着以下,頭数変化,同頭数,,,191,14,7.33,4377,22.57,0.325,4.36,消寄C,,前走着順帯=前走10着以下 + 頭数変化=同頭数
東京,芝,1600,2,距離変化帯,延長100-200m,前走上り順帯,上り10位以下,,,134,10,7.46,4377,22.57,0.331,3.06,消寄C,,距離変化帯=延長100-200m + 前走上り順帯=上り10位以下
東京,芝,1600,2,芝ダ替わり,ダ→芝,前走着差帯,2.0秒以上負け,,,120,9,7.5,4377,22.57,0.332,2.74,消寄C,,芝ダ替わり=ダ→芝 + 前走着差帯=2.0秒以上負け
東京,芝,1600,2,芝ダ替わり,ダ→芝,今回頭数帯,16頭以上,,,143,11,7.69,4377,22.57,0.341,3.27,消寄C,,芝ダ替わり=ダ→芝 + 今回頭数帯=16頭以上
東京,芝,1600,2,芝ダ替わり,ダ→芝,前走脚質帯,差し/中団,,,104,8,7.69,4377,22.57,0.341,2.38,消寄C,,芝ダ替わり=ダ→芝 + 前走脚質帯=差し/中団
東京,芝,1800,2,距離変化帯,短縮500m以上,今回頭数帯,16頭以上,,,24,0,0.0,3488,24.8,0.0,0.69,消寄A,,距離変化帯=短縮500m以上 + 今回頭数帯=16頭以上
東京,芝,1800,2,距離変化帯,延長300-400m,前走着差帯,2.0秒以上負け,,,20,0,0.0,3488,24.8,0.0,0.57,消寄A,,距離変化帯=延長300-400m + 前走着差帯=2.0秒以上負け
東京,芝,1800,2,距離変化帯,延長300-400m,前走着順帯,前走1着,,,20,0,0.0,3488,24.8,0.0,0.57,消寄A,,距離変化帯=延長300-400m + 前走着順帯=前走1着
東京,芝,1800,2,前走着差帯,2.0秒以上負け,前走4角位置,4角11番手以下,,,84,1,1.19,3488,24.8,0.048,2.41,消寄A,,前走着差帯=2.0秒以上負け + 前走4角位置=4角11番手以下
東京,芝,1800,2,前走着差帯,1.0-1.4秒負け,休み明け区分,休み明け3戦目,,,52,1,1.92,3488,24.8,0.078,1.49,消寄A,,前走着差帯=1.0-1.4秒負け + 休み明け区分=休み明け3戦目
東京,芝,1800,2,前走着差帯,1.5-1.9秒負け,頭数変化,今回かなり頭数減,,,50,1,2.0,3488,24.8,0.081,1.43,消寄A,,前走着差帯=1.5-1.9秒負け + 頭数変化=今回かなり頭数減
東京,芝,1800,2,前走着差帯,2.0秒以上負け,頭数変化,同頭数,,,41,1,2.44,3488,24.8,0.098,1.18,消寄A,,前走着差帯=2.0秒以上負け + 頭数変化=同頭数
東京,芝,1800,2,前走着差帯,1.5-1.9秒負け,前走4角位置,4角7-10番手,,,77,2,2.6,3488,24.8,0.105,2.21,消寄A,,前走着差帯=1.5-1.9秒負け + 前走4角位置=4角7-10番手
東京,芝,1800,2,芝ダ替わり,ダ→芝,距離変化帯,延長300-400m,,,37,1,2.7,3488,24.8,0.109,1.06,消寄A,,芝ダ替わり=ダ→芝 + 距離変化帯=延長300-400m
東京,芝,1800,2,芝ダ替わり,ダ→芝,頭数変化,今回頭数増,,,37,1,2.7,3488,24.8,0.109,1.06,消寄A,,芝ダ替わり=ダ→芝 + 頭数変化=今回頭数増
東京,芝,1800,2,前走着差帯,1.5-1.9秒負け,頭数変化,今回かなり頭数増,,,37,1,2.7,3488,24.8,0.109,1.06,消寄A,,前走着差帯=1.5-1.9秒負け + 頭数変化=今回かなり頭数増
東京,芝,1800,2,前走着差帯,2.0秒以上負け,前走脚質帯,追込/後方,,,116,4,3.45,3488,24.8,0.139,3.33,消寄B,,前走着差帯=2.0秒以上負け + 前走脚質帯=追込/後方
東京,芝,1800,2,前走着差帯,2.0秒以上負け,休み明け区分,休み明け4戦目以降,,,58,2,3.45,3488,24.8,0.139,1.66,消寄B,,前走着差帯=2.0秒以上負け + 休み明け区分=休み明け4戦目以降
東京,芝,1800,2,芝ダ替わり,ダ→芝,休み明け区分,休み明け4戦目以降,,,57,2,3.51,3488,24.8,0.141,1.63,消寄B,,芝ダ替わり=ダ→芝 + 休み明け区分=休み明け4戦目以降
東京,芝,1800,2,前走上り順帯,上り10位以下,前走4角位置,4角11番手以下,,,103,4,3.88,3488,24.8,0.157,2.95,消寄B,,前走上り順帯=上り10位以下 + 前走4角位置=4角11番手以下
東京,芝,1800,2,前走上り順帯,上り10位以下,前走脚質帯,追込/後方,,,123,5,4.07,3488,24.8,0.164,3.53,消寄B,,前走上り順帯=上り10位以下 + 前走脚質帯=追込/後方
東京,芝,1800,2,芝ダ替わり,ダ→芝,前走上り順帯,上り1-3位,,,66,3,4.55,3488,24.8,0.183,1.89,消寄B,,芝ダ替わり=ダ→芝 + 前走上り順帯=上り1-3位
東京,芝,1800,2,前走着差帯,1.5-1.9秒負け,今回頭数帯,9-11頭,,,66,3,4.55,3488,24.8,0.183,1.89,消寄B,,前走着差帯=1.5-1.9秒負け + 今回頭数帯=9-11頭
東京,芝,1800,2,芝ダ替わり,ダ→芝,前走着順帯,前走10着以下,,,102,5,4.9,3488,24.8,0.198,2.92,消寄B,,芝ダ替わり=ダ→芝 + 前走着順帯=前走10着以下
東京,芝,1800,2,前走着差帯,1.5-1.9秒負け,前走上り順帯,上り10位以下,,,126,7,5.56,3488,24.8,0.224,3.61,消寄C,,前走着差帯=1.5-1.9秒負け + 前走上り順帯=上り10位以下
東京,芝,2000,2,芝ダ替わり,ダ→芝,距離変化帯,延長500m以上,,,28,0,0.0,2653,26.69,0.0,1.06,消寄A,,芝ダ替わり=ダ→芝 + 距離変化帯=延長500m以上
東京,芝,2000,2,距離変化帯,延長500m以上,前走上り順帯,上り1-3位,,,27,0,0.0,2653,26.69,0.0,1.02,消寄A,,距離変化帯=延長500m以上 + 前走上り順帯=上り1-3位
東京,芝,2000,2,前走着差帯,2.0秒以上負け,頭数変化,今回頭数増,,,34,1,2.94,2653,26.69,0.11,1.28,消寄A,,前走着差帯=2.0秒以上負け + 頭数変化=今回頭数増
東京,芝,2000,2,芝ダ替わり,ダ→芝,前走上り順帯,上り1-3位,,,51,2,3.92,2653,26.69,0.147,1.92,消寄B,,芝ダ替わり=ダ→芝 + 前走上り順帯=上り1-3位
東京,芝,2000,2,前走着差帯,2.0秒以上負け,前走4角位置,4角11番手以下,,,70,3,4.29,2653,26.69,0.161,2.64,消寄B,,前走着差帯=2.0秒以上負け + 前走4角位置=4角11番手以下
東京,芝,2000,2,前走着差帯,2.0秒以上負け,休み明け区分,休み明け4戦目以降,,,62,3,4.84,2653,26.69,0.181,2.34,消寄B,,前走着差帯=2.0秒以上負け + 休み明け区分=休み明け4戦目以降
東京,芝,2000,2,前走着順帯,前走10着以下,休み明け区分,休み明け4戦目以降,,,131,10,7.63,2653,26.69,0.286,4.94,消寄C,,前走着順帯=前走10着以下 + 休み明け区分=休み明け4戦目以降
東京,芝,2000,2,前走着差帯,2.0秒以上負け,前走脚質帯,追込/後方,,,101,8,7.92,2653,26.69,0.297,3.81,消寄C,,前走着差帯=2.0秒以上負け + 前走脚質帯=追込/後方
東京,芝,2400,2,前走着差帯,2.0秒以上負け,頭数変化,同頭数,,,24,0,0.0,2492,25.04,0.0,0.96,消寄A,,前走着差帯=2.0秒以上負け + 頭数変化=同頭数
東京,芝,2400,2,芝ダ替わり,ダ→芝,休み明け区分,休み明け2戦目,,,22,0,0.0,2492,25.04,0.0,0.88,消寄A,,芝ダ替わり=ダ→芝 + 休み明け区分=休み明け2戦目
東京,芝,2400,2,前走着差帯,1.5-1.9秒負け,前走上り順帯,上り4-5位,,,22,0,0.0,2492,25.04,0.0,0.88,消寄A,,前走着差帯=1.5-1.9秒負け + 前走上り順帯=上り4-5位
東京,芝,2400,2,距離変化帯,短縮500m以上,前走脚質帯,追込/後方,,,21,0,0.0,2492,25.04,0.0,0.84,消寄A,,距離変化帯=短縮500m以上 + 前走脚質帯=追込/後方
東京,芝,2400,2,芝ダ替わり,ダ→芝,前走着差帯,2.0秒以上負け,,,55,1,1.82,2492,25.04,0.073,2.21,消寄A,,芝ダ替わり=ダ→芝 + 前走着差帯=2.0秒以上負け
東京,芝,2400,2,距離変化帯,延長500m以上,前走着差帯,2.0秒以上負け,,,39,1,2.56,2492,25.04,0.102,1.57,消寄A,,距離変化帯=延長500m以上 + 前走着差帯=2.0秒以上負け
東京,芝,2400,2,前走上り順帯,上り10位以下,休み明け区分,休み明け3戦目,,,56,2,3.57,2492,25.04,0.143,2.25,消寄B,,前走上り順帯=上り10位以下 + 休み明け区分=休み明け3戦目
東京,芝,2400,2,芝ダ替わり,ダ→芝,前走上り順帯,上り10位以下,,,54,2,3.7,2492,25.04,0.148,2.17,消寄B,,芝ダ替わり=ダ→芝 + 前走上り順帯=上り10位以下
東京,芝,2400,2,前走上り順帯,上り10位以下,頭数変化,同頭数,,,78,3,3.85,2492,25.04,0.154,3.13,消寄B,,前走上り順帯=上り10位以下 + 頭数変化=同頭数
東京,芝,2400,2,前走着差帯,1.5-1.9秒負け,前走4角位置,4角7-10番手,,,65,3,4.62,2492,25.04,0.184,2.61,消寄B,,前走着差帯=1.5-1.9秒負け + 前走4角位置=4角7-10番手
東京,芝,2400,2,前走上り順帯,上り6-9位,頭数変化,今回かなり頭数増,,,85,4,4.71,2492,25.04,0.188,3.41,消寄B,,前走上り順帯=上り6-9位 + 頭数変化=今回かなり頭数増
東京,芝,2400,2,前走着順帯,前走6-9着,今回頭数帯,16頭以上,,,147,10,6.8,2492,25.04,0.272,5.9,消寄C,,前走着順帯=前走6-9着 + 今回頭数帯=16頭以上
東京,芝,2400,2,前走上り順帯,上り10位以下,今回頭数帯,16頭以上,,,137,10,7.3,2492,25.04,0.292,5.5,消寄C,,前走上り順帯=上り10位以下 + 今回頭数帯=16頭以上
東京,芝,2400,2,前走着順帯,前走10着以下,今回頭数帯,16頭以上,,,152,12,7.89,2492,25.04,0.315,6.1,消寄C,,前走着順帯=前走10着以下 + 今回頭数帯=16頭以上
東京,芝,2500,2,距離変化帯,延長500m以上,前走4角位置,4角11番手以下,,,24,0,0.0,339,19.76,0.0,7.08,消寄A,,距離変化帯=延長500m以上 + 前走4角位置=4角11番手以下
東京,芝,2500,2,距離変化帯,延長100-200m,前走着順帯,前走10着以下,,,20,0,0.0,339,19.76,0.0,5.9,消寄A,,距離変化帯=延長100-200m + 前走着順帯=前走10着以下
東京,芝,3110,2,距離変化帯,短縮100-200m,前走脚質帯,追込/後方,,,20,0,0.0,344,25.29,0.0,5.81,消寄A,,距離変化帯=短縮100-200m + 前走脚質帯=追込/後方
東京,芝,3110,2,前走着差帯,2.0秒以上負け,頭数変化,今回頭数増,,,34,1,2.94,344,25.29,0.116,9.88,消寄A,,前走着差帯=2.0秒以上負け + 頭数変化=今回頭数増
福島,ダ,1150,2,距離変化帯,短縮500m以上,休み明け区分,休み明け3戦目,,,22,0,0.0,2805,19.57,0.0,0.78,消寄A,,距離変化帯=短縮500m以上 + 休み明け区分=休み明け3戦目
福島,ダ,1150,2,距離変化帯,同距離,前走着差帯,1.5-1.9秒負け,,,20,0,0.0,2805,19.57,0.0,0.71,消寄A,,距離変化帯=同距離 + 前走着差帯=1.5-1.9秒負け
福島,ダ,1150,2,距離変化帯,短縮500m以上,前走4角位置,4角11番手以下,,,50,1,2.0,2805,19.57,0.102,1.78,消寄A,,距離変化帯=短縮500m以上 + 前走4角位置=4角11番手以下
福島,ダ,1150,2,芝ダ替わり,芝→ダ,距離変化帯,短縮500m以上,,,45,1,2.22,2805,19.57,0.114,1.6,消寄A,,芝ダ替わり=芝→ダ + 距離変化帯=短縮500m以上
福島,ダ,1150,2,距離変化帯,延長100-200m,前走4角位置,4角11番手以下,,,40,1,2.5,2805,19.57,0.128,1.43,消寄A,,距離変化帯=延長100-200m + 前走4角位置=4角11番手以下
福島,ダ,1150,2,距離変化帯,短縮500m以上,前走脚質帯,追込/後方,,,69,2,2.9,2805,19.57,0.148,2.46,消寄A,,距離変化帯=短縮500m以上 + 前走脚質帯=追込/後方
福島,ダ,1150,2,距離変化帯,延長100-200m,前走脚質帯,追込/後方,,,59,2,3.39,2805,19.57,0.173,2.1,消寄B,,距離変化帯=延長100-200m + 前走脚質帯=追込/後方
福島,ダ,1150,2,距離変化帯,短縮500m以上,前走着差帯,2.0秒以上負け,,,102,5,4.9,2805,19.57,0.25,3.64,消寄B,,距離変化帯=短縮500m以上 + 前走着差帯=2.0秒以上負け
福島,ダ,1150,2,前走脚質帯,追込/後方,頭数変化,今回かなり頭数増,,,61,3,4.92,2805,19.57,0.251,2.17,消寄B,,前走脚質帯=追込/後方 + 頭数変化=今回かなり頭数増
福島,ダ,1150,2,距離変化帯,短縮500m以上,前走着順帯,前走10着以下,,,110,6,5.45,2805,19.57,0.279,3.92,消寄C,,距離変化帯=短縮500m以上 + 前走着順帯=前走10着以下
福島,ダ,1150,2,前走着差帯,2.0秒以上負け,前走4角位置,4角7-10番手,,,134,8,5.97,2805,19.57,0.305,4.78,消寄C,,前走着差帯=2.0秒以上負け + 前走4角位置=4角7-10番手
福島,ダ,1150,2,前走上り順帯,上り10位以下,前走4角位置,4角11番手以下,,,163,10,6.13,2805,19.57,0.313,5.81,消寄C,,前走上り順帯=上り10位以下 + 前走4角位置=4角11番手以下
福島,ダ,1150,2,前走上り順帯,上り10位以下,前走脚質帯,追込/後方,,,194,12,6.19,2805,19.57,0.316,6.92,消寄C,,前走上り順帯=上り10位以下 + 前走脚質帯=追込/後方
福島,ダ,1150,2,距離変化帯,短縮500m以上,今回頭数帯,16頭以上,,,121,8,6.61,2805,19.57,0.338,4.31,消寄C,,距離変化帯=短縮500m以上 + 今回頭数帯=16頭以上
福島,ダ,1150,2,前走着差帯,2.0秒以上負け,前走脚質帯,差し/中団,,,162,11,6.79,2805,19.57,0.347,5.78,消寄C,,前走着差帯=2.0秒以上負け + 前走脚質帯=差し/中団
福島,ダ,1150,2,前走着差帯,2.0秒以上負け,前走4角位置,4角11番手以下,,,161,11,6.83,2805,19.57,0.349,5.74,消寄C,,前走着差帯=2.0秒以上負け + 前走4角位置=4角11番手以下
福島,ダ,1150,2,前走着差帯,2.0秒以上負け,前走脚質帯,追込/後方,,,189,13,6.88,2805,19.57,0.351,6.74,消寄C,,前走着差帯=2.0秒以上負け + 前走脚質帯=追込/後方
福島,ダ,1150,2,前走着差帯,2.0秒以上負け,頭数変化,今回頭数増,,,115,8,6.96,2805,19.57,0.355,4.1,消寄C,,前走着差帯=2.0秒以上負け + 頭数変化=今回頭数増
福島,ダ,1150,2,前走4角位置,4角11番手以下,休み明け区分,休み明け初戦,,,209,15,7.18,2805,19.57,0.367,7.45,消寄C,,前走4角位置=4角11番手以下 + 休み明け区分=休み明け初戦
福島,ダ,1150,2,前走4角位置,4角11番手以下,頭数変化,今回頭数増,,,142,11,7.75,2805,19.57,0.396,5.06,消寄C,,前走4角位置=4角11番手以下 + 頭数変化=今回頭数増
福島,ダ,1700,2,距離変化帯,延長500m以上,休み明け区分,休み明け2戦目,,,31,0,0.0,3381,20.85,0.0,0.92,消寄A,,距離変化帯=延長500m以上 + 休み明け区分=休み明け2戦目
福島,ダ,1700,2,距離変化帯,延長500m以上,前走脚質帯,追込/後方,,,60,1,1.67,3381,20.85,0.08,1.77,消寄A,,距離変化帯=延長500m以上 + 前走脚質帯=追込/後方
福島,ダ,1700,2,距離変化帯,延長500m以上,前走4角位置,4角11番手以下,,,53,1,1.89,3381,20.85,0.09,1.57,消寄A,,距離変化帯=延長500m以上 + 前走4角位置=4角11番手以下
福島,ダ,1700,2,距離変化帯,延長500m以上,前走着差帯,2.0秒以上負け,,,37,1,2.7,3381,20.85,0.13,1.09,消寄A,,距離変化帯=延長500m以上 + 前走着差帯=2.0秒以上負け
福島,ダ,1700,2,距離変化帯,延長100-200m,前走着差帯,2.0秒以上負け,,,123,6,4.88,3381,20.85,0.234,3.64,消寄B,,距離変化帯=延長100-200m + 前走着差帯=2.0秒以上負け
福島,ダ,1700,2,距離変化帯,延長500m以上,今回頭数帯,12-15頭,,,115,7,6.09,3381,20.85,0.292,3.4,消寄C,,距離変化帯=延長500m以上 + 今回頭数帯=12-15頭
福島,ダ,1700,2,前走着差帯,2.0秒以上負け,休み明け区分,休み明け2戦目,,,147,9,6.12,3381,20.85,0.294,4.35,消寄C,,前走着差帯=2.0秒以上負け + 休み明け区分=休み明け2戦目
福島,ダ,1700,2,芝ダ替わり,ダ→ダ,距離変化帯,延長500m以上,,,112,7,6.25,3381,20.85,0.3,3.31,消寄C,,芝ダ替わり=ダ→ダ + 距離変化帯=延長500m以上
福島,ダ,1700,2,距離変化帯,延長100-200m,前走着順帯,前走10着以下,,,217,14,6.45,3381,20.85,0.309,6.42,消寄C,,距離変化帯=延長100-200m + 前走着順帯=前走10着以下
福島,ダ,1700,2,前走着差帯,2.0秒以上負け,前走脚質帯,追込/後方,,,309,20,6.47,3381,20.85,0.31,9.14,消寄C,,前走着差帯=2.0秒以上負け + 前走脚質帯=追込/後方
福島,ダ,1700,2,前走着差帯,2.0秒以上負け,前走4角位置,4角11番手以下,,,240,16,6.67,3381,20.85,0.32,7.1,消寄C,,前走着差帯=2.0秒以上負け + 前走4角位置=4角11番手以下
福島,ダ,1700,2,前走上り順帯,上り6-9位,前走4角位置,4角11番手以下,,,185,13,7.03,3381,20.85,0.337,5.47,消寄C,,前走上り順帯=上り6-9位 + 前走4角位置=4角11番手以下
福島,ダ,1700,2,前走着差帯,2.0秒以上負け,前走上り順帯,上り6-9位,,,156,11,7.05,3381,20.85,0.338,4.61,消寄C,,前走着差帯=2.0秒以上負け + 前走上り順帯=上り6-9位
福島,ダ,1700,2,前走上り順帯,上り6-9位,前走脚質帯,追込/後方,,,249,18,7.23,3381,20.85,0.347,7.36,消寄C,,前走上り順帯=上り6-9位 + 前走脚質帯=追込/後方
福島,ダ,1700,2,前走4角位置,4角11番手以下,休み明け区分,休み明け初戦,,,244,18,7.38,3381,20.85,0.354,7.22,消寄C,,前走4角位置=4角11番手以下 + 休み明け区分=休み明け初戦
福島,ダ,1700,2,芝ダ替わり,芝→ダ,前走着順帯,前走10着以下,,,130,10,7.69,3381,20.85,0.369,3.85,消寄C,,芝ダ替わり=芝→ダ + 前走着順帯=前走10着以下
福島,ダ,1700,2,前走着差帯,2.0秒以上負け,頭数変化,同頭数,,,104,8,7.69,3381,20.85,0.369,3.08,消寄C,,前走着差帯=2.0秒以上負け + 頭数変化=同頭数
福島,ダ,1700,2,前走着差帯,2.0秒以上負け,前走4角位置,4角7-10番手,,,220,17,7.73,3381,20.85,0.371,6.51,消寄C,,前走着差帯=2.0秒以上負け + 前走4角位置=4角7-10番手
福島,ダ,1700,2,前走脚質帯,追込/後方,休み明け区分,休み明け初戦,,,316,25,7.91,3381,20.85,0.379,9.35,消寄C,,前走脚質帯=追込/後方 + 休み明け区分=休み明け初戦
福島,ダ,1700,2,前走着順帯,前走10着以下,前走上り順帯,上り6-9位,,,225,18,8.0,3381,20.85,0.384,6.65,消寄C,,前走着順帯=前走10着以下 + 前走上り順帯=上り6-9位
福島,芝,1200,2,前走着差帯,2.0秒以上負け,前走上り順帯,上り1-3位,,,35,0,0.0,4540,19.93,0.0,0.77,消寄A,,前走着差帯=2.0秒以上負け + 前走上り順帯=上り1-3位
福島,芝,1200,2,距離変化帯,延長100-200m,前走着差帯,2.0秒以上負け,,,28,0,0.0,4540,19.93,0.0,0.62,消寄A,,距離変化帯=延長100-200m + 前走着差帯=2.0秒以上負け
福島,芝,1200,2,距離変化帯,短縮300-400m,前走上り順帯,上り1-3位,,,45,1,2.22,4540,19.93,0.111,0.99,消寄A,,距離変化帯=短縮300-400m + 前走上り順帯=上り1-3位
福島,芝,1200,2,距離変化帯,短縮500m以上,休み明け区分,休み明け4戦目以降,,,41,1,2.44,4540,19.93,0.122,0.9,消寄A,,距離変化帯=短縮500m以上 + 休み明け区分=休み明け4戦目以降
福島,芝,1200,2,距離変化帯,短縮500m以上,頭数変化,同頭数,,,34,1,2.94,4540,19.93,0.148,0.75,消寄A,,距離変化帯=短縮500m以上 + 頭数変化=同頭数
福島,芝,1200,2,前走着差帯,2.0秒以上負け,前走4角位置,4角11番手以下,,,143,5,3.5,4540,19.93,0.175,3.15,消寄B,,前走着差帯=2.0秒以上負け + 前走4角位置=4角11番手以下
福島,芝,1200,2,前走着差帯,2.0秒以上負け,前走脚質帯,追込/後方,,,186,7,3.76,4540,19.93,0.189,4.1,消寄B,,前走着差帯=2.0秒以上負け + 前走脚質帯=追込/後方
福島,芝,1200,2,前走着差帯,2.0秒以上負け,頭数変化,今回かなり頭数増,,,65,3,4.62,4540,19.93,0.232,1.43,消寄B,,前走着差帯=2.0秒以上負け + 頭数変化=今回かなり頭数増
福島,芝,1200,2,距離変化帯,短縮300-400m,前走着差帯,2.0秒以上負け,,,82,4,4.88,4540,19.93,0.245,1.81,消寄B,,距離変化帯=短縮300-400m + 前走着差帯=2.0秒以上負け
福島,芝,1200,2,前走着差帯,1.5-1.9秒負け,前走脚質帯,差し/中団,,,149,8,5.37,4540,19.93,0.269,3.28,消寄C,,前走着差帯=1.5-1.9秒負け + 前走脚質帯=差し/中団
福島,芝,1200,2,前走着差帯,2.0秒以上負け,頭数変化,同頭数,,,178,10,5.62,4540,19.93,0.282,3.92,消寄C,,前走着差帯=2.0秒以上負け + 頭数変化=同頭数
福島,芝,1200,2,芝ダ替わり,ダ→芝,前走着差帯,2.0秒以上負け,,,276,17,6.16,4540,19.93,0.309,6.08,消寄C,,芝ダ替わり=ダ→芝 + 前走着差帯=2.0秒以上負け
福島,芝,1200,2,前走上り順帯,上り10位以下,前走4角位置,4角11番手以下,,,193,12,6.22,4540,19.93,0.312,4.25,消寄C,,前走上り順帯=上り10位以下 + 前走4角位置=4角11番手以下
福島,芝,1200,2,前走上り順帯,上り10位以下,前走脚質帯,追込/後方,,,235,15,6.38,4540,19.93,0.32,5.18,消寄C,,前走上り順帯=上り10位以下 + 前走脚質帯=追込/後方
福島,芝,1200,2,芝ダ替わり,ダ→芝,前走4角位置,4角11番手以下,,,141,9,6.38,4540,19.93,0.32,3.11,消寄C,,芝ダ替わり=ダ→芝 + 前走4角位置=4角11番手以下
福島,芝,1200,2,前走着差帯,2.0秒以上負け,今回頭数帯,16頭以上,,,347,24,6.92,4540,19.93,0.347,7.64,消寄C,,前走着差帯=2.0秒以上負け + 今回頭数帯=16頭以上
福島,芝,1200,2,芝ダ替わり,ダ→芝,前走着順帯,前走10着以下,,,382,27,7.07,4540,19.93,0.355,8.41,消寄C,,芝ダ替わり=ダ→芝 + 前走着順帯=前走10着以下
福島,芝,1200,2,前走着差帯,1.5-1.9秒負け,前走4角位置,4角7-10番手,,,126,9,7.14,4540,19.93,0.358,2.78,消寄C,,前走着差帯=1.5-1.9秒負け + 前走4角位置=4角7-10番手
福島,芝,1200,2,前走着差帯,2.0秒以上負け,前走4角位置,4角7-10番手,,,153,11,7.19,4540,19.93,0.361,3.37,消寄C,,前走着差帯=2.0秒以上負け + 前走4角位置=4角7-10番手
福島,芝,1200,2,前走着差帯,2.0秒以上負け,今回頭数帯,12-15頭,,,124,9,7.26,4540,19.93,0.364,2.73,消寄C,,前走着差帯=2.0秒以上負け + 今回頭数帯=12-15頭
福島,芝,1800,2,芝ダ替わり,ダ→芝,頭数変化,今回かなり頭数増,,,61,0,0.0,2390,20.71,0.0,2.55,消寄A,,芝ダ替わり=ダ→芝 + 頭数変化=今回かなり頭数増
福島,芝,1800,2,芝ダ替わり,ダ→芝,距離変化帯,延長300-400m,,,57,0,0.0,2390,20.71,0.0,2.38,消寄A,,芝ダ替わり=ダ→芝 + 距離変化帯=延長300-400m
福島,芝,1800,2,距離変化帯,延長500m以上,前走着順帯,前走10着以下,,,41,0,0.0,2390,20.71,0.0,1.72,消寄A,,距離変化帯=延長500m以上 + 前走着順帯=前走10着以下
福島,芝,1800,2,芝ダ替わり,ダ→芝,前走着差帯,1.0-1.4秒負け,,,36,0,0.0,2390,20.71,0.0,1.51,消寄A,,芝ダ替わり=ダ→芝 + 前走着差帯=1.0-1.4秒負け
福島,芝,1800,2,距離変化帯,延長300-400m,頭数変化,今回かなり頭数増,,,29,0,0.0,2390,20.71,0.0,1.21,消寄A,,距離変化帯=延長300-400m + 頭数変化=今回かなり頭数増
福島,芝,1800,2,距離変化帯,延長300-400m,前走上り順帯,上り6-9位,,,27,0,0.0,2390,20.71,0.0,1.13,消寄A,,距離変化帯=延長300-400m + 前走上り順帯=上り6-9位
福島,芝,1800,2,距離変化帯,延長300-400m,前走着差帯,2.0秒以上負け,,,26,0,0.0,2390,20.71,0.0,1.09,消寄A,,距離変化帯=延長300-400m + 前走着差帯=2.0秒以上負け
福島,芝,1800,2,芝ダ替わり,ダ→芝,距離変化帯,延長500m以上,,,24,0,0.0,2390,20.71,0.0,1.0,消寄A,,芝ダ替わり=ダ→芝 + 距離変化帯=延長500m以上
福島,芝,1800,2,距離変化帯,延長500m以上,頭数変化,同頭数,,,23,0,0.0,2390,20.71,0.0,0.96,消寄A,,距離変化帯=延長500m以上 + 頭数変化=同頭数
福島,芝,1800,2,距離変化帯,延長500m以上,前走脚質帯,追込/後方,,,21,0,0.0,2390,20.71,0.0,0.88,消寄A,,距離変化帯=延長500m以上 + 前走脚質帯=追込/後方
福島,芝,1800,2,芝ダ替わり,ダ→芝,前走上り順帯,上り1-3位,,,70,1,1.43,2390,20.71,0.069,2.93,消寄A,,芝ダ替わり=ダ→芝 + 前走上り順帯=上り1-3位
福島,芝,1800,2,芝ダ替わり,ダ→芝,休み明け区分,休み明け4戦目以降,,,59,1,1.69,2390,20.71,0.082,2.47,消寄A,,芝ダ替わり=ダ→芝 + 休み明け区分=休み明け4戦目以降
福島,芝,1800,2,距離変化帯,延長300-400m,前走着順帯,前走10着以下,,,55,1,1.82,2390,20.71,0.088,2.3,消寄A,,距離変化帯=延長300-400m + 前走着順帯=前走10着以下
福島,芝,1800,2,芝ダ替わり,ダ→芝,休み明け区分,休み明け2戦目,,,48,1,2.08,2390,20.71,0.101,2.01,消寄A,,芝ダ替わり=ダ→芝 + 休み明け区分=休み明け2戦目
福島,芝,1800,2,距離変化帯,延長300-400m,前走4角位置,4角11番手以下,,,39,1,2.56,2390,20.71,0.124,1.63,消寄A,,距離変化帯=延長300-400m + 前走4角位置=4角11番手以下
福島,芝,1800,2,芝ダ替わり,ダ→芝,前走着差帯,勝ち/同タイム,,,37,1,2.7,2390,20.71,0.13,1.55,消寄A,,芝ダ替わり=ダ→芝 + 前走着差帯=勝ち/同タイム
福島,芝,1800,2,芝ダ替わり,ダ→芝,前走着順帯,前走1着,,,36,1,2.78,2390,20.71,0.134,1.51,消寄A,,芝ダ替わり=ダ→芝 + 前走着順帯=前走1着
福島,芝,1800,2,前走着差帯,2.0秒以上負け,休み明け区分,休み明け2戦目,,,64,2,3.12,2390,20.71,0.151,2.68,消寄B,,前走着差帯=2.0秒以上負け + 休み明け区分=休み明け2戦目
福島,芝,1800,2,前走着差帯,2.0秒以上負け,前走4角位置,4角11番手以下,,,94,3,3.19,2390,20.71,0.154,3.93,消寄B,,前走着差帯=2.0秒以上負け + 前走4角位置=4角11番手以下
福島,芝,1800,2,芝ダ替わり,ダ→芝,頭数変化,同頭数,,,60,2,3.33,2390,20.71,0.161,2.51,消寄B,,芝ダ替わり=ダ→芝 + 頭数変化=同頭数
福島,芝,2000,2,前走着差帯,2.0秒以上負け,前走脚質帯,先行/好位,,,46,0,0.0,2438,21.16,0.0,1.89,消寄A,,前走着差帯=2.0秒以上負け + 前走脚質帯=先行/好位
福島,芝,2000,2,距離変化帯,短縮500m以上,前走着差帯,1.0-1.4秒負け,,,21,0,0.0,2438,21.16,0.0,0.86,消寄A,,距離変化帯=短縮500m以上 + 前走着差帯=1.0-1.4秒負け
福島,芝,2000,2,前走着差帯,2.0秒以上負け,休み明け区分,休み明け3戦目,,,44,1,2.27,2438,21.16,0.107,1.8,消寄A,,前走着差帯=2.0秒以上負け + 休み明け区分=休み明け3戦目
福島,芝,2000,2,前走着差帯,2.0秒以上負け,前走4角位置,4角2-3番手,,,41,1,2.44,2438,21.16,0.115,1.68,消寄A,,前走着差帯=2.0秒以上負け + 前走4角位置=4角2-3番手
福島,芝,2000,2,距離変化帯,同距離,前走着差帯,2.0秒以上負け,,,74,2,2.7,2438,21.16,0.128,3.04,消寄A,,距離変化帯=同距離 + 前走着差帯=2.0秒以上負け
福島,芝,2000,2,前走上り順帯,上り10位以下,前走脚質帯,追込/後方,,,145,5,3.45,2438,21.16,0.163,5.95,消寄B,,前走上り順帯=上り10位以下 + 前走脚質帯=追込/後方
福島,芝,2000,2,芝ダ替わり,ダ→芝,前走上り順帯,上り10位以下,,,112,4,3.57,2438,21.16,0.169,4.59,消寄B,,芝ダ替わり=ダ→芝 + 前走上り順帯=上り10位以下
福島,芝,2000,2,前走着差帯,2.0秒以上負け,頭数変化,同頭数,,,111,4,3.6,2438,21.16,0.17,4.55,消寄B,,前走着差帯=2.0秒以上負け + 頭数変化=同頭数
福島,芝,2000,2,芝ダ替わり,ダ→芝,前走着差帯,2.0秒以上負け,,,135,7,5.19,2438,21.16,0.245,5.54,消寄C,,芝ダ替わり=ダ→芝 + 前走着差帯=2.0秒以上負け
福島,芝,2000,2,芝ダ替わり,ダ→芝,前走着順帯,前走10着以下,,,131,7,5.34,2438,21.16,0.252,5.37,消寄C,,芝ダ替わり=ダ→芝 + 前走着順帯=前走10着以下
福島,芝,2000,2,前走上り順帯,上り10位以下,前走4角位置,4角11番手以下,,,112,6,5.36,2438,21.16,0.253,4.59,消寄C,,前走上り順帯=上り10位以下 + 前走4角位置=4角11番手以下
福島,芝,2000,2,前走着差帯,2.0秒以上負け,前走上り順帯,上り10位以下,,,249,14,5.62,2438,21.16,0.266,10.21,消寄C,,前走着差帯=2.0秒以上負け + 前走上り順帯=上り10位以下
福島,芝,2000,2,前走着差帯,2.0秒以上負け,前走脚質帯,追込/後方,,,169,10,5.92,2438,21.16,0.28,6.93,消寄C,,前走着差帯=2.0秒以上負け + 前走脚質帯=追込/後方
福島,芝,2000,2,前走着差帯,2.0秒以上負け,今回頭数帯,16頭以上,,,218,13,5.96,2438,21.16,0.282,8.94,消寄C,,前走着差帯=2.0秒以上負け + 今回頭数帯=16頭以上
福島,芝,2000,2,前走着差帯,2.0秒以上負け,前走4角位置,4角11番手以下,,,125,8,6.4,2438,21.16,0.302,5.13,消寄C,,前走着差帯=2.0秒以上負け + 前走4角位置=4角11番手以下
福島,芝,2000,2,距離変化帯,延長300-400m,前走上り順帯,上り10位以下,,,106,7,6.6,2438,21.16,0.312,4.35,消寄C,,距離変化帯=延長300-400m + 前走上り順帯=上り10位以下
福島,芝,2000,2,前走着差帯,2.0秒以上負け,前走着順帯,前走10着以下,,,289,20,6.92,2438,21.16,0.327,11.85,消寄C,,前走着差帯=2.0秒以上負け + 前走着順帯=前走10着以下
福島,芝,2000,2,前走着差帯,2.0秒以上負け,休み明け区分,休み明け初戦,,,122,9,7.38,2438,21.16,0.349,5.0,消寄C,,前走着差帯=2.0秒以上負け + 休み明け区分=休み明け初戦
福島,芝,2000,2,距離変化帯,延長300-400m,前走着順帯,前走10着以下,,,116,9,7.76,2438,21.16,0.367,4.76,消寄C,,距離変化帯=延長300-400m + 前走着順帯=前走10着以下
福島,芝,2000,2,芝ダ替わり,芝→芝,前走着差帯,2.0秒以上負け,,,218,17,7.8,2438,21.16,0.368,8.94,消寄C,,芝ダ替わり=芝→芝 + 前走着差帯=2.0秒以上負け
福島,芝,2600,2,芝ダ替わり,ダ→芝,前走上り順帯,上り10位以下,,,62,3,4.84,1293,22.27,0.217,4.8,消寄B,,芝ダ替わり=ダ→芝 + 前走上り順帯=上り10位以下
福島,芝,2600,2,前走着順帯,前走10着以下,今回頭数帯,12-15頭,,,125,8,6.4,1293,22.27,0.287,9.67,消寄C,,前走着順帯=前走10着以下 + 今回頭数帯=12-15頭
福島,芝,2600,2,前走着差帯,2.0秒以上負け,前走上り順帯,上り10位以下,,,137,9,6.57,1293,22.27,0.295,10.6,消寄C,,前走着差帯=2.0秒以上負け + 前走上り順帯=上り10位以下
福島,芝,2600,2,前走着差帯,2.0秒以上負け,前走着順帯,前走10着以下,,,156,12,7.69,1293,22.27,0.345,12.06,消寄C,,前走着差帯=2.0秒以上負け + 前走着順帯=前走10着以下
阪神,ダ,1200,2,距離変化帯,延長100-200m,前走着差帯,1.5-1.9秒負け,,,29,0,0.0,4063,19.94,0.0,0.71,消寄A,,距離変化帯=延長100-200m + 前走着差帯=1.5-1.9秒負け
阪神,ダ,1200,2,前走上り順帯,上り10位以下,前走脚質帯,追込/後方,,,206,12,5.83,4063,19.94,0.292,5.07,消寄C,,前走上り順帯=上り10位以下 + 前走脚質帯=追込/後方
阪神,ダ,1200,2,前走上り順帯,上り10位以下,前走4角位置,4角11番手以下,,,159,10,6.29,4063,19.94,0.315,3.91,消寄C,,前走上り順帯=上り10位以下 + 前走4角位置=4角11番手以下
阪神,ダ,1200,2,前走着差帯,1.5-1.9秒負け,前走脚質帯,追込/後方,,,140,9,6.43,4063,19.94,0.322,3.45,消寄C,,前走着差帯=1.5-1.9秒負け + 前走脚質帯=追込/後方
阪神,ダ,1200,2,前走着差帯,1.5-1.9秒負け,前走4角位置,4角11番手以下,,,118,9,7.63,4063,19.94,0.383,2.9,消寄C,,前走着差帯=1.5-1.9秒負け + 前走4角位置=4角11番手以下
阪神,ダ,1200,2,前走着差帯,1.5-1.9秒負け,頭数変化,今回頭数増,,,118,9,7.63,4063,19.94,0.383,2.9,消寄C,,前走着差帯=1.5-1.9秒負け + 頭数変化=今回頭数増
阪神,ダ,1200,2,前走着差帯,2.0秒以上負け,前走4角位置,4角7-10番手,,,157,12,7.64,4063,19.94,0.383,3.86,消寄C,,前走着差帯=2.0秒以上負け + 前走4角位置=4角7-10番手
阪神,ダ,1200,2,前走着差帯,2.0秒以上負け,前走脚質帯,追込/後方,,,180,14,7.78,4063,19.94,0.39,4.43,消寄C,,前走着差帯=2.0秒以上負け + 前走脚質帯=追込/後方
阪神,ダ,1200,2,前走着差帯,1.5-1.9秒負け,前走上り順帯,上り6-9位,,,102,8,7.84,4063,19.94,0.393,2.51,消寄C,,前走着差帯=1.5-1.9秒負け + 前走上り順帯=上り6-9位
阪神,ダ,1200,2,前走着差帯,1.5-1.9秒負け,前走4角位置,4角7-10番手,,,151,12,7.95,4063,19.94,0.399,3.72,消寄C,,前走着差帯=1.5-1.9秒負け + 前走4角位置=4角7-10番手
阪神,ダ,1400,2,距離変化帯,短縮500m以上,前走4角位置,4角11番手以下,,,24,0,0.0,5339,20.06,0.0,0.45,消寄A,,距離変化帯=短縮500m以上 + 前走4角位置=4角11番手以下
阪神,ダ,1400,2,前走着差帯,2.0秒以上負け,前走上り順帯,上り1-3位,,,39,1,2.56,5339,20.06,0.128,0.73,消寄A,,前走着差帯=2.0秒以上負け + 前走上り順帯=上り1-3位
阪神,ダ,1400,2,距離変化帯,短縮500m以上,前走脚質帯,追込/後方,,,36,1,2.78,5339,20.06,0.138,0.67,消寄A,,距離変化帯=短縮500m以上 + 前走脚質帯=追込/後方
阪神,ダ,1400,2,前走4角位置,4角2-3番手,前走脚質帯,逃げ,,,53,2,3.77,5339,20.06,0.188,0.99,消寄B,,前走4角位置=4角2-3番手 + 前走脚質帯=逃げ
阪神,ダ,1400,2,距離変化帯,延長100-200m,前走着差帯,2.0秒以上負け,,,97,4,4.12,5339,20.06,0.206,1.82,消寄B,,距離変化帯=延長100-200m + 前走着差帯=2.0秒以上負け
阪神,ダ,1400,2,前走着順帯,前走10着以下,前走上り順帯,上り1-3位,,,121,5,4.13,5339,20.06,0.206,2.27,消寄B,,前走着順帯=前走10着以下 + 前走上り順帯=上り1-3位
阪神,ダ,1400,2,前走4角位置,4角11番手以下,休み明け区分,休み明け2戦目,,,266,15,5.64,5339,20.06,0.281,4.98,消寄C,,前走4角位置=4角11番手以下 + 休み明け区分=休み明け2戦目
阪神,ダ,1400,2,前走着差帯,2.0秒以上負け,前走脚質帯,追込/後方,,,294,18,6.12,5339,20.06,0.305,5.51,消寄C,,前走着差帯=2.0秒以上負け + 前走脚質帯=追込/後方
阪神,ダ,1400,2,前走着順帯,前走10着以下,前走4角位置,4角11番手以下,,,601,38,6.32,5339,20.06,0.315,11.26,消寄C,,前走着順帯=前走10着以下 + 前走4角位置=4角11番手以下
阪神,ダ,1400,2,前走着差帯,2.0秒以上負け,前走4角位置,4角11番手以下,,,233,15,6.44,5339,20.06,0.321,4.36,消寄C,,前走着差帯=2.0秒以上負け + 前走4角位置=4角11番手以下
阪神,ダ,1400,2,前走着順帯,前走10着以下,前走脚質帯,追込/後方,,,691,45,6.51,5339,20.06,0.325,12.94,消寄C,,前走着順帯=前走10着以下 + 前走脚質帯=追込/後方
阪神,ダ,1400,2,前走上り順帯,上り6-9位,前走4角位置,4角11番手以下,,,226,15,6.64,5339,20.06,0.331,4.23,消寄C,,前走上り順帯=上り6-9位 + 前走4角位置=4角11番手以下
阪神,ダ,1400,2,距離変化帯,延長100-200m,前走着差帯,1.5-1.9秒負け,,,131,9,6.87,5339,20.06,0.342,2.45,消寄C,,距離変化帯=延長100-200m + 前走着差帯=1.5-1.9秒負け
阪神,ダ,1400,2,前走上り順帯,上り6-9位,前走脚質帯,追込/後方,,,318,22,6.92,5339,20.06,0.345,5.96,消寄C,,前走上り順帯=上り6-9位 + 前走脚質帯=追込/後方
阪神,ダ,1400,2,前走着差帯,2.0秒以上負け,休み明け区分,休み明け2戦目,,,173,12,6.94,5339,20.06,0.346,3.24,消寄C,,前走着差帯=2.0秒以上負け + 休み明け区分=休み明け2戦目
阪神,ダ,1400,2,前走着差帯,1.5-1.9秒負け,前走4角位置,4角11番手以下,,,172,12,6.98,5339,20.06,0.348,3.22,消寄C,,前走着差帯=1.5-1.9秒負け + 前走4角位置=4角11番手以下
阪神,ダ,1400,2,距離変化帯,延長100-200m,前走着順帯,前走10着以下,,,432,31,7.18,5339,20.06,0.358,8.09,消寄C,,距離変化帯=延長100-200m + 前走着順帯=前走10着以下
阪神,ダ,1400,2,距離変化帯,延長100-200m,前走4角位置,4角11番手以下,,,344,25,7.27,5339,20.06,0.362,6.44,消寄C,,距離変化帯=延長100-200m + 前走4角位置=4角11番手以下
阪神,ダ,1400,2,距離変化帯,延長100-200m,前走脚質帯,追込/後方,,,412,30,7.28,5339,20.06,0.363,7.72,消寄C,,距離変化帯=延長100-200m + 前走脚質帯=追込/後方
阪神,ダ,1400,2,前走着差帯,2.0秒以上負け,今回頭数帯,16頭以上,,,478,35,7.32,5339,20.06,0.365,8.95,消寄C,,前走着差帯=2.0秒以上負け + 今回頭数帯=16頭以上
阪神,ダ,1800,2,距離変化帯,延長500m以上,前走着順帯,前走10着以下,,,55,0,0.0,5979,22.88,0.0,0.92,消寄A,,距離変化帯=延長500m以上 + 前走着順帯=前走10着以下
阪神,ダ,1800,2,距離変化帯,延長300-400m,頭数変化,今回かなり頭数増,,,52,0,0.0,5979,22.88,0.0,0.87,消寄A,,距離変化帯=延長300-400m + 頭数変化=今回かなり頭数増
阪神,ダ,1800,2,距離変化帯,延長500m以上,前走上り順帯,上り10位以下,,,36,0,0.0,5979,22.88,0.0,0.6,消寄A,,距離変化帯=延長500m以上 + 前走上り順帯=上り10位以下
阪神,ダ,1800,2,距離変化帯,延長300-400m,前走4角位置,4角1番手,,,35,0,0.0,5979,22.88,0.0,0.59,消寄A,,距離変化帯=延長300-400m + 前走4角位置=4角1番手
阪神,ダ,1800,2,距離変化帯,延長500m以上,頭数変化,今回かなり頭数減,,,33,0,0.0,5979,22.88,0.0,0.55,消寄A,,距離変化帯=延長500m以上 + 頭数変化=今回かなり頭数減
阪神,ダ,1800,2,距離変化帯,延長300-400m,前走脚質帯,逃げ,,,26,0,0.0,5979,22.88,0.0,0.43,消寄A,,距離変化帯=延長300-400m + 前走脚質帯=逃げ
阪神,ダ,1800,2,距離変化帯,延長500m以上,休み明け区分,休み明け4戦目以降,,,24,0,0.0,5979,22.88,0.0,0.4,消寄A,,距離変化帯=延長500m以上 + 休み明け区分=休み明け4戦目以降
阪神,ダ,1800,2,頭数変化,今回頭数減,今回頭数帯,16頭以上,,,23,0,0.0,5979,22.88,0.0,0.38,消寄A,,頭数変化=今回頭数減 + 今回頭数帯=16頭以上
阪神,ダ,1800,2,芝ダ替わり,芝→ダ,距離変化帯,延長500m以上,,,21,0,0.0,5979,22.88,0.0,0.35,消寄A,,芝ダ替わり=芝→ダ + 距離変化帯=延長500m以上
阪神,ダ,1800,2,距離変化帯,延長500m以上,前走脚質帯,追込/後方,,,41,1,2.44,5979,22.88,0.107,0.69,消寄A,,距離変化帯=延長500m以上 + 前走脚質帯=追込/後方
阪神,ダ,1800,2,距離変化帯,延長500m以上,前走4角位置,4角11番手以下,,,38,1,2.63,5979,22.88,0.115,0.64,消寄A,,距離変化帯=延長500m以上 + 前走4角位置=4角11番手以下
阪神,ダ,1800,2,距離変化帯,延長500m以上,今回頭数帯,12-15頭,,,34,1,2.94,5979,22.88,0.129,0.57,消寄A,,距離変化帯=延長500m以上 + 今回頭数帯=12-15頭
阪神,ダ,1800,2,芝ダ替わり,ダ→ダ,距離変化帯,延長500m以上,,,59,2,3.39,5979,22.88,0.148,0.99,消寄B,,芝ダ替わり=ダ→ダ + 距離変化帯=延長500m以上
阪神,ダ,1800,2,距離変化帯,延長300-400m,前走着差帯,2.0秒以上負け,,,58,2,3.45,5979,22.88,0.151,0.97,消寄B,,距離変化帯=延長300-400m + 前走着差帯=2.0秒以上負け
阪神,ダ,1800,2,前走着順帯,前走10着以下,頭数変化,今回かなり頭数増,,,57,2,3.51,5979,22.88,0.153,0.95,消寄B,,前走着順帯=前走10着以下 + 頭数変化=今回かなり頭数増
阪神,ダ,1800,2,距離変化帯,延長100-200m,前走着差帯,2.0秒以上負け,,,185,9,4.86,5979,22.88,0.213,3.09,消寄B,,距離変化帯=延長100-200m + 前走着差帯=2.0秒以上負け
阪神,ダ,1800,2,芝ダ替わり,芝→ダ,今回頭数帯,16頭以上,,,110,6,5.45,5979,22.88,0.238,1.84,消寄C,,芝ダ替わり=芝→ダ + 今回頭数帯=16頭以上
阪神,ダ,1800,2,前走着差帯,2.0秒以上負け,休み明け区分,休み明け3戦目,,,144,9,6.25,5979,22.88,0.273,2.41,消寄C,,前走着差帯=2.0秒以上負け + 休み明け区分=休み明け3戦目
阪神,ダ,1800,2,芝ダ替わり,芝→ダ,前走着差帯,2.0秒以上負け,,,104,7,6.73,5979,22.88,0.294,1.74,消寄C,,芝ダ替わり=芝→ダ + 前走着差帯=2.0秒以上負け
阪神,ダ,1800,2,距離変化帯,延長300-400m,前走着順帯,前走10着以下,,,141,10,7.09,5979,22.88,0.31,2.36,消寄C,,距離変化帯=延長300-400m + 前走着順帯=前走10着以下
阪神,ダ,2000,2,前走着差帯,2.0秒以上負け,頭数変化,今回かなり頭数増,,,34,0,0.0,1606,23.35,0.0,2.12,消寄A,,前走着差帯=2.0秒以上負け + 頭数変化=今回かなり頭数増
阪神,ダ,2000,2,芝ダ替わり,ダ→ダ,距離変化帯,延長500m以上,,,39,1,2.56,1606,23.35,0.11,2.43,消寄A,,芝ダ替わり=ダ→ダ + 距離変化帯=延長500m以上
阪神,ダ,2000,2,前走着差帯,2.0秒以上負け,前走脚質帯,追込/後方,,,152,11,7.24,1606,23.35,0.31,9.46,消寄C,,前走着差帯=2.0秒以上負け + 前走脚質帯=追込/後方
阪神,芝,1200,2,前走着順帯,前走10着以下,頭数変化,今回かなり頭数増,,,29,0,0.0,2003,21.82,0.0,1.45,消寄A,,前走着順帯=前走10着以下 + 頭数変化=今回かなり頭数増
阪神,芝,1200,2,前走着順帯,前走10着以下,前走上り順帯,上り6-9位,,,123,4,3.25,2003,21.82,0.149,6.14,消寄B,,前走着順帯=前走10着以下 + 前走上り順帯=上り6-9位
阪神,芝,1200,2,前走着順帯,前走10着以下,前走4角位置,4角7-10番手,,,176,14,7.95,2003,21.82,0.365,8.79,消寄C,,前走着順帯=前走10着以下 + 前走4角位置=4角7-10番手
阪神,芝,1400,2,前走着差帯,2.0秒以上負け,休み明け区分,休み明け4戦目以降,,,34,0,0.0,2786,21.57,0.0,1.22,消寄A,,前走着差帯=2.0秒以上負け + 休み明け区分=休み明け4戦目以降
阪神,芝,1400,2,距離変化帯,短縮500m以上,前走着順帯,前走10着以下,,,23,0,0.0,2786,21.57,0.0,0.83,消寄A,,距離変化帯=短縮500m以上 + 前走着順帯=前走10着以下
阪神,芝,1400,2,前走上り順帯,上り10位以下,前走脚質帯,追込/後方,,,83,2,2.41,2786,21.57,0.112,2.98,消寄A,,前走上り順帯=上り10位以下 + 前走脚質帯=追込/後方
阪神,芝,1400,2,芝ダ替わり,ダ→芝,頭数変化,今回かなり頭数増,,,39,1,2.56,2786,21.57,0.119,1.4,消寄A,,芝ダ替わり=ダ→芝 + 頭数変化=今回かなり頭数増
阪神,芝,1400,2,前走上り順帯,上り10位以下,前走4角位置,4角11番手以下,,,77,2,2.6,2786,21.57,0.12,2.76,消寄A,,前走上り順帯=上り10位以下 + 前走4角位置=4角11番手以下
阪神,芝,1400,2,前走着差帯,1.5-1.9秒負け,前走4角位置,4角11番手以下,,,35,1,2.86,2786,21.57,0.132,1.26,消寄A,,前走着差帯=1.5-1.9秒負け + 前走4角位置=4角11番手以下
阪神,芝,1400,2,芝ダ替わり,ダ→芝,前走4角位置,4角11番手以下,,,54,2,3.7,2786,21.57,0.172,1.94,消寄B,,芝ダ替わり=ダ→芝 + 前走4角位置=4角11番手以下
阪神,芝,1400,2,前走着差帯,2.0秒以上負け,前走4角位置,4角11番手以下,,,54,2,3.7,2786,21.57,0.172,1.94,消寄B,,前走着差帯=2.0秒以上負け + 前走4角位置=4角11番手以下
阪神,芝,1400,2,前走着差帯,2.0秒以上負け,今回頭数帯,16頭以上,,,88,4,4.55,2786,21.57,0.211,3.16,消寄B,,前走着差帯=2.0秒以上負け + 今回頭数帯=16頭以上
阪神,芝,1400,2,前走着差帯,2.0秒以上負け,前走着順帯,前走10着以下,,,145,7,4.83,2786,21.57,0.224,5.2,消寄B,,前走着差帯=2.0秒以上負け + 前走着順帯=前走10着以下
阪神,芝,1400,2,芝ダ替わり,ダ→芝,前走着順帯,前走10着以下,,,120,7,5.83,2786,21.57,0.27,4.31,消寄C,,芝ダ替わり=ダ→芝 + 前走着順帯=前走10着以下
阪神,芝,1400,2,前走着差帯,2.0秒以上負け,前走上り順帯,上り10位以下,,,125,8,6.4,2786,21.57,0.297,4.49,消寄C,,前走着差帯=2.0秒以上負け + 前走上り順帯=上り10位以下
阪神,芝,1400,2,前走上り順帯,上り6-9位,前走脚質帯,追込/後方,,,127,9,7.09,2786,21.57,0.329,4.56,消寄C,,前走上り順帯=上り6-9位 + 前走脚質帯=追込/後方
阪神,芝,1400,2,前走着順帯,前走10着以下,前走脚質帯,追込/後方,,,294,21,7.14,2786,21.57,0.331,10.55,消寄C,,前走着順帯=前走10着以下 + 前走脚質帯=追込/後方
阪神,芝,1400,2,前走着順帯,前走10着以下,前走4角位置,4角11番手以下,,,266,19,7.14,2786,21.57,0.331,9.55,消寄C,,前走着順帯=前走10着以下 + 前走4角位置=4角11番手以下
阪神,芝,1400,2,前走着差帯,1.0-1.4秒負け,前走脚質帯,追込/後方,,,143,11,7.69,2786,21.57,0.357,5.13,消寄C,,前走着差帯=1.0-1.4秒負け + 前走脚質帯=追込/後方
阪神,芝,1400,2,距離変化帯,延長100-200m,前走着差帯,1.0-1.4秒負け,,,117,9,7.69,2786,21.57,0.357,4.2,消寄C,,距離変化帯=延長100-200m + 前走着差帯=1.0-1.4秒負け
阪神,芝,1400,2,前走上り順帯,上り10位以下,前走4角位置,4角7-10番手,,,140,11,7.86,2786,21.57,0.364,5.03,消寄C,,前走上り順帯=上り10位以下 + 前走4角位置=4角7-10番手
阪神,芝,1400,2,前走着順帯,前走10着以下,頭数変化,今回頭数増,,,203,16,7.88,2786,21.57,0.365,7.29,消寄C,,前走着順帯=前走10着以下 + 頭数変化=今回頭数増
阪神,芝,1400,2,前走着差帯,1.0-1.4秒負け,休み明け区分,休み明け4戦目以降,,,114,9,7.89,2786,21.57,0.366,4.09,消寄C,,前走着差帯=1.0-1.4秒負け + 休み明け区分=休み明け4戦目以降
阪神,芝,1600,2,芝ダ替わり,ダ→芝,前走着差帯,1.0-1.4秒負け,,,41,0,0.0,3849,22.68,0.0,1.07,消寄A,,芝ダ替わり=ダ→芝 + 前走着差帯=1.0-1.4秒負け
阪神,芝,1600,2,距離変化帯,延長300-400m,前走着差帯,1.0-1.4秒負け,,,27,0,0.0,3849,22.68,0.0,0.7,消寄A,,距離変化帯=延長300-400m + 前走着差帯=1.0-1.4秒負け
阪神,芝,1600,2,距離変化帯,延長100-200m,前走着差帯,2.0秒以上負け,,,41,1,2.44,3849,22.68,0.108,1.07,消寄A,,距離変化帯=延長100-200m + 前走着差帯=2.0秒以上負け
阪神,芝,1600,2,前走着差帯,1.5-1.9秒負け,頭数変化,今回かなり頭数増,,,38,1,2.63,3849,22.68,0.116,0.99,消寄A,,前走着差帯=1.5-1.9秒負け + 頭数変化=今回かなり頭数増
阪神,芝,1600,2,前走着差帯,2.0秒以上負け,前走4角位置,4角11番手以下,,,68,2,2.94,3849,22.68,0.13,1.77,消寄A,,前走着差帯=2.0秒以上負け + 前走4角位置=4角11番手以下
阪神,芝,1600,2,芝ダ替わり,ダ→芝,前走4角位置,4角11番手以下,,,62,2,3.23,3849,22.68,0.142,1.61,消寄B,,芝ダ替わり=ダ→芝 + 前走4角位置=4角11番手以下
阪神,芝,1600,2,前走着差帯,2.0秒以上負け,前走脚質帯,追込/後方,,,94,4,4.26,3849,22.68,0.188,2.44,消寄B,,前走着差帯=2.0秒以上負け + 前走脚質帯=追込/後方
阪神,芝,1600,2,芝ダ替わり,ダ→芝,距離変化帯,延長100-200m,,,110,5,4.55,3849,22.68,0.2,2.86,消寄B,,芝ダ替わり=ダ→芝 + 距離変化帯=延長100-200m
阪神,芝,1600,2,芝ダ替わり,ダ→芝,前走脚質帯,追込/後方,,,80,4,5.0,3849,22.68,0.22,2.08,消寄B,,芝ダ替わり=ダ→芝 + 前走脚質帯=追込/後方
阪神,芝,1600,2,距離変化帯,延長100-200m,前走4角位置,4角1番手,,,60,3,5.0,3849,22.68,0.22,1.56,消寄B,,距離変化帯=延長100-200m + 前走4角位置=4角1番手
阪神,芝,1600,2,距離変化帯,延長300-400m,前走4角位置,4角11番手以下,,,60,3,5.0,3849,22.68,0.22,1.56,消寄B,,距離変化帯=延長300-400m + 前走4角位置=4角11番手以下
阪神,芝,1600,2,距離変化帯,短縮300-400m,頭数変化,今回頭数減,,,60,3,5.0,3849,22.68,0.22,1.56,消寄B,,距離変化帯=短縮300-400m + 頭数変化=今回頭数減
阪神,芝,1600,2,距離変化帯,延長100-200m,前走着順帯,前走10着以下,,,214,12,5.61,3849,22.68,0.247,5.56,消寄C,,距離変化帯=延長100-200m + 前走着順帯=前走10着以下
阪神,芝,1600,2,前走上り順帯,上り10位以下,前走4角位置,4角1番手,,,107,7,6.54,3849,22.68,0.288,2.78,消寄C,,前走上り順帯=上り10位以下 + 前走4角位置=4角1番手
阪神,芝,1600,2,前走上り順帯,上り10位以下,前走脚質帯,追込/後方,,,107,7,6.54,3849,22.68,0.288,2.78,消寄C,,前走上り順帯=上り10位以下 + 前走脚質帯=追込/後方
阪神,芝,1600,2,距離変化帯,延長100-200m,頭数変化,同頭数,,,125,9,7.2,3849,22.68,0.317,3.25,消寄C,,距離変化帯=延長100-200m + 頭数変化=同頭数
阪神,芝,1600,2,距離変化帯,延長100-200m,前走上り順帯,上り10位以下,,,178,13,7.3,3849,22.68,0.322,4.62,消寄C,,距離変化帯=延長100-200m + 前走上り順帯=上り10位以下
阪神,芝,1600,2,距離変化帯,延長100-200m,前走着差帯,1.0-1.4秒負け,,,120,9,7.5,3849,22.68,0.331,3.12,消寄C,,距離変化帯=延長100-200m + 前走着差帯=1.0-1.4秒負け
阪神,芝,1600,2,前走着順帯,前走10着以下,頭数変化,今回頭数増,,,184,14,7.61,3849,22.68,0.335,4.78,消寄C,,前走着順帯=前走10着以下 + 頭数変化=今回頭数増
阪神,芝,1800,2,芝ダ替わり,芝→芝,距離変化帯,延長500m以上,,,32,0,0.0,2410,26.76,0.0,1.33,消寄A,,芝ダ替わり=芝→芝 + 距離変化帯=延長500m以上
阪神,芝,1800,2,芝ダ替わり,ダ→芝,前走着差帯,1.0-1.4秒負け,,,29,0,0.0,2410,26.76,0.0,1.2,消寄A,,芝ダ替わり=ダ→芝 + 前走着差帯=1.0-1.4秒負け
阪神,芝,1800,2,前走着差帯,2.0秒以上負け,今回頭数帯,8頭以下,,,29,0,0.0,2410,26.76,0.0,1.2,消寄A,,前走着差帯=2.0秒以上負け + 今回頭数帯=8頭以下
阪神,芝,1800,2,距離変化帯,延長500m以上,前走着順帯,前走10着以下,,,27,0,0.0,2410,26.76,0.0,1.12,消寄A,,距離変化帯=延長500m以上 + 前走着順帯=前走10着以下
阪神,芝,1800,2,距離変化帯,延長300-400m,前走着順帯,前走10着以下,,,51,1,1.96,2410,26.76,0.073,2.12,消寄A,,距離変化帯=延長300-400m + 前走着順帯=前走10着以下
阪神,芝,1800,2,前走着順帯,前走10着以下,頭数変化,同頭数,,,50,1,2.0,2410,26.76,0.075,2.07,消寄A,,前走着順帯=前走10着以下 + 頭数変化=同頭数
阪神,芝,1800,2,芝ダ替わり,ダ→芝,前走4角位置,4角7-10番手,,,48,1,2.08,2410,26.76,0.078,1.99,消寄A,,芝ダ替わり=ダ→芝 + 前走4角位置=4角7-10番手
阪神,芝,1800,2,芝ダ替わり,ダ→芝,距離変化帯,延長300-400m,,,47,1,2.13,2410,26.76,0.079,1.95,消寄A,,芝ダ替わり=ダ→芝 + 距離変化帯=延長300-400m
阪神,芝,1800,2,芝ダ替わり,ダ→芝,休み明け区分,休み明け4戦目以降,,,41,1,2.44,2410,26.76,0.091,1.7,消寄A,,芝ダ替わり=ダ→芝 + 休み明け区分=休み明け4戦目以降
阪神,芝,1800,2,芝ダ替わり,ダ→芝,今回頭数帯,16頭以上,,,36,1,2.78,2410,26.76,0.104,1.49,消寄A,,芝ダ替わり=ダ→芝 + 今回頭数帯=16頭以上
阪神,芝,1800,2,距離変化帯,延長300-400m,休み明け区分,休み明け4戦目以降,,,34,1,2.94,2410,26.76,0.11,1.41,消寄A,,距離変化帯=延長300-400m + 休み明け区分=休み明け4戦目以降
阪神,芝,1800,2,芝ダ替わり,ダ→芝,前走脚質帯,追込/後方,,,57,2,3.51,2410,26.76,0.131,2.37,消寄B,,芝ダ替わり=ダ→芝 + 前走脚質帯=追込/後方
阪神,芝,1800,2,芝ダ替わり,ダ→芝,休み明け区分,休み明け2戦目,,,50,2,4.0,2410,26.76,0.149,2.07,消寄B,,芝ダ替わり=ダ→芝 + 休み明け区分=休み明け2戦目
阪神,芝,1800,2,芝ダ替わり,ダ→芝,前走着順帯,前走10着以下,,,86,4,4.65,2410,26.76,0.174,3.57,消寄B,,芝ダ替わり=ダ→芝 + 前走着順帯=前走10着以下
阪神,芝,1800,2,前走着差帯,2.0秒以上負け,前走脚質帯,追込/後方,,,80,4,5.0,2410,26.76,0.187,3.32,消寄B,,前走着差帯=2.0秒以上負け + 前走脚質帯=追込/後方
阪神,芝,1800,2,前走着順帯,前走10着以下,今回頭数帯,16頭以上,,,133,7,5.26,2410,26.76,0.197,5.52,消寄C,,前走着順帯=前走10着以下 + 今回頭数帯=16頭以上
阪神,芝,1800,2,前走着順帯,前走10着以下,前走脚質帯,追込/後方,,,210,13,6.19,2410,26.76,0.231,8.71,消寄C,,前走着順帯=前走10着以下 + 前走脚質帯=追込/後方
阪神,芝,1800,2,前走着差帯,1.0-1.4秒負け,前走脚質帯,追込/後方,,,128,8,6.25,2410,26.76,0.234,5.31,消寄C,,前走着差帯=1.0-1.4秒負け + 前走脚質帯=追込/後方
阪神,芝,1800,2,前走上り順帯,上り6-9位,前走脚質帯,追込/後方,,,126,8,6.35,2410,26.76,0.237,5.23,消寄C,,前走上り順帯=上り6-9位 + 前走脚質帯=追込/後方
阪神,芝,1800,2,前走着順帯,前走10着以下,前走4角位置,4角11番手以下,,,181,12,6.63,2410,26.76,0.248,7.51,消寄C,,前走着順帯=前走10着以下 + 前走4角位置=4角11番手以下
阪神,芝,2000,2,前走着差帯,2.0秒以上負け,頭数変化,同頭数,,,20,0,0.0,2432,27.06,0.0,0.82,消寄A,,前走着差帯=2.0秒以上負け + 頭数変化=同頭数
阪神,芝,2000,2,芝ダ替わり,ダ→芝,前走脚質帯,追込/後方,,,52,1,1.92,2432,27.06,0.071,2.14,消寄A,,芝ダ替わり=ダ→芝 + 前走脚質帯=追込/後方
阪神,芝,2000,2,芝ダ替わり,ダ→芝,前走4角位置,4角11番手以下,,,40,1,2.5,2432,27.06,0.092,1.64,消寄A,,芝ダ替わり=ダ→芝 + 前走4角位置=4角11番手以下
阪神,芝,2000,2,前走上り順帯,上り10位以下,前走脚質帯,追込/後方,,,87,4,4.6,2432,27.06,0.17,3.58,消寄B,,前走上り順帯=上り10位以下 + 前走脚質帯=追込/後方
阪神,芝,2200,2,前走着差帯,2.0秒以上負け,前走脚質帯,追込/後方,,,29,0,0.0,824,26.58,0.0,3.52,消寄A,,前走着差帯=2.0秒以上負け + 前走脚質帯=追込/後方
阪神,芝,2200,2,距離変化帯,延長100-200m,前走着差帯,1.5-1.9秒負け,,,24,0,0.0,824,26.58,0.0,2.91,消寄A,,距離変化帯=延長100-200m + 前走着差帯=1.5-1.9秒負け
阪神,芝,2200,2,前走着差帯,1.5-1.9秒負け,前走脚質帯,追込/後方,,,21,0,0.0,824,26.58,0.0,2.55,消寄A,,前走着差帯=1.5-1.9秒負け + 前走脚質帯=追込/後方
阪神,芝,2200,2,距離変化帯,延長300-400m,前走上り順帯,上り10位以下,,,20,0,0.0,824,26.58,0.0,2.43,消寄A,,距離変化帯=延長300-400m + 前走上り順帯=上り10位以下
阪神,芝,2200,2,前走上り順帯,上り10位以下,休み明け区分,休み明け2戦目,,,37,1,2.7,824,26.58,0.102,4.49,消寄A,,前走上り順帯=上り10位以下 + 休み明け区分=休み明け2戦目
阪神,芝,2600,2,距離変化帯,延長500m以上,前走着差帯,2.0秒以上負け,,,24,0,0.0,319,23.51,0.0,7.52,消寄A,,距離変化帯=延長500m以上 + 前走着差帯=2.0秒以上負け
阪神,芝,2600,2,前走着順帯,前走10着以下,頭数変化,今回頭数増,,,22,0,0.0,319,23.51,0.0,6.9,消寄A,,前走着順帯=前走10着以下 + 頭数変化=今回頭数増
阪神,芝,2600,2,前走脚質帯,追込/後方,頭数変化,今回頭数増,,,22,0,0.0,319,23.51,0.0,6.9,消寄A,,前走脚質帯=追込/後方 + 頭数変化=今回頭数増
阪神,芝,2600,2,前走着差帯,2.0秒以上負け,今回頭数帯,16頭以上,,,21,0,0.0,319,23.51,0.0,6.58,消寄A,,前走着差帯=2.0秒以上負け + 今回頭数帯=16頭以上
阪神,芝,2600,2,距離変化帯,延長100-200m,頭数変化,今回頭数増,,,20,0,0.0,319,23.51,0.0,6.27,消寄A,,距離変化帯=延長100-200m + 頭数変化=今回頭数増
阪神,芝,2600,2,前走着順帯,前走10着以下,今回頭数帯,16頭以上,,,47,1,2.13,319,23.51,0.09,14.73,消寄A,,前走着順帯=前走10着以下 + 今回頭数帯=16頭以上
阪神,芝,2600,2,距離変化帯,延長500m以上,前走4角位置,4角11番手以下,,,34,1,2.94,319,23.51,0.125,10.66,消寄A,,距離変化帯=延長500m以上 + 前走4角位置=4角11番手以下
阪神,芝,2600,2,距離変化帯,延長500m以上,前走着順帯,前走10着以下,,,51,2,3.92,319,23.51,0.167,15.99,消寄B,,距離変化帯=延長500m以上 + 前走着順帯=前走10着以下
阪神,芝,3900,2,前走着差帯,2.0秒以上負け,前走着順帯,前走6-9着,,,20,0,0.0,100,30.0,0.0,20.0,消寄A,,前走着差帯=2.0秒以上負け + 前走着順帯=前走6-9着
