場所,コースタイプ,芝・ダ,距離帯,馬場分類,枠ゾーン,血統区分,血統名,母数,勝利数,複勝数,勝率,複勝率,単勝回収率,複勝回収率,平均人気,基準複勝率,複勝率差,リフト,評価,特徴コメント
阪神,坂あり・パワー型,芝,短中距離(1400-1600),稍,内枠(1-2),父系統,父系統不明,160,18,49,0.1125,0.3062,200.7,0.0,7.18,0.2203,0.0859,1.39,A,阪神芝短中距離(1400-1600)・稍・内枠(1-2)で父系統「父系統不明」は基準比リフト1.39
札幌,小回り・持続型,芝,中距離(1700-2000),良,外枠(7-8),父系統,父系統不明,322,25,93,0.0776,0.2888,108.4,0.0,7.01,0.2079,0.0809,1.389,A,札幌芝中距離(1700-2000)・良・外枠(7-8)で父系統「父系統不明」は基準比リフト1.389
小倉,小回り・機動型,ダ,中距離(1700-2000),稍,内枠(1-2),父系統,ネイティヴダンサー系,150,18,42,0.12,0.28,218.7,0.0,7.63,0.2017,0.0783,1.388,A,小倉ダ中距離(1700-2000)・稍・内枠(1-2)で父系統「ネイティヴダンサー系」は基準比リフト1.388
中京,直線長め・持続型,芝,短中距離(1400-1600),稍,中枠(3-6),父系統,父系統不明,163,20,47,0.1227,0.2883,86.5,0.0,6.8,0.211,0.0773,1.366,A,中京芝短中距離(1400-1600)・稍・中枠(3-6)で父系統「父系統不明」は基準比リフト1.366
札幌,小回り・持続型,ダ,短距離(1000-1300),良,中枠(3-6),父系統,ネイティヴダンサー系,294,24,100,0.0816,0.3401,41.3,0.0,5.81,0.2558,0.0843,1.33,A,札幌ダ短距離(1000-1300)・良・中枠(3-6)で父系統「ネイティヴダンサー系」は基準比リフト1.33
阪神,坂あり・パワー型,ダ,短中距離(1400-1600),良,中枠(3-6),父系統,ナスルーラ系,346,26,93,0.0751,0.2688,57.6,0.0,7.36,0.2031,0.0657,1.323,A,阪神ダ短中距離(1400-1600)・良・中枠(3-6)で父系統「ナスルーラ系」は基準比リフト1.323
福島,小回り・機動型,芝,長距離(2500以上),良,外枠(7-8),父系統,父系統不明,184,20,49,0.1087,0.2663,82.1,0.0,6.97,0.2014,0.0649,1.322,A,福島芝長距離(2500以上)・良・外枠(7-8)で父系統「父系統不明」は基準比リフト1.322
京都,平坦・スピード型,ダ,短距離(1000-1300),重不良,中枠(3-6),父系統,ニアークティック系,167,15,46,0.0898,0.2754,144.1,0.0,7.72,0.2085,0.0669,1.321,A,京都ダ短距離(1000-1300)・重不良・中枠(3-6)で父系統「ニアークティック系」は基準比リフト1.321
福島,小回り・機動型,ダ,中距離(1700-2000),稍,中枠(3-6),父系統,父系統不明,202,16,53,0.0792,0.2624,69.6,0.0,7.3,0.1998,0.0626,1.313,A,福島ダ中距離(1700-2000)・稍・中枠(3-6)で父系統「父系統不明」は基準比リフト1.313
中京,直線長め・持続型,芝,短距離(1000-1300),良,中枠(3-6),父系統,父系統不明,329,24,85,0.0729,0.2584,81.0,0.0,7.48,0.1973,0.0611,1.31,A,中京芝短距離(1000-1300)・良・中枠(3-6)で父系統「父系統不明」は基準比リフト1.31
中山,坂あり・パワー型,芝,長距離(2500以上),良,内枠(1-2),父系統,ロイヤルチャージャー系,225,23,67,0.1022,0.2978,60.4,0.0,6.62,0.2284,0.0694,1.304,A,中山芝長距離(2500以上)・良・内枠(1-2)で父系統「ロイヤルチャージャー系」は基準比リフト1.304
京都,平坦・スピード型,芝,短距離(1000-1300),良,外枠(7-8),父系統,父系統不明,159,16,36,0.1006,0.2264,85.9,0.0,8.0,0.1739,0.0525,1.302,A,京都芝短距離(1000-1300)・良・外枠(7-8)で父系統「父系統不明」は基準比リフト1.302
阪神,坂あり・パワー型,ダ,中距離(1700-2000),重不良,中枠(3-6),父系統,父系統不明,247,30,72,0.1215,0.2915,84.5,0.0,6.71,0.2243,0.0672,1.3,A,阪神ダ中距離(1700-2000)・重不良・中枠(3-6)で父系統「父系統不明」は基準比リフト1.3
京都,平坦・スピード型,芝,短中距離(1400-1600),稍,中枠(3-6),父系統,父系統不明,166,12,45,0.0723,0.2711,58.4,0.0,7.3,0.2103,0.0608,1.289,A,京都芝短中距離(1400-1600)・稍・中枠(3-6)で父系統「父系統不明」は基準比リフト1.289
京都,平坦・スピード型,ダ,短中距離(1400-1600),良,内枠(1-2),父系統,父系統不明,247,22,66,0.0891,0.2672,56.8,0.0,7.73,0.2074,0.0598,1.288,A,京都ダ短中距離(1400-1600)・良・内枠(1-2)で父系統「父系統不明」は基準比リフト1.288
阪神,坂あり・パワー型,ダ,短中距離(1400-1600),重不良,中枠(3-6),父系統,父系統不明,193,14,44,0.0725,0.228,37.2,0.0,7.03,0.1774,0.0506,1.285,A,阪神ダ短中距離(1400-1600)・重不良・中枠(3-6)で父系統「父系統不明」は基準比リフト1.285
小倉,小回り・機動型,ダ,中距離(1700-2000),稍,中枠(3-6),父系統,父系統不明,443,45,117,0.1016,0.2641,153.6,0.0,7.46,0.2059,0.0582,1.283,A,小倉ダ中距離(1700-2000)・稍・中枠(3-6)で父系統「父系統不明」は基準比リフト1.283
阪神,坂あり・パワー型,ダ,中距離(1700-2000),稍,中枠(3-6),父系統,父系統不明,550,46,147,0.0836,0.2673,79.1,0.0,6.98,0.2095,0.0578,1.276,A,阪神ダ中距離(1700-2000)・稍・中枠(3-6)で父系統「父系統不明」は基準比リフト1.276
中京,直線長め・持続型,ダ,短中距離(1400-1600),稍,中枠(3-6),父系統,父系統不明,217,12,53,0.0553,0.2442,89.4,0.0,7.59,0.1921,0.0521,1.271,A,中京ダ短中距離(1400-1600)・稍・中枠(3-6)で父系統「父系統不明」は基準比リフト1.271
小倉,小回り・機動型,ダ,短距離(1000-1300),稍,中枠(3-6),父系統,父系統不明,188,20,49,0.1064,0.2606,69.5,0.0,6.76,0.2062,0.0544,1.264,A,小倉ダ短距離(1000-1300)・稍・中枠(3-6)で父系統「父系統不明」は基準比リフト1.264
阪神,坂あり・パワー型,ダ,短距離(1000-1300),重不良,中枠(3-6),父系統,父系統不明,152,12,39,0.0789,0.2566,88.9,0.0,7.74,0.203,0.0536,1.264,A,阪神ダ短距離(1000-1300)・重不良・中枠(3-6)で父系統「父系統不明」は基準比リフト1.264
中山,坂あり・パワー型,ダ,中距離(1700-2000),稍,内枠(1-2),父系統,ネイティヴダンサー系,233,20,54,0.0858,0.2318,179.6,0.0,7.68,0.1835,0.0483,1.263,A,中山ダ中距離(1700-2000)・稍・内枠(1-2)で父系統「ネイティヴダンサー系」は基準比リフト1.263
東京,直線長め・持続型,芝,短中距離(1400-1600),稍,外枠(7-8),父系統,父系統不明,214,19,56,0.0888,0.2617,108.1,0.0,7.37,0.2077,0.054,1.26,A,東京芝短中距離(1400-1600)・稍・外枠(7-8)で父系統「父系統不明」は基準比リフト1.26
京都,平坦・スピード型,ダ,短距離(1000-1300),良,外枠(7-8),父系統,ナスルーラ系,224,20,57,0.0893,0.2545,72.4,0.0,7.65,0.2043,0.0502,1.246,A,京都ダ短距離(1000-1300)・良・外枠(7-8)で父系統「ナスルーラ系」は基準比リフト1.246
阪神,坂あり・パワー型,ダ,中距離(1700-2000),稍,内枠(1-2),父系統,ネイティヴダンサー系,237,23,67,0.097,0.2827,163.4,0.0,7.27,0.2278,0.0549,1.241,A,阪神ダ中距離(1700-2000)・稍・内枠(1-2)で父系統「ネイティヴダンサー系」は基準比リフト1.241
中山,坂あり・パワー型,ダ,中距離(1700-2000),不,中枠(3-6),父系統,ネイティヴダンサー系,208,27,50,0.1298,0.2404,178.8,0.0,7.93,0.1941,0.0463,1.239,A,中山ダ中距離(1700-2000)・不・中枠(3-6)で父系統「ネイティヴダンサー系」は基準比リフト1.239
阪神,坂あり・パワー型,芝,短距離(1000-1300),良,外枠(7-8),父系統,ネイティヴダンサー系,175,17,42,0.0971,0.24,75.1,0.0,7.42,0.1938,0.0462,1.238,A,阪神芝短距離(1000-1300)・良・外枠(7-8)で父系統「ネイティヴダンサー系」は基準比リフト1.238
東京,直線長め・持続型,芝,中長距離(2100-2400),良,外枠(7-8),父系統,父系統不明,273,22,76,0.0806,0.2784,47.0,0.0,7.29,0.2262,0.0522,1.231,A,東京芝中長距離(2100-2400)・良・外枠(7-8)で父系統「父系統不明」は基準比リフト1.231
中山,坂あり・パワー型,芝,短距離(1000-1300),良,内枠(1-2),父系統,父系統不明,228,27,60,0.1184,0.2632,173.1,0.0,7.19,0.2138,0.0494,1.231,A,中山芝短距離(1000-1300)・良・内枠(1-2)で父系統「父系統不明」は基準比リフト1.231
新潟,直線長め・平坦型,ダ,短距離(1000-1300),重不良,中枠(3-6),父系統,父系統不明,178,13,43,0.073,0.2416,32.4,0.0,7.62,0.1964,0.0452,1.23,A,新潟ダ短距離(1000-1300)・重不良・中枠(3-6)で父系統「父系統不明」は基準比リフト1.23
京都,平坦・スピード型,ダ,長距離(2500以上),良,中枠(3-6),父系統,ロイヤルチャージャー系,511,55,145,0.1076,0.2838,94.9,0.0,6.51,0.2316,0.0522,1.225,A,京都ダ長距離(2500以上)・良・中枠(3-6)で父系統「ロイヤルチャージャー系」は基準比リフト1.225
中京,直線長め・持続型,芝,長距離(2500以上),良,中枠(3-6),父系統,ニアークティック系,179,20,48,0.1117,0.2682,78.4,0.0,7.17,0.219,0.0492,1.225,A,中京芝長距離(2500以上)・良・中枠(3-6)で父系統「ニアークティック系」は基準比リフト1.225
函館,小回り・持続型,芝,短距離(1000-1300),良,外枠(7-8),父系統,ニアークティック系,284,25,73,0.088,0.257,38.3,0.0,6.95,0.21,0.047,1.224,A,函館芝短距離(1000-1300)・良・外枠(7-8)で父系統「ニアークティック系」は基準比リフト1.224
新潟,直線長め・平坦型,芝,中長距離(2100-2400),良,内枠(1-2),父系統,ロイヤルチャージャー系,305,28,85,0.0918,0.2787,107.0,0.0,7.31,0.2278,0.0509,1.223,A,新潟芝中長距離(2100-2400)・良・内枠(1-2)で父系統「ロイヤルチャージャー系」は基準比リフト1.223
中京,直線長め・持続型,芝,短中距離(1400-1600),良,内枠(1-2),父系統,父系統不明,520,41,133,0.0788,0.2558,99.8,0.0,7.26,0.2091,0.0467,1.223,A,中京芝短中距離(1400-1600)・良・内枠(1-2)で父系統「父系統不明」は基準比リフト1.223
中京,直線長め・持続型,芝,短中距離(1400-1600),稍,内枠(1-2),父系統,ロイヤルチャージャー系,170,11,39,0.0647,0.2294,34.9,0.0,8.06,0.1877,0.0417,1.222,A,中京芝短中距離(1400-1600)・稍・内枠(1-2)で父系統「ロイヤルチャージャー系」は基準比リフト1.222
京都,平坦・スピード型,ダ,短中距離(1400-1600),良,外枠(7-8),父系統,父系統不明,312,23,74,0.0737,0.2372,56.5,0.0,7.34,0.1942,0.043,1.221,A,京都ダ短中距離(1400-1600)・良・外枠(7-8)で父系統「父系統不明」は基準比リフト1.221
東京,直線長め・持続型,ダ,短中距離(1400-1600),重不良,外枠(7-8),父系統,ニアークティック系,192,18,53,0.0938,0.276,252.4,0.0,8.04,0.2265,0.0495,1.219,A,東京ダ短中距離(1400-1600)・重不良・外枠(7-8)で父系統「ニアークティック系」は基準比リフト1.219
京都,平坦・スピード型,芝,短距離(1000-1300),良,中枠(3-6),父系統,ニアークティック系,366,24,92,0.0656,0.2514,52.9,0.0,8.25,0.2064,0.045,1.218,A,京都芝短距離(1000-1300)・良・中枠(3-6)で父系統「ニアークティック系」は基準比リフト1.218
福島,小回り・機動型,ダ,中距離(1700-2000),良,内枠(1-2),父系統,ネイティヴダンサー系,310,26,80,0.0839,0.2581,57.3,0.0,7.28,0.2121,0.046,1.217,A,福島ダ中距離(1700-2000)・良・内枠(1-2)で父系統「ネイティヴダンサー系」は基準比リフト1.217
東京,直線長め・持続型,ダ,短中距離(1400-1600),稍,内枠(1-2),父系統,父系統不明,465,38,99,0.0817,0.2129,69.4,0.0,7.78,0.1751,0.0378,1.216,A,東京ダ短中距離(1400-1600)・稍・内枠(1-2)で父系統「父系統不明」は基準比リフト1.216
札幌,小回り・持続型,芝,短中距離(1400-1600),良,内枠(1-2),父系統,ロイヤルチャージャー系,180,25,61,0.1389,0.3389,68.7,0.0,5.83,0.279,0.0599,1.215,A,札幌芝短中距離(1400-1600)・良・内枠(1-2)で父系統「ロイヤルチャージャー系」は基準比リフト1.215
阪神,坂あり・パワー型,ダ,短中距離(1400-1600),稍,内枠(1-2),父系統,ネイティヴダンサー系,192,14,43,0.0729,0.224,88.1,0.0,8.06,0.1843,0.0397,1.215,A,阪神ダ短中距離(1400-1600)・稍・内枠(1-2)で父系統「ネイティヴダンサー系」は基準比リフト1.215
阪神,坂あり・パワー型,ダ,中距離(1700-2000),重不良,内枠(1-2),父系統,ネイティヴダンサー系,152,13,37,0.0855,0.2434,105.3,0.0,7.86,0.2005,0.0429,1.214,A,阪神ダ中距離(1700-2000)・重不良・内枠(1-2)で父系統「ネイティヴダンサー系」は基準比リフト1.214
中京,直線長め・持続型,芝,中距離(1700-2000),稍,外枠(7-8),父系統,ロイヤルチャージャー系,155,13,39,0.0839,0.2516,48.8,0.0,7.32,0.2075,0.0441,1.213,A,中京芝中距離(1700-2000)・稍・外枠(7-8)で父系統「ロイヤルチャージャー系」は基準比リフト1.213
中山,坂あり・パワー型,ダ,短距離(1000-1300),重不良,中枠(3-6),父系統,父系統不明,293,23,68,0.0785,0.2321,72.0,0.0,8.31,0.1917,0.0404,1.211,A,中山ダ短距離(1000-1300)・重不良・中枠(3-6)で父系統「父系統不明」は基準比リフト1.211
新潟,直線長め・平坦型,芝,短中距離(1400-1600),稍,外枠(7-8),父系統,ロイヤルチャージャー系,218,25,55,0.1147,0.2523,152.4,0.0,8.3,0.2086,0.0437,1.209,A,新潟芝短中距離(1400-1600)・稍・外枠(7-8)で父系統「ロイヤルチャージャー系」は基準比リフト1.209
中京,直線長め・持続型,ダ,中距離(1700-2000),不,中枠(3-6),父系統,父系統不明,191,17,53,0.089,0.2775,90.3,0.0,6.99,0.2298,0.0477,1.208,A,中京ダ中距離(1700-2000)・不・中枠(3-6)で父系統「父系統不明」は基準比リフト1.208
東京,直線長め・持続型,ダ,短中距離(1400-1600),良,外枠(7-8),父系統,ナスルーラ系,608,60,159,0.0987,0.2615,100.0,0.0,7.84,0.2165,0.045,1.208,A,東京ダ短中距離(1400-1600)・良・外枠(7-8)で父系統「ナスルーラ系」は基準比リフト1.208
小倉,小回り・機動型,ダ,中距離(1700-2000),良,外枠(7-8),父系統,ネイティヴダンサー系,450,35,107,0.0778,0.2378,158.2,0.0,8.02,0.1974,0.0404,1.205,A,小倉ダ中距離(1700-2000)・良・外枠(7-8)で父系統「ネイティヴダンサー系」は基準比リフト1.205
中京,直線長め・持続型,芝,中長距離(2100-2400),良,中枠(3-6),父系統,父系統不明,191,17,53,0.089,0.2775,76.7,0.0,6.78,0.2304,0.0471,1.204,A,中京芝中長距離(2100-2400)・良・中枠(3-6)で父系統「父系統不明」は基準比リフト1.204
東京,直線長め・持続型,ダ,短距離(1000-1300),良,外枠(7-8),父系統,ネイティヴダンサー系,249,19,53,0.0763,0.2129,58.4,0.0,8.03,0.1768,0.0361,1.204,A,東京ダ短距離(1000-1300)・良・外枠(7-8)で父系統「ネイティヴダンサー系」は基準比リフト1.204
阪神,坂あり・パワー型,芝,短中距離(1400-1600),良,内枠(1-2),父系統,父系統不明,718,52,192,0.0724,0.2674,84.4,0.0,7.45,0.2227,0.0447,1.201,A,阪神芝短中距離(1400-1600)・良・内枠(1-2)で父系統「父系統不明」は基準比リフト1.201
函館,小回り・持続型,ダ,短距離(1000-1300),良,中枠(3-6),父系統,ネイティヴダンサー系,307,28,95,0.0912,0.3094,78.5,0.0,5.82,0.2579,0.0515,1.2,A,函館ダ短距離(1000-1300)・良・中枠(3-6)で父系統「ネイティヴダンサー系」は基準比リフト1.2
京都,平坦・スピード型,ダ,中距離(1700-2000),稍,内枠(1-2),父系統,ネイティヴダンサー系,178,21,48,0.118,0.2697,84.0,0.0,7.27,0.2248,0.0449,1.2,A,京都ダ中距離(1700-2000)・稍・内枠(1-2)で父系統「ネイティヴダンサー系」は基準比リフト1.2
小倉,小回り・機動型,芝,短距離(1000-1300),稍,外枠(7-8),父系統,父系統不明,263,23,58,0.0875,0.2205,89.8,0.0,8.65,0.1838,0.0367,1.2,A,小倉芝短距離(1000-1300)・稍・外枠(7-8)で父系統「父系統不明」は基準比リフト1.2
新潟,直線長め・平坦型,芝,短距離(1000-1300),良,外枠(7-8),父系統,父系統不明,426,41,119,0.0962,0.2793,78.5,0.0,6.96,0.2335,0.0458,1.196,A,新潟芝短距離(1000-1300)・良・外枠(7-8)で父系統「父系統不明」は基準比リフト1.196
小倉,小回り・機動型,ダ,短距離(1000-1300),良,中枠(3-6),父系統,父系統不明,334,33,89,0.0988,0.2665,77.3,0.0,6.81,0.2229,0.0436,1.196,A,小倉ダ短距離(1000-1300)・良・中枠(3-6)で父系統「父系統不明」は基準比リフト1.196
東京,直線長め・持続型,ダ,短中距離(1400-1600),稍,中枠(3-6),父系統,ナスルーラ系,331,25,75,0.0755,0.2266,78.3,0.0,8.11,0.1894,0.0372,1.196,A,東京ダ短中距離(1400-1600)・稍・中枠(3-6)で父系統「ナスルーラ系」は基準比リフト1.196
函館,小回り・持続型,ダ,短距離(1000-1300),良,外枠(7-8),父系統,父系統不明,183,20,57,0.1093,0.3115,60.5,0.0,5.92,0.261,0.0505,1.193,A,函館ダ短距離(1000-1300)・良・外枠(7-8)で父系統「父系統不明」は基準比リフト1.193
小倉,小回り・機動型,芝,短距離(1000-1300),良,外枠(7-8),父系統,父系統不明,804,73,190,0.0908,0.2363,74.9,0.0,7.93,0.1981,0.0382,1.193,A,小倉芝短距離(1000-1300)・良・外枠(7-8)で父系統「父系統不明」は基準比リフト1.193
阪神,坂あり・パワー型,芝,中距離(1700-2000),良,内枠(1-2),父系統,ネイティヴダンサー系,318,39,95,0.1226,0.2987,75.8,0.0,7.32,0.2505,0.0482,1.192,A,阪神芝中距離(1700-2000)・良・内枠(1-2)で父系統「ネイティヴダンサー系」は基準比リフト1.192
阪神,坂あり・パワー型,ダ,短距離(1000-1300),稍,内枠(1-2),父系統,父系統不明,156,10,32,0.0641,0.2051,69.4,0.0,7.24,0.1721,0.033,1.192,A,阪神ダ短距離(1000-1300)・稍・内枠(1-2)で父系統「父系統不明」は基準比リフト1.192
新潟,直線長め・平坦型,ダ,短距離(1000-1300),良,外枠(7-8),父系統,ナスルーラ系,203,13,55,0.064,0.2709,72.8,0.0,7.02,0.2279,0.043,1.189,A,新潟ダ短距離(1000-1300)・良・外枠(7-8)で父系統「ナスルーラ系」は基準比リフト1.189
東京,直線長め・持続型,芝,短中距離(1400-1600),稍,内枠(1-2),父系統,ロイヤルチャージャー系,355,29,87,0.0817,0.2451,74.8,0.0,7.57,0.2063,0.0388,1.188,A,東京芝短中距離(1400-1600)・稍・内枠(1-2)で父系統「ロイヤルチャージャー系」は基準比リフト1.188
福島,小回り・機動型,ダ,短距離(1000-1300),良,中枠(3-6),父系統,父系統不明,501,33,112,0.0659,0.2236,56.1,0.0,7.81,0.1882,0.0354,1.188,A,福島ダ短距離(1000-1300)・良・中枠(3-6)で父系統「父系統不明」は基準比リフト1.188
函館,小回り・持続型,ダ,中距離(1700-2000),良,内枠(1-2),父系統,父系統不明,150,15,48,0.1,0.32,83.6,0.0,6.51,0.2701,0.0499,1.185,A,函館ダ中距離(1700-2000)・良・内枠(1-2)で父系統「父系統不明」は基準比リフト1.185
阪神,坂あり・パワー型,ダ,短距離(1000-1300),稍,中枠(3-6),父系統,父系統不明,360,33,84,0.0917,0.2333,83.2,0.0,7.64,0.1971,0.0362,1.184,A,阪神ダ短距離(1000-1300)・稍・中枠(3-6)で父系統「父系統不明」は基準比リフト1.184
中京,直線長め・持続型,芝,短中距離(1400-1600),良,中枠(3-6),父系統,父系統不明,1155,87,280,0.0753,0.2424,73.4,0.0,7.52,0.2051,0.0373,1.182,A,中京芝短中距離(1400-1600)・良・中枠(3-6)で父系統「父系統不明」は基準比リフト1.182
小倉,小回り・機動型,ダ,短距離(1000-1300),良,外枠(7-8),父系統,ニアークティック系,183,16,49,0.0874,0.2678,101.5,0.0,7.11,0.2268,0.041,1.181,A,小倉ダ短距離(1000-1300)・良・外枠(7-8)で父系統「ニアークティック系」は基準比リフト1.181
札幌,小回り・持続型,芝,短距離(1000-1300),良,外枠(7-8),父系統,父系統不明,212,20,55,0.0943,0.2594,76.6,0.0,6.94,0.2201,0.0393,1.179,A,札幌芝短距離(1000-1300)・良・外枠(7-8)で父系統「父系統不明」は基準比リフト1.179
東京,直線長め・持続型,芝,長距離(2500以上),良,外枠(7-8),父系統,ロイヤルチャージャー系,187,14,39,0.0749,0.2086,271.3,0.0,8.04,0.177,0.0316,1.179,A,東京芝長距離(2500以上)・良・外枠(7-8)で父系統「ロイヤルチャージャー系」は基準比リフト1.179
札幌,小回り・持続型,芝,短距離(1000-1300),良,中枠(3-6),父系統,ナスルーラ系,188,15,46,0.0798,0.2447,39.8,0.0,7.47,0.2078,0.0369,1.178,A,札幌芝短距離(1000-1300)・良・中枠(3-6)で父系統「ナスルーラ系」は基準比リフト1.178
京都,平坦・スピード型,ダ,短中距離(1400-1600),稍,中枠(3-6),父系統,ネイティヴダンサー系,280,26,68,0.0929,0.2429,150.4,0.0,8.02,0.2062,0.0367,1.178,A,京都ダ短中距離(1400-1600)・稍・中枠(3-6)で父系統「ネイティヴダンサー系」は基準比リフト1.178
中京,直線長め・持続型,ダ,短距離(1000-1300),良,中枠(3-6),父系統,父系統不明,653,53,140,0.0812,0.2144,76.4,0.0,7.71,0.182,0.0324,1.178,A,中京ダ短距離(1000-1300)・良・中枠(3-6)で父系統「父系統不明」は基準比リフト1.178
阪神,坂あり・パワー型,ダ,長距離(2500以上),良,内枠(1-2),父系統,ロイヤルチャージャー系,159,20,50,0.1258,0.3145,168.9,0.0,6.04,0.2672,0.0473,1.177,A,阪神ダ長距離(2500以上)・良・内枠(1-2)で父系統「ロイヤルチャージャー系」は基準比リフト1.177
阪神,坂あり・パワー型,芝,中長距離(2100-2400),良,外枠(7-8),父系統,父系統不明,158,18,41,0.1139,0.2595,96.5,0.0,6.75,0.2204,0.0391,1.177,A,阪神芝中長距離(2100-2400)・良・外枠(7-8)で父系統「父系統不明」は基準比リフト1.177
東京,直線長め・持続型,芝,短中距離(1400-1600),稍,中枠(3-6),父系統,父系統不明,353,32,81,0.0907,0.2295,63.4,0.0,7.53,0.195,0.0345,1.177,A,東京芝短中距離(1400-1600)・稍・中枠(3-6)で父系統「父系統不明」は基準比リフト1.177
新潟,直線長め・平坦型,芝,短中距離(1400-1600),稍,中枠(3-6),父系統,ロイヤルチャージャー系,345,19,75,0.0551,0.2174,91.9,0.0,8.37,0.1849,0.0325,1.176,A,新潟芝短中距離(1400-1600)・稍・中枠(3-6)で父系統「ロイヤルチャージャー系」は基準比リフト1.176
函館,小回り・持続型,芝,短距離(1000-1300),良,中枠(3-6),父系統,父系統不明,760,72,208,0.0947,0.2737,87.9,0.0,6.75,0.2329,0.0408,1.175,A,函館芝短距離(1000-1300)・良・中枠(3-6)で父系統「父系統不明」は基準比リフト1.175
阪神,坂あり・パワー型,ダ,短中距離(1400-1600),稍,外枠(7-8),父系統,父系統不明,226,21,57,0.0929,0.2522,53.0,0.0,7.49,0.2147,0.0375,1.175,A,阪神ダ短中距離(1400-1600)・稍・外枠(7-8)で父系統「父系統不明」は基準比リフト1.175
札幌,小回り・持続型,芝,短距離(1000-1300),良,中枠(3-6),父系統,ニアークティック系,340,32,83,0.0941,0.2441,66.6,0.0,7.66,0.2078,0.0363,1.175,A,札幌芝短距離(1000-1300)・良・中枠(3-6)で父系統「ニアークティック系」は基準比リフト1.175
中山,坂あり・パワー型,ダ,中距離(1700-2000),重不良,中枠(3-6),父系統,ニアークティック系,222,18,53,0.0811,0.2387,81.9,0.0,7.99,0.2032,0.0355,1.175,A,中山ダ中距離(1700-2000)・重不良・中枠(3-6)で父系統「ニアークティック系」は基準比リフト1.175
東京,直線長め・持続型,ダ,中長距離(2100-2400),良,外枠(7-8),父系統,父系統不明,251,15,58,0.0598,0.2311,81.3,0.0,7.52,0.1973,0.0338,1.171,A,東京ダ中長距離(2100-2400)・良・外枠(7-8)で父系統「父系統不明」は基準比リフト1.171
京都,平坦・スピード型,ダ,中距離(1700-2000),稍,中枠(3-6),父系統,父系統不明,279,25,74,0.0896,0.2652,60.8,0.0,6.9,0.2269,0.0383,1.169,A,京都ダ中距離(1700-2000)・稍・中枠(3-6)で父系統「父系統不明」は基準比リフト1.169
京都,平坦・スピード型,ダ,長距離(2500以上),良,内枠(1-2),父系統,ロイヤルチャージャー系,154,16,43,0.1039,0.2792,72.3,0.0,6.61,0.239,0.0402,1.168,A,京都ダ長距離(2500以上)・良・内枠(1-2)で父系統「ロイヤルチャージャー系」は基準比リフト1.168
京都,平坦・スピード型,ダ,中距離(1700-2000),稍,外枠(7-8),父系統,父系統不明,167,14,44,0.0838,0.2635,131.1,0.0,7.14,0.2257,0.0378,1.167,A,京都ダ中距離(1700-2000)・稍・外枠(7-8)で父系統「父系統不明」は基準比リフト1.167
阪神,坂あり・パワー型,ダ,短中距離(1400-1600),良,外枠(7-8),父系統,ナスルーラ系,198,20,51,0.101,0.2576,72.4,0.0,7.52,0.2213,0.0363,1.164,A,阪神ダ短中距離(1400-1600)・良・外枠(7-8)で父系統「ナスルーラ系」は基準比リフト1.164
中京,直線長め・持続型,芝,短中距離(1400-1600),良,外枠(7-8),父系統,ナスルーラ系,165,13,38,0.0788,0.2303,120.0,0.0,9.01,0.1978,0.0325,1.164,A,中京芝短中距離(1400-1600)・良・外枠(7-8)で父系統「ナスルーラ系」は基準比リフト1.164
中京,直線長め・持続型,ダ,短距離(1000-1300),良,内枠(1-2),父系統,ネイティヴダンサー系,229,17,56,0.0742,0.2445,67.7,0.0,7.93,0.2103,0.0342,1.163,A,中京ダ短距離(1000-1300)・良・内枠(1-2)で父系統「ネイティヴダンサー系」は基準比リフト1.163
福島,小回り・機動型,芝,短距離(1000-1300),良,外枠(7-8),父系統,ネイティヴダンサー系,482,33,110,0.0685,0.2282,73.7,0.0,8.25,0.1962,0.032,1.163,A,福島芝短距離(1000-1300)・良・外枠(7-8)で父系統「ネイティヴダンサー系」は基準比リフト1.163
中山,坂あり・パワー型,芝,短距離(1000-1300),良,外枠(7-8),父系統,ナスルーラ系,156,10,35,0.0641,0.2244,41.9,0.0,7.96,0.1929,0.0315,1.163,A,中山芝短距離(1000-1300)・良・外枠(7-8)で父系統「ナスルーラ系」は基準比リフト1.163
阪神,坂あり・パワー型,ダ,中距離(1700-2000),不,中枠(3-6),父系統,父系統不明,237,23,63,0.097,0.2658,78.1,0.0,7.1,0.2288,0.037,1.162,A,阪神ダ中距離(1700-2000)・不・中枠(3-6)で父系統「父系統不明」は基準比リフト1.162
阪神,坂あり・パワー型,ダ,短距離(1000-1300),良,外枠(7-8),父系統,父系統不明,461,32,111,0.0694,0.2408,42.9,0.0,7.21,0.2072,0.0336,1.162,A,阪神ダ短距離(1000-1300)・良・外枠(7-8)で父系統「父系統不明」は基準比リフト1.162
福島,小回り・機動型,芝,長距離(2500以上),良,中枠(3-6),父系統,ニアークティック系,345,38,97,0.1101,0.2812,111.3,0.0,7.16,0.2423,0.0389,1.161,A,福島芝長距離(2500以上)・良・中枠(3-6)で父系統「ニアークティック系」は基準比リフト1.161
中京,直線長め・持続型,芝,短距離(1000-1300),良,外枠(7-8),父系統,父系統不明,196,16,37,0.0816,0.1888,52.2,0.0,7.92,0.1628,0.026,1.16,A,中京芝短距離(1000-1300)・良・外枠(7-8)で父系統「父系統不明」は基準比リフト1.16
福島,小回り・機動型,ダ,短距離(1000-1300),良,内枠(1-2),父系統,ネイティヴダンサー系,310,23,69,0.0742,0.2226,93.6,0.0,8.28,0.1921,0.0305,1.159,A,福島ダ短距離(1000-1300)・良・内枠(1-2)で父系統「ネイティヴダンサー系」は基準比リフト1.159
札幌,小回り・持続型,ダ,短距離(1000-1300),良,外枠(7-8),父系統,ネイティヴダンサー系,177,24,59,0.1356,0.3333,168.9,0.0,5.73,0.2879,0.0454,1.158,A,札幌ダ短距離(1000-1300)・良・外枠(7-8)で父系統「ネイティヴダンサー系」は基準比リフト1.158
小倉,小回り・機動型,芝,短距離(1000-1300),稍,内枠(1-2),父系統,ロイヤルチャージャー系,212,15,42,0.0708,0.1981,55.9,0.0,8.16,0.1711,0.027,1.158,A,小倉芝短距離(1000-1300)・稍・内枠(1-2)で父系統「ロイヤルチャージャー系」は基準比リフト1.158
新潟,直線長め・平坦型,芝,短距離(1000-1300),良,内枠(1-2),父系統,父系統不明,327,17,53,0.052,0.1621,76.7,0.0,9.54,0.14,0.0221,1.158,A,新潟芝短距離(1000-1300)・良・内枠(1-2)で父系統「父系統不明」は基準比リフト1.158
東京,直線長め・持続型,ダ,短中距離(1400-1600),重不良,内枠(1-2),父系統,ネイティヴダンサー系,244,15,47,0.0615,0.1926,54.0,0.0,8.4,0.1665,0.0261,1.157,A,東京ダ短中距離(1400-1600)・重不良・内枠(1-2)で父系統「ネイティヴダンサー系」は基準比リフト1.157
東京,直線長め・持続型,芝,短中距離(1400-1600),良,外枠(7-8),父系統,父系統不明,1468,115,337,0.0783,0.2296,72.0,0.0,7.77,0.1988,0.0308,1.155,A,東京芝短中距離(1400-1600)・良・外枠(7-8)で父系統「父系統不明」は基準比リフト1.155
京都,平坦・スピード型,ダ,中距離(1700-2000),重不良,中枠(3-6),父系統,父系統不明,186,16,48,0.086,0.2581,67.0,0.0,6.78,0.2239,0.0342,1.153,A,京都ダ中距離(1700-2000)・重不良・中枠(3-6)で父系統「父系統不明」は基準比リフト1.153
小倉,小回り・機動型,芝,短距離(1000-1300),重不良,中枠(3-6),父系統,ロイヤルチャージャー系,271,19,61,0.0701,0.2251,99.1,0.0,8.38,0.1952,0.0299,1.153,A,小倉芝短距離(1000-1300)・重不良・中枠(3-6)で父系統「ロイヤルチャージャー系」は基準比リフト1.153
阪神,坂あり・パワー型,ダ,短距離(1000-1300),不,中枠(3-6),父系統,父系統不明,160,12,39,0.075,0.2438,90.3,0.0,7.67,0.2117,0.0321,1.152,A,阪神ダ短距離(1000-1300)・不・中枠(3-6)で父系統「父系統不明」は基準比リフト1.152
新潟,直線長め・平坦型,ダ,中距離(1700-2000),良,内枠(1-2),父系統,ネイティヴダンサー系,351,26,82,0.0741,0.2336,96.4,0.0,7.42,0.2028,0.0308,1.152,A,新潟ダ中距離(1700-2000)・良・内枠(1-2)で父系統「ネイティヴダンサー系」は基準比リフト1.152
京都,平坦・スピード型,ダ,中距離(1700-2000),重不良,外枠(7-8),父系統,ネイティヴダンサー系,155,16,42,0.1032,0.271,94.5,0.0,7.14,0.2355,0.0355,1.151,A,京都ダ中距離(1700-2000)・重不良・外枠(7-8)で父系統「ネイティヴダンサー系」は基準比リフト1.151
京都,平坦・スピード型,ダ,長距離(2500以上),良,外枠(7-8),父系統,ロイヤルチャージャー系,290,33,82,0.1138,0.2828,83.9,0.0,6.54,0.246,0.0368,1.15,A,京都ダ長距離(2500以上)・良・外枠(7-8)で父系統「ロイヤルチャージャー系」は基準比リフト1.15
新潟,直線長め・平坦型,芝,短距離(1000-1300),良,内枠(1-2),父系統,ネイティヴダンサー系,323,15,52,0.0464,0.161,89.9,0.0,10.07,0.14,0.021,1.15,A,新潟芝短距離(1000-1300)・良・内枠(1-2)で父系統「ネイティヴダンサー系」は基準比リフト1.15
阪神,坂あり・パワー型,芝,短中距離(1400-1600),稍,中枠(3-6),父系統,ロイヤルチャージャー系,612,49,145,0.0801,0.2369,115.3,0.0,7.81,0.2062,0.0307,1.149,A,阪神芝短中距離(1400-1600)・稍・中枠(3-6)で父系統「ロイヤルチャージャー系」は基準比リフト1.149
福島,小回り・機動型,ダ,短距離(1000-1300),稍,中枠(3-6),父系統,父系統不明,178,16,44,0.0899,0.2472,52.9,0.0,7.73,0.2153,0.0319,1.148,A,福島ダ短距離(1000-1300)・稍・中枠(3-6)で父系統「父系統不明」は基準比リフト1.148
新潟,直線長め・平坦型,芝,中距離(1700-2000),稍,内枠(1-2),父系統,ロイヤルチャージャー系,177,11,41,0.0621,0.2316,35.7,0.0,7.85,0.2017,0.0299,1.148,A,新潟芝中距離(1700-2000)・稍・内枠(1-2)で父系統「ロイヤルチャージャー系」は基準比リフト1.148
福島,小回り・機動型,芝,短距離(1000-1300),良,内枠(1-2),父系統,ナスルーラ系,230,13,58,0.0565,0.2522,78.0,0.0,7.68,0.2198,0.0324,1.147,A,福島芝短距離(1000-1300)・良・内枠(1-2)で父系統「ナスルーラ系」は基準比リフト1.147
京都,平坦・スピード型,ダ,短中距離(1400-1600),良,外枠(7-8),父系統,ナスルーラ系,211,20,47,0.0948,0.2227,117.1,0.0,7.67,0.1942,0.0285,1.147,A,京都ダ短中距離(1400-1600)・良・外枠(7-8)で父系統「ナスルーラ系」は基準比リフト1.147
中京,直線長め・持続型,ダ,中距離(1700-2000),稍,中枠(3-6),父系統,父系統不明,375,32,97,0.0853,0.2587,49.8,0.0,7.04,0.2261,0.0326,1.144,A,中京ダ中距離(1700-2000)・稍・中枠(3-6)で父系統「父系統不明」は基準比リフト1.144
京都,平坦・スピード型,ダ,短距離(1000-1300),良,中枠(3-6),父系統,ナスルーラ系,449,44,100,0.098,0.2227,119.0,0.0,7.66,0.1949,0.0278,1.143,A,京都ダ短距離(1000-1300)・良・中枠(3-6)で父系統「ナスルーラ系」は基準比リフト1.143
阪神,坂あり・パワー型,ダ,短中距離(1400-1600),良,内枠(1-2),父系統,ネイティヴダンサー系,432,26,84,0.0602,0.1944,46.1,0.0,8.4,0.1701,0.0243,1.143,A,阪神ダ短中距離(1400-1600)・良・内枠(1-2)で父系統「ネイティヴダンサー系」は基準比リフト1.143
新潟,直線長め・平坦型,芝,短中距離(1400-1600),良,内枠(1-2),父系統,ナスルーラ系,182,9,35,0.0495,0.1923,61.5,0.0,9.5,0.1682,0.0241,1.143,A,新潟芝短中距離(1400-1600)・良・内枠(1-2)で父系統「ナスルーラ系」は基準比リフト1.143
京都,平坦・スピード型,芝,短距離(1000-1300),良,内枠(1-2),父系統,ニアークティック系,166,16,44,0.0964,0.2651,135.1,0.0,8.07,0.2324,0.0327,1.141,A,京都芝短距離(1000-1300)・良・内枠(1-2)で父系統「ニアークティック系」は基準比リフト1.141
中京,直線長め・持続型,芝,中距離(1700-2000),良,中枠(3-6),父系統,父系統不明,643,59,162,0.0918,0.2519,67.7,0.0,7.13,0.2207,0.0312,1.141,A,中京芝中距離(1700-2000)・良・中枠(3-6)で父系統「父系統不明」は基準比リフト1.141
小倉,小回り・機動型,芝,中距離(1700-2000),稍,外枠(7-8),父系統,父系統不明,241,17,60,0.0705,0.249,57.5,0.0,7.56,0.2184,0.0306,1.14,A,小倉芝中距離(1700-2000)・稍・外枠(7-8)で父系統「父系統不明」は基準比リフト1.14
福島,小回り・機動型,ダ,短距離(1000-1300),良,外枠(7-8),父系統,ネイティヴダンサー系,359,34,86,0.0947,0.2396,90.6,0.0,8.1,0.2103,0.0293,1.139,A,福島ダ短距離(1000-1300)・良・外枠(7-8)で父系統「ネイティヴダンサー系」は基準比リフト1.139
中京,直線長め・持続型,ダ,短中距離(1400-1600),良,外枠(7-8),父系統,父系統不明,449,35,99,0.078,0.2205,72.6,0.0,7.81,0.1938,0.0267,1.138,A,中京ダ短中距離(1400-1600)・良・外枠(7-8)で父系統「父系統不明」は基準比リフト1.138
京都,平坦・スピード型,芝,短中距離(1400-1600),良,外枠(7-8),父系統,父系統不明,636,46,140,0.0723,0.2201,77.5,0.0,7.75,0.1935,0.0266,1.137,A,京都芝短中距離(1400-1600)・良・外枠(7-8)で父系統「父系統不明」は基準比リフト1.137
阪神,坂あり・パワー型,ダ,短距離(1000-1300),良,内枠(1-2),父系統,ニアークティック系,319,19,65,0.0596,0.2038,74.9,0.0,8.33,0.1796,0.0242,1.135,A,阪神ダ短距離(1000-1300)・良・内枠(1-2)で父系統「ニアークティック系」は基準比リフト1.135
中山,坂あり・パワー型,芝,中長距離(2100-2400),良,外枠(7-8),父系統,ロイヤルチャージャー系,400,28,97,0.07,0.2425,59.7,0.0,7.88,0.2138,0.0287,1.134,A,中山芝中長距離(2100-2400)・良・外枠(7-8)で父系統「ロイヤルチャージャー系」は基準比リフト1.134
中山,坂あり・パワー型,ダ,中距離(1700-2000),稍,外枠(7-8),父系統,ネイティヴダンサー系,319,31,77,0.0972,0.2414,101.7,0.0,7.96,0.2128,0.0286,1.134,A,中山ダ中距離(1700-2000)・稍・外枠(7-8)で父系統「ネイティヴダンサー系」は基準比リフト1.134
中京,直線長め・持続型,ダ,短距離(1000-1300),良,外枠(7-8),父系統,父系統不明,306,22,69,0.0719,0.2255,40.6,0.0,7.49,0.1988,0.0267,1.134,A,中京ダ短距離(1000-1300)・良・外枠(7-8)で父系統「父系統不明」は基準比リフト1.134
阪神,坂あり・パワー型,芝,短中距離(1400-1600),良,外枠(7-8),父系統,ロイヤルチャージャー系,2296,161,496,0.0701,0.216,77.8,0.0,8.03,0.1907,0.0253,1.133,A,阪神芝短中距離(1400-1600)・良・外枠(7-8)で父系統「ロイヤルチャージャー系」は基準比リフト1.133
京都,平坦・スピード型,芝,中距離(1700-2000),良,外枠(7-8),父系統,ネイティヴダンサー系,441,48,113,0.1088,0.2562,91.7,0.0,7.28,0.2263,0.0299,1.132,A,京都芝中距離(1700-2000)・良・外枠(7-8)で父系統「ネイティヴダンサー系」は基準比リフト1.132
中京,直線長め・持続型,ダ,中距離(1700-2000),重不良,中枠(3-6),父系統,父系統不明,241,18,53,0.0747,0.2199,52.4,0.0,6.82,0.1943,0.0256,1.132,A,中京ダ中距離(1700-2000)・重不良・中枠(3-6)で父系統「父系統不明」は基準比リフト1.132
小倉,小回り・機動型,芝,短距離(1000-1300),稍,中枠(3-6),父系統,父系統不明,418,33,91,0.0789,0.2177,82.2,0.0,8.53,0.1925,0.0252,1.131,A,小倉芝短距離(1000-1300)・稍・中枠(3-6)で父系統「父系統不明」は基準比リフト1.131
中山,坂あり・パワー型,芝,短中距離(1400-1600),良,内枠(1-2),父系統,父系統不明,491,48,133,0.0978,0.2709,73.8,0.0,7.25,0.2397,0.0312,1.13,A,中山芝短中距離(1400-1600)・良・内枠(1-2)で父系統「父系統不明」は基準比リフト1.13
小倉,小回り・機動型,芝,短距離(1000-1300),良,内枠(1-2),父系統,ナスルーラ系,294,27,63,0.0918,0.2143,89.6,0.0,8.02,0.1897,0.0246,1.13,A,小倉芝短距離(1000-1300)・良・内枠(1-2)で父系統「ナスルーラ系」は基準比リフト1.13
阪神,坂あり・パワー型,ダ,中距離(1700-2000),良,外枠(7-8),父系統,父系統不明,1051,86,279,0.0818,0.2655,56.3,0.0,6.6,0.2351,0.0304,1.129,A,阪神ダ中距離(1700-2000)・良・外枠(7-8)で父系統「父系統不明」は基準比リフト1.129
京都,平坦・スピード型,芝,長距離(2500以上),良,中枠(3-6),父系統,ロイヤルチャージャー系,220,13,56,0.0591,0.2545,49.8,0.0,7.66,0.2255,0.029,1.129,A,京都芝長距離(2500以上)・良・中枠(3-6)で父系統「ロイヤルチャージャー系」は基準比リフト1.129
阪神,坂あり・パワー型,ダ,中距離(1700-2000),重不良,外枠(7-8),父系統,父系統不明,156,15,37,0.0962,0.2372,69.8,0.0,6.68,0.2101,0.0271,1.129,A,阪神ダ中距離(1700-2000)・重不良・外枠(7-8)で父系統「父系統不明」は基準比リフト1.129
中京,直線長め・持続型,ダ,中距離(1700-2000),良,外枠(7-8),父系統,父系統不明,802,60,189,0.0748,0.2357,54.8,0.0,6.84,0.2087,0.027,1.129,A,中京ダ中距離(1700-2000)・良・外枠(7-8)で父系統「父系統不明」は基準比リフト1.129
東京,直線長め・持続型,ダ,短距離(1000-1300),良,内枠(1-2),父系統,父系統不明,190,14,43,0.0737,0.2263,226.5,0.0,7.62,0.2004,0.0259,1.129,A,東京ダ短距離(1000-1300)・良・内枠(1-2)で父系統「父系統不明」は基準比リフト1.129
東京,直線長め・持続型,ダ,短中距離(1400-1600),重不良,内枠(1-2),父系統,父系統不明,282,18,53,0.0638,0.1879,51.7,0.0,8.02,0.1665,0.0214,1.129,A,東京ダ短中距離(1400-1600)・重不良・内枠(1-2)で父系統「父系統不明」は基準比リフト1.129
阪神,坂あり・パワー型,芝,長距離(2500以上),良,外枠(7-8),父系統,ロイヤルチャージャー系,159,13,41,0.0818,0.2579,62.9,0.0,6.69,0.2287,0.0292,1.128,A,阪神芝長距離(2500以上)・良・外枠(7-8)で父系統「ロイヤルチャージャー系」は基準比リフト1.128
新潟,直線長め・平坦型,芝,長距離(2500以上),良,中枠(3-6),父系統,ロイヤルチャージャー系,731,69,186,0.0944,0.2544,76.1,0.0,7.0,0.2255,0.0289,1.128,A,新潟芝長距離(2500以上)・良・中枠(3-6)で父系統「ロイヤルチャージャー系」は基準比リフト1.128
福島,小回り・機動型,芝,中距離(1700-2000),良,中枠(3-6),父系統,ナスルーラ系,320,19,79,0.0594,0.2469,109.4,0.0,7.98,0.2188,0.0281,1.128,A,福島芝中距離(1700-2000)・良・中枠(3-6)で父系統「ナスルーラ系」は基準比リフト1.128
東京,直線長め・持続型,ダ,短中距離(1400-1600),重不良,中枠(3-6),父系統,父系統不明,580,45,127,0.0776,0.219,96.6,0.0,7.68,0.1943,0.0247,1.127,A,東京ダ短中距離(1400-1600)・重不良・中枠(3-6)で父系統「父系統不明」は基準比リフト1.127
阪神,坂あり・パワー型,ダ,中距離(1700-2000),稍,外枠(7-8),父系統,ネイティヴダンサー系,311,28,85,0.09,0.2733,88.6,0.0,6.84,0.2427,0.0306,1.126,A,阪神ダ中距離(1700-2000)・稍・外枠(7-8)で父系統「ネイティヴダンサー系」は基準比リフト1.126
中山,坂あり・パワー型,ダ,中距離(1700-2000),重不良,外枠(7-8),父系統,父系統不明,159,16,45,0.1006,0.283,44.0,0.0,6.85,0.2515,0.0315,1.125,A,中山ダ中距離(1700-2000)・重不良・外枠(7-8)で父系統「父系統不明」は基準比リフト1.125
京都,平坦・スピード型,芝,中長距離(2100-2400),良,中枠(3-6),父系統,ネイティヴダンサー系,243,19,64,0.0782,0.2634,49.4,0.0,6.66,0.2341,0.0293,1.125,A,京都芝中長距離(2100-2400)・良・中枠(3-6)で父系統「ネイティヴダンサー系」は基準比リフト1.125
京都,平坦・スピード型,芝,短距離(1000-1300),良,中枠(3-6),父系統,父系統不明,254,20,59,0.0787,0.2323,51.1,0.0,7.74,0.2064,0.0259,1.125,A,京都芝短距離(1000-1300)・良・中枠(3-6)で父系統「父系統不明」は基準比リフト1.125
京都,平坦・スピード型,ダ,短中距離(1400-1600),稍,中枠(3-6),父系統,父系統不明,207,15,48,0.0725,0.2319,49.6,0.0,7.74,0.2062,0.0257,1.125,A,京都ダ短中距離(1400-1600)・稍・中枠(3-6)で父系統「父系統不明」は基準比リフト1.125
小倉,小回り・機動型,芝,短距離(1000-1300),良,中枠(3-6),父系統,ナスルーラ系,662,47,145,0.071,0.219,103.4,0.0,8.41,0.1949,0.0241,1.124,A,小倉芝短距離(1000-1300)・良・中枠(3-6)で父系統「ナスルーラ系」は基準比リフト1.124
中京,直線長め・持続型,芝,中長距離(2100-2400),良,外枠(7-8),父系統,ロイヤルチャージャー系,382,30,99,0.0785,0.2592,46.8,0.0,7.38,0.2308,0.0284,1.123,A,中京芝中長距離(2100-2400)・良・外枠(7-8)で父系統「ロイヤルチャージャー系」は基準比リフト1.123
阪神,坂あり・パワー型,ダ,中距離(1700-2000),良,中枠(3-6),父系統,父系統不明,1818,153,464,0.0842,0.2552,69.3,0.0,6.84,0.2273,0.0279,1.123,A,阪神ダ中距離(1700-2000)・良・中枠(3-6)で父系統「父系統不明」は基準比リフト1.123
東京,直線長め・持続型,ダ,短距離(1000-1300),良,中枠(3-6),父系統,ネイティヴダンサー系,548,35,121,0.0639,0.2208,52.3,0.0,7.99,0.1967,0.0241,1.123,A,東京ダ短距離(1000-1300)・良・中枠(3-6)で父系統「ネイティヴダンサー系」は基準比リフト1.123
中京,直線長め・持続型,ダ,短中距離(1400-1600),良,外枠(7-8),父系統,ニアークティック系,170,9,37,0.0529,0.2176,34.5,0.0,8.08,0.1938,0.0238,1.123,A,中京ダ短中距離(1400-1600)・良・外枠(7-8)で父系統「ニアークティック系」は基準比リフト1.123
京都,平坦・スピード型,芝,短距離(1000-1300),良,外枠(7-8),父系統,ニアークティック系,215,13,42,0.0605,0.1953,96.4,0.0,8.15,0.1739,0.0214,1.123,A,京都芝短距離(1000-1300)・良・外枠(7-8)で父系統「ニアークティック系」は基準比リフト1.123
小倉,小回り・機動型,芝,中距離(1700-2000),稍,内枠(1-2),父系統,父系統不明,172,18,46,0.1047,0.2674,98.9,0.0,7.27,0.2384,0.029,1.122,A,小倉芝中距離(1700-2000)・稍・内枠(1-2)で父系統「父系統不明」は基準比リフト1.122
中京,直線長め・持続型,芝,中距離(1700-2000),良,内枠(1-2),父系統,ニアークティック系,194,20,49,0.1031,0.2526,84.9,0.0,7.65,0.2251,0.0275,1.122,A,中京芝中距離(1700-2000)・良・内枠(1-2)で父系統「ニアークティック系」は基準比リフト1.122
中京,直線長め・持続型,芝,短中距離(1400-1600),稍,外枠(7-8),父系統,ロイヤルチャージャー系,257,22,61,0.0856,0.2374,91.1,0.0,7.65,0.2116,0.0258,1.122,A,中京芝短中距離(1400-1600)・稍・外枠(7-8)で父系統「ロイヤルチャージャー系」は基準比リフト1.122
札幌,小回り・持続型,芝,短距離(1000-1300),良,外枠(7-8),父系統,ニアークティック系,154,14,38,0.0909,0.2468,42.3,0.0,7.71,0.2201,0.0267,1.121,A,札幌芝短距離(1000-1300)・良・外枠(7-8)で父系統「ニアークティック系」は基準比リフト1.121
新潟,直線長め・平坦型,芝,中距離(1700-2000),稍,中枠(3-6),父系統,ロイヤルチャージャー系,428,32,104,0.0748,0.243,72.2,0.0,7.55,0.217,0.026,1.12,A,新潟芝中距離(1700-2000)・稍・中枠(3-6)で父系統「ロイヤルチャージャー系」は基準比リフト1.12
中山,坂あり・パワー型,ダ,短距離(1000-1300),稍,外枠(7-8),父系統,ネイティヴダンサー系,384,32,97,0.0833,0.2526,106.5,0.0,7.96,0.2257,0.0269,1.119,A,中山ダ短距離(1000-1300)・稍・外枠(7-8)で父系統「ネイティヴダンサー系」は基準比リフト1.119
京都,平坦・スピード型,ダ,中距離(1700-2000),良,外枠(7-8),父系統,ナスルーラ系,238,19,55,0.0798,0.2311,105.6,0.0,7.59,0.2066,0.0245,1.119,A,京都ダ中距離(1700-2000)・良・外枠(7-8)で父系統「ナスルーラ系」は基準比リフト1.119
小倉,小回り・機動型,芝,短距離(1000-1300),重不良,外枠(7-8),父系統,父系統不明,150,15,31,0.1,0.2067,140.3,0.0,8.54,0.1848,0.0219,1.119,A,小倉芝短距離(1000-1300)・重不良・外枠(7-8)で父系統「父系統不明」は基準比リフト1.119
札幌,小回り・持続型,芝,長距離(2500以上),良,外枠(7-8),父系統,ロイヤルチャージャー系,188,16,51,0.0851,0.2713,85.0,0.0,6.81,0.2426,0.0287,1.118,A,札幌芝長距離(2500以上)・良・外枠(7-8)で父系統「ロイヤルチャージャー系」は基準比リフト1.118
中京,直線長め・持続型,ダ,中距離(1700-2000),良,内枠(1-2),父系統,ネイティヴダンサー系,342,21,86,0.0614,0.2515,78.4,0.0,7.39,0.225,0.0265,1.118,A,中京ダ中距離(1700-2000)・良・内枠(1-2)で父系統「ネイティヴダンサー系」は基準比リフト1.118
中京,直線長め・持続型,芝,短中距離(1400-1600),重不良,中枠(3-6),父系統,ロイヤルチャージャー系,170,15,37,0.0882,0.2176,48.2,0.0,7.38,0.1946,0.023,1.118,A,中京芝短中距離(1400-1600)・重不良・中枠(3-6)で父系統「ロイヤルチャージャー系」は基準比リフト1.118
京都,平坦・スピード型,芝,短距離(1000-1300),良,外枠(7-8),父系統,ネイティヴダンサー系,293,19,57,0.0648,0.1945,56.1,0.0,7.86,0.1739,0.0206,1.118,A,京都芝短距離(1000-1300)・良・外枠(7-8)で父系統「ネイティヴダンサー系」は基準比リフト1.118
函館,小回り・持続型,ダ,中距離(1700-2000),良,外枠(7-8),父系統,父系統不明,313,30,84,0.0958,0.2684,106.5,0.0,6.24,0.2402,0.0282,1.117,A,函館ダ中距離(1700-2000)・良・外枠(7-8)で父系統「父系統不明」は基準比リフト1.117
中山,坂あり・パワー型,芝,中距離(1700-2000),良,内枠(1-2),父系統,ネイティヴダンサー系,327,28,81,0.0856,0.2477,59.6,0.0,7.35,0.2217,0.026,1.117,A,中山芝中距離(1700-2000)・良・内枠(1-2)で父系統「ネイティヴダンサー系」は基準比リフト1.117
京都,平坦・スピード型,ダ,短距離(1000-1300),良,外枠(7-8),父系統,父系統不明,294,23,67,0.0782,0.2279,37.2,0.0,7.36,0.2043,0.0236,1.116,A,京都ダ短距離(1000-1300)・良・外枠(7-8)で父系統「父系統不明」は基準比リフト1.116
札幌,小回り・持続型,ダ,中距離(1700-2000),稍,中枠(3-6),父系統,父系統不明,185,18,47,0.0973,0.2541,71.2,0.0,6.46,0.2278,0.0263,1.115,A,札幌ダ中距離(1700-2000)・稍・中枠(3-6)で父系統「父系統不明」は基準比リフト1.115
阪神,坂あり・パワー型,芝,中長距離(2100-2400),良,外枠(7-8),父系統,ネイティヴダンサー系,159,14,39,0.0881,0.2453,73.6,0.0,7.27,0.2204,0.0249,1.113,A,阪神芝中長距離(2100-2400)・良・外枠(7-8)で父系統「ネイティヴダンサー系」は基準比リフト1.113
福島,小回り・機動型,芝,短距離(1000-1300),良,内枠(1-2),父系統,父系統不明,438,37,107,0.0845,0.2443,63.6,0.0,7.26,0.2198,0.0245,1.111,A,福島芝短距離(1000-1300)・良・内枠(1-2)で父系統「父系統不明」は基準比リフト1.111
中京,直線長め・持続型,ダ,短中距離(1400-1600),良,外枠(7-8),父系統,ネイティヴダンサー系,274,19,59,0.0693,0.2153,70.3,0.0,8.51,0.1938,0.0215,1.111,A,中京ダ短中距離(1400-1600)・良・外枠(7-8)で父系統「ネイティヴダンサー系」は基準比リフト1.111
阪神,坂あり・パワー型,ダ,短距離(1000-1300),良,内枠(1-2),父系統,父系統不明,386,27,77,0.0699,0.1995,48.4,0.0,7.77,0.1796,0.0199,1.111,A,阪神ダ短距離(1000-1300)・良・内枠(1-2)で父系統「父系統不明」は基準比リフト1.111
中京,直線長め・持続型,ダ,中距離(1700-2000),良,中枠(3-6),父系統,父系統不明,1303,107,316,0.0821,0.2425,105.5,0.0,6.9,0.2184,0.0241,1.11,A,中京ダ中距離(1700-2000)・良・中枠(3-6)で父系統「父系統不明」は基準比リフト1.11
東京,直線長め・持続型,ダ,短中距離(1400-1600),良,中枠(3-6),父系統,父系統不明,3146,224,697,0.0712,0.2216,73.6,0.0,7.8,0.1997,0.0219,1.11,A,東京ダ短中距離(1400-1600)・良・中枠(3-6)で父系統「父系統不明」は基準比リフト1.11
京都,平坦・スピード型,ダ,短距離(1000-1300),稍,中枠(3-6),父系統,父系統不明,183,14,38,0.0765,0.2077,65.8,0.0,7.74,0.1872,0.0205,1.11,A,京都ダ短距離(1000-1300)・稍・中枠(3-6)で父系統「父系統不明」は基準比リフト1.11
京都,平坦・スピード型,ダ,短距離(1000-1300),重不良,中枠(3-6),父系統,ネイティヴダンサー系,199,8,46,0.0402,0.2312,92.6,0.0,7.76,0.2085,0.0227,1.109,A,京都ダ短距離(1000-1300)・重不良・中枠(3-6)で父系統「ネイティヴダンサー系」は基準比リフト1.109
小倉,小回り・機動型,ダ,中距離(1700-2000),稍,中枠(3-6),父系統,ネイティヴダンサー系,324,27,74,0.0833,0.2284,162.4,0.0,8.35,0.2059,0.0225,1.109,A,小倉ダ中距離(1700-2000)・稍・中枠(3-6)で父系統「ネイティヴダンサー系」は基準比リフト1.109
新潟,直線長め・平坦型,ダ,短距離(1000-1300),稍,中枠(3-6),父系統,ニアークティック系,294,15,65,0.051,0.2211,47.2,0.0,7.48,0.1993,0.0218,1.109,A,新潟ダ短距離(1000-1300)・稍・中枠(3-6)で父系統「ニアークティック系」は基準比リフト1.109
阪神,坂あり・パワー型,芝,中距離(1700-2000),良,中枠(3-6),父系統,父系統不明,1125,115,299,0.1022,0.2658,81.3,0.0,6.62,0.2399,0.0259,1.108,A,阪神芝中距離(1700-2000)・良・中枠(3-6)で父系統「父系統不明」は基準比リフト1.108
阪神,坂あり・パワー型,芝,短距離(1000-1300),良,中枠(3-6),父系統,ネイティヴダンサー系,303,30,75,0.099,0.2475,118.6,0.0,7.54,0.2234,0.0241,1.108,A,阪神芝短距離(1000-1300)・良・中枠(3-6)で父系統「ネイティヴダンサー系」は基準比リフト1.108
中京,直線長め・持続型,ダ,短中距離(1400-1600),稍,中枠(3-6),父系統,ネイティヴダンサー系,155,7,33,0.0452,0.2129,45.5,0.0,8.31,0.1921,0.0208,1.108,A,中京ダ短中距離(1400-1600)・稍・中枠(3-6)で父系統「ネイティヴダンサー系」は基準比リフト1.108
阪神,坂あり・パワー型,ダ,長距離(2500以上),良,中枠(3-6),父系統,ロイヤルチャージャー系,434,46,123,0.106,0.2834,81.8,0.0,6.41,0.256,0.0274,1.107,A,阪神ダ長距離(2500以上)・良・中枠(3-6)で父系統「ロイヤルチャージャー系」は基準比リフト1.107
東京,直線長め・持続型,芝,中距離(1700-2000),良,外枠(7-8),父系統,父系統不明,960,82,229,0.0854,0.2385,83.6,0.0,7.16,0.2154,0.0231,1.107,A,東京芝中距離(1700-2000)・良・外枠(7-8)で父系統「父系統不明」は基準比リフト1.107
函館,小回り・持続型,芝,中距離(1700-2000),良,外枠(7-8),父系統,ネイティヴダンサー系,202,15,46,0.0743,0.2277,45.8,0.0,7.42,0.2056,0.0221,1.107,A,函館芝中距離(1700-2000)・良・外枠(7-8)で父系統「ネイティヴダンサー系」は基準比リフト1.107
中山,坂あり・パワー型,芝,中距離(1700-2000),稍,内枠(1-2),父系統,ロイヤルチャージャー系,233,18,58,0.0773,0.2489,53.3,0.0,7.4,0.2251,0.0238,1.106,A,中山芝中距離(1700-2000)・稍・内枠(1-2)で父系統「ロイヤルチャージャー系」は基準比リフト1.106
東京,直線長め・持続型,芝,中長距離(2100-2400),良,内枠(1-2),父系統,ロイヤルチャージャー系,496,59,143,0.119,0.2883,114.4,0.0,6.81,0.261,0.0273,1.105,A,東京芝中長距離(2100-2400)・良・内枠(1-2)で父系統「ロイヤルチャージャー系」は基準比リフト1.105
京都,平坦・スピード型,芝,中距離(1700-2000),稍,外枠(7-8),父系統,ロイヤルチャージャー系,220,18,63,0.0818,0.2864,52.3,0.0,6.75,0.2593,0.0271,1.105,A,京都芝中距離(1700-2000)・稍・外枠(7-8)で父系統「ロイヤルチャージャー系」は基準比リフト1.105
中山,坂あり・パワー型,ダ,中長距離(2100-2400),良,中枠(3-6),父系統,ロイヤルチャージャー系,228,24,60,0.1053,0.2632,140.7,0.0,7.27,0.2381,0.0251,1.105,A,中山ダ中長距離(2100-2400)・良・中枠(3-6)で父系統「ロイヤルチャージャー系」は基準比リフト1.105
京都,平坦・スピード型,ダ,中距離(1700-2000),良,外枠(7-8),父系統,父系統不明,635,47,145,0.074,0.2283,57.4,0.0,7.08,0.2066,0.0217,1.105,A,京都ダ中距離(1700-2000)・良・外枠(7-8)で父系統「父系統不明」は基準比リフト1.105
函館,小回り・持続型,芝,中距離(1700-2000),良,中枠(3-6),父系統,父系統不明,529,48,140,0.0907,0.2647,74.2,0.0,6.75,0.2397,0.025,1.104,A,函館芝中距離(1700-2000)・良・中枠(3-6)で父系統「父系統不明」は基準比リフト1.104
福島,小回り・機動型,ダ,中距離(1700-2000),良,外枠(7-8),父系統,ナスルーラ系,166,12,40,0.0723,0.241,93.6,0.0,7.89,0.2183,0.0227,1.104,A,福島ダ中距離(1700-2000)・良・外枠(7-8)で父系統「ナスルーラ系」は基準比リフト1.104
小倉,小回り・機動型,芝,中距離(1700-2000),良,外枠(7-8),父系統,父系統不明,650,48,147,0.0738,0.2262,104.9,0.0,7.64,0.2048,0.0214,1.104,A,小倉芝中距離(1700-2000)・良・外枠(7-8)で父系統「父系統不明」は基準比リフト1.104
福島,小回り・機動型,ダ,中距離(1700-2000),良,中枠(3-6),父系統,ナスルーラ系,330,23,73,0.0697,0.2212,69.0,0.0,8.05,0.2003,0.0209,1.104,A,福島ダ中距離(1700-2000)・良・中枠(3-6)で父系統「ナスルーラ系」は基準比リフト1.104
函館,小回り・持続型,ダ,中距離(1700-2000),良,中枠(3-6),父系統,ネイティヴダンサー系,512,43,133,0.084,0.2598,72.3,0.0,6.75,0.2356,0.0242,1.103,A,函館ダ中距離(1700-2000)・良・中枠(3-6)で父系統「ネイティヴダンサー系」は基準比リフト1.103
阪神,坂あり・パワー型,芝,中距離(1700-2000),稍,中枠(3-6),父系統,ネイティヴダンサー系,151,10,39,0.0662,0.2583,95.0,0.0,7.23,0.2342,0.0241,1.103,A,阪神芝中距離(1700-2000)・稍・中枠(3-6)で父系統「ネイティヴダンサー系」は基準比リフト1.103
新潟,直線長め・平坦型,ダ,短距離(1000-1300),良,中枠(3-6),父系統,ネイティヴダンサー系,1014,67,227,0.0661,0.2239,57.6,0.0,7.91,0.2029,0.021,1.103,A,新潟ダ短距離(1000-1300)・良・中枠(3-6)で父系統「ネイティヴダンサー系」は基準比リフト1.103
札幌,小回り・持続型,芝,中距離(1700-2000),良,内枠(1-2),父系統,ニアークティック系,164,14,50,0.0854,0.3049,56.5,0.0,6.92,0.2768,0.0281,1.102,A,札幌芝中距離(1700-2000)・良・内枠(1-2)で父系統「ニアークティック系」は基準比リフト1.102
東京,直線長め・持続型,ダ,長距離(2500以上),良,中枠(3-6),父系統,ロイヤルチャージャー系,420,41,109,0.0976,0.2595,69.7,0.0,7.06,0.2354,0.0241,1.102,A,東京ダ長距離(2500以上)・良・中枠(3-6)で父系統「ロイヤルチャージャー系」は基準比リフト1.102
新潟,直線長め・平坦型,ダ,中距離(1700-2000),稍,中枠(3-6),父系統,父系統不明,305,32,77,0.1049,0.2525,67.4,0.0,6.92,0.2292,0.0233,1.102,A,新潟ダ中距離(1700-2000)・稍・中枠(3-6)で父系統「父系統不明」は基準比リフト1.102
小倉,小回り・機動型,ダ,短距離(1000-1300),良,外枠(7-8),父系統,父系統不明,192,15,48,0.0781,0.25,130.3,0.0,6.82,0.2268,0.0232,1.102,A,小倉ダ短距離(1000-1300)・良・外枠(7-8)で父系統「父系統不明」は基準比リフト1.102
函館,小回り・持続型,芝,中距離(1700-2000),良,外枠(7-8),父系統,父系統不明,287,21,65,0.0732,0.2265,104.7,0.0,7.34,0.2056,0.0209,1.102,A,函館芝中距離(1700-2000)・良・外枠(7-8)で父系統「父系統不明」は基準比リフト1.102
中山,坂あり・パワー型,ダ,短距離(1000-1300),良,中枠(3-6),父系統,父系統不明,1784,141,379,0.079,0.2124,93.9,0.0,7.95,0.1927,0.0197,1.102,A,中山ダ短距離(1000-1300)・良・中枠(3-6)で父系統「父系統不明」は基準比リフト1.102
中山,坂あり・パワー型,ダ,短距離(1000-1300),良,外枠(7-8),父系統,ネイティヴダンサー系,1058,73,237,0.069,0.224,58.5,0.0,8.03,0.2034,0.0206,1.101,A,中山ダ短距離(1000-1300)・良・外枠(7-8)で父系統「ネイティヴダンサー系」は基準比リフト1.101
福島,小回り・機動型,芝,短距離(1000-1300),良,外枠(7-8),父系統,父系統不明,546,34,118,0.0623,0.2161,57.0,0.0,7.97,0.1962,0.0199,1.101,A,福島芝短距離(1000-1300)・良・外枠(7-8)で父系統「父系統不明」は基準比リフト1.101
札幌,小回り・持続型,ダ,中距離(1700-2000),良,外枠(7-8),父系統,父系統不明,415,36,104,0.0867,0.2506,77.9,0.0,7.15,0.2278,0.0228,1.1,A,札幌ダ中距離(1700-2000)・良・外枠(7-8)で父系統「父系統不明」は基準比リフト1.1
東京,直線長め・持続型,ダ,短中距離(1400-1600),稍,外枠(7-8),父系統,父系統不明,494,41,121,0.083,0.2449,45.9,0.0,7.51,0.2227,0.0222,1.1,A,東京ダ短中距離(1400-1600)・稍・外枠(7-8)で父系統「父系統不明」は基準比リフト1.1
京都,平坦・スピード型,芝,短距離(1000-1300),良,中枠(3-6),父系統,ナスルーラ系,251,20,57,0.0797,0.2271,94.3,0.0,8.31,0.2064,0.0207,1.1,A,京都芝短距離(1000-1300)・良・中枠(3-6)で父系統「ナスルーラ系」は基準比リフト1.1
中山,坂あり・パワー型,芝,短中距離(1400-1600),良,中枠(3-6),父系統,ロイヤルチャージャー系,2473,185,548,0.0748,0.2216,74.2,0.0,7.57,0.2014,0.0202,1.1,A,中山芝短中距離(1400-1600)・良・中枠(3-6)で父系統「ロイヤルチャージャー系」は基準比リフト1.1
中京,直線長め・持続型,芝,短距離(1000-1300),良,外枠(7-8),父系統,ナスルーラ系,127,12,32,0.0945,0.252,102.5,0.0,8.36,0.1628,0.0892,1.548,B,中京芝短距離(1000-1300)・良・外枠(7-8)で父系統「ナスルーラ系」は基準比リフト1.548
札幌,小回り・持続型,芝,短中距離(1400-1600),良,外枠(7-8),父系統,ネイティヴダンサー系,99,8,33,0.0808,0.3333,23.4,0.0,6.78,0.2171,0.1162,1.535,B,札幌芝短中距離(1400-1600)・良・外枠(7-8)で父系統「ネイティヴダンサー系」は基準比リフト1.535
函館,小回り・持続型,ダ,短距離(1000-1300),稍,中枠(3-6),父系統,ネイティヴダンサー系,91,10,35,0.1099,0.3846,144.8,0.0,5.92,0.2507,0.1339,1.534,B,函館ダ短距離(1000-1300)・稍・中枠(3-6)で父系統「ネイティヴダンサー系」は基準比リフト1.534
京都,平坦・スピード型,ダ,短距離(1000-1300),稍,外枠(7-8),父系統,父系統不明,100,12,33,0.12,0.33,83.1,0.0,6.76,0.2268,0.1032,1.455,B,京都ダ短距離(1000-1300)・稍・外枠(7-8)で父系統「父系統不明」は基準比リフト1.455
中山,坂あり・パワー型,芝,中距離(1700-2000),稍,外枠(7-8),父系統,ネイティヴダンサー系,88,7,25,0.0795,0.2841,45.2,0.0,7.58,0.1986,0.0855,1.431,B,中山芝中距離(1700-2000)・稍・外枠(7-8)で父系統「ネイティヴダンサー系」は基準比リフト1.431
小倉,小回り・機動型,ダ,中距離(1700-2000),不,外枠(7-8),父系統,父系統不明,86,9,20,0.1047,0.2326,62.7,0.0,7.23,0.1663,0.0663,1.399,B,小倉ダ中距離(1700-2000)・不・外枠(7-8)で父系統「父系統不明」は基準比リフト1.399
小倉,小回り・機動型,ダ,短距離(1000-1300),重不良,中枠(3-6),父系統,ニアークティック系,97,11,30,0.1134,0.3093,114.5,0.0,7.14,0.2243,0.085,1.379,B,小倉ダ短距離(1000-1300)・重不良・中枠(3-6)で父系統「ニアークティック系」は基準比リフト1.379
中京,直線長め・持続型,ダ,短中距離(1400-1600),稍,外枠(7-8),父系統,父系統不明,108,16,32,0.1481,0.2963,76.0,0.0,7.62,0.2151,0.0812,1.377,B,中京ダ短中距離(1400-1600)・稍・外枠(7-8)で父系統「父系統不明」は基準比リフト1.377
新潟,直線長め・平坦型,ダ,中距離(1700-2000),稍,内枠(1-2),父系統,ネイティヴダンサー系,120,8,32,0.0667,0.2667,29.0,0.0,7.58,0.1942,0.0725,1.373,B,新潟ダ中距離(1700-2000)・稍・内枠(1-2)で父系統「ネイティヴダンサー系」は基準比リフト1.373
東京,直線長め・持続型,ダ,短距離(1000-1300),良,内枠(1-2),父系統,ナスルーラ系,84,8,23,0.0952,0.2738,57.7,0.0,7.79,0.2004,0.0734,1.366,B,東京ダ短距離(1000-1300)・良・内枠(1-2)で父系統「ナスルーラ系」は基準比リフト1.366
中京,直線長め・持続型,ダ,中距離(1700-2000),不,中枠(3-6),父系統,ネイティヴダンサー系,93,8,29,0.086,0.3118,56.1,0.0,7.46,0.2298,0.082,1.357,B,中京ダ中距離(1700-2000)・不・中枠(3-6)で父系統「ネイティヴダンサー系」は基準比リフト1.357
東京,直線長め・持続型,ダ,短中距離(1400-1600),不,中枠(3-6),父系統,ナスルーラ系,104,10,30,0.0962,0.2885,54.5,0.0,7.49,0.2126,0.0759,1.357,B,東京ダ短中距離(1400-1600)・不・中枠(3-6)で父系統「ナスルーラ系」は基準比リフト1.357
小倉,小回り・機動型,芝,長距離(2500以上),良,内枠(1-2),父系統,父系統不明,95,11,37,0.1158,0.3895,237.3,0.0,6.86,0.2897,0.0998,1.344,B,小倉芝長距離(2500以上)・良・内枠(1-2)で父系統「父系統不明」は基準比リフト1.344
新潟,直線長め・平坦型,ダ,短距離(1000-1300),不,中枠(3-6),父系統,ネイティヴダンサー系,135,11,39,0.0815,0.2889,117.3,0.0,7.13,0.2157,0.0732,1.339,B,新潟ダ短距離(1000-1300)・不・中枠(3-6)で父系統「ネイティヴダンサー系」は基準比リフト1.339
中京,直線長め・持続型,ダ,短距離(1000-1300),重不良,中枠(3-6),父系統,父系統不明,140,10,33,0.0714,0.2357,248.5,0.0,7.88,0.1762,0.0595,1.338,B,中京ダ短距離(1000-1300)・重不良・中枠(3-6)で父系統「父系統不明」は基準比リフト1.338
東京,直線長め・持続型,芝,中距離(1700-2000),稍,外枠(7-8),父系統,父系統不明,91,7,24,0.0769,0.2637,100.3,0.0,6.58,0.1978,0.0659,1.333,B,東京芝中距離(1700-2000)・稍・外枠(7-8)で父系統「父系統不明」は基準比リフト1.333
福島,小回り・機動型,芝,短距離(1000-1300),稍,内枠(1-2),父系統,父系統不明,81,7,21,0.0864,0.2593,58.5,0.0,7.46,0.1951,0.0642,1.329,B,福島芝短距離(1000-1300)・稍・内枠(1-2)で父系統「父系統不明」は基準比リフト1.329
中山,坂あり・パワー型,ダ,中距離(1700-2000),不,外枠(7-8),父系統,ネイティヴダンサー系,113,13,33,0.115,0.292,84.9,0.0,7.6,0.2199,0.0721,1.328,B,中山ダ中距離(1700-2000)・不・外枠(7-8)で父系統「ネイティヴダンサー系」は基準比リフト1.328
新潟,直線長め・平坦型,ダ,短距離(1000-1300),重不良,内枠(1-2),父系統,ロイヤルチャージャー系,96,9,26,0.0938,0.2708,114.3,0.0,7.79,0.2039,0.0669,1.328,B,新潟ダ短距離(1000-1300)・重不良・内枠(1-2)で父系統「ロイヤルチャージャー系」は基準比リフト1.328
阪神,坂あり・パワー型,ダ,短距離(1000-1300),重不良,中枠(3-6),父系統,ナスルーラ系,104,13,28,0.125,0.2692,150.5,0.0,7.91,0.203,0.0662,1.326,B,阪神ダ短距離(1000-1300)・重不良・中枠(3-6)で父系統「ナスルーラ系」は基準比リフト1.326
小倉,小回り・機動型,芝,中距離(1700-2000),重不良,中枠(3-6),父系統,ネイティヴダンサー系,94,5,26,0.0532,0.2766,87.3,0.0,6.81,0.209,0.0676,1.323,B,小倉芝中距離(1700-2000)・重不良・中枠(3-6)で父系統「ネイティヴダンサー系」は基準比リフト1.323
阪神,坂あり・パワー型,ダ,短中距離(1400-1600),稍,内枠(1-2),父系統,ナスルーラ系,82,9,20,0.1098,0.2439,162.7,0.0,7.7,0.1843,0.0596,1.323,B,阪神ダ短中距離(1400-1600)・稍・内枠(1-2)で父系統「ナスルーラ系」は基準比リフト1.323
京都,平坦・スピード型,ダ,短中距離(1400-1600),稍,内枠(1-2),父系統,父系統不明,86,6,22,0.0698,0.2558,119.3,0.0,7.02,0.1939,0.0619,1.319,B,京都ダ短中距離(1400-1600)・稍・内枠(1-2)で父系統「父系統不明」は基準比リフト1.319
中京,直線長め・持続型,ダ,中距離(1700-2000),稍,内枠(1-2),父系統,父系統不明,133,8,38,0.0602,0.2857,47.5,0.0,6.52,0.2175,0.0682,1.314,B,中京ダ中距離(1700-2000)・稍・内枠(1-2)で父系統「父系統不明」は基準比リフト1.314
新潟,直線長め・平坦型,芝,中距離(1700-2000),稍,中枠(3-6),父系統,ネイティヴダンサー系,81,9,23,0.1111,0.284,83.2,0.0,7.15,0.217,0.067,1.309,B,新潟芝中距離(1700-2000)・稍・中枠(3-6)で父系統「ネイティヴダンサー系」は基準比リフト1.309
札幌,小回り・持続型,ダ,中距離(1700-2000),不,中枠(3-6),父系統,ロイヤルチャージャー系,100,13,34,0.13,0.34,112.0,0.0,6.84,0.26,0.08,1.308,B,札幌ダ中距離(1700-2000)・不・中枠(3-6)で父系統「ロイヤルチャージャー系」は基準比リフト1.308
函館,小回り・持続型,ダ,中距離(1700-2000),重不良,外枠(7-8),父系統,ロイヤルチャージャー系,98,12,36,0.1224,0.3673,124.4,0.0,6.13,0.2811,0.0862,1.307,B,函館ダ中距離(1700-2000)・重不良・外枠(7-8)で父系統「ロイヤルチャージャー系」は基準比リフト1.307
新潟,直線長め・平坦型,ダ,短距離(1000-1300),重不良,外枠(7-8),父系統,父系統不明,96,11,28,0.1146,0.2917,163.0,0.0,7.4,0.2233,0.0684,1.306,B,新潟ダ短距離(1000-1300)・重不良・外枠(7-8)で父系統「父系統不明」は基準比リフト1.306
中山,坂あり・パワー型,芝,中距離(1700-2000),稍,中枠(3-6),父系統,ネイティヴダンサー系,138,13,40,0.0942,0.2899,124.0,0.0,6.96,0.2225,0.0674,1.303,B,中山芝中距離(1700-2000)・稍・中枠(3-6)で父系統「ネイティヴダンサー系」は基準比リフト1.303
函館,小回り・持続型,ダ,短距離(1000-1300),良,内枠(1-2),父系統,ニアークティック系,82,7,30,0.0854,0.3659,30.6,0.0,5.72,0.2824,0.0835,1.296,B,函館ダ短距離(1000-1300)・良・内枠(1-2)で父系統「ニアークティック系」は基準比リフト1.296
京都,平坦・スピード型,ダ,短距離(1000-1300),稍,外枠(7-8),父系統,ニアークティック系,103,8,30,0.0777,0.2913,32.1,0.0,7.17,0.2268,0.0645,1.284,B,京都ダ短距離(1000-1300)・稍・外枠(7-8)で父系統「ニアークティック系」は基準比リフト1.284
函館,小回り・持続型,芝,短距離(1000-1300),稍,外枠(7-8),父系統,父系統不明,116,11,30,0.0948,0.2586,34.1,0.0,6.9,0.2015,0.0571,1.283,B,函館芝短距離(1000-1300)・稍・外枠(7-8)で父系統「父系統不明」は基準比リフト1.283
札幌,小回り・持続型,芝,中距離(1700-2000),稍,中枠(3-6),父系統,父系統不明,143,14,42,0.0979,0.2937,130.3,0.0,6.29,0.2294,0.0643,1.28,B,札幌芝中距離(1700-2000)・稍・中枠(3-6)で父系統「父系統不明」は基準比リフト1.28
中山,坂あり・パワー型,芝,中長距離(2100-2400),良,内枠(1-2),父系統,父系統不明,94,10,27,0.1064,0.2872,102.2,0.0,7.85,0.2248,0.0624,1.278,B,中山芝中長距離(2100-2400)・良・内枠(1-2)で父系統「父系統不明」は基準比リフト1.278
中山,坂あり・パワー型,ダ,中距離(1700-2000),重不良,内枠(1-2),父系統,ニアークティック系,97,6,20,0.0619,0.2062,58.2,0.0,8.35,0.1617,0.0445,1.275,B,中山ダ中距離(1700-2000)・重不良・内枠(1-2)で父系統「ニアークティック系」は基準比リフト1.275
阪神,坂あり・パワー型,芝,短距離(1000-1300),良,内枠(1-2),父系統,ニアークティック系,117,11,37,0.094,0.3162,120.5,0.0,7.52,0.2482,0.068,1.274,B,阪神芝短距離(1000-1300)・良・内枠(1-2)で父系統「ニアークティック系」は基準比リフト1.274
函館,小回り・持続型,芝,短距離(1000-1300),稍,外枠(7-8),父系統,ロイヤルチャージャー系,145,8,37,0.0552,0.2552,37.4,0.0,7.65,0.2015,0.0537,1.267,B,函館芝短距離(1000-1300)・稍・外枠(7-8)で父系統「ロイヤルチャージャー系」は基準比リフト1.267
中京,直線長め・持続型,ダ,短距離(1000-1300),重不良,中枠(3-6),父系統,ネイティヴダンサー系,103,8,23,0.0777,0.2233,73.4,0.0,8.5,0.1762,0.0471,1.267,B,中京ダ短距離(1000-1300)・重不良・中枠(3-6)で父系統「ネイティヴダンサー系」は基準比リフト1.267
中山,坂あり・パワー型,ダ,短距離(1000-1300),不,外枠(7-8),父系統,父系統不明,97,6,22,0.0619,0.2268,26.6,0.0,7.51,0.1791,0.0477,1.266,B,中山ダ短距離(1000-1300)・不・外枠(7-8)で父系統「父系統不明」は基準比リフト1.266
小倉,小回り・機動型,ダ,短距離(1000-1300),稍,中枠(3-6),父系統,ナスルーラ系,92,8,24,0.087,0.2609,34.7,0.0,7.58,0.2062,0.0547,1.265,B,小倉ダ短距離(1000-1300)・稍・中枠(3-6)で父系統「ナスルーラ系」は基準比リフト1.265
東京,直線長め・持続型,ダ,短中距離(1400-1600),稍,内枠(1-2),父系統,ナスルーラ系,131,12,29,0.0916,0.2214,123.4,0.0,7.92,0.1751,0.0463,1.264,B,東京ダ短中距離(1400-1600)・稍・内枠(1-2)で父系統「ナスルーラ系」は基準比リフト1.264
中京,直線長め・持続型,ダ,短距離(1000-1300),良,外枠(7-8),父系統,ナスルーラ系,108,10,27,0.0926,0.25,164.5,0.0,8.02,0.1988,0.0512,1.258,B,中京ダ短距離(1000-1300)・良・外枠(7-8)で父系統「ナスルーラ系」は基準比リフト1.258
阪神,坂あり・パワー型,ダ,短中距離(1400-1600),重不良,外枠(7-8),父系統,ネイティヴダンサー系,111,12,32,0.1081,0.2883,127.0,0.0,7.69,0.2297,0.0586,1.255,B,阪神ダ短中距離(1400-1600)・重不良・外枠(7-8)で父系統「ネイティヴダンサー系」は基準比リフト1.255
阪神,坂あり・パワー型,ダ,短距離(1000-1300),重不良,内枠(1-2),父系統,ネイティヴダンサー系,113,10,25,0.0885,0.2212,89.7,0.0,7.58,0.1767,0.0445,1.252,B,阪神ダ短距離(1000-1300)・重不良・内枠(1-2)で父系統「ネイティヴダンサー系」は基準比リフト1.252
新潟,直線長め・平坦型,ダ,短距離(1000-1300),稍,外枠(7-8),父系統,父系統不明,115,16,34,0.1391,0.2957,63.1,0.0,6.47,0.2363,0.0594,1.251,B,新潟ダ短距離(1000-1300)・稍・外枠(7-8)で父系統「父系統不明」は基準比リフト1.251
福島,小回り・機動型,芝,短距離(1000-1300),稍,中枠(3-6),父系統,ネイティヴダンサー系,122,16,31,0.1311,0.2541,214.5,0.0,8.43,0.2033,0.0508,1.25,B,福島芝短距離(1000-1300)・稍・中枠(3-6)で父系統「ネイティヴダンサー系」は基準比リフト1.25
京都,平坦・スピード型,芝,中長距離(2100-2400),良,内枠(1-2),父系統,父系統不明,88,13,32,0.1477,0.3636,77.5,0.0,5.59,0.2911,0.0725,1.249,B,京都芝中長距離(2100-2400)・良・内枠(1-2)で父系統「父系統不明」は基準比リフト1.249
京都,平坦・スピード型,ダ,短距離(1000-1300),重不良,内枠(1-2),父系統,ネイティヴダンサー系,86,6,19,0.0698,0.2209,109.1,0.0,8.53,0.1768,0.0441,1.249,B,京都ダ短距離(1000-1300)・重不良・内枠(1-2)で父系統「ネイティヴダンサー系」は基準比リフト1.249
新潟,直線長め・平坦型,芝,短距離(1000-1300),稍,中枠(3-6),父系統,ネイティヴダンサー系,131,7,27,0.0534,0.2061,142.1,0.0,8.66,0.1652,0.0409,1.248,B,新潟芝短距離(1000-1300)・稍・中枠(3-6)で父系統「ネイティヴダンサー系」は基準比リフト1.248
阪神,坂あり・パワー型,芝,短中距離(1400-1600),重不良,内枠(1-2),父系統,ロイヤルチャージャー系,88,10,26,0.1136,0.2955,59.0,0.0,7.3,0.2379,0.0576,1.242,B,阪神芝短中距離(1400-1600)・重不良・内枠(1-2)で父系統「ロイヤルチャージャー系」は基準比リフト1.242
福島,小回り・機動型,芝,中距離(1700-2000),稍,外枠(7-8),父系統,父系統不明,98,10,31,0.102,0.3163,123.1,0.0,7.58,0.2558,0.0605,1.237,B,福島芝中距離(1700-2000)・稍・外枠(7-8)で父系統「父系統不明」は基準比リフト1.237
中京,直線長め・持続型,芝,短距離(1000-1300),良,内枠(1-2),父系統,父系統不明,147,17,35,0.1156,0.2381,142.9,0.0,7.96,0.1925,0.0456,1.237,B,中京芝短距離(1000-1300)・良・内枠(1-2)で父系統「父系統不明」は基準比リフト1.237
中京,直線長め・持続型,ダ,中距離(1700-2000),不,内枠(1-2),父系統,ロイヤルチャージャー系,82,8,24,0.0976,0.2927,63.7,0.0,7.34,0.237,0.0557,1.235,B,中京ダ中距離(1700-2000)・不・内枠(1-2)で父系統「ロイヤルチャージャー系」は基準比リフト1.235
中京,直線長め・持続型,ダ,中距離(1700-2000),不,外枠(7-8),父系統,父系統不明,110,8,26,0.0727,0.2364,83.3,0.0,6.52,0.1914,0.045,1.235,B,中京ダ中距離(1700-2000)・不・外枠(7-8)で父系統「父系統不明」は基準比リフト1.235
中京,直線長め・持続型,芝,中距離(1700-2000),重不良,中枠(3-6),父系統,父系統不明,96,9,22,0.0938,0.2292,47.9,0.0,7.58,0.1857,0.0435,1.234,B,中京芝中距離(1700-2000)・重不良・中枠(3-6)で父系統「父系統不明」は基準比リフト1.234
中山,坂あり・パワー型,芝,中距離(1700-2000),重不良,外枠(7-8),父系統,ロイヤルチャージャー系,129,17,33,0.1318,0.2558,134.8,0.0,7.53,0.2076,0.0482,1.232,B,中山芝中距離(1700-2000)・重不良・外枠(7-8)で父系統「ロイヤルチャージャー系」は基準比リフト1.232
阪神,坂あり・パワー型,ダ,長距離(2500以上),稍,中枠(3-6),父系統,ロイヤルチャージャー系,93,15,35,0.1613,0.3763,192.6,0.0,5.69,0.3057,0.0706,1.231,B,阪神ダ長距離(2500以上)・稍・中枠(3-6)で父系統「ロイヤルチャージャー系」は基準比リフト1.231
東京,直線長め・持続型,ダ,中長距離(2100-2400),重不良,中枠(3-6),父系統,ネイティヴダンサー系,94,11,27,0.117,0.2872,133.8,0.0,7.74,0.2334,0.0538,1.231,B,東京ダ中長距離(2100-2400)・重不良・中枠(3-6)で父系統「ネイティヴダンサー系」は基準比リフト1.231
小倉,小回り・機動型,芝,長距離(2500以上),良,外枠(7-8),父系統,ネイティヴダンサー系,128,10,37,0.0781,0.2891,25.3,0.0,6.38,0.2352,0.0539,1.229,B,小倉芝長距離(2500以上)・良・外枠(7-8)で父系統「ネイティヴダンサー系」は基準比リフト1.229
京都,平坦・スピード型,芝,短中距離(1400-1600),稍,外枠(7-8),父系統,父系統不明,117,13,32,0.1111,0.2735,59.0,0.0,7.7,0.2226,0.0509,1.229,B,京都芝短中距離(1400-1600)・稍・外枠(7-8)で父系統「父系統不明」は基準比リフト1.229
小倉,小回り・機動型,ダ,短距離(1000-1300),重不良,外枠(7-8),父系統,ネイティヴダンサー系,82,7,21,0.0854,0.2561,50.0,0.0,7.23,0.2096,0.0465,1.222,B,小倉ダ短距離(1000-1300)・重不良・外枠(7-8)で父系統「ネイティヴダンサー系」は基準比リフト1.222
中京,直線長め・持続型,ダ,短中距離(1400-1600),不,中枠(3-6),父系統,父系統不明,133,13,35,0.0977,0.2632,93.2,0.0,7.41,0.2164,0.0468,1.216,B,中京ダ短中距離(1400-1600)・不・中枠(3-6)で父系統「父系統不明」は基準比リフト1.216
中山,坂あり・パワー型,芝,中距離(1700-2000),稍,中枠(3-6),父系統,ニアークティック系,130,7,35,0.0538,0.2692,70.8,0.0,8.35,0.2225,0.0467,1.21,B,中山芝中距離(1700-2000)・稍・中枠(3-6)で父系統「ニアークティック系」は基準比リフト1.21
小倉,小回り・機動型,芝,短距離(1000-1300),重不良,中枠(3-6),父系統,ニアークティック系,89,7,21,0.0787,0.236,48.4,0.0,8.49,0.1952,0.0408,1.209,B,小倉芝短距離(1000-1300)・重不良・中枠(3-6)で父系統「ニアークティック系」は基準比リフト1.209
中山,坂あり・パワー型,芝,長距離(2500以上),良,中枠(3-6),父系統,父系統不明,113,13,33,0.115,0.292,93.7,0.0,6.61,0.2429,0.0491,1.202,B,中山芝長距離(2500以上)・良・中枠(3-6)で父系統「父系統不明」は基準比リフト1.202
小倉,小回り・機動型,ダ,中距離(1700-2000),不,中枠(3-6),父系統,父系統不明,145,13,35,0.0897,0.2414,71.9,0.0,7.2,0.2015,0.0399,1.198,B,小倉ダ中距離(1700-2000)・不・中枠(3-6)で父系統「父系統不明」は基準比リフト1.198
小倉,小回り・機動型,ダ,中距離(1700-2000),重不良,内枠(1-2),父系統,父系統不明,131,15,34,0.1145,0.2595,57.1,0.0,7.56,0.2168,0.0427,1.197,B,小倉ダ中距離(1700-2000)・重不良・内枠(1-2)で父系統「父系統不明」は基準比リフト1.197
中山,坂あり・パワー型,ダ,短距離(1000-1300),不,外枠(7-8),父系統,ニアークティック系,84,10,18,0.119,0.2143,92.3,0.0,8.06,0.1791,0.0352,1.197,B,中山ダ短距離(1000-1300)・不・外枠(7-8)で父系統「ニアークティック系」は基準比リフト1.197
中山,坂あり・パワー型,芝,長距離(2500以上),良,外枠(7-8),父系統,ニアークティック系,83,9,22,0.1084,0.2651,71.9,0.0,6.84,0.2217,0.0434,1.196,B,中山芝長距離(2500以上)・良・外枠(7-8)で父系統「ニアークティック系」は基準比リフト1.196
新潟,直線長め・平坦型,ダ,中距離(1700-2000),不,中枠(3-6),父系統,ネイティヴダンサー系,104,7,29,0.0673,0.2788,79.2,0.0,7.58,0.2333,0.0455,1.195,B,新潟ダ中距離(1700-2000)・不・中枠(3-6)で父系統「ネイティヴダンサー系」は基準比リフト1.195
小倉,小回り・機動型,芝,中距離(1700-2000),重不良,内枠(1-2),父系統,ロイヤルチャージャー系,125,13,38,0.104,0.304,257.6,0.0,7.52,0.2555,0.0485,1.19,B,小倉芝中距離(1700-2000)・重不良・内枠(1-2)で父系統「ロイヤルチャージャー系」は基準比リフト1.19
中山,坂あり・パワー型,ダ,短距離(1000-1300),不,外枠(7-8),父系統,ネイティヴダンサー系,136,8,29,0.0588,0.2132,29.3,0.0,8.03,0.1791,0.0341,1.19,B,中山ダ短距離(1000-1300)・不・外枠(7-8)で父系統「ネイティヴダンサー系」は基準比リフト1.19
中京,直線長め・持続型,芝,短中距離(1400-1600),重不良,外枠(7-8),父系統,父系統不明,82,8,22,0.0976,0.2683,57.6,0.0,7.17,0.2261,0.0422,1.187,B,中京芝短中距離(1400-1600)・重不良・外枠(7-8)で父系統「父系統不明」は基準比リフト1.187
函館,小回り・持続型,芝,短距離(1000-1300),良,内枠(1-2),父系統,ナスルーラ系,113,13,35,0.115,0.3097,78.7,0.0,6.32,0.262,0.0477,1.182,B,函館芝短距離(1000-1300)・良・内枠(1-2)で父系統「ナスルーラ系」は基準比リフト1.182
京都,平坦・スピード型,芝,中距離(1700-2000),重不良,中枠(3-6),父系統,父系統不明,89,9,27,0.1011,0.3034,60.7,0.0,5.7,0.2566,0.0468,1.182,B,京都芝中距離(1700-2000)・重不良・中枠(3-6)で父系統「父系統不明」は基準比リフト1.182
新潟,直線長め・平坦型,ダ,短距離(1000-1300),稍,内枠(1-2),父系統,父系統不明,88,6,18,0.0682,0.2045,40.0,0.0,7.64,0.1741,0.0304,1.175,B,新潟ダ短距離(1000-1300)・稍・内枠(1-2)で父系統「父系統不明」は基準比リフト1.175
札幌,小回り・持続型,ダ,短距離(1000-1300),良,内枠(1-2),父系統,ネイティヴダンサー系,104,10,26,0.0962,0.25,81.7,0.0,6.4,0.2129,0.0371,1.174,B,札幌ダ短距離(1000-1300)・良・内枠(1-2)で父系統「ネイティヴダンサー系」は基準比リフト1.174
阪神,坂あり・パワー型,芝,短距離(1000-1300),良,外枠(7-8),父系統,ナスルーラ系,123,5,28,0.0407,0.2276,61.1,0.0,7.38,0.1938,0.0338,1.174,B,阪神芝短距離(1000-1300)・良・外枠(7-8)で父系統「ナスルーラ系」は基準比リフト1.174
京都,平坦・スピード型,ダ,中距離(1700-2000),重不良,中枠(3-6),父系統,ナスルーラ系,99,13,26,0.1313,0.2626,121.2,0.0,6.97,0.2239,0.0387,1.173,B,京都ダ中距離(1700-2000)・重不良・中枠(3-6)で父系統「ナスルーラ系」は基準比リフト1.173
小倉,小回り・機動型,ダ,中距離(1700-2000),不,中枠(3-6),父系統,ネイティヴダンサー系,144,10,34,0.0694,0.2361,75.0,0.0,7.54,0.2015,0.0346,1.172,B,小倉ダ中距離(1700-2000)・不・中枠(3-6)で父系統「ネイティヴダンサー系」は基準比リフト1.172
阪神,坂あり・パワー型,ダ,短距離(1000-1300),重不良,外枠(7-8),父系統,ニアークティック系,101,10,25,0.099,0.2475,75.3,0.0,8.19,0.2115,0.036,1.17,B,阪神ダ短距離(1000-1300)・重不良・外枠(7-8)で父系統「ニアークティック系」は基準比リフト1.17
中京,直線長め・持続型,芝,中長距離(2100-2400),良,内枠(1-2),父系統,父系統不明,94,7,23,0.0745,0.2447,38.1,0.0,6.99,0.2094,0.0353,1.169,B,中京芝中長距離(2100-2400)・良・内枠(1-2)で父系統「父系統不明」は基準比リフト1.169
京都,平坦・スピード型,ダ,短中距離(1400-1600),稍,外枠(7-8),父系統,ネイティヴダンサー系,138,10,30,0.0725,0.2174,50.8,0.0,8.37,0.1862,0.0312,1.168,B,京都ダ短中距離(1400-1600)・稍・外枠(7-8)で父系統「ネイティヴダンサー系」は基準比リフト1.168
中山,坂あり・パワー型,ダ,中距離(1700-2000),稍,内枠(1-2),父系統,ナスルーラ系,98,8,21,0.0816,0.2143,157.8,0.0,7.83,0.1835,0.0308,1.168,B,中山ダ中距離(1700-2000)・稍・内枠(1-2)で父系統「ナスルーラ系」は基準比リフト1.168
阪神,坂あり・パワー型,ダ,短距離(1000-1300),良,内枠(1-2),父系統,ナスルーラ系,143,12,30,0.0839,0.2098,195.9,0.0,8.14,0.1796,0.0302,1.168,B,阪神ダ短距離(1000-1300)・良・内枠(1-2)で父系統「ナスルーラ系」は基準比リフト1.168
新潟,直線長め・平坦型,芝,中距離(1700-2000),重不良,外枠(7-8),父系統,ロイヤルチャージャー系,98,8,23,0.0816,0.2347,33.9,0.0,7.2,0.2011,0.0336,1.167,B,新潟芝中距離(1700-2000)・重不良・外枠(7-8)で父系統「ロイヤルチャージャー系」は基準比リフト1.167
東京,直線長め・持続型,ダ,短中距離(1400-1600),不,外枠(7-8),父系統,ニアークティック系,108,6,23,0.0556,0.213,50.6,0.0,8.08,0.1827,0.0303,1.166,B,東京ダ短中距離(1400-1600)・不・外枠(7-8)で父系統「ニアークティック系」は基準比リフト1.166
札幌,小回り・持続型,ダ,中距離(1700-2000),良,外枠(7-8),父系統,ナスルーラ系,136,15,36,0.1103,0.2647,87.8,0.0,6.57,0.2278,0.0369,1.162,B,札幌ダ中距離(1700-2000)・良・外枠(7-8)で父系統「ナスルーラ系」は基準比リフト1.162
中山,坂あり・パワー型,ダ,短距離(1000-1300),稍,外枠(7-8),父系統,ナスルーラ系,122,15,32,0.123,0.2623,143.9,0.0,7.47,0.2257,0.0366,1.162,B,中山ダ短距離(1000-1300)・稍・外枠(7-8)で父系統「ナスルーラ系」は基準比リフト1.162
東京,直線長め・持続型,ダ,中長距離(2100-2400),稍,内枠(1-2),父系統,ロイヤルチャージャー系,93,6,21,0.0645,0.2258,32.7,0.0,7.86,0.1944,0.0314,1.162,B,東京ダ中長距離(2100-2400)・稍・内枠(1-2)で父系統「ロイヤルチャージャー系」は基準比リフト1.162
小倉,小回り・機動型,芝,長距離(2500以上),稍,中枠(3-6),父系統,ロイヤルチャージャー系,140,14,45,0.1,0.3214,116.6,0.0,5.84,0.2771,0.0443,1.16,B,小倉芝長距離(2500以上)・稍・中枠(3-6)で父系統「ロイヤルチャージャー系」は基準比リフト1.16
中京,直線長め・持続型,芝,中距離(1700-2000),稍,内枠(1-2),父系統,ロイヤルチャージャー系,95,10,27,0.1053,0.2842,48.0,0.0,7.12,0.2451,0.0391,1.16,B,中京芝中距離(1700-2000)・稍・内枠(1-2)で父系統「ロイヤルチャージャー系」は基準比リフト1.16
中京,直線長め・持続型,ダ,中距離(1700-2000),重不良,内枠(1-2),父系統,父系統不明,88,8,25,0.0909,0.2841,111.4,0.0,7.09,0.2449,0.0392,1.16,B,中京ダ中距離(1700-2000)・重不良・内枠(1-2)で父系統「父系統不明」は基準比リフト1.16
新潟,直線長め・平坦型,芝,中距離(1700-2000),稍,外枠(7-8),父系統,父系統不明,121,9,29,0.0744,0.2397,58.8,0.0,7.19,0.2066,0.0331,1.16,B,新潟芝中距離(1700-2000)・稍・外枠(7-8)で父系統「父系統不明」は基準比リフト1.16
小倉,小回り・機動型,芝,中距離(1700-2000),重不良,外枠(7-8),父系統,父系統不明,148,12,34,0.0811,0.2297,122.3,0.0,7.56,0.1987,0.031,1.156,B,小倉芝中距離(1700-2000)・重不良・外枠(7-8)で父系統「父系統不明」は基準比リフト1.156
京都,平坦・スピード型,芝,中距離(1700-2000),稍,内枠(1-2),父系統,ロイヤルチャージャー系,132,17,37,0.1288,0.2803,59.0,0.0,6.42,0.2426,0.0377,1.155,B,京都芝中距離(1700-2000)・稍・内枠(1-2)で父系統「ロイヤルチャージャー系」は基準比リフト1.155
函館,小回り・持続型,ダ,短距離(1000-1300),良,中枠(3-6),父系統,ナスルーラ系,131,15,39,0.1145,0.2977,77.3,0.0,5.77,0.2579,0.0398,1.154,B,函館ダ短距離(1000-1300)・良・中枠(3-6)で父系統「ナスルーラ系」は基準比リフト1.154
新潟,直線長め・平坦型,ダ,短距離(1000-1300),良,内枠(1-2),父系統,ナスルーラ系,143,11,29,0.0769,0.2028,100.6,0.0,7.3,0.1762,0.0266,1.151,B,新潟ダ短距離(1000-1300)・良・内枠(1-2)で父系統「ナスルーラ系」は基準比リフト1.151
中京,直線長め・持続型,芝,中長距離(2100-2400),稍,外枠(7-8),父系統,ロイヤルチャージャー系,91,9,24,0.0989,0.2637,77.5,0.0,7.18,0.2293,0.0344,1.15,B,中京芝中長距離(2100-2400)・稍・外枠(7-8)で父系統「ロイヤルチャージャー系」は基準比リフト1.15
中山,坂あり・パワー型,芝,長距離(2500以上),稍,外枠(7-8),父系統,ロイヤルチャージャー系,84,5,18,0.0595,0.2143,17.4,0.0,6.95,0.1863,0.028,1.15,B,中山芝長距離(2500以上)・稍・外枠(7-8)で父系統「ロイヤルチャージャー系」は基準比リフト1.15
中山,坂あり・パワー型,芝,短中距離(1400-1600),稍,中枠(3-6),父系統,ニアークティック系,126,7,30,0.0556,0.2381,41.3,0.0,7.79,0.2072,0.0309,1.149,B,中山芝短中距離(1400-1600)・稍・中枠(3-6)で父系統「ニアークティック系」は基準比リフト1.149
阪神,坂あり・パワー型,ダ,短中距離(1400-1600),不,中枠(3-6),父系統,ネイティヴダンサー系,121,12,31,0.0992,0.2562,108.0,0.0,7.64,0.2231,0.0331,1.148,B,阪神ダ短中距離(1400-1600)・不・中枠(3-6)で父系統「ネイティヴダンサー系」は基準比リフト1.148
福島,小回り・機動型,ダ,中距離(1700-2000),重不良,中枠(3-6),父系統,父系統不明,147,8,32,0.0544,0.2177,255.4,0.0,7.94,0.1898,0.0279,1.147,B,福島ダ中距離(1700-2000)・重不良・中枠(3-6)で父系統「父系統不明」は基準比リフト1.147
京都,平坦・スピード型,芝,長距離(2500以上),良,内枠(1-2),父系統,ロイヤルチャージャー系,99,13,28,0.1313,0.2828,284.3,0.0,7.1,0.2468,0.036,1.146,B,京都芝長距離(2500以上)・良・内枠(1-2)で父系統「ロイヤルチャージャー系」は基準比リフト1.146
東京,直線長め・持続型,ダ,短中距離(1400-1600),不,内枠(1-2),父系統,父系統不明,141,15,29,0.1064,0.2057,92.5,0.0,8.0,0.1796,0.0261,1.145,B,東京ダ短中距離(1400-1600)・不・内枠(1-2)で父系統「父系統不明」は基準比リフト1.145
中山,坂あり・パワー型,ダ,中距離(1700-2000),不,内枠(1-2),父系統,父系統不明,96,8,22,0.0833,0.2292,292.9,0.0,8.1,0.2004,0.0288,1.144,B,中山ダ中距離(1700-2000)・不・内枠(1-2)で父系統「父系統不明」は基準比リフト1.144
中京,直線長め・持続型,ダ,短中距離(1400-1600),重不良,内枠(1-2),父系統,ロイヤルチャージャー系,87,9,18,0.1034,0.2069,261.7,0.0,8.23,0.1811,0.0258,1.142,B,中京ダ短中距離(1400-1600)・重不良・内枠(1-2)で父系統「ロイヤルチャージャー系」は基準比リフト1.142
小倉,小回り・機動型,ダ,短距離(1000-1300),良,内枠(1-2),父系統,ニアークティック系,92,9,22,0.0978,0.2391,71.5,0.0,6.46,0.2096,0.0295,1.141,B,小倉ダ短距離(1000-1300)・良・内枠(1-2)で父系統「ニアークティック系」は基準比リフト1.141
阪神,坂あり・パワー型,ダ,中距離(1700-2000),不,外枠(7-8),父系統,父系統不明,139,11,33,0.0791,0.2374,31.0,0.0,6.94,0.2081,0.0293,1.141,B,阪神ダ中距離(1700-2000)・不・外枠(7-8)で父系統「父系統不明」は基準比リフト1.141
阪神,坂あり・パワー型,ダ,短距離(1000-1300),稍,外枠(7-8),父系統,ナスルーラ系,82,6,22,0.0732,0.2683,54.6,0.0,7.01,0.2356,0.0327,1.139,B,阪神ダ短距離(1000-1300)・稍・外枠(7-8)で父系統「ナスルーラ系」は基準比リフト1.139
札幌,小回り・持続型,ダ,中距離(1700-2000),稍,外枠(7-8),父系統,ロイヤルチャージャー系,139,11,36,0.0791,0.259,59.9,0.0,6.58,0.2274,0.0316,1.139,B,札幌ダ中距離(1700-2000)・稍・外枠(7-8)で父系統「ロイヤルチャージャー系」は基準比リフト1.139
福島,小回り・機動型,芝,長距離(2500以上),稍,中枠(3-6),父系統,ロイヤルチャージャー系,133,15,37,0.1128,0.2782,53.5,0.0,6.02,0.2445,0.0337,1.138,B,福島芝長距離(2500以上)・稍・中枠(3-6)で父系統「ロイヤルチャージャー系」は基準比リフト1.138
京都,平坦・スピード型,ダ,短中距離(1400-1600),稍,内枠(1-2),父系統,ネイティヴダンサー系,136,6,30,0.0441,0.2206,60.4,0.0,8.33,0.1939,0.0267,1.138,B,京都ダ短中距離(1400-1600)・稍・内枠(1-2)で父系統「ネイティヴダンサー系」は基準比リフト1.138
東京,直線長め・持続型,芝,中距離(1700-2000),稍,中枠(3-6),父系統,ネイティヴダンサー系,126,12,34,0.0952,0.2698,49.7,0.0,6.78,0.2372,0.0326,1.137,B,東京芝中距離(1700-2000)・稍・中枠(3-6)で父系統「ネイティヴダンサー系」は基準比リフト1.137
新潟,直線長め・平坦型,芝,長距離(2500以上),良,内枠(1-2),父系統,ネイティヴダンサー系,87,7,22,0.0805,0.2529,50.2,0.0,7.2,0.2225,0.0304,1.137,B,新潟芝長距離(2500以上)・良・内枠(1-2)で父系統「ネイティヴダンサー系」は基準比リフト1.137
福島,小回り・機動型,芝,長距離(2500以上),良,内枠(1-2),父系統,ネイティヴダンサー系,112,12,32,0.1071,0.2857,64.2,0.0,6.89,0.2516,0.0341,1.136,B,福島芝長距離(2500以上)・良・内枠(1-2)で父系統「ネイティヴダンサー系」は基準比リフト1.136
福島,小回り・機動型,ダ,中距離(1700-2000),稍,内枠(1-2),父系統,ネイティヴダンサー系,81,7,15,0.0864,0.1852,439.4,0.0,7.89,0.163,0.0222,1.136,B,福島ダ中距離(1700-2000)・稍・内枠(1-2)で父系統「ネイティヴダンサー系」は基準比リフト1.136
京都,平坦・スピード型,ダ,短距離(1000-1300),稍,中枠(3-6),父系統,ナスルーラ系,113,4,24,0.0354,0.2124,21.2,0.0,7.27,0.1872,0.0252,1.135,B,京都ダ短距離(1000-1300)・稍・中枠(3-6)で父系統「ナスルーラ系」は基準比リフト1.135
札幌,小回り・持続型,ダ,短距離(1000-1300),良,外枠(7-8),父系統,父系統不明,144,15,47,0.1042,0.3264,79.1,0.0,5.78,0.2879,0.0385,1.134,B,札幌ダ短距離(1000-1300)・良・外枠(7-8)で父系統「父系統不明」は基準比リフト1.134
新潟,直線長め・平坦型,ダ,中距離(1700-2000),不,中枠(3-6),父系統,父系統不明,110,13,29,0.1182,0.2636,58.1,0.0,6.71,0.2333,0.0303,1.13,B,新潟ダ中距離(1700-2000)・不・中枠(3-6)で父系統「父系統不明」は基準比リフト1.13
東京,直線長め・持続型,芝,短中距離(1400-1600),重不良,内枠(1-2),父系統,ロイヤルチャージャー系,99,9,24,0.0909,0.2424,52.6,0.0,7.41,0.2146,0.0278,1.13,B,東京芝短中距離(1400-1600)・重不良・内枠(1-2)で父系統「ロイヤルチャージャー系」は基準比リフト1.13
小倉,小回り・機動型,芝,短距離(1000-1300),重不良,内枠(1-2),父系統,ロイヤルチャージャー系,122,9,22,0.0738,0.1803,58.6,0.0,9.11,0.1595,0.0208,1.13,B,小倉芝短距離(1000-1300)・重不良・内枠(1-2)で父系統「ロイヤルチャージャー系」は基準比リフト1.13
京都,平坦・スピード型,芝,中長距離(2100-2400),稍,外枠(7-8),父系統,ロイヤルチャージャー系,90,12,29,0.1333,0.3222,111.2,0.0,6.06,0.2857,0.0365,1.128,B,京都芝中長距離(2100-2400)・稍・外枠(7-8)で父系統「ロイヤルチャージャー系」は基準比リフト1.128
新潟,直線長め・平坦型,ダ,中距離(1700-2000),重不良,内枠(1-2),父系統,ロイヤルチャージャー系,116,4,26,0.0345,0.2241,17.3,0.0,8.11,0.1987,0.0254,1.128,B,新潟ダ中距離(1700-2000)・重不良・内枠(1-2)で父系統「ロイヤルチャージャー系」は基準比リフト1.128
京都,平坦・スピード型,芝,短中距離(1400-1600),重不良,外枠(7-8),父系統,ロイヤルチャージャー系,148,13,36,0.0878,0.2432,65.9,0.0,7.51,0.2162,0.027,1.125,B,京都芝短中距離(1400-1600)・重不良・外枠(7-8)で父系統「ロイヤルチャージャー系」は基準比リフト1.125
京都,平坦・スピード型,ダ,短中距離(1400-1600),稍,外枠(7-8),父系統,父系統不明,105,12,22,0.1143,0.2095,93.0,0.0,7.18,0.1862,0.0233,1.125,B,京都ダ短中距離(1400-1600)・稍・外枠(7-8)で父系統「父系統不明」は基準比リフト1.125
中京,直線長め・持続型,芝,中長距離(2100-2400),良,中枠(3-6),父系統,ネイティヴダンサー系,143,12,37,0.0839,0.2587,92.0,0.0,7.83,0.2304,0.0283,1.123,B,中京芝中長距離(2100-2400)・良・中枠(3-6)で父系統「ネイティヴダンサー系」は基準比リフト1.123
東京,直線長め・持続型,ダ,短中距離(1400-1600),重不良,外枠(7-8),父系統,ナスルーラ系,114,11,29,0.0965,0.2544,120.2,0.0,7.77,0.2265,0.0279,1.123,B,東京ダ短中距離(1400-1600)・重不良・外枠(7-8)で父系統「ナスルーラ系」は基準比リフト1.123
中京,直線長め・持続型,芝,中距離(1700-2000),重不良,外枠(7-8),父系統,ロイヤルチャージャー系,80,4,19,0.05,0.2375,49.1,0.0,8.3,0.2116,0.0259,1.122,B,中京芝中距離(1700-2000)・重不良・外枠(7-8)で父系統「ロイヤルチャージャー系」は基準比リフト1.122
東京,直線長め・持続型,ダ,中長距離(2100-2400),稍,外枠(7-8),父系統,父系統不明,81,4,16,0.0494,0.1975,73.2,0.0,7.99,0.1761,0.0214,1.122,B,東京ダ中長距離(2100-2400)・稍・外枠(7-8)で父系統「父系統不明」は基準比リフト1.122
京都,平坦・スピード型,芝,中長距離(2100-2400),良,内枠(1-2),父系統,ネイティヴダンサー系,95,15,31,0.1579,0.3263,432.6,0.0,7.29,0.2911,0.0352,1.121,B,京都芝中長距離(2100-2400)・良・内枠(1-2)で父系統「ネイティヴダンサー系」は基準比リフト1.121
新潟,直線長め・平坦型,ダ,中距離(1700-2000),稍,内枠(1-2),父系統,ニアークティック系,92,6,20,0.0652,0.2174,46.5,0.0,7.89,0.1942,0.0232,1.119,B,新潟ダ中距離(1700-2000)・稍・内枠(1-2)で父系統「ニアークティック系」は基準比リフト1.119
東京,直線長め・持続型,ダ,短中距離(1400-1600),重不良,内枠(1-2),父系統,ナスルーラ系,102,5,19,0.049,0.1863,27.2,0.0,8.25,0.1665,0.0198,1.119,B,東京ダ短中距離(1400-1600)・重不良・内枠(1-2)で父系統「ナスルーラ系」は基準比リフト1.119
中京,直線長め・持続型,芝,短中距離(1400-1600),稍,外枠(7-8),父系統,父系統不明,93,7,22,0.0753,0.2366,34.4,0.0,7.55,0.2116,0.025,1.118,B,中京芝短中距離(1400-1600)・稍・外枠(7-8)で父系統「父系統不明」は基準比リフト1.118
新潟,直線長め・平坦型,芝,短中距離(1400-1600),重不良,中枠(3-6),父系統,ロイヤルチャージャー系,107,9,22,0.0841,0.2056,133.3,0.0,7.6,0.1841,0.0215,1.117,B,新潟芝短中距離(1400-1600)・重不良・中枠(3-6)で父系統「ロイヤルチャージャー系」は基準比リフト1.117
阪神,坂あり・パワー型,芝,中長距離(2100-2400),良,内枠(1-2),父系統,父系統不明,120,10,36,0.0833,0.3,122.7,0.0,6.42,0.2691,0.0309,1.115,B,阪神芝中長距離(2100-2400)・良・内枠(1-2)で父系統「父系統不明」は基準比リフト1.115
東京,直線長め・持続型,ダ,短中距離(1400-1600),良,中枠(3-6),父系統,その他のエクリプス系,144,10,32,0.0694,0.2222,67.7,0.0,7.81,0.1997,0.0225,1.113,B,東京ダ短中距離(1400-1600)・良・中枠(3-6)で父系統「その他のエクリプス系」は基準比リフト1.113
中山,坂あり・パワー型,芝,短中距離(1400-1600),稍,外枠(7-8),父系統,父系統不明,148,11,36,0.0743,0.2432,45.7,0.0,7.91,0.2188,0.0244,1.112,B,中山芝短中距離(1400-1600)・稍・外枠(7-8)で父系統「父系統不明」は基準比リフト1.112
中山,坂あり・パワー型,芝,中長距離(2100-2400),良,外枠(7-8),父系統,ニアークティック系,101,9,24,0.0891,0.2376,87.5,0.0,8.67,0.2138,0.0238,1.111,B,中山芝中長距離(2100-2400)・良・外枠(7-8)で父系統「ニアークティック系」は基準比リフト1.111
中山,坂あり・パワー型,芝,短距離(1000-1300),稍,中枠(3-6),父系統,父系統不明,125,8,29,0.064,0.232,53.9,0.0,7.24,0.2091,0.0229,1.11,B,中山芝短距離(1000-1300)・稍・中枠(3-6)で父系統「父系統不明」は基準比リフト1.11
東京,直線長め・持続型,ダ,中長距離(2100-2400),稍,外枠(7-8),父系統,ロイヤルチャージャー系,128,6,25,0.0469,0.1953,31.1,0.0,7.18,0.1761,0.0192,1.109,B,東京ダ中長距離(2100-2400)・稍・外枠(7-8)で父系統「ロイヤルチャージャー系」は基準比リフト1.109
京都,平坦・スピード型,ダ,中距離(1700-2000),重不良,外枠(7-8),父系統,父系統不明,96,8,25,0.0833,0.2604,122.1,0.0,6.72,0.2355,0.0249,1.106,B,京都ダ中距離(1700-2000)・重不良・外枠(7-8)で父系統「父系統不明」は基準比リフト1.106
京都,平坦・スピード型,芝,短中距離(1400-1600),重不良,内枠(1-2),父系統,ロイヤルチャージャー系,103,10,25,0.0971,0.2427,79.5,0.0,7.31,0.2195,0.0232,1.106,B,京都芝短中距離(1400-1600)・重不良・内枠(1-2)で父系統「ロイヤルチャージャー系」は基準比リフト1.106
中京,直線長め・持続型,ダ,短中距離(1400-1600),良,外枠(7-8),父系統,ナスルーラ系,126,9,27,0.0714,0.2143,45.9,0.0,7.96,0.1938,0.0205,1.106,B,中京ダ短中距離(1400-1600)・良・外枠(7-8)で父系統「ナスルーラ系」は基準比リフト1.106
札幌,小回り・持続型,芝,中距離(1700-2000),稍,外枠(7-8),父系統,父系統不明,86,8,25,0.093,0.2907,45.9,0.0,7.02,0.263,0.0277,1.105,B,札幌芝中距離(1700-2000)・稍・外枠(7-8)で父系統「父系統不明」は基準比リフト1.105
東京,直線長め・持続型,芝,短中距離(1400-1600),重不良,中枠(3-6),父系統,父系統不明,87,8,19,0.092,0.2184,37.4,0.0,7.86,0.1977,0.0207,1.105,B,東京芝短中距離(1400-1600)・重不良・中枠(3-6)で父系統「父系統不明」は基準比リフト1.105
札幌,小回り・持続型,芝,短中距離(1400-1600),稍,中枠(3-6),父系統,ロイヤルチャージャー系,95,8,25,0.0842,0.2632,111.4,0.0,6.48,0.2385,0.0247,1.104,B,札幌芝短中距離(1400-1600)・稍・中枠(3-6)で父系統「ロイヤルチャージャー系」は基準比リフト1.104
中山,坂あり・パワー型,ダ,中長距離(2100-2400),良,内枠(1-2),父系統,ロイヤルチャージャー系,98,7,19,0.0714,0.1939,73.3,0.0,7.27,0.1757,0.0182,1.104,B,中山ダ中長距離(2100-2400)・良・内枠(1-2)で父系統「ロイヤルチャージャー系」は基準比リフト1.104
京都,平坦・スピード型,芝,中長距離(2100-2400),良,外枠(7-8),父系統,父系統不明,129,13,32,0.1008,0.2481,106.5,0.0,6.94,0.225,0.0231,1.103,B,京都芝中長距離(2100-2400)・良・外枠(7-8)で父系統「父系統不明」は基準比リフト1.103
京都,平坦・スピード型,芝,中距離(1700-2000),不,中枠(3-6),父系統,ロイヤルチャージャー系,91,8,23,0.0879,0.2527,102.0,0.0,6.47,0.2293,0.0234,1.102,B,京都芝中距離(1700-2000)・不・中枠(3-6)で父系統「ロイヤルチャージャー系」は基準比リフト1.102
阪神,坂あり・パワー型,ダ,短中距離(1400-1600),不,内枠(1-2),父系統,ロイヤルチャージャー系,98,3,17,0.0306,0.1735,15.7,0.0,8.74,0.1574,0.0161,1.102,B,阪神ダ短中距離(1400-1600)・不・内枠(1-2)で父系統「ロイヤルチャージャー系」は基準比リフト1.102
函館,小回り・持続型,ダ,中距離(1700-2000),稍,外枠(7-8),父系統,ネイティヴダンサー系,96,9,29,0.0938,0.3021,85.1,0.0,6.84,0.2747,0.0274,1.1,B,函館ダ中距離(1700-2000)・稍・外枠(7-8)で父系統「ネイティヴダンサー系」は基準比リフト1.1
福島,小回り・機動型,芝,長距離(2500以上),良,内枠(1-2),父系統,父系統不明,123,16,34,0.1301,0.2764,302.8,0.0,7.05,0.2516,0.0248,1.099,B,福島芝長距離(2500以上)・良・内枠(1-2)で父系統「父系統不明」は基準比リフト1.099
小倉,小回り・機動型,芝,中距離(1700-2000),重不良,中枠(3-6),父系統,ロイヤルチャージャー系,283,20,65,0.0707,0.2297,70.5,0.0,7.29,0.209,0.0207,1.099,B,小倉芝中距離(1700-2000)・重不良・中枠(3-6)で父系統「ロイヤルチャージャー系」は基準比リフト1.099
阪神,坂あり・パワー型,ダ,短距離(1000-1300),稍,外枠(7-8),父系統,ネイティヴダンサー系,170,17,44,0.1,0.2588,139.8,0.0,8.13,0.2356,0.0232,1.098,B,阪神ダ短距離(1000-1300)・稍・外枠(7-8)で父系統「ネイティヴダンサー系」は基準比リフト1.098
東京,直線長め・持続型,芝,中長距離(2100-2400),良,中枠(3-6),父系統,ネイティヴダンサー系,266,22,66,0.0827,0.2481,41.4,0.0,7.51,0.226,0.0221,1.098,B,東京芝中長距離(2100-2400)・良・中枠(3-6)で父系統「ネイティヴダンサー系」は基準比リフト1.098
中京,直線長め・持続型,ダ,中距離(1700-2000),重不良,外枠(7-8),父系統,父系統不明,127,10,30,0.0787,0.2362,107.3,0.0,7.06,0.2151,0.0211,1.098,B,中京ダ中距離(1700-2000)・重不良・外枠(7-8)で父系統「父系統不明」は基準比リフト1.098
京都,平坦・スピード型,ダ,短距離(1000-1300),良,内枠(1-2),父系統,父系統不明,211,16,49,0.0758,0.2322,78.8,0.0,7.18,0.2115,0.0207,1.098,B,京都ダ短距離(1000-1300)・良・内枠(1-2)で父系統「父系統不明」は基準比リフト1.098
小倉,小回り・機動型,ダ,中距離(1700-2000),重不良,外枠(7-8),父系統,ネイティヴダンサー系,117,9,24,0.0769,0.2051,91.3,0.0,8.37,0.1868,0.0183,1.098,B,小倉ダ中距離(1700-2000)・重不良・外枠(7-8)で父系統「ネイティヴダンサー系」は基準比リフト1.098
阪神,坂あり・パワー型,芝,中距離(1700-2000),重不良,中枠(3-6),父系統,ロイヤルチャージャー系,185,21,51,0.1135,0.2757,394.9,0.0,7.15,0.2514,0.0243,1.097,B,阪神芝中距離(1700-2000)・重不良・中枠(3-6)で父系統「ロイヤルチャージャー系」は基準比リフト1.097
新潟,直線長め・平坦型,ダ,短距離(1000-1300),良,外枠(7-8),父系統,ニアークティック系,376,34,94,0.0904,0.25,158.0,0.0,7.51,0.2279,0.0221,1.097,B,新潟ダ短距離(1000-1300)・良・外枠(7-8)で父系統「ニアークティック系」は基準比リフト1.097
札幌,小回り・持続型,芝,長距離(2500以上),良,中枠(3-6),父系統,ネイティヴダンサー系,94,8,24,0.0851,0.2553,39.9,0.0,6.27,0.233,0.0223,1.096,B,札幌芝長距離(2500以上)・良・中枠(3-6)で父系統「ネイティヴダンサー系」は基準比リフト1.096
東京,直線長め・持続型,芝,中距離(1700-2000),重不良,外枠(7-8),父系統,ロイヤルチャージャー系,99,6,25,0.0606,0.2525,44.3,0.0,7.72,0.2304,0.0221,1.096,B,東京芝中距離(1700-2000)・重不良・外枠(7-8)で父系統「ロイヤルチャージャー系」は基準比リフト1.096
小倉,小回り・機動型,芝,中距離(1700-2000),良,中枠(3-6),父系統,ロイヤルチャージャー系,2886,209,702,0.0724,0.2432,65.6,0.0,7.43,0.2218,0.0214,1.096,B,小倉芝中距離(1700-2000)・良・中枠(3-6)で父系統「ロイヤルチャージャー系」は基準比リフト1.096
福島,小回り・機動型,芝,中距離(1700-2000),良,中枠(3-6),父系統,父系統不明,955,86,229,0.0901,0.2398,89.9,0.0,7.55,0.2188,0.021,1.096,B,福島芝中距離(1700-2000)・良・中枠(3-6)で父系統「父系統不明」は基準比リフト1.096
福島,小回り・機動型,ダ,短距離(1000-1300),良,外枠(7-8),父系統,父系統不明,256,22,59,0.0859,0.2305,76.2,0.0,6.79,0.2103,0.0202,1.096,B,福島ダ短距離(1000-1300)・良・外枠(7-8)で父系統「父系統不明」は基準比リフト1.096
中山,坂あり・パワー型,芝,中長距離(2100-2400),稍,中枠(3-6),父系統,ロイヤルチャージャー系,80,9,18,0.1125,0.225,75.0,0.0,7.19,0.2053,0.0197,1.096,B,中山芝中長距離(2100-2400)・稍・中枠(3-6)で父系統「ロイヤルチャージャー系」は基準比リフト1.096
小倉,小回り・機動型,ダ,中距離(1700-2000),良,中枠(3-6),父系統,父系統不明,717,51,153,0.0711,0.2134,50.3,0.0,7.53,0.1947,0.0187,1.096,B,小倉ダ中距離(1700-2000)・良・中枠(3-6)で父系統「父系統不明」は基準比リフト1.096
福島,小回り・機動型,ダ,中距離(1700-2000),重不良,内枠(1-2),父系統,ロイヤルチャージャー系,105,12,27,0.1143,0.2571,131.5,0.0,7.12,0.2348,0.0223,1.095,B,福島ダ中距離(1700-2000)・重不良・内枠(1-2)で父系統「ロイヤルチャージャー系」は基準比リフト1.095
中山,坂あり・パワー型,芝,中距離(1700-2000),稍,外枠(7-8),父系統,父系統不明,184,14,40,0.0761,0.2174,32.1,0.0,7.77,0.1986,0.0188,1.095,B,中山芝中距離(1700-2000)・稍・外枠(7-8)で父系統「父系統不明」は基準比リフト1.095
新潟,直線長め・平坦型,ダ,短距離(1000-1300),重不良,中枠(3-6),父系統,ネイティヴダンサー系,200,20,43,0.1,0.215,48.4,0.0,7.52,0.1964,0.0186,1.095,B,新潟ダ短距離(1000-1300)・重不良・中枠(3-6)で父系統「ネイティヴダンサー系」は基準比リフト1.095
函館,小回り・持続型,芝,短距離(1000-1300),稍,中枠(3-6),父系統,ロイヤルチャージャー系,294,31,78,0.1054,0.2653,95.4,0.0,7.52,0.2425,0.0228,1.094,B,函館芝短距離(1000-1300)・稍・中枠(3-6)で父系統「ロイヤルチャージャー系」は基準比リフト1.094
京都,平坦・スピード型,芝,中距離(1700-2000),良,内枠(1-2),父系統,ロイヤルチャージャー系,1239,113,324,0.0912,0.2615,68.9,0.0,6.88,0.239,0.0225,1.094,B,京都芝中距離(1700-2000)・良・内枠(1-2)で父系統「ロイヤルチャージャー系」は基準比リフト1.094
中山,坂あり・パワー型,ダ,中距離(1700-2000),良,外枠(7-8),父系統,ナスルーラ系,308,23,75,0.0747,0.2435,52.0,0.0,8.39,0.2226,0.0209,1.094,B,中山ダ中距離(1700-2000)・良・外枠(7-8)で父系統「ナスルーラ系」は基準比リフト1.094
阪神,坂あり・パワー型,ダ,中距離(1700-2000),良,内枠(1-2),父系統,父系統不明,759,55,171,0.0725,0.2253,60.2,0.0,7.12,0.206,0.0193,1.094,B,阪神ダ中距離(1700-2000)・良・内枠(1-2)で父系統「父系統不明」は基準比リフト1.094
中山,坂あり・パワー型,芝,短距離(1000-1300),良,中枠(3-6),父系統,ニアークティック系,418,40,92,0.0957,0.2201,77.2,0.0,7.77,0.2011,0.019,1.094,B,中山芝短距離(1000-1300)・良・中枠(3-6)で父系統「ニアークティック系」は基準比リフト1.094
新潟,直線長め・平坦型,ダ,短距離(1000-1300),稍,内枠(1-2),父系統,ニアークティック系,105,6,20,0.0571,0.1905,60.4,0.0,7.39,0.1741,0.0164,1.094,B,新潟ダ短距離(1000-1300)・稍・内枠(1-2)で父系統「ニアークティック系」は基準比リフト1.094
札幌,小回り・持続型,ダ,中距離(1700-2000),良,中枠(3-6),父系統,ネイティヴダンサー系,667,60,180,0.09,0.2699,79.8,0.0,6.98,0.2469,0.023,1.093,B,札幌ダ中距離(1700-2000)・良・中枠(3-6)で父系統「ネイティヴダンサー系」は基準比リフト1.093
札幌,小回り・持続型,芝,短距離(1000-1300),良,内枠(1-2),父系統,父系統不明,189,15,48,0.0794,0.254,73.9,0.0,6.82,0.2324,0.0216,1.093,B,札幌芝短距離(1000-1300)・良・内枠(1-2)で父系統「父系統不明」は基準比リフト1.093
福島,小回り・機動型,芝,中距離(1700-2000),良,内枠(1-2),父系統,ロイヤルチャージャー系,1036,82,234,0.0792,0.2259,67.9,0.0,7.54,0.2066,0.0193,1.093,B,福島芝中距離(1700-2000)・良・内枠(1-2)で父系統「ロイヤルチャージャー系」は基準比リフト1.093
札幌,小回り・持続型,ダ,中距離(1700-2000),重不良,中枠(3-6),父系統,ロイヤルチャージャー系,146,13,39,0.089,0.2671,89.2,0.0,6.77,0.2445,0.0226,1.092,B,札幌ダ中距離(1700-2000)・重不良・中枠(3-6)で父系統「ロイヤルチャージャー系」は基準比リフト1.092
小倉,小回り・機動型,ダ,短距離(1000-1300),重不良,外枠(7-8),父系統,父系統不明,83,7,19,0.0843,0.2289,60.5,0.0,7.16,0.2096,0.0193,1.092,B,小倉ダ短距離(1000-1300)・重不良・外枠(7-8)で父系統「父系統不明」は基準比リフト1.092
福島,小回り・機動型,芝,中距離(1700-2000),良,外枠(7-8),父系統,ロイヤルチャージャー系,1292,96,265,0.0743,0.2051,76.4,0.0,7.9,0.1878,0.0173,1.092,B,福島芝中距離(1700-2000)・良・外枠(7-8)で父系統「ロイヤルチャージャー系」は基準比リフト1.092
函館,小回り・持続型,芝,中距離(1700-2000),稍,中枠(3-6),父系統,父系統不明,130,14,38,0.1077,0.2923,126.4,0.0,6.84,0.2678,0.0245,1.091,B,函館芝中距離(1700-2000)・稍・中枠(3-6)で父系統「父系統不明」は基準比リフト1.091
阪神,坂あり・パワー型,芝,中長距離(2100-2400),良,中枠(3-6),父系統,父系統不明,260,24,74,0.0923,0.2846,43.0,0.0,6.44,0.2609,0.0237,1.091,B,阪神芝中長距離(2100-2400)・良・中枠(3-6)で父系統「父系統不明」は基準比リフト1.091
福島,小回り・機動型,ダ,中距離(1700-2000),稍,外枠(7-8),父系統,ロイヤルチャージャー系,231,23,63,0.0996,0.2727,90.6,0.0,7.56,0.25,0.0227,1.091,B,福島ダ中距離(1700-2000)・稍・外枠(7-8)で父系統「ロイヤルチャージャー系」は基準比リフト1.091
阪神,坂あり・パワー型,ダ,中距離(1700-2000),稍,外枠(7-8),父系統,父系統不明,321,29,85,0.0903,0.2648,62.2,0.0,6.51,0.2427,0.0221,1.091,B,阪神ダ中距離(1700-2000)・稍・外枠(7-8)で父系統「父系統不明」は基準比リフト1.091
新潟,直線長め・平坦型,ダ,短距離(1000-1300),不,外枠(7-8),父系統,ロイヤルチャージャー系,91,8,21,0.0879,0.2308,62.5,0.0,7.42,0.2115,0.0193,1.091,B,新潟ダ短距離(1000-1300)・不・外枠(7-8)で父系統「ロイヤルチャージャー系」は基準比リフト1.091
中山,坂あり・パワー型,ダ,短距離(1000-1300),重不良,中枠(3-6),父系統,ネイティヴダンサー系,397,29,83,0.073,0.2091,57.4,0.0,8.16,0.1917,0.0174,1.091,B,中山ダ短距離(1000-1300)・重不良・中枠(3-6)で父系統「ネイティヴダンサー系」は基準比リフト1.091
東京,直線長め・持続型,ダ,短中距離(1400-1600),稍,中枠(3-6),父系統,ネイティヴダンサー系,808,58,167,0.0718,0.2067,75.1,0.0,8.3,0.1894,0.0173,1.091,B,東京ダ短中距離(1400-1600)・稍・中枠(3-6)で父系統「ネイティヴダンサー系」は基準比リフト1.091
京都,平坦・スピード型,ダ,中距離(1700-2000),重不良,内枠(1-2),父系統,ネイティヴダンサー系,96,9,24,0.0938,0.25,90.3,0.0,7.02,0.2293,0.0207,1.09,B,京都ダ中距離(1700-2000)・重不良・内枠(1-2)で父系統「ネイティヴダンサー系」は基準比リフト1.09
京都,平坦・スピード型,芝,短距離(1000-1300),稍,中枠(3-6),父系統,ロイヤルチャージャー系,91,7,22,0.0769,0.2418,65.8,0.0,7.38,0.2218,0.02,1.09,B,京都芝短距離(1000-1300)・稍・中枠(3-6)で父系統「ロイヤルチャージャー系」は基準比リフト1.09
京都,平坦・スピード型,芝,短中距離(1400-1600),良,中枠(3-6),父系統,ロイヤルチャージャー系,3504,270,818,0.0771,0.2334,80.4,0.0,7.52,0.2142,0.0192,1.09,B,京都芝短中距離(1400-1600)・良・中枠(3-6)で父系統「ロイヤルチャージャー系」は基準比リフト1.09
中京,直線長め・持続型,芝,短距離(1000-1300),稍,外枠(7-8),父系統,ロイヤルチャージャー系,90,4,12,0.0444,0.1333,24.7,0.0,9.09,0.1223,0.011,1.09,B,中京芝短距離(1000-1300)・稍・外枠(7-8)で父系統「ロイヤルチャージャー系」は基準比リフト1.09
京都,平坦・スピード型,芝,中距離(1700-2000),稍,中枠(3-6),父系統,ニアークティック系,93,10,24,0.1075,0.2581,55.1,0.0,7.76,0.237,0.0211,1.089,B,京都芝中距離(1700-2000)・稍・中枠(3-6)で父系統「ニアークティック系」は基準比リフト1.089
東京,直線長め・持続型,ダ,短中距離(1400-1600),重不良,外枠(7-8),父系統,ネイティヴダンサー系,292,21,72,0.0719,0.2466,76.8,0.0,8.66,0.2265,0.0201,1.089,B,東京ダ短中距離(1400-1600)・重不良・外枠(7-8)で父系統「ネイティヴダンサー系」は基準比リフト1.089
阪神,坂あり・パワー型,芝,中距離(1700-2000),稍,外枠(7-8),父系統,父系統不明,141,14,33,0.0993,0.234,58.7,0.0,6.94,0.2149,0.0191,1.089,B,阪神芝中距離(1700-2000)・稍・外枠(7-8)で父系統「父系統不明」は基準比リフト1.089
新潟,直線長め・平坦型,ダ,短距離(1000-1300),良,中枠(3-6),父系統,父系統不明,937,64,207,0.0683,0.2209,60.0,0.0,7.65,0.2029,0.018,1.089,B,新潟ダ短距離(1000-1300)・良・中枠(3-6)で父系統「父系統不明」は基準比リフト1.089
小倉,小回り・機動型,芝,短距離(1000-1300),良,内枠(1-2),父系統,父系統不明,557,35,115,0.0628,0.2065,73.3,0.0,7.89,0.1897,0.0168,1.089,B,小倉芝短距離(1000-1300)・良・内枠(1-2)で父系統「父系統不明」は基準比リフト1.089
新潟,直線長め・平坦型,ダ,短距離(1000-1300),稍,中枠(3-6),父系統,ネイティヴダンサー系,429,36,93,0.0839,0.2168,60.6,0.0,7.51,0.1993,0.0175,1.088,B,新潟ダ短距離(1000-1300)・稍・中枠(3-6)で父系統「ネイティヴダンサー系」は基準比リフト1.088
函館,小回り・持続型,ダ,中距離(1700-2000),良,内枠(1-2),父系統,ニアークティック系,126,12,37,0.0952,0.2937,50.3,0.0,6.41,0.2701,0.0236,1.087,B,函館ダ中距離(1700-2000)・良・内枠(1-2)で父系統「ニアークティック系」は基準比リフト1.087
札幌,小回り・持続型,芝,短中距離(1400-1600),良,中枠(3-6),父系統,父系統不明,312,30,84,0.0962,0.2692,102.1,0.0,6.52,0.2476,0.0216,1.087,B,札幌芝短中距離(1400-1600)・良・中枠(3-6)で父系統「父系統不明」は基準比リフト1.087
中山,坂あり・パワー型,ダ,中距離(1700-2000),良,中枠(3-6),父系統,ネイティヴダンサー系,1618,98,350,0.0606,0.2163,57.5,0.0,7.92,0.199,0.0173,1.087,B,中山ダ中距離(1700-2000)・良・中枠(3-6)で父系統「ネイティヴダンサー系」は基準比リフト1.087
阪神,坂あり・パワー型,芝,中距離(1700-2000),稍,内枠(1-2),父系統,ロイヤルチャージャー系,226,23,63,0.1018,0.2788,95.6,0.0,6.68,0.2567,0.0221,1.086,B,阪神芝中距離(1700-2000)・稍・内枠(1-2)で父系統「ロイヤルチャージャー系」は基準比リフト1.086
京都,平坦・スピード型,ダ,中距離(1700-2000),良,中枠(3-6),父系統,ネイティヴダンサー系,1512,129,358,0.0853,0.2368,70.0,0.0,7.57,0.2181,0.0187,1.086,B,京都ダ中距離(1700-2000)・良・中枠(3-6)で父系統「ネイティヴダンサー系」は基準比リフト1.086
東京,直線長め・持続型,ダ,短中距離(1400-1600),良,外枠(7-8),父系統,父系統不明,1646,143,387,0.0869,0.2351,74.7,0.0,7.47,0.2165,0.0186,1.086,B,東京ダ短中距離(1400-1600)・良・外枠(7-8)で父系統「父系統不明」は基準比リフト1.086
京都,平坦・スピード型,芝,短距離(1000-1300),良,中枠(3-6),父系統,ネイティヴダンサー系,424,26,95,0.0613,0.2241,55.8,0.0,7.78,0.2064,0.0177,1.086,B,京都芝短距離(1000-1300)・良・中枠(3-6)で父系統「ネイティヴダンサー系」は基準比リフト1.086
新潟,直線長め・平坦型,ダ,短距離(1000-1300),稍,内枠(1-2),父系統,ネイティヴダンサー系,164,14,31,0.0854,0.189,117.1,0.0,7.84,0.1741,0.0149,1.086,B,新潟ダ短距離(1000-1300)・稍・内枠(1-2)で父系統「ネイティヴダンサー系」は基準比リフト1.086
東京,直線長め・持続型,ダ,中長距離(2100-2400),重不良,中枠(3-6),父系統,ロイヤルチャージャー系,158,14,40,0.0886,0.2532,62.7,0.0,7.58,0.2334,0.0198,1.085,B,東京ダ中長距離(2100-2400)・重不良・中枠(3-6)で父系統「ロイヤルチャージャー系」は基準比リフト1.085
京都,平坦・スピード型,芝,中距離(1700-2000),良,外枠(7-8),父系統,ロイヤルチャージャー系,1820,150,447,0.0824,0.2456,60.9,0.0,7.05,0.2263,0.0193,1.085,B,京都芝中距離(1700-2000)・良・外枠(7-8)で父系統「ロイヤルチャージャー系」は基準比リフト1.085
中京,直線長め・持続型,芝,短中距離(1400-1600),重不良,外枠(7-8),父系統,ロイヤルチャージャー系,106,8,26,0.0755,0.2453,109.2,0.0,7.75,0.2261,0.0192,1.085,B,中京芝短中距離(1400-1600)・重不良・外枠(7-8)で父系統「ロイヤルチャージャー系」は基準比リフト1.085
新潟,直線長め・平坦型,芝,短中距離(1400-1600),良,中枠(3-6),父系統,ロイヤルチャージャー系,2381,149,503,0.0626,0.2113,79.2,0.0,8.39,0.1947,0.0166,1.085,B,新潟芝短中距離(1400-1600)・良・中枠(3-6)で父系統「ロイヤルチャージャー系」は基準比リフト1.085
新潟,直線長め・平坦型,ダ,中距離(1700-2000),不,外枠(7-8),父系統,ロイヤルチャージャー系,137,9,31,0.0657,0.2263,30.3,0.0,6.99,0.2088,0.0175,1.084,B,新潟ダ中距離(1700-2000)・不・外枠(7-8)で父系統「ロイヤルチャージャー系」は基準比リフト1.084
東京,直線長め・持続型,芝,短中距離(1400-1600),稍,外枠(7-8),父系統,ロイヤルチャージャー系,471,31,106,0.0658,0.2251,70.0,0.0,8.14,0.2077,0.0174,1.084,B,東京芝短中距離(1400-1600)・稍・外枠(7-8)で父系統「ロイヤルチャージャー系」は基準比リフト1.084
中山,坂あり・パワー型,芝,中距離(1700-2000),良,外枠(7-8),父系統,ロイヤルチャージャー系,1890,144,425,0.0762,0.2249,78.9,0.0,7.63,0.2074,0.0175,1.084,B,中山芝中距離(1700-2000)・良・外枠(7-8)で父系統「ロイヤルチャージャー系」は基準比リフト1.084
京都,平坦・スピード型,ダ,短中距離(1400-1600),不,中枠(3-6),父系統,ロイヤルチャージャー系,172,13,37,0.0756,0.2151,52.8,0.0,7.57,0.1985,0.0166,1.084,B,京都ダ短中距離(1400-1600)・不・中枠(3-6)で父系統「ロイヤルチャージャー系」は基準比リフト1.084
京都,平坦・スピード型,ダ,短距離(1000-1300),稍,内枠(1-2),父系統,ニアークティック系,87,8,18,0.092,0.2069,313.2,0.0,8.07,0.1908,0.0161,1.084,B,京都ダ短距離(1000-1300)・稍・内枠(1-2)で父系統「ニアークティック系」は基準比リフト1.084
札幌,小回り・持続型,ダ,中距離(1700-2000),稍,中枠(3-6),父系統,ロイヤルチャージャー系,231,18,57,0.0779,0.2468,156.3,0.0,7.29,0.2278,0.019,1.083,B,札幌ダ中距離(1700-2000)・稍・中枠(3-6)で父系統「ロイヤルチャージャー系」は基準比リフト1.083
中山,坂あり・パワー型,芝,短中距離(1400-1600),稍,中枠(3-6),父系統,ネイティヴダンサー系,107,7,24,0.0654,0.2243,43.7,0.0,7.65,0.2072,0.0171,1.083,B,中山芝短中距離(1400-1600)・稍・中枠(3-6)で父系統「ネイティヴダンサー系」は基準比リフト1.083
中京,直線長め・持続型,ダ,短距離(1000-1300),稍,中枠(3-6),父系統,ネイティヴダンサー系,134,12,30,0.0896,0.2239,144.0,0.0,8.16,0.2068,0.0171,1.083,B,中京ダ短距離(1000-1300)・稍・中枠(3-6)で父系統「ネイティヴダンサー系」は基準比リフト1.083
中山,坂あり・パワー型,芝,短距離(1000-1300),良,外枠(7-8),父系統,ネイティヴダンサー系,311,24,65,0.0772,0.209,58.8,0.0,8.03,0.1929,0.0161,1.083,B,中山芝短距離(1000-1300)・良・外枠(7-8)で父系統「ネイティヴダンサー系」は基準比リフト1.083
中山,坂あり・パワー型,ダ,中距離(1700-2000),稍,内枠(1-2),父系統,ニアークティック系,166,6,33,0.0361,0.1988,25.4,0.0,8.22,0.1835,0.0153,1.083,B,中山ダ中距離(1700-2000)・稍・内枠(1-2)で父系統「ニアークティック系」は基準比リフト1.083
函館,小回り・持続型,ダ,短距離(1000-1300),良,外枠(7-8),父系統,ネイティヴダンサー系,223,13,63,0.0583,0.2825,38.3,0.0,6.09,0.261,0.0215,1.082,B,函館ダ短距離(1000-1300)・良・外枠(7-8)で父系統「ネイティヴダンサー系」は基準比リフト1.082
京都,平坦・スピード型,芝,中距離(1700-2000),良,中枠(3-6),父系統,父系統不明,742,73,197,0.0984,0.2655,85.4,0.0,6.79,0.2454,0.0201,1.082,B,京都芝中距離(1700-2000)・良・中枠(3-6)で父系統「父系統不明」は基準比リフト1.082
函館,小回り・持続型,芝,短距離(1000-1300),稍,中枠(3-6),父系統,父系統不明,202,17,53,0.0842,0.2624,105.2,0.0,6.51,0.2425,0.0199,1.082,B,函館芝短距離(1000-1300)・稍・中枠(3-6)で父系統「父系統不明」は基準比リフト1.082
中山,坂あり・パワー型,ダ,長距離(2500以上),良,中枠(3-6),父系統,ニアークティック系,194,17,48,0.0876,0.2474,34.3,0.0,7.34,0.2287,0.0187,1.082,B,中山ダ長距離(2500以上)・良・中枠(3-6)で父系統「ニアークティック系」は基準比リフト1.082
函館,小回り・持続型,芝,中距離(1700-2000),重不良,中枠(3-6),父系統,ロイヤルチャージャー系,91,5,22,0.0549,0.2418,62.1,0.0,7.43,0.2235,0.0183,1.082,B,函館芝中距離(1700-2000)・重不良・中枠(3-6)で父系統「ロイヤルチャージャー系」は基準比リフト1.082
京都,平坦・スピード型,芝,短中距離(1400-1600),良,内枠(1-2),父系統,ロイヤルチャージャー系,1455,110,344,0.0756,0.2364,90.3,0.0,7.61,0.2185,0.0179,1.082,B,京都芝短中距離(1400-1600)・良・内枠(1-2)で父系統「ロイヤルチャージャー系」は基準比リフト1.082
阪神,坂あり・パワー型,ダ,短距離(1000-1300),重不良,外枠(7-8),父系統,父系統不明,83,7,19,0.0843,0.2289,61.3,0.0,7.39,0.2115,0.0174,1.082,B,阪神ダ短距離(1000-1300)・重不良・外枠(7-8)で父系統「父系統不明」は基準比リフト1.082
阪神,坂あり・パワー型,芝,中距離(1700-2000),重不良,外枠(7-8),父系統,ロイヤルチャージャー系,115,8,25,0.0696,0.2174,167.1,0.0,7.15,0.2009,0.0165,1.082,B,阪神芝中距離(1700-2000)・重不良・外枠(7-8)で父系統「ロイヤルチャージャー系」は基準比リフト1.082
小倉,小回り・機動型,芝,中距離(1700-2000),稍,中枠(3-6),父系統,ロイヤルチャージャー系,504,31,109,0.0615,0.2163,57.0,0.0,7.47,0.2,0.0163,1.082,B,小倉芝中距離(1700-2000)・稍・中枠(3-6)で父系統「ロイヤルチャージャー系」は基準比リフト1.082
阪神,坂あり・パワー型,ダ,長距離(2500以上),良,外枠(7-8),父系統,ロイヤルチャージャー系,277,25,79,0.0903,0.2852,45.7,0.0,6.37,0.2639,0.0213,1.081,B,阪神ダ長距離(2500以上)・良・外枠(7-8)で父系統「ロイヤルチャージャー系」は基準比リフト1.081
中京,直線長め・持続型,ダ,中距離(1700-2000),不,外枠(7-8),父系統,ロイヤルチャージャー系,116,6,24,0.0517,0.2069,69.9,0.0,7.75,0.1914,0.0155,1.081,B,中京ダ中距離(1700-2000)・不・外枠(7-8)で父系統「ロイヤルチャージャー系」は基準比リフト1.081
中山,坂あり・パワー型,ダ,長距離(2500以上),良,内枠(1-2),父系統,ロイヤルチャージャー系,133,14,40,0.1053,0.3008,55.0,0.0,6.41,0.2785,0.0223,1.08,B,中山ダ長距離(2500以上)・良・内枠(1-2)で父系統「ロイヤルチャージャー系」は基準比リフト1.08
東京,直線長め・持続型,芝,中長距離(2100-2400),稍,中枠(3-6),父系統,ロイヤルチャージャー系,159,18,41,0.1132,0.2579,99.6,0.0,7.34,0.2389,0.019,1.08,B,東京芝中長距離(2100-2400)・稍・中枠(3-6)で父系統「ロイヤルチャージャー系」は基準比リフト1.08
東京,直線長め・持続型,芝,中距離(1700-2000),稍,中枠(3-6),父系統,ロイヤルチャージャー系,531,48,136,0.0904,0.2561,68.2,0.0,7.43,0.2372,0.0189,1.08,B,東京芝中距離(1700-2000)・稍・中枠(3-6)で父系統「ロイヤルチャージャー系」は基準比リフト1.08
中山,坂あり・パワー型,ダ,長距離(2500以上),良,外枠(7-8),父系統,ロイヤルチャージャー系,274,19,66,0.0693,0.2409,95.2,0.0,6.69,0.223,0.0179,1.08,B,中山ダ長距離(2500以上)・良・外枠(7-8)で父系統「ロイヤルチャージャー系」は基準比リフト1.08
中山,坂あり・パワー型,芝,短距離(1000-1300),良,内枠(1-2),父系統,ニアークティック系,195,13,45,0.0667,0.2308,43.5,0.0,7.79,0.2138,0.017,1.08,B,中山芝短距離(1000-1300)・良・内枠(1-2)で父系統「ニアークティック系」は基準比リフト1.08
東京,直線長め・持続型,ダ,短中距離(1400-1600),良,内枠(1-2),父系統,父系統不明,1447,92,262,0.0636,0.1811,89.1,0.0,8.1,0.1677,0.0134,1.08,B,東京ダ短中距離(1400-1600)・良・内枠(1-2)で父系統「父系統不明」は基準比リフト1.08
札幌,小回り・持続型,ダ,中距離(1700-2000),良,外枠(7-8),父系統,ロイヤルチャージャー系,753,66,185,0.0876,0.2457,96.7,0.0,6.66,0.2278,0.0179,1.079,B,札幌ダ中距離(1700-2000)・良・外枠(7-8)で父系統「ロイヤルチャージャー系」は基準比リフト1.079
京都,平坦・スピード型,ダ,中距離(1700-2000),稍,外枠(7-8),父系統,ロイヤルチャージャー系,497,33,121,0.0664,0.2435,42.3,0.0,7.14,0.2257,0.0178,1.079,B,京都ダ中距離(1700-2000)・稍・外枠(7-8)で父系統「ロイヤルチャージャー系」は基準比リフト1.079
札幌,小回り・持続型,ダ,短距離(1000-1300),良,中枠(3-6),父系統,父系統不明,214,17,59,0.0794,0.2757,49.6,0.0,6.06,0.2558,0.0199,1.078,B,札幌ダ短距離(1000-1300)・良・中枠(3-6)で父系統「父系統不明」は基準比リフト1.078
京都,平坦・スピード型,芝,短中距離(1400-1600),良,内枠(1-2),父系統,ネイティヴダンサー系,433,30,102,0.0693,0.2356,63.6,0.0,8.03,0.2185,0.0171,1.078,B,京都芝短中距離(1400-1600)・良・内枠(1-2)で父系統「ネイティヴダンサー系」は基準比リフト1.078
小倉,小回り・機動型,芝,中距離(1700-2000),良,中枠(3-6),父系統,父系統不明,1126,105,269,0.0933,0.2389,93.8,0.0,7.24,0.2218,0.0171,1.077,B,小倉芝中距離(1700-2000)・良・中枠(3-6)で父系統「父系統不明」は基準比リフト1.077
中山,坂あり・パワー型,ダ,中距離(1700-2000),稍,外枠(7-8),父系統,ニアークティック系,192,11,44,0.0573,0.2292,43.5,0.0,8.27,0.2128,0.0164,1.077,B,中山ダ中距離(1700-2000)・稍・外枠(7-8)で父系統「ニアークティック系」は基準比リフト1.077
小倉,小回り・機動型,ダ,中距離(1700-2000),良,内枠(1-2),父系統,ネイティヴダンサー系,377,24,86,0.0637,0.2281,53.4,0.0,7.97,0.2118,0.0163,1.077,B,小倉ダ中距離(1700-2000)・良・内枠(1-2)で父系統「ネイティヴダンサー系」は基準比リフト1.077
阪神,坂あり・パワー型,ダ,中距離(1700-2000),重不良,外枠(7-8),父系統,ネイティヴダンサー系,190,13,43,0.0684,0.2263,35.1,0.0,7.67,0.2101,0.0162,1.077,B,阪神ダ中距離(1700-2000)・重不良・外枠(7-8)で父系統「ネイティヴダンサー系」は基準比リフト1.077
東京,直線長め・持続型,芝,長距離(2500以上),良,中枠(3-6),父系統,ネイティヴダンサー系,85,9,18,0.1059,0.2118,430.8,0.0,8.65,0.1966,0.0152,1.077,B,東京芝長距離(2500以上)・良・中枠(3-6)で父系統「ネイティヴダンサー系」は基準比リフト1.077
阪神,坂あり・パワー型,ダ,短中距離(1400-1600),重不良,中枠(3-6),父系統,ニアークティック系,157,11,30,0.0701,0.1911,98.5,0.0,8.87,0.1774,0.0137,1.077,B,阪神ダ短中距離(1400-1600)・重不良・中枠(3-6)で父系統「ニアークティック系」は基準比リフト1.077
阪神,坂あり・パワー型,ダ,短距離(1000-1300),不,中枠(3-6),父系統,ネイティヴダンサー系,101,9,23,0.0891,0.2277,90.0,0.0,7.65,0.2117,0.016,1.076,B,阪神ダ短距離(1000-1300)・不・中枠(3-6)で父系統「ネイティヴダンサー系」は基準比リフト1.076
中山,坂あり・パワー型,芝,短距離(1000-1300),稍,中枠(3-6),父系統,ロイヤルチャージャー系,209,18,47,0.0861,0.2249,68.9,0.0,7.8,0.2091,0.0158,1.076,B,中山芝短距離(1000-1300)・稍・中枠(3-6)で父系統「ロイヤルチャージャー系」は基準比リフト1.076
東京,直線長め・持続型,芝,長距離(2500以上),良,中枠(3-6),父系統,ロイヤルチャージャー系,293,13,62,0.0444,0.2116,38.7,0.0,8.2,0.1966,0.015,1.076,B,東京芝長距離(2500以上)・良・中枠(3-6)で父系統「ロイヤルチャージャー系」は基準比リフト1.076
福島,小回り・機動型,芝,短距離(1000-1300),良,中枠(3-6),父系統,ニアークティック系,714,43,145,0.0602,0.2031,74.7,0.0,8.43,0.1887,0.0144,1.076,B,福島芝短距離(1000-1300)・良・中枠(3-6)で父系統「ニアークティック系」は基準比リフト1.076
新潟,直線長め・平坦型,芝,中距離(1700-2000),良,内枠(1-2),父系統,ロイヤルチャージャー系,1061,71,214,0.0669,0.2017,72.0,0.0,8.11,0.1874,0.0143,1.076,B,新潟芝中距離(1700-2000)・良・内枠(1-2)で父系統「ロイヤルチャージャー系」は基準比リフト1.076
小倉,小回り・機動型,芝,短距離(1000-1300),重不良,外枠(7-8),父系統,ロイヤルチャージャー系,186,14,37,0.0753,0.1989,94.4,0.0,8.85,0.1848,0.0141,1.076,B,小倉芝短距離(1000-1300)・重不良・外枠(7-8)で父系統「ロイヤルチャージャー系」は基準比リフト1.076
函館,小回り・持続型,ダ,短距離(1000-1300),良,内枠(1-2),父系統,ネイティヴダンサー系,112,18,34,0.1607,0.3036,191.7,0.0,5.77,0.2824,0.0212,1.075,B,函館ダ短距離(1000-1300)・良・内枠(1-2)で父系統「ネイティヴダンサー系」は基準比リフト1.075
中京,直線長め・持続型,芝,長距離(2500以上),良,外枠(7-8),父系統,ロイヤルチャージャー系,288,23,74,0.0799,0.2569,85.1,0.0,6.96,0.2389,0.018,1.075,B,中京芝長距離(2500以上)・良・外枠(7-8)で父系統「ロイヤルチャージャー系」は基準比リフト1.075
中山,坂あり・パワー型,芝,中距離(1700-2000),良,外枠(7-8),父系統,ネイティヴダンサー系,435,29,97,0.0667,0.223,106.2,0.0,8.08,0.2074,0.0156,1.075,B,中山芝中距離(1700-2000)・良・外枠(7-8)で父系統「ネイティヴダンサー系」は基準比リフト1.075
新潟,直線長め・平坦型,ダ,短距離(1000-1300),稍,中枠(3-6),父系統,ナスルーラ系,140,9,30,0.0643,0.2143,80.1,0.0,7.91,0.1993,0.015,1.075,B,新潟ダ短距離(1000-1300)・稍・中枠(3-6)で父系統「ナスルーラ系」は基準比リフト1.075
京都,平坦・スピード型,芝,短中距離(1400-1600),良,外枠(7-8),父系統,ロイヤルチャージャー系,2130,139,443,0.0653,0.208,72.9,0.0,7.98,0.1935,0.0145,1.075,B,京都芝短中距離(1400-1600)・良・外枠(7-8)で父系統「ロイヤルチャージャー系」は基準比リフト1.075
福島,小回り・機動型,ダ,短距離(1000-1300),稍,外枠(7-8),父系統,父系統不明,81,5,15,0.0617,0.1852,33.1,0.0,7.73,0.1723,0.0129,1.075,B,福島ダ短距離(1000-1300)・稍・外枠(7-8)で父系統「父系統不明」は基準比リフト1.075
阪神,坂あり・パワー型,芝,短中距離(1400-1600),良,中枠(3-6),父系統,ロイヤルチャージャー系,3480,265,811,0.0761,0.233,69.8,0.0,7.56,0.2169,0.0161,1.074,B,阪神芝短中距離(1400-1600)・良・中枠(3-6)で父系統「ロイヤルチャージャー系」は基準比リフト1.074
福島,小回り・機動型,芝,短距離(1000-1300),稍,外枠(7-8),父系統,ロイヤルチャージャー系,128,8,29,0.0625,0.2266,174.8,0.0,8.19,0.2109,0.0157,1.074,B,福島芝短距離(1000-1300)・稍・外枠(7-8)で父系統「ロイヤルチャージャー系」は基準比リフト1.074
京都,平坦・スピード型,ダ,短距離(1000-1300),良,中枠(3-6),父系統,父系統不明,530,41,111,0.0774,0.2094,64.3,0.0,7.7,0.1949,0.0145,1.074,B,京都ダ短距離(1000-1300)・良・中枠(3-6)で父系統「父系統不明」は基準比リフト1.074
中山,坂あり・パワー型,ダ,中距離(1700-2000),良,内枠(1-2),父系統,父系統不明,821,61,163,0.0743,0.1985,130.4,0.0,8.09,0.1848,0.0137,1.074,B,中山ダ中距離(1700-2000)・良・内枠(1-2)で父系統「父系統不明」は基準比リフト1.074
中山,坂あり・パワー型,芝,短中距離(1400-1600),良,内枠(1-2),父系統,ニアークティック系,319,22,82,0.069,0.2571,80.9,0.0,7.61,0.2397,0.0174,1.073,B,中山芝短中距離(1400-1600)・良・内枠(1-2)で父系統「ニアークティック系」は基準比リフト1.073
札幌,小回り・持続型,芝,長距離(2500以上),良,中枠(3-6),父系統,ロイヤルチャージャー系,304,28,76,0.0921,0.25,55.4,0.0,6.77,0.233,0.017,1.073,B,札幌芝長距離(2500以上)・良・中枠(3-6)で父系統「ロイヤルチャージャー系」は基準比リフト1.073
阪神,坂あり・パワー型,芝,短距離(1000-1300),良,中枠(3-6),父系統,ナスルーラ系,196,15,47,0.0765,0.2398,54.7,0.0,7.79,0.2234,0.0164,1.073,B,阪神芝短距離(1000-1300)・良・中枠(3-6)で父系統「ナスルーラ系」は基準比リフト1.073
阪神,坂あり・パワー型,芝,短距離(1000-1300),良,中枠(3-6),父系統,父系統不明,388,26,93,0.067,0.2397,80.3,0.0,7.28,0.2234,0.0163,1.073,B,阪神芝短距離(1000-1300)・良・中枠(3-6)で父系統「父系統不明」は基準比リフト1.073
中山,坂あり・パワー型,ダ,短距離(1000-1300),不,中枠(3-6),父系統,ネイティヴダンサー系,251,17,58,0.0677,0.2311,47.9,0.0,8.02,0.2154,0.0157,1.073,B,中山ダ短距離(1000-1300)・不・中枠(3-6)で父系統「ネイティヴダンサー系」は基準比リフト1.073
中山,坂あり・パワー型,芝,短中距離(1400-1600),重不良,中枠(3-6),父系統,ロイヤルチャージャー系,135,12,31,0.0889,0.2296,56.0,0.0,7.53,0.214,0.0156,1.073,B,中山芝短中距離(1400-1600)・重不良・中枠(3-6)で父系統「ロイヤルチャージャー系」は基準比リフト1.073
福島,小回り・機動型,ダ,短距離(1000-1300),良,内枠(1-2),父系統,父系統不明,228,19,47,0.0833,0.2061,238.4,0.0,8.04,0.1921,0.014,1.073,B,福島ダ短距離(1000-1300)・良・内枠(1-2)で父系統「父系統不明」は基準比リフト1.073
新潟,直線長め・平坦型,芝,短距離(1000-1300),良,中枠(3-6),父系統,ニアークティック系,566,38,104,0.0671,0.1837,80.0,0.0,9.04,0.1712,0.0125,1.073,B,新潟芝短距離(1000-1300)・良・中枠(3-6)で父系統「ニアークティック系」は基準比リフト1.073
小倉,小回り・機動型,芝,長距離(2500以上),良,中枠(3-6),父系統,父系統不明,270,23,74,0.0852,0.2741,53.3,0.0,6.6,0.2556,0.0185,1.072,B,小倉芝長距離(2500以上)・良・中枠(3-6)で父系統「父系統不明」は基準比リフト1.072
新潟,直線長め・平坦型,ダ,中距離(1700-2000),良,中枠(3-6),父系統,ロイヤルチャージャー系,1932,141,444,0.073,0.2298,102.3,0.0,7.46,0.2144,0.0154,1.072,B,新潟ダ中距離(1700-2000)・良・中枠(3-6)で父系統「ロイヤルチャージャー系」は基準比リフト1.072
中京,直線長め・持続型,ダ,短中距離(1400-1600),重不良,中枠(3-6),父系統,ネイティヴダンサー系,82,6,18,0.0732,0.2195,95.2,0.0,8.55,0.2048,0.0147,1.072,B,中京ダ短中距離(1400-1600)・重不良・中枠(3-6)で父系統「ネイティヴダンサー系」は基準比リフト1.072
中山,坂あり・パワー型,ダ,中距離(1700-2000),重不良,中枠(3-6),父系統,父系統不明,280,21,61,0.075,0.2179,50.5,0.0,7.26,0.2032,0.0147,1.072,B,中山ダ中距離(1700-2000)・重不良・中枠(3-6)で父系統「父系統不明」は基準比リフト1.072
京都,平坦・スピード型,ダ,短距離(1000-1300),稍,内枠(1-2),父系統,ネイティヴダンサー系,132,7,27,0.053,0.2045,111.7,0.0,8.39,0.1908,0.0137,1.072,B,京都ダ短距離(1000-1300)・稍・内枠(1-2)で父系統「ネイティヴダンサー系」は基準比リフト1.072
小倉,小回り・機動型,ダ,短距離(1000-1300),稍,外枠(7-8),父系統,ネイティヴダンサー系,102,11,25,0.1078,0.2451,53.6,0.0,7.01,0.2289,0.0162,1.071,B,小倉ダ短距離(1000-1300)・稍・外枠(7-8)で父系統「ネイティヴダンサー系」は基準比リフト1.071
東京,直線長め・持続型,ダ,短中距離(1400-1600),不,中枠(3-6),父系統,父系統不明,290,21,66,0.0724,0.2276,48.5,0.0,7.97,0.2126,0.015,1.071,B,東京ダ短中距離(1400-1600)・不・中枠(3-6)で父系統「父系統不明」は基準比リフト1.071
中京,直線長め・持続型,芝,中距離(1700-2000),良,外枠(7-8),父系統,ロイヤルチャージャー系,989,80,208,0.0809,0.2103,77.9,0.0,8.19,0.1964,0.0139,1.071,B,中京芝中距離(1700-2000)・良・外枠(7-8)で父系統「ロイヤルチャージャー系」は基準比リフト1.071
新潟,直線長め・平坦型,芝,中長距離(2100-2400),良,外枠(7-8),父系統,ロイヤルチャージャー系,461,23,94,0.0499,0.2039,37.5,0.0,7.68,0.1903,0.0136,1.071,B,新潟芝中長距離(2100-2400)・良・外枠(7-8)で父系統「ロイヤルチャージャー系」は基準比リフト1.071
中山,坂あり・パワー型,ダ,短距離(1000-1300),稍,中枠(3-6),父系統,ネイティヴダンサー系,710,50,135,0.0704,0.1901,128.4,0.0,8.47,0.1775,0.0126,1.071,B,中山ダ短距離(1000-1300)・稍・中枠(3-6)で父系統「ネイティヴダンサー系」は基準比リフト1.071
東京,直線長め・持続型,芝,短中距離(1400-1600),良,中枠(3-6),父系統,ロイヤルチャージャー系,4842,347,1050,0.0717,0.2169,84.5,0.0,7.88,0.2028,0.0141,1.07,B,東京芝短中距離(1400-1600)・良・中枠(3-6)で父系統「ロイヤルチャージャー系」は基準比リフト1.07
中京,直線長め・持続型,ダ,短中距離(1400-1600),良,内枠(1-2),父系統,ロイヤルチャージャー系,460,32,97,0.0696,0.2109,101.8,0.0,8.45,0.1971,0.0138,1.07,B,中京ダ短中距離(1400-1600)・良・内枠(1-2)で父系統「ロイヤルチャージャー系」は基準比リフト1.07
東京,直線長め・持続型,芝,短中距離(1400-1600),重不良,外枠(7-8),父系統,ロイヤルチャージャー系,138,8,28,0.058,0.2029,41.2,0.0,8.61,0.1897,0.0132,1.07,B,東京芝短中距離(1400-1600)・重不良・外枠(7-8)で父系統「ロイヤルチャージャー系」は基準比リフト1.07
札幌,小回り・持続型,ダ,中距離(1700-2000),良,中枠(3-6),父系統,ロイヤルチャージャー系,1371,120,362,0.0875,0.264,79.3,0.0,6.73,0.2469,0.0171,1.069,B,札幌ダ中距離(1700-2000)・良・中枠(3-6)で父系統「ロイヤルチャージャー系」は基準比リフト1.069
東京,直線長め・持続型,芝,中距離(1700-2000),良,外枠(7-8),父系統,ロイヤルチャージャー系,2372,164,546,0.0691,0.2302,63.0,0.0,7.12,0.2154,0.0148,1.069,B,東京芝中距離(1700-2000)・良・外枠(7-8)で父系統「ロイヤルチャージャー系」は基準比リフト1.069
中山,坂あり・パワー型,ダ,中距離(1700-2000),稍,中枠(3-6),父系統,ネイティヴダンサー系,553,44,123,0.0796,0.2224,83.9,0.0,7.84,0.2081,0.0143,1.069,B,中山ダ中距離(1700-2000)・稍・中枠(3-6)で父系統「ネイティヴダンサー系」は基準比リフト1.069
東京,直線長め・持続型,芝,短中距離(1400-1600),良,内枠(1-2),父系統,ニアークティック系,640,44,140,0.0688,0.2188,64.0,0.0,8.95,0.2047,0.0141,1.069,B,東京芝短中距離(1400-1600)・良・内枠(1-2)で父系統「ニアークティック系」は基準比リフト1.069
阪神,坂あり・パワー型,ダ,長距離(2500以上),良,外枠(7-8),父系統,ニアークティック系,110,11,31,0.1,0.2818,92.3,0.0,6.7,0.2639,0.0179,1.068,B,阪神ダ長距離(2500以上)・良・外枠(7-8)で父系統「ニアークティック系」は基準比リフト1.068
中京,直線長め・持続型,ダ,短距離(1000-1300),稍,中枠(3-6),父系統,父系統不明,172,13,38,0.0756,0.2209,44.0,0.0,7.4,0.2068,0.0141,1.068,B,中京ダ短距離(1000-1300)・稍・中枠(3-6)で父系統「父系統不明」は基準比リフト1.068
中京,直線長め・持続型,ダ,短中距離(1400-1600),良,中枠(3-6),父系統,ナスルーラ系,242,21,51,0.0868,0.2107,54.0,0.0,7.85,0.1973,0.0134,1.068,B,中京ダ短中距離(1400-1600)・良・中枠(3-6)で父系統「ナスルーラ系」は基準比リフト1.068
阪神,坂あり・パワー型,ダ,短中距離(1400-1600),稍,中枠(3-6),父系統,ロイヤルチャージャー系,733,51,154,0.0696,0.2101,60.5,0.0,8.4,0.1968,0.0133,1.068,B,阪神ダ短中距離(1400-1600)・稍・中枠(3-6)で父系統「ロイヤルチャージャー系」は基準比リフト1.068
福島,小回り・機動型,芝,中距離(1700-2000),稍,中枠(3-6),父系統,ロイヤルチャージャー系,337,20,66,0.0593,0.1958,62.1,0.0,7.66,0.1834,0.0124,1.068,B,福島芝中距離(1700-2000)・稍・中枠(3-6)で父系統「ロイヤルチャージャー系」は基準比リフト1.068
新潟,直線長め・平坦型,芝,短距離(1000-1300),稍,中枠(3-6),父系統,ロイヤルチャージャー系,289,19,51,0.0657,0.1765,48.3,0.0,8.78,0.1652,0.0113,1.068,B,新潟芝短距離(1000-1300)・稍・中枠(3-6)で父系統「ロイヤルチャージャー系」は基準比リフト1.068
札幌,小回り・持続型,芝,中距離(1700-2000),良,中枠(3-6),父系統,ネイティヴダンサー系,359,31,93,0.0864,0.2591,84.3,0.0,7.21,0.2428,0.0163,1.067,B,札幌芝中距離(1700-2000)・良・中枠(3-6)で父系統「ネイティヴダンサー系」は基準比リフト1.067
小倉,小回り・機動型,ダ,短距離(1000-1300),良,内枠(1-2),父系統,ロイヤルチャージャー系,161,11,36,0.0683,0.2236,70.8,0.0,8.22,0.2096,0.014,1.067,B,小倉ダ短距離(1000-1300)・良・内枠(1-2)で父系統「ロイヤルチャージャー系」は基準比リフト1.067
新潟,直線長め・平坦型,芝,短距離(1000-1300),重不良,中枠(3-6),父系統,ロイヤルチャージャー系,133,3,19,0.0226,0.1429,44.7,0.0,9.39,0.1339,0.009,1.067,B,新潟芝短距離(1000-1300)・重不良・中枠(3-6)で父系統「ロイヤルチャージャー系」は基準比リフト1.067
阪神,坂あり・パワー型,ダ,短中距離(1400-1600),良,外枠(7-8),父系統,ニアークティック系,356,33,84,0.0927,0.236,89.1,0.0,8.39,0.2213,0.0147,1.066,B,阪神ダ短中距離(1400-1600)・良・外枠(7-8)で父系統「ニアークティック系」は基準比リフト1.066
中京,直線長め・持続型,芝,短中距離(1400-1600),良,外枠(7-8),父系統,ロイヤルチャージャー系,1190,86,251,0.0723,0.2109,66.4,0.0,8.26,0.1978,0.0131,1.066,B,中京芝短中距離(1400-1600)・良・外枠(7-8)で父系統「ロイヤルチャージャー系」は基準比リフト1.066
中山,坂あり・パワー型,芝,短中距離(1400-1600),良,外枠(7-8),父系統,ロイヤルチャージャー系,1297,82,261,0.0632,0.2012,63.1,0.0,8.2,0.1887,0.0125,1.066,B,中山芝短中距離(1400-1600)・良・外枠(7-8)で父系統「ロイヤルチャージャー系」は基準比リフト1.066
東京,直線長め・持続型,ダ,短中距離(1400-1600),不,外枠(7-8),父系統,ネイティヴダンサー系,154,8,30,0.0519,0.1948,73.1,0.0,8.04,0.1827,0.0121,1.066,B,東京ダ短中距離(1400-1600)・不・外枠(7-8)で父系統「ネイティヴダンサー系」は基準比リフト1.066
新潟,直線長め・平坦型,芝,長距離(2500以上),稍,外枠(7-8),父系統,ロイヤルチャージャー系,94,7,22,0.0745,0.234,45.4,0.0,7.44,0.2197,0.0143,1.065,B,新潟芝長距離(2500以上)・稍・外枠(7-8)で父系統「ロイヤルチャージャー系」は基準比リフト1.065
小倉,小回り・機動型,芝,短距離(1000-1300),稍,中枠(3-6),父系統,ニアークティック系,156,12,32,0.0769,0.2051,49.2,0.0,8.6,0.1925,0.0126,1.065,B,小倉芝短距離(1000-1300)・稍・中枠(3-6)で父系統「ニアークティック系」は基準比リフト1.065
中山,坂あり・パワー型,ダ,短距離(1000-1300),良,内枠(1-2),父系統,ネイティヴダンサー系,972,56,183,0.0576,0.1883,42.0,0.0,8.41,0.1768,0.0115,1.065,B,中山ダ短距離(1000-1300)・良・内枠(1-2)で父系統「ネイティヴダンサー系」は基準比リフト1.065
中山,坂あり・パワー型,ダ,短距離(1000-1300),良,内枠(1-2),父系統,ニアークティック系,616,41,116,0.0666,0.1883,52.6,0.0,8.13,0.1768,0.0115,1.065,B,中山ダ短距離(1000-1300)・良・内枠(1-2)で父系統「ニアークティック系」は基準比リフト1.065
新潟,直線長め・平坦型,ダ,短距離(1000-1300),良,内枠(1-2),父系統,ネイティヴダンサー系,389,23,73,0.0591,0.1877,38.8,0.0,7.79,0.1762,0.0115,1.065,B,新潟ダ短距離(1000-1300)・良・内枠(1-2)で父系統「ネイティヴダンサー系」は基準比リフト1.065
中山,坂あり・パワー型,ダ,短距離(1000-1300),重不良,内枠(1-2),父系統,ネイティヴダンサー系,179,10,27,0.0559,0.1508,41.9,0.0,8.35,0.1416,0.0092,1.065,B,中山ダ短距離(1000-1300)・重不良・内枠(1-2)で父系統「ネイティヴダンサー系」は基準比リフト1.065
小倉,小回り・機動型,芝,中距離(1700-2000),良,内枠(1-2),父系統,ネイティヴダンサー系,321,28,76,0.0872,0.2368,54.4,0.0,7.53,0.2226,0.0142,1.064,B,小倉芝中距離(1700-2000)・良・内枠(1-2)で父系統「ネイティヴダンサー系」は基準比リフト1.064
中山,坂あり・パワー型,ダ,中距離(1700-2000),稍,中枠(3-6),父系統,父系統不明,691,49,153,0.0709,0.2214,84.1,0.0,7.74,0.2081,0.0133,1.064,B,中山ダ中距離(1700-2000)・稍・中枠(3-6)で父系統「父系統不明」は基準比リフト1.064
東京,直線長め・持続型,芝,短中距離(1400-1600),良,中枠(3-6),父系統,父系統不明,2332,165,503,0.0708,0.2157,89.4,0.0,7.73,0.2028,0.0129,1.064,B,東京芝短中距離(1400-1600)・良・中枠(3-6)で父系統「父系統不明」は基準比リフト1.064
福島,小回り・機動型,芝,長距離(2500以上),良,外枠(7-8),父系統,ナスルーラ系,84,8,18,0.0952,0.2143,125.2,0.0,6.92,0.2014,0.0129,1.064,B,福島芝長距離(2500以上)・良・外枠(7-8)で父系統「ナスルーラ系」は基準比リフト1.064
京都,平坦・スピード型,ダ,短中距離(1400-1600),良,中枠(3-6),父系統,ネイティヴダンサー系,977,72,208,0.0737,0.2129,71.2,0.0,7.94,0.2,0.0129,1.064,B,京都ダ短中距離(1400-1600)・良・中枠(3-6)で父系統「ネイティヴダンサー系」は基準比リフト1.064
阪神,坂あり・パワー型,芝,中長距離(2100-2400),良,内枠(1-2),父系統,ロイヤルチャージャー系,374,32,107,0.0856,0.2861,69.1,0.0,6.37,0.2691,0.017,1.063,B,阪神芝中長距離(2100-2400)・良・内枠(1-2)で父系統「ロイヤルチャージャー系」は基準比リフト1.063
東京,直線長め・持続型,芝,中距離(1700-2000),重不良,中枠(3-6),父系統,ロイヤルチャージャー系,194,21,48,0.1082,0.2474,75.5,0.0,7.07,0.2328,0.0146,1.063,B,東京芝中距離(1700-2000)・重不良・中枠(3-6)で父系統「ロイヤルチャージャー系」は基準比リフト1.063
東京,直線長め・持続型,ダ,短中距離(1400-1600),稍,外枠(7-8),父系統,ナスルーラ系,169,16,40,0.0947,0.2367,54.6,0.0,8.14,0.2227,0.014,1.063,B,東京ダ短中距離(1400-1600)・稍・外枠(7-8)で父系統「ナスルーラ系」は基準比リフト1.063
中京,直線長め・持続型,ダ,短中距離(1400-1600),良,内枠(1-2),父系統,ナスルーラ系,105,8,22,0.0762,0.2095,45.7,0.0,7.39,0.1971,0.0124,1.063,B,中京ダ短中距離(1400-1600)・良・内枠(1-2)で父系統「ナスルーラ系」は基準比リフト1.063
中山,坂あり・パワー型,ダ,短距離(1000-1300),重不良,外枠(7-8),父系統,ネイティヴダンサー系,207,19,52,0.0918,0.2512,54.7,0.0,7.61,0.2366,0.0146,1.062,B,中山ダ短距離(1000-1300)・重不良・外枠(7-8)で父系統「ネイティヴダンサー系」は基準比リフト1.062
新潟,直線長め・平坦型,芝,中距離(1700-2000),良,中枠(3-6),父系統,ネイティヴダンサー系,551,48,127,0.0871,0.2305,81.7,0.0,7.92,0.2171,0.0134,1.062,B,新潟芝中距離(1700-2000)・良・中枠(3-6)で父系統「ネイティヴダンサー系」は基準比リフト1.062
阪神,坂あり・パワー型,ダ,短距離(1000-1300),稍,内枠(1-2),父系統,ロイヤルチャージャー系,208,12,38,0.0577,0.1827,52.0,0.0,8.6,0.1721,0.0106,1.062,B,阪神ダ短距離(1000-1300)・稍・内枠(1-2)で父系統「ロイヤルチャージャー系」は基準比リフト1.062
中山,坂あり・パワー型,ダ,短距離(1000-1300),不,中枠(3-6),父系統,ニアークティック系,162,14,37,0.0864,0.2284,57.9,0.0,8.26,0.2154,0.013,1.06,B,中山ダ短距離(1000-1300)・不・中枠(3-6)で父系統「ニアークティック系」は基準比リフト1.06
小倉,小回り・機動型,ダ,短距離(1000-1300),良,内枠(1-2),父系統,ネイティヴダンサー系,108,10,24,0.0926,0.2222,78.9,0.0,7.42,0.2096,0.0126,1.06,B,小倉ダ短距離(1000-1300)・良・内枠(1-2)で父系統「ネイティヴダンサー系」は基準比リフト1.06
中京,直線長め・持続型,ダ,短距離(1000-1300),良,外枠(7-8),父系統,ニアークティック系,166,11,35,0.0663,0.2108,57.8,0.0,8.0,0.1988,0.012,1.06,B,中京ダ短距離(1000-1300)・良・外枠(7-8)で父系統「ニアークティック系」は基準比リフト1.06
中山,坂あり・パワー型,芝,長距離(2500以上),良,中枠(3-6),父系統,ロイヤルチャージャー系,618,51,159,0.0825,0.2573,73.3,0.0,7.02,0.2429,0.0144,1.059,B,中山芝長距離(2500以上)・良・中枠(3-6)で父系統「ロイヤルチャージャー系」は基準比リフト1.059
東京,直線長め・持続型,ダ,中長距離(2100-2400),良,中枠(3-6),父系統,ネイティヴダンサー系,546,39,128,0.0714,0.2344,52.4,0.0,7.79,0.2214,0.013,1.059,B,東京ダ中長距離(2100-2400)・良・中枠(3-6)で父系統「ネイティヴダンサー系」は基準比リフト1.059
中山,坂あり・パワー型,芝,中長距離(2100-2400),良,中枠(3-6),父系統,ナスルーラ系,95,7,21,0.0737,0.2211,59.4,0.0,7.6,0.2088,0.0123,1.059,B,中山芝中長距離(2100-2400)・良・中枠(3-6)で父系統「ナスルーラ系」は基準比リフト1.059
小倉,小回り・機動型,ダ,中距離(1700-2000),重不良,外枠(7-8),父系統,ニアークティック系,91,8,18,0.0879,0.1978,71.4,0.0,8.32,0.1868,0.011,1.059,B,小倉ダ中距離(1700-2000)・重不良・外枠(7-8)で父系統「ニアークティック系」は基準比リフト1.059
中山,坂あり・パワー型,ダ,短距離(1000-1300),稍,内枠(1-2),父系統,父系統不明,340,18,65,0.0529,0.1912,102.0,0.0,8.34,0.1805,0.0107,1.059,B,中山ダ短距離(1000-1300)・稍・内枠(1-2)で父系統「父系統不明」は基準比リフト1.059
東京,直線長め・持続型,芝,中距離(1700-2000),良,内枠(1-2),父系統,ロイヤルチャージャー系,1563,136,388,0.087,0.2482,67.4,0.0,6.96,0.2345,0.0137,1.058,B,東京芝中距離(1700-2000)・良・内枠(1-2)で父系統「ロイヤルチャージャー系」は基準比リフト1.058
京都,平坦・スピード型,ダ,中距離(1700-2000),良,内枠(1-2),父系統,ニアークティック系,490,44,120,0.0898,0.2449,94.1,0.0,7.86,0.2314,0.0135,1.058,B,京都ダ中距離(1700-2000)・良・内枠(1-2)で父系統「ニアークティック系」は基準比リフト1.058
新潟,直線長め・平坦型,芝,中距離(1700-2000),良,外枠(7-8),父系統,父系統不明,538,37,120,0.0688,0.223,54.5,0.0,7.68,0.2107,0.0123,1.058,B,新潟芝中距離(1700-2000)・良・外枠(7-8)で父系統「父系統不明」は基準比リフト1.058
中京,直線長め・持続型,ダ,短距離(1000-1300),良,内枠(1-2),父系統,父系統不明,283,23,63,0.0813,0.2226,53.0,0.0,7.53,0.2103,0.0123,1.058,B,中京ダ短距離(1000-1300)・良・内枠(1-2)で父系統「父系統不明」は基準比リフト1.058
東京,直線長め・持続型,芝,中距離(1700-2000),稍,外枠(7-8),父系統,ロイヤルチャージャー系,349,23,73,0.0659,0.2092,42.7,0.0,7.22,0.1978,0.0114,1.058,B,東京芝中距離(1700-2000)・稍・外枠(7-8)で父系統「ロイヤルチャージャー系」は基準比リフト1.058
小倉,小回り・機動型,ダ,中距離(1700-2000),良,外枠(7-8),父系統,父系統不明,383,22,80,0.0574,0.2089,65.2,0.0,8.05,0.1974,0.0115,1.058,B,小倉ダ中距離(1700-2000)・良・外枠(7-8)で父系統「父系統不明」は基準比リフト1.058
小倉,小回り・機動型,芝,短距離(1000-1300),稍,外枠(7-8),父系統,ニアークティック系,108,4,21,0.037,0.1944,26.4,0.0,8.56,0.1838,0.0106,1.058,B,小倉芝短距離(1000-1300)・稍・外枠(7-8)で父系統「ニアークティック系」は基準比リフト1.058
中京,直線長め・持続型,ダ,短中距離(1400-1600),重不良,外枠(7-8),父系統,ロイヤルチャージャー系,91,7,17,0.0769,0.1868,84.6,0.0,7.68,0.1765,0.0103,1.058,B,中京ダ短中距離(1400-1600)・重不良・外枠(7-8)で父系統「ロイヤルチャージャー系」は基準比リフト1.058
京都,平坦・スピード型,ダ,中距離(1700-2000),不,内枠(1-2),父系統,ロイヤルチャージャー系,101,8,27,0.0792,0.2673,86.4,0.0,7.41,0.253,0.0143,1.057,B,京都ダ中距離(1700-2000)・不・内枠(1-2)で父系統「ロイヤルチャージャー系」は基準比リフト1.057
阪神,坂あり・パワー型,芝,中距離(1700-2000),良,内枠(1-2),父系統,ロイヤルチャージャー系,1318,120,349,0.091,0.2648,71.7,0.0,6.75,0.2505,0.0143,1.057,B,阪神芝中距離(1700-2000)・良・内枠(1-2)で父系統「ロイヤルチャージャー系」は基準比リフト1.057
阪神,坂あり・パワー型,ダ,中距離(1700-2000),良,外枠(7-8),父系統,ネイティヴダンサー系,825,69,205,0.0836,0.2485,53.1,0.0,7.16,0.2351,0.0134,1.057,B,阪神ダ中距離(1700-2000)・良・外枠(7-8)で父系統「ネイティヴダンサー系」は基準比リフト1.057
新潟,直線長め・平坦型,芝,中長距離(2100-2400),良,中枠(3-6),父系統,ロイヤルチャージャー系,727,65,176,0.0894,0.2421,106.2,0.0,7.25,0.229,0.0131,1.057,B,新潟芝中長距離(2100-2400)・良・中枠(3-6)で父系統「ロイヤルチャージャー系」は基準比リフト1.057
中山,坂あり・パワー型,芝,中長距離(2100-2400),良,内枠(1-2),父系統,ロイヤルチャージャー系,303,26,72,0.0858,0.2376,115.8,0.0,7.63,0.2248,0.0128,1.057,B,中山芝中長距離(2100-2400)・良・内枠(1-2)で父系統「ロイヤルチャージャー系」は基準比リフト1.057
中山,坂あり・パワー型,芝,中距離(1700-2000),稍,外枠(7-8),父系統,ニアークティック系,81,7,17,0.0864,0.2099,44.9,0.0,6.95,0.1986,0.0113,1.057,B,中山芝中距離(1700-2000)・稍・外枠(7-8)で父系統「ニアークティック系」は基準比リフト1.057
新潟,直線長め・平坦型,芝,短中距離(1400-1600),稍,中枠(3-6),父系統,父系統不明,179,13,35,0.0726,0.1955,76.9,0.0,8.12,0.1849,0.0106,1.057,B,新潟芝短中距離(1400-1600)・稍・中枠(3-6)で父系統「父系統不明」は基準比リフト1.057
東京,直線長め・持続型,ダ,中長距離(2100-2400),良,内枠(1-2),父系統,ネイティヴダンサー系,217,11,42,0.0507,0.1935,19.0,0.0,7.63,0.183,0.0105,1.057,B,東京ダ中長距離(2100-2400)・良・内枠(1-2)で父系統「ネイティヴダンサー系」は基準比リフト1.057
東京,直線長め・持続型,ダ,長距離(2500以上),良,中枠(3-6),父系統,ニアークティック系,197,19,49,0.0964,0.2487,105.0,0.0,7.36,0.2354,0.0133,1.056,B,東京ダ長距離(2500以上)・良・中枠(3-6)で父系統「ニアークティック系」は基準比リフト1.056
札幌,小回り・持続型,芝,短中距離(1400-1600),良,外枠(7-8),父系統,父系統不明,192,16,44,0.0833,0.2292,44.7,0.0,6.59,0.2171,0.0121,1.056,B,札幌芝短中距離(1400-1600)・良・外枠(7-8)で父系統「父系統不明」は基準比リフト1.056
中京,直線長め・持続型,ダ,短中距離(1400-1600),重不良,中枠(3-6),父系統,父系統不明,148,15,32,0.1014,0.2162,85.3,0.0,7.74,0.2048,0.0114,1.056,B,中京ダ短中距離(1400-1600)・重不良・中枠(3-6)で父系統「父系統不明」は基準比リフト1.056
中京,直線長め・持続型,ダ,短距離(1000-1300),良,中枠(3-6),父系統,ニアークティック系,359,20,69,0.0557,0.1922,90.9,0.0,8.14,0.182,0.0102,1.056,B,中京ダ短距離(1000-1300)・良・中枠(3-6)で父系統「ニアークティック系」は基準比リフト1.056
中山,坂あり・パワー型,ダ,中距離(1700-2000),重不良,内枠(1-2),父系統,ロイヤルチャージャー系,281,20,48,0.0712,0.1708,88.1,0.0,8.1,0.1617,0.0091,1.056,B,中山ダ中距離(1700-2000)・重不良・内枠(1-2)で父系統「ロイヤルチャージャー系」は基準比リフト1.056
福島,小回り・機動型,芝,長距離(2500以上),良,内枠(1-2),父系統,ニアークティック系,113,15,30,0.1327,0.2655,227.3,0.0,6.55,0.2516,0.0139,1.055,B,福島芝長距離(2500以上)・良・内枠(1-2)で父系統「ニアークティック系」は基準比リフト1.055
函館,小回り・持続型,ダ,中距離(1700-2000),稍,中枠(3-6),父系統,ニアークティック系,116,8,29,0.069,0.25,33.4,0.0,7.19,0.2369,0.0131,1.055,B,函館ダ中距離(1700-2000)・稍・中枠(3-6)で父系統「ニアークティック系」は基準比リフト1.055
札幌,小回り・持続型,芝,短距離(1000-1300),良,内枠(1-2),父系統,ロイヤルチャージャー系,363,25,89,0.0689,0.2452,84.9,0.0,7.22,0.2324,0.0128,1.055,B,札幌芝短距離(1000-1300)・良・内枠(1-2)で父系統「ロイヤルチャージャー系」は基準比リフト1.055
小倉,小回り・機動型,ダ,短距離(1000-1300),良,外枠(7-8),父系統,ネイティヴダンサー系,234,21,56,0.0897,0.2393,148.5,0.0,7.3,0.2268,0.0125,1.055,B,小倉ダ短距離(1000-1300)・良・外枠(7-8)で父系統「ネイティヴダンサー系」は基準比リフト1.055
東京,直線長め・持続型,芝,短中距離(1400-1600),良,内枠(1-2),父系統,ロイヤルチャージャー系,2144,137,463,0.0639,0.216,95.7,0.0,8.02,0.2047,0.0113,1.055,B,東京芝短中距離(1400-1600)・良・内枠(1-2)で父系統「ロイヤルチャージャー系」は基準比リフト1.055
京都,平坦・スピード型,芝,短中距離(1400-1600),稍,内枠(1-2),父系統,ロイヤルチャージャー系,217,16,46,0.0737,0.212,54.6,0.0,7.96,0.2009,0.0111,1.055,B,京都芝短中距離(1400-1600)・稍・内枠(1-2)で父系統「ロイヤルチャージャー系」は基準比リフト1.055
東京,直線長め・持続型,ダ,短距離(1000-1300),稍,中枠(3-6),父系統,ネイティヴダンサー系,100,4,21,0.04,0.21,112.4,0.0,8.52,0.1991,0.0109,1.055,B,東京ダ短距離(1000-1300)・稍・中枠(3-6)で父系統「ネイティヴダンサー系」は基準比リフト1.055
中山,坂あり・パワー型,ダ,中距離(1700-2000),良,内枠(1-2),父系統,ロイヤルチャージャー系,1528,101,298,0.0661,0.195,75.5,0.0,8.03,0.1848,0.0102,1.055,B,中山ダ中距離(1700-2000)・良・内枠(1-2)で父系統「ロイヤルチャージャー系」は基準比リフト1.055
福島,小回り・機動型,芝,短距離(1000-1300),稍,外枠(7-8),父系統,父系統不明,99,6,22,0.0606,0.2222,49.5,0.0,7.92,0.2109,0.0113,1.054,B,福島芝短距離(1000-1300)・稍・外枠(7-8)で父系統「父系統不明」は基準比リフト1.054
阪神,坂あり・パワー型,ダ,短距離(1000-1300),良,中枠(3-6),父系統,父系統不明,905,69,198,0.0762,0.2188,58.8,0.0,7.39,0.2076,0.0112,1.054,B,阪神ダ短距離(1000-1300)・良・中枠(3-6)で父系統「父系統不明」は基準比リフト1.054
東京,直線長め・持続型,芝,短中距離(1400-1600),稍,中枠(3-6),父系統,ロイヤルチャージャー系,783,63,161,0.0805,0.2056,70.2,0.0,7.93,0.195,0.0106,1.054,B,東京芝短中距離(1400-1600)・稍・中枠(3-6)で父系統「ロイヤルチャージャー系」は基準比リフト1.054
東京,直線長め・持続型,芝,中距離(1700-2000),稍,内枠(1-2),父系統,ロイヤルチャージャー系,221,22,62,0.0995,0.2805,90.4,0.0,6.89,0.2664,0.0141,1.053,B,東京芝中距離(1700-2000)・稍・内枠(1-2)で父系統「ロイヤルチャージャー系」は基準比リフト1.053
新潟,直線長め・平坦型,ダ,中距離(1700-2000),稍,外枠(7-8),父系統,ロイヤルチャージャー系,398,30,94,0.0754,0.2362,48.6,0.0,7.28,0.2244,0.0118,1.053,B,新潟ダ中距離(1700-2000)・稍・外枠(7-8)で父系統「ロイヤルチャージャー系」は基準比リフト1.053
中山,坂あり・パワー型,ダ,中距離(1700-2000),良,外枠(7-8),父系統,ニアークティック系,653,56,153,0.0858,0.2343,115.7,0.0,8.2,0.2226,0.0117,1.053,B,中山ダ中距離(1700-2000)・良・外枠(7-8)で父系統「ニアークティック系」は基準比リフト1.053
小倉,小回り・機動型,芝,中距離(1700-2000),稍,外枠(7-8),父系統,ロイヤルチャージャー系,300,20,69,0.0667,0.23,103.9,0.0,8.08,0.2184,0.0116,1.053,B,小倉芝中距離(1700-2000)・稍・外枠(7-8)で父系統「ロイヤルチャージャー系」は基準比リフト1.053
中京,直線長め・持続型,ダ,中距離(1700-2000),稍,外枠(7-8),父系統,父系統不明,229,18,51,0.0786,0.2227,61.0,0.0,6.71,0.2115,0.0112,1.053,B,中京ダ中距離(1700-2000)・稍・外枠(7-8)で父系統「父系統不明」は基準比リフト1.053
中山,坂あり・パワー型,芝,短距離(1000-1300),良,中枠(3-6),父系統,ロイヤルチャージャー系,1167,82,247,0.0703,0.2117,63.4,0.0,8.09,0.2011,0.0106,1.053,B,中山芝短距離(1000-1300)・良・中枠(3-6)で父系統「ロイヤルチャージャー系」は基準比リフト1.053
阪神,坂あり・パワー型,芝,短中距離(1400-1600),重不良,中枠(3-6),父系統,父系統不明,113,10,23,0.0885,0.2035,58.5,0.0,7.44,0.1933,0.0102,1.053,B,阪神芝短中距離(1400-1600)・重不良・中枠(3-6)で父系統「父系統不明」は基準比リフト1.053
函館,小回り・持続型,ダ,短距離(1000-1300),良,中枠(3-6),父系統,ニアークティック系,199,18,54,0.0905,0.2714,57.3,0.0,6.22,0.2579,0.0135,1.052,B,函館ダ短距離(1000-1300)・良・中枠(3-6)で父系統「ニアークティック系」は基準比リフト1.052
中山,坂あり・パワー型,ダ,短距離(1000-1300),稍,外枠(7-8),父系統,ニアークティック系,240,19,57,0.0792,0.2375,69.3,0.0,7.85,0.2257,0.0118,1.052,B,中山ダ短距離(1000-1300)・稍・外枠(7-8)で父系統「ニアークティック系」は基準比リフト1.052
京都,平坦・スピード型,ダ,中距離(1700-2000),稍,内枠(1-2),父系統,ロイヤルチャージャー系,334,30,79,0.0898,0.2365,64.9,0.0,7.13,0.2248,0.0117,1.052,B,京都ダ中距離(1700-2000)・稍・内枠(1-2)で父系統「ロイヤルチャージャー系」は基準比リフト1.052
新潟,直線長め・平坦型,ダ,中距離(1700-2000),稍,外枠(7-8),父系統,父系統不明,178,11,42,0.0618,0.236,68.5,0.0,7.34,0.2244,0.0116,1.052,B,新潟ダ中距離(1700-2000)・稍・外枠(7-8)で父系統「父系統不明」は基準比リフト1.052
中山,坂あり・パワー型,芝,短距離(1000-1300),良,内枠(1-2),父系統,ネイティヴダンサー系,240,11,54,0.0458,0.225,68.4,0.0,7.57,0.2138,0.0112,1.052,B,中山芝短距離(1000-1300)・良・内枠(1-2)で父系統「ネイティヴダンサー系」は基準比リフト1.052
阪神,坂あり・パワー型,ダ,短中距離(1400-1600),良,中枠(3-6),父系統,父系統不明,1208,90,258,0.0745,0.2136,82.0,0.0,7.76,0.2031,0.0105,1.052,B,阪神ダ短中距離(1400-1600)・良・中枠(3-6)で父系統「父系統不明」は基準比リフト1.052
小倉,小回り・機動型,芝,中距離(1700-2000),重不良,外枠(7-8),父系統,ロイヤルチャージャー系,177,12,37,0.0678,0.209,130.1,0.0,7.89,0.1987,0.0103,1.052,B,小倉芝中距離(1700-2000)・重不良・外枠(7-8)で父系統「ロイヤルチャージャー系」は基準比リフト1.052
新潟,直線長め・平坦型,芝,短中距離(1400-1600),良,中枠(3-6),父系統,父系統不明,1001,64,205,0.0639,0.2048,72.2,0.0,8.03,0.1947,0.0101,1.052,B,新潟芝短中距離(1400-1600)・良・中枠(3-6)で父系統「父系統不明」は基準比リフト1.052
東京,直線長め・持続型,ダ,短中距離(1400-1600),重不良,中枠(3-6),父系統,ニアークティック系,367,22,75,0.0599,0.2044,88.7,0.0,8.28,0.1943,0.0101,1.052,B,東京ダ短中距離(1400-1600)・重不良・中枠(3-6)で父系統「ニアークティック系」は基準比リフト1.052
阪神,坂あり・パワー型,芝,短距離(1000-1300),良,内枠(1-2),父系統,父系統不明,161,21,42,0.1304,0.2609,112.8,0.0,6.65,0.2482,0.0127,1.051,B,阪神芝短距離(1000-1300)・良・内枠(1-2)で父系統「父系統不明」は基準比リフト1.051
東京,直線長め・持続型,芝,中距離(1700-2000),良,中枠(3-6),父系統,ロイヤルチャージャー系,3726,305,927,0.0819,0.2488,68.7,0.0,7.21,0.237,0.0118,1.05,B,東京芝中距離(1700-2000)・良・中枠(3-6)で父系統「ロイヤルチャージャー系」は基準比リフト1.05
新潟,直線長め・平坦型,芝,短中距離(1400-1600),良,外枠(7-8),父系統,ロイヤルチャージャー系,1529,114,306,0.0746,0.2001,80.2,0.0,8.33,0.1905,0.0096,1.05,B,新潟芝短中距離(1400-1600)・良・外枠(7-8)で父系統「ロイヤルチャージャー系」は基準比リフト1.05
東京,直線長め・持続型,ダ,短中距離(1400-1600),良,中枠(3-6),父系統,ネイティヴダンサー系,3023,186,633,0.0615,0.2094,60.9,0.0,8.16,0.1997,0.0097,1.049,C,東京ダ短中距離(1400-1600)・良・中枠(3-6)で父系統「ネイティヴダンサー系」は基準比リフト1.049
阪神,坂あり・パワー型,ダ,中距離(1700-2000),不,内枠(1-2),父系統,父系統不明,92,5,19,0.0543,0.2065,26.3,0.0,7.28,0.1968,0.0097,1.049,C,阪神ダ中距離(1700-2000)・不・内枠(1-2)で父系統「父系統不明」は基準比リフト1.049
京都,平坦・スピード型,ダ,短距離(1000-1300),稍,中枠(3-6),父系統,ニアークティック系,219,15,43,0.0685,0.1963,123.7,0.0,8.18,0.1872,0.0091,1.049,C,京都ダ短距離(1000-1300)・稍・中枠(3-6)で父系統「ニアークティック系」は基準比リフト1.049
新潟,直線長め・平坦型,芝,短中距離(1400-1600),稍,内枠(1-2),父系統,ロイヤルチャージャー系,152,7,29,0.0461,0.1908,63.8,0.0,8.38,0.1821,0.0087,1.048,C,新潟芝短中距離(1400-1600)・稍・内枠(1-2)で父系統「ロイヤルチャージャー系」は基準比リフト1.048
函館,小回り・持続型,芝,短距離(1000-1300),良,内枠(1-2),父系統,父系統不明,350,24,96,0.0686,0.2743,33.4,0.0,6.69,0.262,0.0123,1.047,C,函館芝短距離(1000-1300)・良・内枠(1-2)で父系統「父系統不明」は基準比リフト1.047
京都,平坦・スピード型,芝,中距離(1700-2000),稍,中枠(3-6),父系統,父系統不明,133,11,33,0.0827,0.2481,55.6,0.0,6.91,0.237,0.0111,1.047,C,京都芝中距離(1700-2000)・稍・中枠(3-6)で父系統「父系統不明」は基準比リフト1.047
新潟,直線長め・平坦型,芝,短距離(1000-1300),良,外枠(7-8),父系統,ナスルーラ系,266,24,65,0.0902,0.2444,161.2,0.0,7.74,0.2335,0.0109,1.047,C,新潟芝短距離(1000-1300)・良・外枠(7-8)で父系統「ナスルーラ系」は基準比リフト1.047
小倉,小回り・機動型,ダ,短距離(1000-1300),稍,外枠(7-8),父系統,父系統不明,96,4,23,0.0417,0.2396,30.9,0.0,7.11,0.2289,0.0107,1.047,C,小倉ダ短距離(1000-1300)・稍・外枠(7-8)で父系統「父系統不明」は基準比リフト1.047
京都,平坦・スピード型,ダ,中距離(1700-2000),稍,内枠(1-2),父系統,父系統不明,119,11,28,0.0924,0.2353,70.5,0.0,7.02,0.2248,0.0105,1.047,C,京都ダ中距離(1700-2000)・稍・内枠(1-2)で父系統「父系統不明」は基準比リフト1.047
阪神,坂あり・パワー型,ダ,中距離(1700-2000),重不良,中枠(3-6),父系統,ナスルーラ系,115,8,27,0.0696,0.2348,50.7,0.0,8.34,0.2243,0.0105,1.047,C,阪神ダ中距離(1700-2000)・重不良・中枠(3-6)で父系統「ナスルーラ系」は基準比リフト1.047
阪神,坂あり・パワー型,芝,短中距離(1400-1600),良,内枠(1-2),父系統,ナスルーラ系,193,11,45,0.057,0.2332,42.6,0.0,8.53,0.2227,0.0105,1.047,C,阪神芝短中距離(1400-1600)・良・内枠(1-2)で父系統「ナスルーラ系」は基準比リフト1.047
小倉,小回り・機動型,芝,中距離(1700-2000),良,内枠(1-2),父系統,ロイヤルチャージャー系,1283,115,299,0.0896,0.233,67.6,0.0,7.25,0.2226,0.0104,1.047,C,小倉芝中距離(1700-2000)・良・内枠(1-2)で父系統「ロイヤルチャージャー系」は基準比リフト1.047
阪神,坂あり・パワー型,芝,中距離(1700-2000),稍,外枠(7-8),父系統,ロイヤルチャージャー系,342,29,77,0.0848,0.2251,59.0,0.0,7.04,0.2149,0.0102,1.047,C,阪神芝中距離(1700-2000)・稍・外枠(7-8)で父系統「ロイヤルチャージャー系」は基準比リフト1.047
中山,坂あり・パワー型,ダ,短距離(1000-1300),良,外枠(7-8),父系統,ニアークティック系,714,47,152,0.0658,0.2129,61.1,0.0,8.05,0.2034,0.0095,1.047,C,中山ダ短距離(1000-1300)・良・外枠(7-8)で父系統「ニアークティック系」は基準比リフト1.047
小倉,小回り・機動型,ダ,中距離(1700-2000),良,外枠(7-8),父系統,ナスルーラ系,150,11,31,0.0733,0.2067,41.7,0.0,8.77,0.1974,0.0093,1.047,C,小倉ダ中距離(1700-2000)・良・外枠(7-8)で父系統「ナスルーラ系」は基準比リフト1.047
小倉,小回り・機動型,芝,長距離(2500以上),稍,外枠(7-8),父系統,ロイヤルチャージャー系,88,7,26,0.0795,0.2955,61.4,0.0,6.28,0.2825,0.013,1.046,C,小倉芝長距離(2500以上)・稍・外枠(7-8)で父系統「ロイヤルチャージャー系」は基準比リフト1.046
京都,平坦・スピード型,芝,中距離(1700-2000),稍,中枠(3-6),父系統,ロイヤルチャージャー系,355,28,88,0.0789,0.2479,53.1,0.0,6.72,0.237,0.0109,1.046,C,京都芝中距離(1700-2000)・稍・中枠(3-6)で父系統「ロイヤルチャージャー系」は基準比リフト1.046
新潟,直線長め・平坦型,ダ,中距離(1700-2000),重不良,中枠(3-6),父系統,ロイヤルチャージャー系,321,33,78,0.1028,0.243,202.6,0.0,7.65,0.2323,0.0107,1.046,C,新潟ダ中距離(1700-2000)・重不良・中枠(3-6)で父系統「ロイヤルチャージャー系」は基準比リフト1.046
中京,直線長め・持続型,ダ,短距離(1000-1300),良,内枠(1-2),父系統,ナスルーラ系,100,8,22,0.08,0.22,56.1,0.0,8.35,0.2103,0.0097,1.046,C,中京ダ短距離(1000-1300)・良・内枠(1-2)で父系統「ナスルーラ系」は基準比リフト1.046
函館,小回り・持続型,芝,短距離(1000-1300),良,外枠(7-8),父系統,父系統不明,419,31,92,0.074,0.2196,53.9,0.0,7.27,0.21,0.0096,1.046,C,函館芝短距離(1000-1300)・良・外枠(7-8)で父系統「父系統不明」は基準比リフト1.046
福島,小回り・機動型,ダ,中距離(1700-2000),重不良,外枠(7-8),父系統,ロイヤルチャージャー系,128,12,28,0.0938,0.2188,86.8,0.0,6.77,0.2092,0.0096,1.046,C,福島ダ中距離(1700-2000)・重不良・外枠(7-8)で父系統「ロイヤルチャージャー系」は基準比リフト1.046
中京,直線長め・持続型,ダ,短中距離(1400-1600),良,中枠(3-6),父系統,ロイヤルチャージャー系,964,63,199,0.0654,0.2064,104.8,0.0,8.33,0.1973,0.0091,1.046,C,中京ダ短中距離(1400-1600)・良・中枠(3-6)で父系統「ロイヤルチャージャー系」は基準比リフト1.046
小倉,小回り・機動型,芝,長距離(2500以上),良,外枠(7-8),父系統,ロイヤルチャージャー系,419,37,103,0.0883,0.2458,72.0,0.0,6.47,0.2352,0.0106,1.045,C,小倉芝長距離(2500以上)・良・外枠(7-8)で父系統「ロイヤルチャージャー系」は基準比リフト1.045
新潟,直線長め・平坦型,ダ,中距離(1700-2000),良,外枠(7-8),父系統,ロイヤルチャージャー系,1033,98,244,0.0949,0.2362,94.3,0.0,7.24,0.226,0.0102,1.045,C,新潟ダ中距離(1700-2000)・良・外枠(7-8)で父系統「ロイヤルチャージャー系」は基準比リフト1.045
中山,坂あり・パワー型,ダ,中距離(1700-2000),不,外枠(7-8),父系統,ロイヤルチャージャー系,248,19,57,0.0766,0.2298,77.7,0.0,7.62,0.2199,0.0099,1.045,C,中山ダ中距離(1700-2000)・不・外枠(7-8)で父系統「ロイヤルチャージャー系」は基準比リフト1.045
福島,小回り・機動型,ダ,中距離(1700-2000),重不良,中枠(3-6),父系統,ネイティヴダンサー系,126,11,25,0.0873,0.1984,123.0,0.0,7.81,0.1898,0.0086,1.045,C,福島ダ中距離(1700-2000)・重不良・中枠(3-6)で父系統「ネイティヴダンサー系」は基準比リフト1.045
東京,直線長め・持続型,ダ,長距離(2500以上),良,外枠(7-8),父系統,ロイヤルチャージャー系,236,14,46,0.0593,0.1949,64.2,0.0,7.07,0.1865,0.0084,1.045,C,東京ダ長距離(2500以上)・良・外枠(7-8)で父系統「ロイヤルチャージャー系」は基準比リフト1.045
中山,坂あり・パワー型,ダ,中距離(1700-2000),重不良,外枠(7-8),父系統,ニアークティック系,99,10,26,0.101,0.2626,52.4,0.0,7.35,0.2515,0.0111,1.044,C,中山ダ中距離(1700-2000)・重不良・外枠(7-8)で父系統「ニアークティック系」は基準比リフト1.044
京都,平坦・スピード型,ダ,中距離(1700-2000),稍,中枠(3-6),父系統,ニアークティック系,304,18,72,0.0592,0.2368,51.6,0.0,7.59,0.2269,0.0099,1.044,C,京都ダ中距離(1700-2000)・稍・中枠(3-6)で父系統「ニアークティック系」は基準比リフト1.044
東京,直線長め・持続型,ダ,短中距離(1400-1600),稍,外枠(7-8),父系統,ネイティヴダンサー系,426,31,99,0.0728,0.2324,60.2,0.0,8.36,0.2227,0.0097,1.044,C,東京ダ短中距離(1400-1600)・稍・外枠(7-8)で父系統「ネイティヴダンサー系」は基準比リフト1.044
福島,小回り・機動型,芝,短距離(1000-1300),良,内枠(1-2),父系統,ネイティヴダンサー系,427,39,98,0.0913,0.2295,71.4,0.0,7.83,0.2198,0.0097,1.044,C,福島芝短距離(1000-1300)・良・内枠(1-2)で父系統「ネイティヴダンサー系」は基準比リフト1.044
中山,坂あり・パワー型,ダ,短距離(1000-1300),良,外枠(7-8),父系統,父系統不明,876,62,186,0.0708,0.2123,68.1,0.0,7.76,0.2034,0.0089,1.044,C,中山ダ短距離(1000-1300)・良・外枠(7-8)で父系統「父系統不明」は基準比リフト1.044
新潟,直線長め・平坦型,芝,短距離(1000-1300),良,中枠(3-6),父系統,ナスルーラ系,397,26,71,0.0655,0.1788,63.1,0.0,8.77,0.1712,0.0076,1.044,C,新潟芝短距離(1000-1300)・良・中枠(3-6)で父系統「ナスルーラ系」は基準比リフト1.044
東京,直線長め・持続型,ダ,短中距離(1400-1600),良,内枠(1-2),父系統,ニアークティック系,1011,46,177,0.0455,0.1751,65.5,0.0,8.63,0.1677,0.0074,1.044,C,東京ダ短中距離(1400-1600)・良・内枠(1-2)で父系統「ニアークティック系」は基準比リフト1.044
東京,直線長め・持続型,芝,中距離(1700-2000),良,中枠(3-6),父系統,父系統不明,1538,130,380,0.0845,0.2471,67.4,0.0,7.14,0.237,0.0101,1.043,C,東京芝中距離(1700-2000)・良・中枠(3-6)で父系統「父系統不明」は基準比リフト1.043
小倉,小回り・機動型,ダ,中距離(1700-2000),重不良,中枠(3-6),父系統,ネイティヴダンサー系,238,18,52,0.0756,0.2185,153.6,0.0,7.71,0.2095,0.009,1.043,C,小倉ダ中距離(1700-2000)・重不良・中枠(3-6)で父系統「ネイティヴダンサー系」は基準比リフト1.043
福島,小回り・機動型,ダ,短距離(1000-1300),良,中枠(3-6),父系統,ネイティヴダンサー系,642,45,126,0.0701,0.1963,118.2,0.0,7.89,0.1882,0.0081,1.043,C,福島ダ短距離(1000-1300)・良・中枠(3-6)で父系統「ネイティヴダンサー系」は基準比リフト1.043
福島,小回り・機動型,芝,長距離(2500以上),良,中枠(3-6),父系統,父系統不明,313,34,79,0.1086,0.2524,125.5,0.0,6.82,0.2423,0.0101,1.042,C,福島芝長距離(2500以上)・良・中枠(3-6)で父系統「父系統不明」は基準比リフト1.042
小倉,小回り・機動型,ダ,短距離(1000-1300),良,内枠(1-2),父系統,父系統不明,87,5,19,0.0575,0.2184,98.7,0.0,6.7,0.2096,0.0088,1.042,C,小倉ダ短距離(1000-1300)・良・内枠(1-2)で父系統「父系統不明」は基準比リフト1.042
新潟,直線長め・平坦型,芝,短距離(1000-1300),重不良,中枠(3-6),父系統,父系統不明,86,4,12,0.0465,0.1395,221.0,0.0,8.52,0.1339,0.0056,1.042,C,新潟芝短距離(1000-1300)・重不良・中枠(3-6)で父系統「父系統不明」は基準比リフト1.042
中山,坂あり・パワー型,ダ,中長距離(2100-2400),良,中枠(3-6),父系統,ネイティヴダンサー系,117,7,29,0.0598,0.2479,39.4,0.0,7.16,0.2381,0.0098,1.041,C,中山ダ中長距離(2100-2400)・良・中枠(3-6)で父系統「ネイティヴダンサー系」は基準比リフト1.041
新潟,直線長め・平坦型,ダ,中距離(1700-2000),重不良,中枠(3-6),父系統,ニアークティック系,124,10,30,0.0806,0.2419,54.0,0.0,7.49,0.2323,0.0096,1.041,C,新潟ダ中距離(1700-2000)・重不良・中枠(3-6)で父系統「ニアークティック系」は基準比リフト1.041
中山,坂あり・パワー型,芝,中距離(1700-2000),良,内枠(1-2),父系統,ニアークティック系,338,29,78,0.0858,0.2308,47.0,0.0,7.87,0.2217,0.0091,1.041,C,中山芝中距離(1700-2000)・良・内枠(1-2)で父系統「ニアークティック系」は基準比リフト1.041
新潟,直線長め・平坦型,芝,中距離(1700-2000),良,外枠(7-8),父系統,ロイヤルチャージャー系,1481,117,325,0.079,0.2194,83.4,0.0,7.76,0.2107,0.0087,1.041,C,新潟芝中距離(1700-2000)・良・外枠(7-8)で父系統「ロイヤルチャージャー系」は基準比リフト1.041
阪神,坂あり・パワー型,ダ,短中距離(1400-1600),稍,中枠(3-6),父系統,父系統不明,405,25,83,0.0617,0.2049,38.1,0.0,7.76,0.1968,0.0081,1.041,C,阪神ダ短中距離(1400-1600)・稍・中枠(3-6)で父系統「父系統不明」は基準比リフト1.041
京都,平坦・スピード型,ダ,中距離(1700-2000),重不良,外枠(7-8),父系統,ニアークティック系,98,9,24,0.0918,0.2449,61.9,0.0,8.05,0.2355,0.0094,1.04,C,京都ダ中距離(1700-2000)・重不良・外枠(7-8)で父系統「ニアークティック系」は基準比リフト1.04
中京,直線長め・持続型,芝,中距離(1700-2000),良,内枠(1-2),父系統,ロイヤルチャージャー系,675,56,158,0.083,0.2341,50.4,0.0,7.68,0.2251,0.009,1.04,C,中京芝中距離(1700-2000)・良・内枠(1-2)で父系統「ロイヤルチャージャー系」は基準比リフト1.04
阪神,坂あり・パワー型,芝,中距離(1700-2000),稍,外枠(7-8),父系統,ニアークティック系,94,10,21,0.1064,0.2234,93.6,0.0,7.98,0.2149,0.0085,1.04,C,阪神芝中距離(1700-2000)・稍・外枠(7-8)で父系統「ニアークティック系」は基準比リフト1.04
札幌,小回り・持続型,芝,短距離(1000-1300),良,中枠(3-6),父系統,父系統不明,421,32,91,0.076,0.2162,54.4,0.0,7.02,0.2078,0.0084,1.04,C,札幌芝短距離(1000-1300)・良・中枠(3-6)で父系統「父系統不明」は基準比リフト1.04
中京,直線長め・持続型,芝,短中距離(1400-1600),良,中枠(3-6),父系統,ロイヤルチャージャー系,1921,123,410,0.064,0.2134,49.8,0.0,7.9,0.2051,0.0083,1.04,C,中京芝短中距離(1400-1600)・良・中枠(3-6)で父系統「ロイヤルチャージャー系」は基準比リフト1.04
福島,小回り・機動型,ダ,中距離(1700-2000),稍,中枠(3-6),父系統,ロイヤルチャージャー系,438,27,91,0.0616,0.2078,59.4,0.0,7.86,0.1998,0.008,1.04,C,福島ダ中距離(1700-2000)・稍・中枠(3-6)で父系統「ロイヤルチャージャー系」は基準比リフト1.04
小倉,小回り・機動型,芝,短距離(1000-1300),良,中枠(3-6),父系統,父系統不明,1224,81,248,0.0662,0.2026,57.9,0.0,7.93,0.1949,0.0077,1.04,C,小倉芝短距離(1000-1300)・良・中枠(3-6)で父系統「父系統不明」は基準比リフト1.04
東京,直線長め・持続型,ダ,短中距離(1400-1600),稍,中枠(3-6),父系統,父系統不明,944,65,186,0.0689,0.197,74.3,0.0,7.77,0.1894,0.0076,1.04,C,東京ダ短中距離(1400-1600)・稍・中枠(3-6)で父系統「父系統不明」は基準比リフト1.04
福島,小回り・機動型,芝,中距離(1700-2000),稍,中枠(3-6),父系統,父系統不明,194,11,37,0.0567,0.1907,48.5,0.0,8.02,0.1834,0.0073,1.04,C,福島芝中距離(1700-2000)・稍・中枠(3-6)で父系統「父系統不明」は基準比リフト1.04
新潟,直線長め・平坦型,芝,長距離(2500以上),良,外枠(7-8),父系統,ネイティヴダンサー系,150,18,39,0.12,0.26,88.9,0.0,6.07,0.2503,0.0097,1.039,C,新潟芝長距離(2500以上)・良・外枠(7-8)で父系統「ネイティヴダンサー系」は基準比リフト1.039
阪神,坂あり・パワー型,芝,中距離(1700-2000),稍,中枠(3-6),父系統,ロイヤルチャージャー系,526,40,128,0.076,0.2433,74.4,0.0,7.07,0.2342,0.0091,1.039,C,阪神芝中距離(1700-2000)・稍・中枠(3-6)で父系統「ロイヤルチャージャー系」は基準比リフト1.039
阪神,坂あり・パワー型,芝,中距離(1700-2000),良,外枠(7-8),父系統,ネイティヴダンサー系,495,44,120,0.0889,0.2424,114.2,0.0,7.31,0.2332,0.0092,1.039,C,阪神芝中距離(1700-2000)・良・外枠(7-8)で父系統「ネイティヴダンサー系」は基準比リフト1.039
京都,平坦・スピード型,ダ,中距離(1700-2000),重不良,中枠(3-6),父系統,ネイティヴダンサー系,275,27,64,0.0982,0.2327,75.2,0.0,7.17,0.2239,0.0088,1.039,C,京都ダ中距離(1700-2000)・重不良・中枠(3-6)で父系統「ネイティヴダンサー系」は基準比リフト1.039
中山,坂あり・パワー型,芝,中距離(1700-2000),良,中枠(3-6),父系統,ロイヤルチャージャー系,3045,245,685,0.0805,0.225,54.8,0.0,7.49,0.2165,0.0085,1.039,C,中山芝中距離(1700-2000)・良・中枠(3-6)で父系統「ロイヤルチャージャー系」は基準比リフト1.039
札幌,小回り・持続型,芝,短距離(1000-1300),良,中枠(3-6),父系統,ネイティヴダンサー系,338,35,73,0.1036,0.216,123.0,0.0,8.37,0.2078,0.0082,1.039,C,札幌芝短距離(1000-1300)・良・中枠(3-6)で父系統「ネイティヴダンサー系」は基準比リフト1.039
阪神,坂あり・パワー型,ダ,短中距離(1400-1600),良,内枠(1-2),父系統,父系統不明,509,34,90,0.0668,0.1768,30.4,0.0,7.98,0.1701,0.0067,1.039,C,阪神ダ短中距離(1400-1600)・良・内枠(1-2)で父系統「父系統不明」は基準比リフト1.039
阪神,坂あり・パワー型,芝,中長距離(2100-2400),良,中枠(3-6),父系統,ロイヤルチャージャー系,927,88,251,0.0949,0.2708,87.3,0.0,6.59,0.2609,0.0099,1.038,C,阪神芝中長距離(2100-2400)・良・中枠(3-6)で父系統「ロイヤルチャージャー系」は基準比リフト1.038
函館,小回り・持続型,ダ,中距離(1700-2000),良,中枠(3-6),父系統,ロイヤルチャージャー系,1129,101,276,0.0895,0.2445,129.8,0.0,6.63,0.2356,0.0089,1.038,C,函館ダ中距離(1700-2000)・良・中枠(3-6)で父系統「ロイヤルチャージャー系」は基準比リフト1.038
阪神,坂あり・パワー型,芝,中距離(1700-2000),稍,中枠(3-6),父系統,父系統不明,251,20,61,0.0797,0.243,71.0,0.0,7.45,0.2342,0.0088,1.038,C,阪神芝中距離(1700-2000)・稍・中枠(3-6)で父系統「父系統不明」は基準比リフト1.038
新潟,直線長め・平坦型,芝,中距離(1700-2000),良,中枠(3-6),父系統,ロイヤルチャージャー系,2388,166,538,0.0695,0.2253,61.8,0.0,7.63,0.2171,0.0082,1.038,C,新潟芝中距離(1700-2000)・良・中枠(3-6)で父系統「ロイヤルチャージャー系」は基準比リフト1.038
小倉,小回り・機動型,ダ,中距離(1700-2000),重不良,中枠(3-6),父系統,父系統不明,308,19,67,0.0617,0.2175,63.5,0.0,7.71,0.2095,0.008,1.038,C,小倉ダ中距離(1700-2000)・重不良・中枠(3-6)で父系統「父系統不明」は基準比リフト1.038
阪神,坂あり・パワー型,ダ,短中距離(1400-1600),良,中枠(3-6),父系統,ネイティヴダンサー系,915,62,193,0.0678,0.2109,62.6,0.0,8.02,0.2031,0.0078,1.038,C,阪神ダ短中距離(1400-1600)・良・中枠(3-6)で父系統「ネイティヴダンサー系」は基準比リフト1.038
東京,直線長め・持続型,芝,短中距離(1400-1600),良,外枠(7-8),父系統,ロイヤルチャージャー系,3132,235,646,0.075,0.2063,73.4,0.0,8.2,0.1988,0.0075,1.038,C,東京芝短中距離(1400-1600)・良・外枠(7-8)で父系統「ロイヤルチャージャー系」は基準比リフト1.038
京都,平坦・スピード型,芝,中距離(1700-2000),重不良,中枠(3-6),父系統,ロイヤルチャージャー系,233,20,62,0.0858,0.2661,88.1,0.0,6.9,0.2566,0.0095,1.037,C,京都芝中距離(1700-2000)・重不良・中枠(3-6)で父系統「ロイヤルチャージャー系」は基準比リフト1.037
東京,直線長め・持続型,芝,中長距離(2100-2400),良,中枠(3-6),父系統,父系統不明,401,30,94,0.0748,0.2344,57.7,0.0,7.31,0.226,0.0084,1.037,C,東京芝中長距離(2100-2400)・良・中枠(3-6)で父系統「父系統不明」は基準比リフト1.037
阪神,坂あり・パワー型,ダ,短距離(1000-1300),良,中枠(3-6),父系統,ナスルーラ系,339,23,73,0.0678,0.2153,51.0,0.0,8.02,0.2076,0.0077,1.037,C,阪神ダ短距離(1000-1300)・良・中枠(3-6)で父系統「ナスルーラ系」は基準比リフト1.037
阪神,坂あり・パワー型,芝,短中距離(1400-1600),稍,中枠(3-6),父系統,父系統不明,332,23,71,0.0693,0.2139,48.9,0.0,7.95,0.2062,0.0077,1.037,C,阪神芝短中距離(1400-1600)・稍・中枠(3-6)で父系統「父系統不明」は基準比リフト1.037
新潟,直線長め・平坦型,ダ,中距離(1700-2000),良,内枠(1-2),父系統,ニアークティック系,214,15,45,0.0701,0.2103,47.8,0.0,7.49,0.2028,0.0075,1.037,C,新潟ダ中距離(1700-2000)・良・内枠(1-2)で父系統「ニアークティック系」は基準比リフト1.037
福島,小回り・機動型,ダ,中距離(1700-2000),良,中枠(3-6),父系統,ネイティヴダンサー系,881,62,183,0.0704,0.2077,71.6,0.0,7.7,0.2003,0.0074,1.037,C,福島ダ中距離(1700-2000)・良・中枠(3-6)で父系統「ネイティヴダンサー系」は基準比リフト1.037
福島,小回り・機動型,ダ,中距離(1700-2000),良,中枠(3-6),父系統,父系統不明,833,64,173,0.0768,0.2077,145.5,0.0,7.45,0.2003,0.0074,1.037,C,福島ダ中距離(1700-2000)・良・中枠(3-6)で父系統「父系統不明」は基準比リフト1.037
京都,平坦・スピード型,芝,中距離(1700-2000),良,中枠(3-6),父系統,ロイヤルチャージャー系,2872,252,730,0.0877,0.2542,79.5,0.0,6.91,0.2454,0.0088,1.036,C,京都芝中距離(1700-2000)・良・中枠(3-6)で父系統「ロイヤルチャージャー系」は基準比リフト1.036
中京,直線長め・持続型,ダ,中距離(1700-2000),良,内枠(1-2),父系統,父系統不明,532,31,124,0.0583,0.2331,40.1,0.0,7.02,0.225,0.0081,1.036,C,中京ダ中距離(1700-2000)・良・内枠(1-2)で父系統「父系統不明」は基準比リフト1.036
中京,直線長め・持続型,芝,中距離(1700-2000),良,内枠(1-2),父系統,父系統不明,266,18,62,0.0677,0.2331,55.9,0.0,6.97,0.2251,0.008,1.036,C,中京芝中距離(1700-2000)・良・内枠(1-2)で父系統「父系統不明」は基準比リフト1.036
中山,坂あり・パワー型,ダ,中距離(1700-2000),重不良,中枠(3-6),父系統,ロイヤルチャージャー系,641,46,135,0.0718,0.2106,92.0,0.0,7.94,0.2032,0.0074,1.036,C,中山ダ中距離(1700-2000)・重不良・中枠(3-6)で父系統「ロイヤルチャージャー系」は基準比リフト1.036
中京,直線長め・持続型,ダ,短中距離(1400-1600),良,中枠(3-6),父系統,父系統不明,822,56,168,0.0681,0.2044,71.4,0.0,7.82,0.1973,0.0071,1.036,C,中京ダ短中距離(1400-1600)・良・中枠(3-6)で父系統「父系統不明」は基準比リフト1.036
小倉,小回り・機動型,芝,短距離(1000-1300),良,中枠(3-6),父系統,ニアークティック系,1010,63,204,0.0624,0.202,86.3,0.0,8.63,0.1949,0.0071,1.036,C,小倉芝短距離(1000-1300)・良・中枠(3-6)で父系統「ニアークティック系」は基準比リフト1.036
新潟,直線長め・平坦型,芝,短中距離(1400-1600),良,内枠(1-2),父系統,ロイヤルチャージャー系,1050,65,183,0.0619,0.1743,79.0,0.0,8.69,0.1682,0.0061,1.036,C,新潟芝短中距離(1400-1600)・良・内枠(1-2)で父系統「ロイヤルチャージャー系」は基準比リフト1.036
京都,平坦・スピード型,芝,中長距離(2100-2400),良,中枠(3-6),父系統,父系統不明,198,15,48,0.0758,0.2424,79.2,0.0,7.11,0.2341,0.0083,1.035,C,京都芝中長距離(2100-2400)・良・中枠(3-6)で父系統「父系統不明」は基準比リフト1.035
新潟,直線長め・平坦型,ダ,短距離(1000-1300),重不良,中枠(3-6),父系統,ニアークティック系,123,8,25,0.065,0.2033,18.9,0.0,7.97,0.1964,0.0069,1.035,C,新潟ダ短距離(1000-1300)・重不良・中枠(3-6)で父系統「ニアークティック系」は基準比リフト1.035
東京,直線長め・持続型,ダ,短距離(1000-1300),良,外枠(7-8),父系統,ナスルーラ系,82,5,15,0.061,0.1829,29.5,0.0,8.32,0.1768,0.0061,1.035,C,東京ダ短距離(1000-1300)・良・外枠(7-8)で父系統「ナスルーラ系」は基準比リフト1.035
中山,坂あり・パワー型,ダ,短距離(1000-1300),不,内枠(1-2),父系統,ネイティヴダンサー系,115,7,19,0.0609,0.1652,50.7,0.0,8.9,0.1596,0.0056,1.035,C,中山ダ短距離(1000-1300)・不・内枠(1-2)で父系統「ネイティヴダンサー系」は基準比リフト1.035
函館,小回り・持続型,芝,短距離(1000-1300),良,内枠(1-2),父系統,ロイヤルチャージャー系,598,48,162,0.0803,0.2709,59.0,0.0,7.2,0.262,0.0089,1.034,C,函館芝短距離(1000-1300)・良・内枠(1-2)で父系統「ロイヤルチャージャー系」は基準比リフト1.034
中山,坂あり・パワー型,ダ,中距離(1700-2000),稍,外枠(7-8),父系統,父系統不明,359,24,79,0.0669,0.2201,43.8,0.0,7.62,0.2128,0.0073,1.034,C,中山ダ中距離(1700-2000)・稍・外枠(7-8)で父系統「父系統不明」は基準比リフト1.034
小倉,小回り・機動型,ダ,中距離(1700-2000),重不良,中枠(3-6),父系統,ロイヤルチャージャー系,503,36,109,0.0716,0.2167,59.2,0.0,7.84,0.2095,0.0072,1.034,C,小倉ダ中距離(1700-2000)・重不良・中枠(3-6)で父系統「ロイヤルチャージャー系」は基準比リフト1.034
阪神,坂あり・パワー型,ダ,長距離(2500以上),良,中枠(3-6),父系統,父系統不明,87,10,23,0.1149,0.2644,93.6,0.0,6.85,0.256,0.0084,1.033,C,阪神ダ長距離(2500以上)・良・中枠(3-6)で父系統「父系統不明」は基準比リフト1.033
東京,直線長め・持続型,ダ,中長距離(2100-2400),良,中枠(3-6),父系統,父系統不明,433,37,99,0.0855,0.2286,98.0,0.0,7.34,0.2214,0.0072,1.033,C,東京ダ中長距離(2100-2400)・良・中枠(3-6)で父系統「父系統不明」は基準比リフト1.033
福島,小回り・機動型,ダ,中距離(1700-2000),良,内枠(1-2),父系統,ナスルーラ系,105,8,23,0.0762,0.219,240.8,0.0,8.02,0.2121,0.0069,1.033,C,福島ダ中距離(1700-2000)・良・内枠(1-2)で父系統「ナスルーラ系」は基準比リフト1.033
札幌,小回り・持続型,ダ,中距離(1700-2000),良,内枠(1-2),父系統,ロイヤルチャージャー系,415,28,90,0.0675,0.2169,67.2,0.0,6.85,0.21,0.0069,1.033,C,札幌ダ中距離(1700-2000)・良・内枠(1-2)で父系統「ロイヤルチャージャー系」は基準比リフト1.033
中山,坂あり・パワー型,芝,中長距離(2100-2400),良,中枠(3-6),父系統,ロイヤルチャージャー系,677,54,146,0.0798,0.2157,60.3,0.0,7.47,0.2088,0.0069,1.033,C,中山芝中長距離(2100-2400)・良・中枠(3-6)で父系統「ロイヤルチャージャー系」は基準比リフト1.033
福島,小回り・機動型,芝,短距離(1000-1300),稍,内枠(1-2),父系統,ロイヤルチャージャー系,129,5,26,0.0388,0.2016,19.8,0.0,8.1,0.1951,0.0065,1.033,C,福島芝短距離(1000-1300)・稍・内枠(1-2)で父系統「ロイヤルチャージャー系」は基準比リフト1.033
東京,直線長め・持続型,ダ,短距離(1000-1300),良,外枠(7-8),父系統,ロイヤルチャージャー系,345,22,63,0.0638,0.1826,59.6,0.0,7.92,0.1768,0.0058,1.033,C,東京ダ短距離(1000-1300)・良・外枠(7-8)で父系統「ロイヤルチャージャー系」は基準比リフト1.033
阪神,坂あり・パワー型,芝,短距離(1000-1300),良,内枠(1-2),父系統,ナスルーラ系,82,5,21,0.061,0.2561,19.4,0.0,7.07,0.2482,0.0079,1.032,C,阪神芝短距離(1000-1300)・良・内枠(1-2)で父系統「ナスルーラ系」は基準比リフト1.032
中京,直線長め・持続型,芝,中距離(1700-2000),良,中枠(3-6),父系統,ロイヤルチャージャー系,1489,96,339,0.0645,0.2277,67.3,0.0,7.85,0.2207,0.007,1.032,C,中京芝中距離(1700-2000)・良・中枠(3-6)で父系統「ロイヤルチャージャー系」は基準比リフト1.032
福島,小回り・機動型,芝,中距離(1700-2000),良,中枠(3-6),父系統,ニアークティック系,673,45,152,0.0669,0.2259,56.4,0.0,7.89,0.2188,0.0071,1.032,C,福島芝中距離(1700-2000)・良・中枠(3-6)で父系統「ニアークティック系」は基準比リフト1.032
新潟,直線長め・平坦型,芝,中距離(1700-2000),稍,中枠(3-6),父系統,父系統不明,192,16,43,0.0833,0.224,115.8,0.0,7.56,0.217,0.007,1.032,C,新潟芝中距離(1700-2000)・稍・中枠(3-6)で父系統「父系統不明」は基準比リフト1.032
阪神,坂あり・パワー型,芝,短中距離(1400-1600),良,中枠(3-6),父系統,父系統不明,1604,135,359,0.0842,0.2238,97.4,0.0,7.62,0.2169,0.0069,1.032,C,阪神芝短中距離(1400-1600)・良・中枠(3-6)で父系統「父系統不明」は基準比リフト1.032
小倉,小回り・機動型,芝,短距離(1000-1300),稍,内枠(1-2),父系統,ネイティヴダンサー系,102,7,18,0.0686,0.1765,166.1,0.0,9.27,0.1711,0.0054,1.032,C,小倉芝短距離(1000-1300)・稍・内枠(1-2)で父系統「ネイティヴダンサー系」は基準比リフト1.032
中山,坂あり・パワー型,ダ,短距離(1000-1300),重不良,内枠(1-2),父系統,ロイヤルチャージャー系,219,9,32,0.0411,0.1461,38.2,0.0,8.93,0.1416,0.0045,1.032,C,中山ダ短距離(1000-1300)・重不良・内枠(1-2)で父系統「ロイヤルチャージャー系」は基準比リフト1.032
函館,小回り・持続型,芝,短距離(1000-1300),良,中枠(3-6),父系統,ニアークティック系,512,41,123,0.0801,0.2402,92.2,0.0,7.49,0.2329,0.0073,1.031,C,函館芝短距離(1000-1300)・良・中枠(3-6)で父系統「ニアークティック系」は基準比リフト1.031
福島,小回り・機動型,芝,中距離(1700-2000),稍,内枠(1-2),父系統,ロイヤルチャージャー系,161,14,36,0.087,0.2236,98.5,0.0,7.39,0.2169,0.0067,1.031,C,福島芝中距離(1700-2000)・稍・内枠(1-2)で父系統「ロイヤルチャージャー系」は基準比リフト1.031
京都,平坦・スピード型,ダ,短中距離(1400-1600),重不良,中枠(3-6),父系統,ニアークティック系,132,15,29,0.1136,0.2197,166.3,0.0,8.04,0.2131,0.0066,1.031,C,京都ダ短中距離(1400-1600)・重不良・中枠(3-6)で父系統「ニアークティック系」は基準比リフト1.031
小倉,小回り・機動型,ダ,中距離(1700-2000),良,内枠(1-2),父系統,ロイヤルチャージャー系,733,52,160,0.0709,0.2183,76.2,0.0,7.93,0.2118,0.0065,1.031,C,小倉ダ中距離(1700-2000)・良・内枠(1-2)で父系統「ロイヤルチャージャー系」は基準比リフト1.031
小倉,小回り・機動型,芝,中距離(1700-2000),良,外枠(7-8),父系統,ロイヤルチャージャー系,1843,144,389,0.0781,0.2111,64.7,0.0,7.58,0.2048,0.0063,1.031,C,小倉芝中距離(1700-2000)・良・外枠(7-8)で父系統「ロイヤルチャージャー系」は基準比リフト1.031
中山,坂あり・パワー型,ダ,中距離(1700-2000),良,中枠(3-6),父系統,父系統不明,1920,133,394,0.0693,0.2052,51.7,0.0,7.73,0.199,0.0062,1.031,C,中山ダ中距離(1700-2000)・良・中枠(3-6)で父系統「父系統不明」は基準比リフト1.031
函館,小回り・持続型,芝,中距離(1700-2000),良,内枠(1-2),父系統,ニアークティック系,158,13,46,0.0823,0.2911,60.9,0.0,6.82,0.2826,0.0085,1.03,C,函館芝中距離(1700-2000)・良・内枠(1-2)で父系統「ニアークティック系」は基準比リフト1.03
新潟,直線長め・平坦型,芝,短距離(1000-1300),良,外枠(7-8),父系統,ニアークティック系,341,28,82,0.0821,0.2405,76.7,0.0,8.25,0.2335,0.007,1.03,C,新潟芝短距離(1000-1300)・良・外枠(7-8)で父系統「ニアークティック系」は基準比リフト1.03
新潟,直線長め・平坦型,芝,中距離(1700-2000),良,中枠(3-6),父系統,父系統不明,899,67,201,0.0745,0.2236,60.1,0.0,7.63,0.2171,0.0065,1.03,C,新潟芝中距離(1700-2000)・良・中枠(3-6)で父系統「父系統不明」は基準比リフト1.03
新潟,直線長め・平坦型,ダ,短距離(1000-1300),良,中枠(3-6),父系統,ニアークティック系,766,62,160,0.0809,0.2089,82.5,0.0,7.86,0.2029,0.006,1.03,C,新潟ダ短距離(1000-1300)・良・中枠(3-6)で父系統「ニアークティック系」は基準比リフト1.03
小倉,小回り・機動型,ダ,中距離(1700-2000),良,中枠(3-6),父系統,ロイヤルチャージャー系,1631,110,327,0.0674,0.2005,65.6,0.0,7.88,0.1947,0.0058,1.03,C,小倉ダ中距離(1700-2000)・良・中枠(3-6)で父系統「ロイヤルチャージャー系」は基準比リフト1.03
東京,直線長め・持続型,ダ,中長距離(2100-2400),良,内枠(1-2),父系統,ニアークティック系,138,6,26,0.0435,0.1884,34.7,0.0,8.22,0.183,0.0054,1.03,C,東京ダ中長距離(2100-2400)・良・内枠(1-2)で父系統「ニアークティック系」は基準比リフト1.03
中山,坂あり・パワー型,ダ,短距離(1000-1300),重不良,内枠(1-2),父系統,父系統不明,144,6,21,0.0417,0.1458,19.1,0.0,8.4,0.1416,0.0042,1.03,C,中山ダ短距離(1000-1300)・重不良・内枠(1-2)で父系統「父系統不明」は基準比リフト1.03
中山,坂あり・パワー型,ダ,中長距離(2100-2400),良,外枠(7-8),父系統,ロイヤルチャージャー系,139,11,34,0.0791,0.2446,60.0,0.0,7.34,0.2378,0.0068,1.029,C,中山ダ中長距離(2100-2400)・良・外枠(7-8)で父系統「ロイヤルチャージャー系」は基準比リフト1.029
中山,坂あり・パワー型,ダ,長距離(2500以上),良,中枠(3-6),父系統,父系統不明,102,6,24,0.0588,0.2353,64.0,0.0,7.39,0.2287,0.0066,1.029,C,中山ダ長距離(2500以上)・良・中枠(3-6)で父系統「父系統不明」は基準比リフト1.029
新潟,直線長め・平坦型,ダ,中距離(1700-2000),良,中枠(3-6),父系統,ナスルーラ系,299,20,66,0.0669,0.2207,58.3,0.0,7.78,0.2144,0.0063,1.029,C,新潟ダ中距離(1700-2000)・良・中枠(3-6)で父系統「ナスルーラ系」は基準比リフト1.029
阪神,坂あり・パワー型,ダ,短中距離(1400-1600),重不良,内枠(1-2),父系統,ネイティヴダンサー系,109,9,22,0.0826,0.2018,48.6,0.0,8.05,0.1961,0.0057,1.029,C,阪神ダ短中距離(1400-1600)・重不良・内枠(1-2)で父系統「ネイティヴダンサー系」は基準比リフト1.029
中山,坂あり・パワー型,ダ,短距離(1000-1300),稍,内枠(1-2),父系統,ロイヤルチャージャー系,490,22,91,0.0449,0.1857,76.0,0.0,8.42,0.1805,0.0052,1.029,C,中山ダ短距離(1000-1300)・稍・内枠(1-2)で父系統「ロイヤルチャージャー系」は基準比リフト1.029
函館,小回り・持続型,芝,中距離(1700-2000),良,内枠(1-2),父系統,ロイヤルチャージャー系,530,50,154,0.0943,0.2906,83.9,0.0,6.73,0.2826,0.008,1.028,C,函館芝中距離(1700-2000)・良・内枠(1-2)で父系統「ロイヤルチャージャー系」は基準比リフト1.028
小倉,小回り・機動型,芝,長距離(2500以上),良,中枠(3-6),父系統,ニアークティック系,217,21,57,0.0968,0.2627,44.6,0.0,6.54,0.2556,0.0071,1.028,C,小倉芝長距離(2500以上)・良・中枠(3-6)で父系統「ニアークティック系」は基準比リフト1.028
函館,小回り・持続型,ダ,中距離(1700-2000),良,外枠(7-8),父系統,ロイヤルチャージャー系,676,63,167,0.0932,0.247,99.7,0.0,6.31,0.2402,0.0068,1.028,C,函館ダ中距離(1700-2000)・良・外枠(7-8)で父系統「ロイヤルチャージャー系」は基準比リフト1.028
阪神,坂あり・パワー型,芝,中距離(1700-2000),良,中枠(3-6),父系統,ロイヤルチャージャー系,3051,244,752,0.08,0.2465,57.2,0.0,6.99,0.2399,0.0066,1.028,C,阪神芝中距離(1700-2000)・良・中枠(3-6)で父系統「ロイヤルチャージャー系」は基準比リフト1.028
札幌,小回り・持続型,芝,長距離(2500以上),良,中枠(3-6),父系統,父系統不明,96,11,23,0.1146,0.2396,58.6,0.0,7.39,0.233,0.0066,1.028,C,札幌芝長距離(2500以上)・良・中枠(3-6)で父系統「父系統不明」は基準比リフト1.028
京都,平坦・スピード型,芝,短距離(1000-1300),良,内枠(1-2),父系統,ロイヤルチャージャー系,381,28,91,0.0735,0.2388,60.3,0.0,7.79,0.2324,0.0064,1.028,C,京都芝短距離(1000-1300)・良・内枠(1-2)で父系統「ロイヤルチャージャー系」は基準比リフト1.028
阪神,坂あり・パワー型,芝,短中距離(1400-1600),稍,外枠(7-8),父系統,父系統不明,244,20,50,0.082,0.2049,41.1,0.0,7.41,0.1993,0.0056,1.028,C,阪神芝短中距離(1400-1600)・稍・外枠(7-8)で父系統「父系統不明」は基準比リフト1.028
福島,小回り・機動型,芝,短距離(1000-1300),良,外枠(7-8),父系統,ナスルーラ系,238,22,48,0.0924,0.2017,74.7,0.0,7.94,0.1962,0.0055,1.028,C,福島芝短距離(1000-1300)・良・外枠(7-8)で父系統「ナスルーラ系」は基準比リフト1.028
札幌,小回り・持続型,芝,短中距離(1400-1600),良,中枠(3-6),父系統,ロイヤルチャージャー系,641,56,163,0.0874,0.2543,101.7,0.0,6.82,0.2476,0.0067,1.027,C,札幌芝短中距離(1400-1600)・良・中枠(3-6)で父系統「ロイヤルチャージャー系」は基準比リフト1.027
新潟,直線長め・平坦型,ダ,中距離(1700-2000),良,外枠(7-8),父系統,父系統不明,547,39,127,0.0713,0.2322,91.2,0.0,7.45,0.226,0.0062,1.027,C,新潟ダ中距離(1700-2000)・良・外枠(7-8)で父系統「父系統不明」は基準比リフト1.027
中京,直線長め・持続型,ダ,中距離(1700-2000),良,中枠(3-6),父系統,ロイヤルチャージャー系,1930,143,433,0.0741,0.2244,76.6,0.0,7.74,0.2184,0.006,1.027,C,中京ダ中距離(1700-2000)・良・中枠(3-6)で父系統「ロイヤルチャージャー系」は基準比リフト1.027
東京,直線長め・持続型,芝,短中距離(1400-1600),稍,内枠(1-2),父系統,父系統不明,151,7,32,0.0464,0.2119,132.1,0.0,8.03,0.2063,0.0056,1.027,C,東京芝短中距離(1400-1600)・稍・内枠(1-2)で父系統「父系統不明」は基準比リフト1.027
小倉,小回り・機動型,ダ,中距離(1700-2000),稍,外枠(7-8),父系統,ロイヤルチャージャー系,350,12,68,0.0343,0.1943,32.7,0.0,8.05,0.1892,0.0051,1.027,C,小倉ダ中距離(1700-2000)・稍・外枠(7-8)で父系統「ロイヤルチャージャー系」は基準比リフト1.027
中山,坂あり・パワー型,ダ,短距離(1000-1300),稍,中枠(3-6),父系統,父系統不明,691,41,126,0.0593,0.1823,44.1,0.0,8.28,0.1775,0.0048,1.027,C,中山ダ短距離(1000-1300)・稍・中枠(3-6)で父系統「父系統不明」は基準比リフト1.027
京都,平坦・スピード型,ダ,中距離(1700-2000),稍,中枠(3-6),父系統,ロイヤルチャージャー系,842,74,196,0.0879,0.2328,134.0,0.0,7.35,0.2269,0.0059,1.026,C,京都ダ中距離(1700-2000)・稍・中枠(3-6)で父系統「ロイヤルチャージャー系」は基準比リフト1.026
小倉,小回り・機動型,ダ,短距離(1000-1300),良,中枠(3-6),父系統,ネイティヴダンサー系,437,36,100,0.0824,0.2288,62.2,0.0,7.34,0.2229,0.0059,1.026,C,小倉ダ短距離(1000-1300)・良・中枠(3-6)で父系統「ネイティヴダンサー系」は基準比リフト1.026
東京,直線長め・持続型,ダ,中長距離(2100-2400),良,中枠(3-6),父系統,ロイヤルチャージャー系,1105,90,251,0.0814,0.2271,74.2,0.0,7.65,0.2214,0.0057,1.026,C,東京ダ中長距離(2100-2400)・良・中枠(3-6)で父系統「ロイヤルチャージャー系」は基準比リフト1.026
東京,直線長め・持続型,ダ,短中距離(1400-1600),良,外枠(7-8),父系統,その他のエクリプス系,90,9,20,0.1,0.2222,68.8,0.0,8.27,0.2165,0.0057,1.026,C,東京ダ短中距離(1400-1600)・良・外枠(7-8)で父系統「その他のエクリプス系」は基準比リフト1.026
阪神,坂あり・パワー型,ダ,短中距離(1400-1600),良,内枠(1-2),父系統,ナスルーラ系,189,12,33,0.0635,0.1746,86.9,0.0,8.49,0.1701,0.0045,1.026,C,阪神ダ短中距離(1400-1600)・良・内枠(1-2)で父系統「ナスルーラ系」は基準比リフト1.026
函館,小回り・持続型,芝,中距離(1700-2000),良,中枠(3-6),父系統,ロイヤルチャージャー系,1286,98,316,0.0762,0.2457,76.2,0.0,6.98,0.2397,0.006,1.025,C,函館芝中距離(1700-2000)・良・中枠(3-6)で父系統「ロイヤルチャージャー系」は基準比リフト1.025
新潟,直線長め・平坦型,ダ,中距離(1700-2000),稍,中枠(3-6),父系統,ロイヤルチャージャー系,702,57,165,0.0812,0.235,67.1,0.0,7.19,0.2292,0.0058,1.025,C,新潟ダ中距離(1700-2000)・稍・中枠(3-6)で父系統「ロイヤルチャージャー系」は基準比リフト1.025
東京,直線長め・持続型,芝,中長距離(2100-2400),良,中枠(3-6),父系統,ロイヤルチャージャー系,1209,90,280,0.0744,0.2316,55.4,0.0,7.13,0.226,0.0056,1.025,C,東京芝中長距離(2100-2400)・良・中枠(3-6)で父系統「ロイヤルチャージャー系」は基準比リフト1.025
福島,小回り・機動型,ダ,中距離(1700-2000),良,外枠(7-8),父系統,ロイヤルチャージャー系,943,73,211,0.0774,0.2238,95.1,0.0,7.71,0.2183,0.0055,1.025,C,福島ダ中距離(1700-2000)・良・外枠(7-8)で父系統「ロイヤルチャージャー系」は基準比リフト1.025
京都,平坦・スピード型,ダ,中距離(1700-2000),良,中枠(3-6),父系統,父系統不明,1105,80,247,0.0724,0.2235,80.2,0.0,7.24,0.2181,0.0054,1.025,C,京都ダ中距離(1700-2000)・良・中枠(3-6)で父系統「父系統不明」は基準比リフト1.025
札幌,小回り・持続型,芝,短距離(1000-1300),稍,中枠(3-6),父系統,父系統不明,122,8,27,0.0656,0.2213,72.5,0.0,8.12,0.2158,0.0055,1.025,C,札幌芝短距離(1000-1300)・稍・中枠(3-6)で父系統「父系統不明」は基準比リフト1.025
小倉,小回り・機動型,ダ,短距離(1000-1300),稍,中枠(3-6),父系統,ネイティヴダンサー系,213,12,45,0.0563,0.2113,100.8,0.0,7.33,0.2062,0.0051,1.025,C,小倉ダ短距離(1000-1300)・稍・中枠(3-6)で父系統「ネイティヴダンサー系」は基準比リフト1.025
函館,小回り・持続型,芝,中距離(1700-2000),良,外枠(7-8),父系統,ロイヤルチャージャー系,764,59,161,0.0772,0.2107,66.8,0.0,6.98,0.2056,0.0051,1.025,C,函館芝中距離(1700-2000)・良・外枠(7-8)で父系統「ロイヤルチャージャー系」は基準比リフト1.025
小倉,小回り・機動型,芝,短距離(1000-1300),重不良,中枠(3-6),父系統,ネイティヴダンサー系,90,4,18,0.0444,0.2,20.9,0.0,9.21,0.1952,0.0048,1.025,C,小倉芝短距離(1000-1300)・重不良・中枠(3-6)で父系統「ネイティヴダンサー系」は基準比リフト1.025
東京,直線長め・持続型,ダ,短中距離(1400-1600),良,内枠(1-2),父系統,ネイティヴダンサー系,1414,85,243,0.0601,0.1719,45.7,0.0,8.42,0.1677,0.0042,1.025,C,東京ダ短中距離(1400-1600)・良・内枠(1-2)で父系統「ネイティヴダンサー系」は基準比リフト1.025
中山,坂あり・パワー型,ダ,短距離(1000-1300),不,内枠(1-2),父系統,ロイヤルチャージャー系,165,5,27,0.0303,0.1636,11.8,0.0,8.74,0.1596,0.004,1.025,C,中山ダ短距離(1000-1300)・不・内枠(1-2)で父系統「ロイヤルチャージャー系」は基準比リフト1.025
京都,平坦・スピード型,芝,中距離(1700-2000),重不良,外枠(7-8),父系統,ロイヤルチャージャー系,125,8,30,0.064,0.24,51.3,0.0,7.63,0.2347,0.0053,1.023,C,京都芝中距離(1700-2000)・重不良・外枠(7-8)で父系統「ロイヤルチャージャー系」は基準比リフト1.023
中山,坂あり・パワー型,芝,中距離(1700-2000),稍,内枠(1-2),父系統,父系統不明,126,11,29,0.0873,0.2302,73.9,0.0,8.02,0.2251,0.0051,1.023,C,中山芝中距離(1700-2000)・稍・内枠(1-2)で父系統「父系統不明」は基準比リフト1.023
中山,坂あり・パワー型,芝,短距離(1000-1300),良,外枠(7-8),父系統,父系統不明,309,19,61,0.0615,0.1974,61.6,0.0,8.05,0.1929,0.0045,1.023,C,中山芝短距離(1000-1300)・良・外枠(7-8)で父系統「父系統不明」は基準比リフト1.023
阪神,坂あり・パワー型,ダ,短距離(1000-1300),重不良,内枠(1-2),父系統,ロイヤルチャージャー系,166,8,30,0.0482,0.1807,45.6,0.0,8.44,0.1767,0.004,1.023,C,阪神ダ短距離(1000-1300)・重不良・内枠(1-2)で父系統「ロイヤルチャージャー系」は基準比リフト1.023
阪神,坂あり・パワー型,芝,中距離(1700-2000),良,外枠(7-8),父系統,父系統不明,734,53,175,0.0722,0.2384,52.6,0.0,6.99,0.2332,0.0052,1.022,C,阪神芝中距離(1700-2000)・良・外枠(7-8)で父系統「父系統不明」は基準比リフト1.022
阪神,坂あり・パワー型,芝,中距離(1700-2000),良,外枠(7-8),父系統,ロイヤルチャージャー系,1909,160,455,0.0838,0.2383,108.6,0.0,7.08,0.2332,0.0051,1.022,C,阪神芝中距離(1700-2000)・良・外枠(7-8)で父系統「ロイヤルチャージャー系」は基準比リフト1.022
新潟,直線長め・平坦型,ダ,短距離(1000-1300),良,外枠(7-8),父系統,父系統不明,481,40,112,0.0832,0.2328,71.6,0.0,7.36,0.2279,0.0049,1.022,C,新潟ダ短距離(1000-1300)・良・外枠(7-8)で父系統「父系統不明」は基準比リフト1.022
小倉,小回り・機動型,ダ,短距離(1000-1300),不,中枠(3-6),父系統,ロイヤルチャージャー系,115,8,26,0.0696,0.2261,55.4,0.0,7.45,0.2213,0.0048,1.022,C,小倉ダ短距離(1000-1300)・不・中枠(3-6)で父系統「ロイヤルチャージャー系」は基準比リフト1.022
阪神,坂あり・パワー型,ダ,短距離(1000-1300),良,外枠(7-8),父系統,ネイティヴダンサー系,411,30,87,0.073,0.2117,124.7,0.0,8.18,0.2072,0.0045,1.022,C,阪神ダ短距離(1000-1300)・良・外枠(7-8)で父系統「ネイティヴダンサー系」は基準比リフト1.022
中京,直線長め・持続型,芝,短距離(1000-1300),良,内枠(1-2),父系統,ネイティヴダンサー系,122,4,24,0.0328,0.1967,42.7,0.0,9.82,0.1925,0.0042,1.022,C,中京芝短距離(1000-1300)・良・内枠(1-2)で父系統「ネイティヴダンサー系」は基準比リフト1.022
函館,小回り・持続型,芝,短距離(1000-1300),稍,中枠(3-6),父系統,ニアークティック系,101,10,25,0.099,0.2475,144.3,0.0,6.73,0.2425,0.005,1.021,C,函館芝短距離(1000-1300)・稍・中枠(3-6)で父系統「ニアークティック系」は基準比リフト1.021
東京,直線長め・持続型,芝,短中距離(1400-1600),重不良,中枠(3-6),父系統,ロイヤルチャージャー系,228,13,46,0.057,0.2018,29.6,0.0,7.81,0.1977,0.0041,1.021,C,東京芝短中距離(1400-1600)・重不良・中枠(3-6)で父系統「ロイヤルチャージャー系」は基準比リフト1.021
京都,平坦・スピード型,ダ,中距離(1700-2000),不,外枠(7-8),父系統,ロイヤルチャージャー系,154,11,31,0.0714,0.2013,52.5,0.0,7.35,0.1972,0.0041,1.021,C,京都ダ中距離(1700-2000)・不・外枠(7-8)で父系統「ロイヤルチャージャー系」は基準比リフト1.021
中山,坂あり・パワー型,芝,短距離(1000-1300),稍,内枠(1-2),父系統,ロイヤルチャージャー系,106,7,28,0.066,0.2642,56.6,0.0,8.03,0.259,0.0052,1.02,C,中山芝短距離(1000-1300)・稍・内枠(1-2)で父系統「ロイヤルチャージャー系」は基準比リフト1.02
東京,直線長め・持続型,ダ,短中距離(1400-1600),不,中枠(3-6),父系統,ネイティヴダンサー系,332,34,72,0.1024,0.2169,89.3,0.0,7.92,0.2126,0.0043,1.02,C,東京ダ短中距離(1400-1600)・不・中枠(3-6)で父系統「ネイティヴダンサー系」は基準比リフト1.02
阪神,坂あり・パワー型,ダ,中距離(1700-2000),重不良,内枠(1-2),父系統,ニアークティック系,132,8,27,0.0606,0.2045,110.7,0.0,7.91,0.2005,0.004,1.02,C,阪神ダ中距離(1700-2000)・重不良・内枠(1-2)で父系統「ニアークティック系」は基準比リフト1.02
阪神,坂あり・パワー型,芝,短中距離(1400-1600),稍,外枠(7-8),父系統,ニアークティック系,123,12,25,0.0976,0.2033,59.9,0.0,8.35,0.1993,0.004,1.02,C,阪神芝短中距離(1400-1600)・稍・外枠(7-8)で父系統「ニアークティック系」は基準比リフト1.02
京都,平坦・スピード型,ダ,中距離(1700-2000),良,内枠(1-2),父系統,ロイヤルチャージャー系,1332,106,314,0.0796,0.2357,102.6,0.0,7.45,0.2314,0.0043,1.019,C,京都ダ中距離(1700-2000)・良・内枠(1-2)で父系統「ロイヤルチャージャー系」は基準比リフト1.019
中京,直線長め・持続型,ダ,中距離(1700-2000),良,外枠(7-8),父系統,ネイティヴダンサー系,522,38,111,0.0728,0.2126,44.5,0.0,7.83,0.2087,0.0039,1.019,C,中京ダ中距離(1700-2000)・良・外枠(7-8)で父系統「ネイティヴダンサー系」は基準比リフト1.019
新潟,直線長め・平坦型,芝,短距離(1000-1300),良,中枠(3-6),父系統,ネイティヴダンサー系,734,38,128,0.0518,0.1744,61.0,0.0,8.85,0.1712,0.0032,1.019,C,新潟芝短距離(1000-1300)・良・中枠(3-6)で父系統「ネイティヴダンサー系」は基準比リフト1.019
函館,小回り・持続型,芝,中距離(1700-2000),良,内枠(1-2),父系統,父系統不明,212,18,61,0.0849,0.2877,45.5,0.0,6.39,0.2826,0.0051,1.018,C,函館芝中距離(1700-2000)・良・内枠(1-2)で父系統「父系統不明」は基準比リフト1.018
新潟,直線長め・平坦型,芝,長距離(2500以上),良,内枠(1-2),父系統,ロイヤルチャージャー系,212,15,48,0.0708,0.2264,30.5,0.0,6.76,0.2225,0.0039,1.018,C,新潟芝長距離(2500以上)・良・内枠(1-2)で父系統「ロイヤルチャージャー系」は基準比リフト1.018
京都,平坦・スピード型,ダ,短距離(1000-1300),良,内枠(1-2),父系統,ロイヤルチャージャー系,664,36,143,0.0542,0.2154,34.8,0.0,7.84,0.2115,0.0039,1.018,C,京都ダ短距離(1000-1300)・良・内枠(1-2)で父系統「ロイヤルチャージャー系」は基準比リフト1.018
阪神,坂あり・パワー型,ダ,短中距離(1400-1600),稍,内枠(1-2),父系統,ロイヤルチャージャー系,325,20,61,0.0615,0.1877,108.3,0.0,8.03,0.1843,0.0034,1.018,C,阪神ダ短中距離(1400-1600)・稍・内枠(1-2)で父系統「ロイヤルチャージャー系」は基準比リフト1.018
新潟,直線長め・平坦型,芝,短中距離(1400-1600),良,内枠(1-2),父系統,ネイティヴダンサー系,327,21,56,0.0642,0.1713,87.0,0.0,9.44,0.1682,0.0031,1.018,C,新潟芝短中距離(1400-1600)・良・内枠(1-2)で父系統「ネイティヴダンサー系」は基準比リフト1.018
札幌,小回り・持続型,芝,中距離(1700-2000),良,中枠(3-6),父系統,ロイヤルチャージャー系,1401,117,346,0.0835,0.247,78.4,0.0,7.0,0.2428,0.0042,1.017,C,札幌芝中距離(1700-2000)・良・中枠(3-6)で父系統「ロイヤルチャージャー系」は基準比リフト1.017
中京,直線長め・持続型,芝,中距離(1700-2000),稍,中枠(3-6),父系統,父系統不明,106,5,24,0.0472,0.2264,21.0,0.0,7.48,0.2227,0.0037,1.017,C,中京芝中距離(1700-2000)・稍・中枠(3-6)で父系統「父系統不明」は基準比リフト1.017
京都,平坦・スピード型,芝,短中距離(1400-1600),良,中枠(3-6),父系統,父系統不明,950,70,207,0.0737,0.2179,56.1,0.0,7.77,0.2142,0.0037,1.017,C,京都芝短中距離(1400-1600)・良・中枠(3-6)で父系統「父系統不明」は基準比リフト1.017
東京,直線長め・持続型,ダ,短距離(1000-1300),稍,中枠(3-6),父系統,父系統不明,84,8,17,0.0952,0.2024,115.0,0.0,8.12,0.1991,0.0033,1.017,C,東京ダ短距離(1000-1300)・稍・中枠(3-6)で父系統「父系統不明」は基準比リフト1.017
京都,平坦・スピード型,ダ,短距離(1000-1300),良,中枠(3-6),父系統,ネイティヴダンサー系,1079,77,214,0.0714,0.1983,96.1,0.0,8.06,0.1949,0.0034,1.017,C,京都ダ短距離(1000-1300)・良・中枠(3-6)で父系統「ネイティヴダンサー系」は基準比リフト1.017
京都,平坦・スピード型,ダ,短距離(1000-1300),稍,内枠(1-2),父系統,ロイヤルチャージャー系,170,13,33,0.0765,0.1941,43.2,0.0,8.11,0.1908,0.0033,1.017,C,京都ダ短距離(1000-1300)・稍・内枠(1-2)で父系統「ロイヤルチャージャー系」は基準比リフト1.017
小倉,小回り・機動型,ダ,中距離(1700-2000),稍,外枠(7-8),父系統,ネイティヴダンサー系,187,10,36,0.0535,0.1925,43.4,0.0,8.05,0.1892,0.0033,1.017,C,小倉ダ中距離(1700-2000)・稍・外枠(7-8)で父系統「ネイティヴダンサー系」は基準比リフト1.017
中山,坂あり・パワー型,芝,中距離(1700-2000),不,中枠(3-6),父系統,ロイヤルチャージャー系,91,4,22,0.044,0.2418,30.3,0.0,7.13,0.2379,0.0039,1.016,C,中山芝中距離(1700-2000)・不・中枠(3-6)で父系統「ロイヤルチャージャー系」は基準比リフト1.016
阪神,坂あり・パワー型,ダ,中距離(1700-2000),不,中枠(3-6),父系統,ネイティヴダンサー系,185,8,43,0.0432,0.2324,65.6,0.0,7.62,0.2288,0.0036,1.016,C,阪神ダ中距離(1700-2000)・不・中枠(3-6)で父系統「ネイティヴダンサー系」は基準比リフト1.016
中山,坂あり・パワー型,ダ,短距離(1000-1300),不,中枠(3-6),父系統,父系統不明,160,11,35,0.0688,0.2188,94.2,0.0,7.82,0.2154,0.0034,1.016,C,中山ダ短距離(1000-1300)・不・中枠(3-6)で父系統「父系統不明」は基準比リフト1.016
中京,直線長め・持続型,ダ,中距離(1700-2000),稍,外枠(7-8),父系統,ロイヤルチャージャー系,284,20,61,0.0704,0.2148,178.2,0.0,7.66,0.2115,0.0033,1.016,C,中京ダ中距離(1700-2000)・稍・外枠(7-8)で父系統「ロイヤルチャージャー系」は基準比リフト1.016
小倉,小回り・機動型,ダ,中距離(1700-2000),稍,中枠(3-6),父系統,ナスルーラ系,110,13,23,0.1182,0.2091,287.5,0.0,7.95,0.2059,0.0032,1.016,C,小倉ダ中距離(1700-2000)・稍・中枠(3-6)で父系統「ナスルーラ系」は基準比リフト1.016
中山,坂あり・パワー型,ダ,短距離(1000-1300),良,中枠(3-6),父系統,ネイティヴダンサー系,2024,125,396,0.0618,0.1957,61.4,0.0,8.31,0.1927,0.003,1.016,C,中山ダ短距離(1000-1300)・良・中枠(3-6)で父系統「ネイティヴダンサー系」は基準比リフト1.016
新潟,直線長め・平坦型,ダ,中距離(1700-2000),稍,中枠(3-6),父系統,ネイティヴダンサー系,318,23,74,0.0723,0.2327,42.7,0.0,7.47,0.2292,0.0035,1.015,C,新潟ダ中距離(1700-2000)・稍・中枠(3-6)で父系統「ネイティヴダンサー系」は基準比リフト1.015
京都,平坦・スピード型,芝,中長距離(2100-2400),良,外枠(7-8),父系統,ロイヤルチャージャー系,705,48,161,0.0681,0.2284,70.1,0.0,7.09,0.225,0.0034,1.015,C,京都芝中長距離(2100-2400)・良・外枠(7-8)で父系統「ロイヤルチャージャー系」は基準比リフト1.015
小倉,小回り・機動型,ダ,短距離(1000-1300),良,中枠(3-6),父系統,ナスルーラ系,190,19,43,0.1,0.2263,50.8,0.0,6.81,0.2229,0.0034,1.015,C,小倉ダ短距離(1000-1300)・良・中枠(3-6)で父系統「ナスルーラ系」は基準比リフト1.015
中京,直線長め・持続型,ダ,中距離(1700-2000),稍,内枠(1-2),父系統,ロイヤルチャージャー系,213,16,47,0.0751,0.2207,44.6,0.0,7.44,0.2175,0.0032,1.015,C,中京ダ中距離(1700-2000)・稍・内枠(1-2)で父系統「ロイヤルチャージャー系」は基準比リフト1.015
京都,平坦・スピード型,ダ,短距離(1000-1300),不,中枠(3-6),父系統,ネイティヴダンサー系,81,6,17,0.0741,0.2099,35.4,0.0,8.46,0.2068,0.0031,1.015,C,京都ダ短距離(1000-1300)・不・中枠(3-6)で父系統「ネイティヴダンサー系」は基準比リフト1.015
福島,小回り・機動型,芝,中距離(1700-2000),良,内枠(1-2),父系統,ナスルーラ系,143,11,30,0.0769,0.2098,93.1,0.0,8.03,0.2066,0.0032,1.015,C,福島芝中距離(1700-2000)・良・内枠(1-2)で父系統「ナスルーラ系」は基準比リフト1.015
阪神,坂あり・パワー型,ダ,短距離(1000-1300),稍,外枠(7-8),父系統,ニアークティック系,134,7,32,0.0522,0.2388,34.3,0.0,7.6,0.2356,0.0032,1.014,C,阪神ダ短距離(1000-1300)・稍・外枠(7-8)で父系統「ニアークティック系」は基準比リフト1.014
阪神,坂あり・パワー型,芝,中長距離(2100-2400),良,外枠(7-8),父系統,ロイヤルチャージャー系,591,42,132,0.0711,0.2234,79.2,0.0,6.94,0.2204,0.003,1.014,C,阪神芝中長距離(2100-2400)・良・外枠(7-8)で父系統「ロイヤルチャージャー系」は基準比リフト1.014
新潟,直線長め・平坦型,ダ,中距離(1700-2000),良,中枠(3-6),父系統,ネイティヴダンサー系,901,64,196,0.071,0.2175,81.5,0.0,7.47,0.2144,0.0031,1.014,C,新潟ダ中距離(1700-2000)・良・中枠(3-6)で父系統「ネイティヴダンサー系」は基準比リフト1.014
札幌,小回り・持続型,芝,中距離(1700-2000),良,内枠(1-2),父系統,ネイティヴダンサー系,157,14,44,0.0892,0.2803,150.6,0.0,6.89,0.2768,0.0035,1.013,C,札幌芝中距離(1700-2000)・良・内枠(1-2)で父系統「ネイティヴダンサー系」は基準比リフト1.013
阪神,坂あり・パワー型,ダ,中距離(1700-2000),稍,外枠(7-8),父系統,ニアークティック系,240,29,59,0.1208,0.2458,85.0,0.0,7.6,0.2427,0.0031,1.013,C,阪神ダ中距離(1700-2000)・稍・外枠(7-8)で父系統「ニアークティック系」は基準比リフト1.013
新潟,直線長め・平坦型,芝,短中距離(1400-1600),良,外枠(7-8),父系統,父系統不明,653,47,126,0.072,0.193,76.2,0.0,8.33,0.1905,0.0025,1.013,C,新潟芝短中距離(1400-1600)・良・外枠(7-8)で父系統「父系統不明」は基準比リフト1.013
小倉,小回り・機動型,ダ,中距離(1700-2000),稍,外枠(7-8),父系統,ニアークティック系,120,12,23,0.1,0.1917,68.1,0.0,8.15,0.1892,0.0025,1.013,C,小倉ダ中距離(1700-2000)・稍・外枠(7-8)で父系統「ニアークティック系」は基準比リフト1.013
福島,小回り・機動型,芝,短距離(1000-1300),良,中枠(3-6),父系統,父系統不明,973,62,186,0.0637,0.1912,44.9,0.0,7.77,0.1887,0.0025,1.013,C,福島芝短距離(1000-1300)・良・中枠(3-6)で父系統「父系統不明」は基準比リフト1.013
札幌,小回り・持続型,芝,短中距離(1400-1600),稍,中枠(3-6),父系統,父系統不明,87,9,21,0.1034,0.2414,74.1,0.0,6.74,0.2385,0.0029,1.012,C,札幌芝短中距離(1400-1600)・稍・中枠(3-6)で父系統「父系統不明」は基準比リフト1.012
中山,坂あり・パワー型,芝,短中距離(1400-1600),稍,中枠(3-6),父系統,ロイヤルチャージャー系,391,28,82,0.0716,0.2097,110.7,0.0,7.73,0.2072,0.0025,1.012,C,中山芝短中距離(1400-1600)・稍・中枠(3-6)で父系統「ロイヤルチャージャー系」は基準比リフト1.012
東京,直線長め・持続型,ダ,中長距離(2100-2400),良,外枠(7-8),父系統,ロイヤルチャージャー系,591,38,118,0.0643,0.1997,71.4,0.0,7.83,0.1973,0.0024,1.012,C,東京ダ中長距離(2100-2400)・良・外枠(7-8)で父系統「ロイヤルチャージャー系」は基準比リフト1.012
新潟,直線長め・平坦型,芝,短中距離(1400-1600),良,外枠(7-8),父系統,ニアークティック系,441,29,85,0.0658,0.1927,88.3,0.0,9.14,0.1905,0.0022,1.012,C,新潟芝短中距離(1400-1600)・良・外枠(7-8)で父系統「ニアークティック系」は基準比リフト1.012
新潟,直線長め・平坦型,芝,中距離(1700-2000),良,内枠(1-2),父系統,父系統不明,364,25,69,0.0687,0.1896,54.8,0.0,7.62,0.1874,0.0022,1.012,C,新潟芝中距離(1700-2000)・良・内枠(1-2)で父系統「父系統不明」は基準比リフト1.012
新潟,直線長め・平坦型,芝,長距離(2500以上),良,外枠(7-8),父系統,ロイヤルチャージャー系,415,29,105,0.0699,0.253,107.0,0.0,6.9,0.2503,0.0027,1.011,C,新潟芝長距離(2500以上)・良・外枠(7-8)で父系統「ロイヤルチャージャー系」は基準比リフト1.011
中山,坂あり・パワー型,ダ,中距離(1700-2000),良,外枠(7-8),父系統,父系統不明,1000,90,225,0.09,0.225,96.5,0.0,7.56,0.2226,0.0024,1.011,C,中山ダ中距離(1700-2000)・良・外枠(7-8)で父系統「父系統不明」は基準比リフト1.011
函館,小回り・持続型,芝,短距離(1000-1300),良,外枠(7-8),父系統,ネイティヴダンサー系,306,24,65,0.0784,0.2124,50.2,0.0,7.34,0.21,0.0024,1.011,C,函館芝短距離(1000-1300)・良・外枠(7-8)で父系統「ネイティヴダンサー系」は基準比リフト1.011
中京,直線長め・持続型,芝,短中距離(1400-1600),良,外枠(7-8),父系統,父系統不明,725,55,145,0.0759,0.2,78.5,0.0,7.52,0.1978,0.0022,1.011,C,中京芝短中距離(1400-1600)・良・外枠(7-8)で父系統「父系統不明」は基準比リフト1.011
京都,平坦・スピード型,芝,中長距離(2100-2400),良,内枠(1-2),父系統,ロイヤルチャージャー系,425,42,125,0.0988,0.2941,81.2,0.0,6.33,0.2911,0.003,1.01,C,京都芝中長距離(2100-2400)・良・内枠(1-2)で父系統「ロイヤルチャージャー系」は基準比リフト1.01
中京,直線長め・持続型,芝,中長距離(2100-2400),良,中枠(3-6),父系統,ロイヤルチャージャー系,516,45,120,0.0872,0.2326,95.4,0.0,7.63,0.2304,0.0022,1.01,C,中京芝中長距離(2100-2400)・良・中枠(3-6)で父系統「ロイヤルチャージャー系」は基準比リフト1.01
新潟,直線長め・平坦型,ダ,中距離(1700-2000),不,内枠(1-2),父系統,ロイヤルチャージャー系,98,12,22,0.1224,0.2245,95.3,0.0,7.19,0.2222,0.0023,1.01,C,新潟ダ中距離(1700-2000)・不・内枠(1-2)で父系統「ロイヤルチャージャー系」は基準比リフト1.01
中京,直線長め・持続型,ダ,中距離(1700-2000),良,外枠(7-8),父系統,ニアークティック系,332,26,70,0.0783,0.2108,62.2,0.0,7.81,0.2087,0.0021,1.01,C,中京ダ中距離(1700-2000)・良・外枠(7-8)で父系統「ニアークティック系」は基準比リフト1.01
中京,直線長め・持続型,ダ,中距離(1700-2000),良,外枠(7-8),父系統,ナスルーラ系,204,10,43,0.049,0.2108,42.4,0.0,7.76,0.2087,0.0021,1.01,C,中京ダ中距離(1700-2000)・良・外枠(7-8)で父系統「ナスルーラ系」は基準比リフト1.01
阪神,坂あり・パワー型,芝,短中距離(1400-1600),重不良,中枠(3-6),父系統,ロイヤルチャージャー系,210,16,41,0.0762,0.1952,132.9,0.0,8.45,0.1933,0.0019,1.01,C,阪神芝短中距離(1400-1600)・重不良・中枠(3-6)で父系統「ロイヤルチャージャー系」は基準比リフト1.01
函館,小回り・持続型,ダ,中距離(1700-2000),稍,中枠(3-6),父系統,父系統不明,138,11,33,0.0797,0.2391,49.2,0.0,6.61,0.2369,0.0022,1.009,C,函館ダ中距離(1700-2000)・稍・中枠(3-6)で父系統「父系統不明」は基準比リフト1.009
阪神,坂あり・パワー型,芝,中距離(1700-2000),良,外枠(7-8),父系統,ニアークティック系,425,28,100,0.0659,0.2353,40.8,0.0,7.47,0.2332,0.0021,1.009,C,阪神芝中距離(1700-2000)・良・外枠(7-8)で父系統「ニアークティック系」は基準比リフト1.009
中京,直線長め・持続型,芝,短中距離(1400-1600),稍,中枠(3-6),父系統,ネイティヴダンサー系,108,9,23,0.0833,0.213,189.0,0.0,8.94,0.211,0.002,1.009,C,中京芝短中距離(1400-1600)・稍・中枠(3-6)で父系統「ネイティヴダンサー系」は基準比リフト1.009
京都,平坦・スピード型,芝,短中距離(1400-1600),良,外枠(7-8),父系統,ネイティヴダンサー系,635,44,124,0.0693,0.1953,56.0,0.0,8.2,0.1935,0.0018,1.009,C,京都芝短中距離(1400-1600)・良・外枠(7-8)で父系統「ネイティヴダンサー系」は基準比リフト1.009
新潟,直線長め・平坦型,芝,短距離(1000-1300),良,内枠(1-2),父系統,ニアークティック系,269,11,38,0.0409,0.1413,25.7,0.0,9.09,0.14,0.0013,1.009,C,新潟芝短距離(1000-1300)・良・内枠(1-2)で父系統「ニアークティック系」は基準比リフト1.009
阪神,坂あり・パワー型,芝,中距離(1700-2000),良,内枠(1-2),父系統,父系統不明,519,42,131,0.0809,0.2524,106.4,0.0,6.74,0.2505,0.0019,1.008,C,阪神芝中距離(1700-2000)・良・内枠(1-2)で父系統「父系統不明」は基準比リフト1.008
函館,小回り・持続型,ダ,中距離(1700-2000),稍,中枠(3-6),父系統,ロイヤルチャージャー系,356,28,85,0.0787,0.2388,103.7,0.0,6.57,0.2369,0.0019,1.008,C,函館ダ中距離(1700-2000)・稍・中枠(3-6)で父系統「ロイヤルチャージャー系」は基準比リフト1.008
京都,平坦・スピード型,芝,短距離(1000-1300),良,内枠(1-2),父系統,ネイティヴダンサー系,158,17,37,0.1076,0.2342,217.4,0.0,7.77,0.2324,0.0018,1.008,C,京都芝短距離(1000-1300)・良・内枠(1-2)で父系統「ネイティヴダンサー系」は基準比リフト1.008
京都,平坦・スピード型,ダ,中距離(1700-2000),重不良,内枠(1-2),父系統,ロイヤルチャージャー系,225,17,52,0.0756,0.2311,54.5,0.0,6.94,0.2293,0.0018,1.008,C,京都ダ中距離(1700-2000)・重不良・内枠(1-2)で父系統「ロイヤルチャージャー系」は基準比リフト1.008
京都,平坦・スピード型,ダ,短中距離(1400-1600),良,中枠(3-6),父系統,ナスルーラ系,397,30,80,0.0756,0.2015,58.6,0.0,7.87,0.2,0.0015,1.008,C,京都ダ短中距離(1400-1600)・良・中枠(3-6)で父系統「ナスルーラ系」は基準比リフト1.008
東京,直線長め・持続型,ダ,短中距離(1400-1600),重不良,中枠(3-6),父系統,ネイティヴダンサー系,536,36,105,0.0672,0.1959,90.4,0.0,8.09,0.1943,0.0016,1.008,C,東京ダ短中距離(1400-1600)・重不良・中枠(3-6)で父系統「ネイティヴダンサー系」は基準比リフト1.008
中山,坂あり・パワー型,ダ,短距離(1000-1300),良,中枠(3-6),父系統,ニアークティック系,1410,96,274,0.0681,0.1943,53.7,0.0,8.42,0.1927,0.0016,1.008,C,中山ダ短距離(1000-1300)・良・中枠(3-6)で父系統「ニアークティック系」は基準比リフト1.008
函館,小回り・持続型,芝,長距離(2500以上),良,中枠(3-6),父系統,ロイヤルチャージャー系,227,18,58,0.0793,0.2555,39.6,0.0,6.21,0.2537,0.0018,1.007,C,函館芝長距離(2500以上)・良・中枠(3-6)で父系統「ロイヤルチャージャー系」は基準比リフト1.007
札幌,小回り・持続型,芝,中距離(1700-2000),良,中枠(3-6),父系統,父系統不明,585,53,143,0.0906,0.2444,52.4,0.0,6.86,0.2428,0.0016,1.007,C,札幌芝中距離(1700-2000)・良・中枠(3-6)で父系統「父系統不明」は基準比リフト1.007
小倉,小回り・機動型,ダ,中距離(1700-2000),良,外枠(7-8),父系統,ロイヤルチャージャー系,855,59,170,0.069,0.1988,61.3,0.0,7.85,0.1974,0.0014,1.007,C,小倉ダ中距離(1700-2000)・良・外枠(7-8)で父系統「ロイヤルチャージャー系」は基準比リフト1.007
小倉,小回り・機動型,芝,短距離(1000-1300),稍,中枠(3-6),父系統,ナスルーラ系,98,2,19,0.0204,0.1939,38.3,0.0,8.61,0.1925,0.0014,1.007,C,小倉芝短距離(1000-1300)・稍・中枠(3-6)で父系統「ナスルーラ系」は基準比リフト1.007
京都,平坦・スピード型,芝,短距離(1000-1300),良,外枠(7-8),父系統,ナスルーラ系,137,12,24,0.0876,0.1752,59.9,0.0,7.97,0.1739,0.0013,1.007,C,京都芝短距離(1000-1300)・良・外枠(7-8)で父系統「ナスルーラ系」は基準比リフト1.007
小倉,小回り・機動型,ダ,短距離(1000-1300),稍,外枠(7-8),父系統,ロイヤルチャージャー系,139,13,32,0.0935,0.2302,127.7,0.0,7.76,0.2289,0.0013,1.006,C,小倉ダ短距離(1000-1300)・稍・外枠(7-8)で父系統「ロイヤルチャージャー系」は基準比リフト1.006
新潟,直線長め・平坦型,ダ,中距離(1700-2000),良,外枠(7-8),父系統,ネイティヴダンサー系,484,36,110,0.0744,0.2273,58.4,0.0,7.29,0.226,0.0013,1.006,C,新潟ダ中距離(1700-2000)・良・外枠(7-8)で父系統「ネイティヴダンサー系」は基準比リフト1.006
中京,直線長め・持続型,ダ,短距離(1000-1300),良,外枠(7-8),父系統,ネイティヴダンサー系,260,14,52,0.0538,0.2,45.3,0.0,8.09,0.1988,0.0012,1.006,C,中京ダ短距離(1000-1300)・良・外枠(7-8)で父系統「ネイティヴダンサー系」は基準比リフト1.006
阪神,坂あり・パワー型,芝,短距離(1000-1300),良,外枠(7-8),父系統,父系統不明,241,18,47,0.0747,0.195,38.5,0.0,6.96,0.1938,0.0012,1.006,C,阪神芝短距離(1000-1300)・良・外枠(7-8)で父系統「父系統不明」は基準比リフト1.006
小倉,小回り・機動型,芝,短距離(1000-1300),重不良,内枠(1-2),父系統,父系統不明,106,4,17,0.0377,0.1604,63.5,0.0,9.14,0.1595,0.0009,1.006,C,小倉芝短距離(1000-1300)・重不良・内枠(1-2)で父系統「父系統不明」は基準比リフト1.006
新潟,直線長め・平坦型,ダ,短距離(1000-1300),稍,外枠(7-8),父系統,ネイティヴダンサー系,219,21,52,0.0959,0.2374,91.9,0.0,7.85,0.2363,0.0011,1.005,C,新潟ダ短距離(1000-1300)・稍・外枠(7-8)で父系統「ネイティヴダンサー系」は基準比リフト1.005
京都,平坦・スピード型,ダ,中距離(1700-2000),良,内枠(1-2),父系統,父系統不明,443,35,103,0.079,0.2325,104.8,0.0,7.42,0.2314,0.0011,1.005,C,京都ダ中距離(1700-2000)・良・内枠(1-2)で父系統「父系統不明」は基準比リフト1.005
中山,坂あり・パワー型,芝,中距離(1700-2000),良,内枠(1-2),父系統,ロイヤルチャージャー系,1328,88,296,0.0663,0.2229,50.1,0.0,7.45,0.2217,0.0012,1.005,C,中山芝中距離(1700-2000)・良・内枠(1-2)で父系統「ロイヤルチャージャー系」は基準比リフト1.005
新潟,直線長め・平坦型,ダ,中距離(1700-2000),重不良,外枠(7-8),父系統,ロイヤルチャージャー系,196,18,43,0.0918,0.2194,86.8,0.0,7.14,0.2184,0.001,1.005,C,新潟ダ中距離(1700-2000)・重不良・外枠(7-8)で父系統「ロイヤルチャージャー系」は基準比リフト1.005
阪神,坂あり・パワー型,ダ,中距離(1700-2000),稍,中枠(3-6),父系統,ナスルーラ系,209,15,44,0.0718,0.2105,58.0,0.0,8.05,0.2095,0.001,1.005,C,阪神ダ中距離(1700-2000)・稍・中枠(3-6)で父系統「ナスルーラ系」は基準比リフト1.005
函館,小回り・持続型,芝,中距離(1700-2000),良,内枠(1-2),父系統,ネイティヴダンサー系,134,11,38,0.0821,0.2836,218.3,0.0,7.18,0.2826,0.001,1.004,C,函館芝中距離(1700-2000)・良・内枠(1-2)で父系統「ネイティヴダンサー系」は基準比リフト1.004
中京,直線長め・持続型,芝,長距離(2500以上),良,中枠(3-6),父系統,ロイヤルチャージャー系,473,32,104,0.0677,0.2199,82.4,0.0,7.3,0.219,0.0009,1.004,C,中京芝長距離(2500以上)・良・中枠(3-6)で父系統「ロイヤルチャージャー系」は基準比リフト1.004
阪神,坂あり・パワー型,ダ,短中距離(1400-1600),稍,外枠(7-8),父系統,ネイティヴダンサー系,232,19,50,0.0819,0.2155,138.7,0.0,8.0,0.2147,0.0008,1.004,C,阪神ダ短中距離(1400-1600)・稍・外枠(7-8)で父系統「ネイティヴダンサー系」は基準比リフト1.004
阪神,坂あり・パワー型,ダ,短距離(1000-1300),良,外枠(7-8),父系統,ニアークティック系,298,25,62,0.0839,0.2081,102.1,0.0,7.74,0.2072,0.0009,1.004,C,阪神ダ短距離(1000-1300)・良・外枠(7-8)で父系統「ニアークティック系」は基準比リフト1.004
阪神,坂あり・パワー型,ダ,中距離(1700-2000),不,内枠(1-2),父系統,ロイヤルチャージャー系,167,11,33,0.0659,0.1976,26.0,0.0,7.28,0.1968,0.0008,1.004,C,阪神ダ中距離(1700-2000)・不・内枠(1-2)で父系統「ロイヤルチャージャー系」は基準比リフト1.004
中京,直線長め・持続型,芝,短距離(1000-1300),良,内枠(1-2),父系統,ナスルーラ系,88,11,17,0.125,0.1932,80.5,0.0,8.34,0.1925,0.0007,1.004,C,中京芝短距離(1000-1300)・良・内枠(1-2)で父系統「ナスルーラ系」は基準比リフト1.004
東京,直線長め・持続型,ダ,短中距離(1400-1600),不,内枠(1-2),父系統,ロイヤルチャージャー系,233,10,42,0.0429,0.1803,42.7,0.0,8.45,0.1796,0.0007,1.004,C,東京ダ短中距離(1400-1600)・不・内枠(1-2)で父系統「ロイヤルチャージャー系」は基準比リフト1.004
京都,平坦・スピード型,芝,中長距離(2100-2400),良,中枠(3-6),父系統,ロイヤルチャージャー系,1082,91,254,0.0841,0.2348,70.5,0.0,6.95,0.2341,0.0007,1.003,C,京都芝中長距離(2100-2400)・良・中枠(3-6)で父系統「ロイヤルチャージャー系」は基準比リフト1.003
京都,平坦・スピード型,芝,中長距離(2100-2400),良,外枠(7-8),父系統,ニアークティック系,164,11,37,0.0671,0.2256,34.3,0.0,7.6,0.225,0.0006,1.003,C,京都芝中長距離(2100-2400)・良・外枠(7-8)で父系統「ニアークティック系」は基準比リフト1.003
京都,平坦・スピード型,芝,短中距離(1400-1600),稍,外枠(7-8),父系統,ロイヤルチャージャー系,309,22,69,0.0712,0.2233,83.1,0.0,7.95,0.2226,0.0007,1.003,C,京都芝短中距離(1400-1600)・稍・外枠(7-8)で父系統「ロイヤルチャージャー系」は基準比リフト1.003
阪神,坂あり・パワー型,ダ,短距離(1000-1300),良,中枠(3-6),父系統,ニアークティック系,615,42,128,0.0683,0.2081,62.7,0.0,8.22,0.2076,0.0005,1.002,C,阪神ダ短距離(1000-1300)・良・中枠(3-6)で父系統「ニアークティック系」は基準比リフト1.002
札幌,小回り・持続型,ダ,短距離(1000-1300),良,内枠(1-2),父系統,ロイヤルチャージャー系,122,10,26,0.082,0.2131,39.3,0.0,6.66,0.2129,0.0002,1.001,C,札幌ダ短距離(1000-1300)・良・内枠(1-2)で父系統「ロイヤルチャージャー系」は基準比リフト1.001
京都,平坦・スピード型,ダ,短中距離(1400-1600),良,中枠(3-6),父系統,ロイヤルチャージャー系,1868,119,374,0.0637,0.2002,57.2,0.0,8.12,0.2,0.0002,1.001,C,京都ダ短中距離(1400-1600)・良・中枠(3-6)で父系統「ロイヤルチャージャー系」は基準比リフト1.001
阪神,坂あり・パワー型,芝,短中距離(1400-1600),稍,外枠(7-8),父系統,ロイヤルチャージャー系,376,18,75,0.0479,0.1995,99.2,0.0,8.34,0.1993,0.0002,1.001,C,阪神芝短中距離(1400-1600)・稍・外枠(7-8)で父系統「ロイヤルチャージャー系」は基準比リフト1.001
中京,直線長め・持続型,芝,中距離(1700-2000),良,外枠(7-8),父系統,父系統不明,417,18,82,0.0432,0.1966,43.5,0.0,7.46,0.1964,0.0002,1.001,C,中京芝中距離(1700-2000)・良・外枠(7-8)で父系統「父系統不明」は基準比リフト1.001
小倉,小回り・機動型,芝,短距離(1000-1300),良,中枠(3-6),父系統,ネイティヴダンサー系,1061,70,207,0.066,0.1951,77.8,0.0,8.75,0.1949,0.0002,1.001,C,小倉芝短距離(1000-1300)・良・中枠(3-6)で父系統「ネイティヴダンサー系」は基準比リフト1.001
東京,直線長め・持続型,ダ,中長距離(2100-2400),良,内枠(1-2),父系統,父系統不明,191,10,35,0.0524,0.1832,106.0,0.0,8.12,0.183,0.0002,1.001,C,東京ダ中長距離(2100-2400)・良・内枠(1-2)で父系統「父系統不明」は基準比リフト1.001
阪神,坂あり・パワー型,ダ,短中距離(1400-1600),重不良,中枠(3-6),父系統,ロイヤルチャージャー系,338,19,60,0.0562,0.1775,29.9,0.0,8.0,0.1774,0.0001,1.001,C,阪神ダ短中距離(1400-1600)・重不良・中枠(3-6)で父系統「ロイヤルチャージャー系」は基準比リフト1.001
東京,直線長め・持続型,ダ,短距離(1000-1300),重不良,中枠(3-6),父系統,ネイティヴダンサー系,94,6,16,0.0638,0.1702,133.2,0.0,7.71,0.17,0.0002,1.001,C,東京ダ短距離(1000-1300)・重不良・中枠(3-6)で父系統「ネイティヴダンサー系」は基準比リフト1.001
札幌,小回り・持続型,芝,中距離(1700-2000),良,内枠(1-2),父系統,ロイヤルチャージャー系,524,46,145,0.0878,0.2767,51.8,0.0,6.96,0.2768,-0.0001,1.0,C,札幌芝中距離(1700-2000)・良・内枠(1-2)で父系統「ロイヤルチャージャー系」は基準比リフト1.0
東京,直線長め・持続型,芝,中長距離(2100-2400),良,外枠(7-8),父系統,ネイティヴダンサー系,190,16,43,0.0842,0.2263,37.7,0.0,7.31,0.2262,0.0001,1.0,C,東京芝中長距離(2100-2400)・良・外枠(7-8)で父系統「ネイティヴダンサー系」は基準比リフト1.0
京都,平坦・スピード型,芝,短中距離(1400-1600),稍,中枠(3-6),父系統,ロイヤルチャージャー系,523,28,110,0.0535,0.2103,51.6,0.0,7.75,0.2103,0.0,1.0,C,京都芝短中距離(1400-1600)・稍・中枠(3-6)で父系統「ロイヤルチャージャー系」は基準比リフト1.0
京都,平坦・スピード型,ダ,短中距離(1400-1600),良,中枠(3-6),父系統,父系統不明,550,35,110,0.0636,0.2,79.0,0.0,7.78,0.2,0.0,1.0,C,京都ダ短中距離(1400-1600)・良・中枠(3-6)で父系統「父系統不明」は基準比リフト1.0
阪神,坂あり・パワー型,ダ,短中距離(1400-1600),稍,中枠(3-6),父系統,ネイティヴダンサー系,442,32,87,0.0724,0.1968,100.8,0.0,7.95,0.1968,0.0,1.0,C,阪神ダ短中距離(1400-1600)・稍・中枠(3-6)で父系統「ネイティヴダンサー系」は基準比リフト1.0
小倉,小回り・機動型,芝,短距離(1000-1300),良,内枠(1-2),父系統,ロイヤルチャージャー系,1102,63,209,0.0572,0.1897,61.0,0.0,8.67,0.1897,0.0,1.0,C,小倉芝短距離(1000-1300)・良・内枠(1-2)で父系統「ロイヤルチャージャー系」は基準比リフト1.0
京都,平坦・スピード型,芝,長距離(2500以上),良,外枠(7-8),父系統,ロイヤルチャージャー系,132,13,24,0.0985,0.1818,52.0,0.0,7.73,0.1818,0.0,1.0,C,京都芝長距離(2500以上)・良・外枠(7-8)で父系統「ロイヤルチャージャー系」は基準比リフト1.0
京都,平坦・スピード型,ダ,中距離(1700-2000),不,中枠(3-6),父系統,ネイティヴダンサー系,152,12,35,0.0789,0.2303,126.3,0.0,7.38,0.2306,-0.0003,0.999,参考,京都ダ中距離(1700-2000)・不・中枠(3-6)で父系統「ネイティヴダンサー系」は基準比リフト0.999
阪神,坂あり・パワー型,ダ,短中距離(1400-1600),良,外枠(7-8),父系統,ロイヤルチャージャー系,891,60,197,0.0673,0.2211,72.5,0.0,7.94,0.2213,-0.0002,0.999,参考,阪神ダ短中距離(1400-1600)・良・外枠(7-8)で父系統「ロイヤルチャージャー系」は基準比リフト0.999
中京,直線長め・持続型,ダ,短中距離(1400-1600),良,内枠(1-2),父系統,父系統不明,391,23,77,0.0588,0.1969,51.3,0.0,7.53,0.1971,-0.0002,0.999,参考,中京ダ短中距離(1400-1600)・良・内枠(1-2)で父系統「父系統不明」は基準比リフト0.999
京都,平坦・スピード型,ダ,短中距離(1400-1600),良,外枠(7-8),父系統,ロイヤルチャージャー系,964,70,187,0.0726,0.194,87.3,0.0,8.09,0.1942,-0.0002,0.999,参考,京都ダ短中距離(1400-1600)・良・外枠(7-8)で父系統「ロイヤルチャージャー系」は基準比リフト0.999
阪神,坂あり・パワー型,ダ,短中距離(1400-1600),不,中枠(3-6),父系統,ロイヤルチャージャー系,247,17,55,0.0688,0.2227,44.8,0.0,8.06,0.2231,-0.0004,0.998,参考,阪神ダ短中距離(1400-1600)・不・中枠(3-6)で父系統「ロイヤルチャージャー系」は基準比リフト0.998
中京,直線長め・持続型,ダ,中距離(1700-2000),稍,外枠(7-8),父系統,ニアークティック系,90,6,19,0.0667,0.2111,40.8,0.0,7.89,0.2115,-0.0004,0.998,参考,中京ダ中距離(1700-2000)・稍・外枠(7-8)で父系統「ニアークティック系」は基準比リフト0.998
福島,小回り・機動型,芝,短距離(1000-1300),良,中枠(3-6),父系統,ネイティヴダンサー系,871,58,164,0.0666,0.1883,121.0,0.0,8.22,0.1887,-0.0004,0.998,参考,福島芝短距離(1000-1300)・良・中枠(3-6)で父系統「ネイティヴダンサー系」は基準比リフト0.998
中山,坂あり・パワー型,ダ,短距離(1000-1300),良,内枠(1-2),父系統,父系統不明,907,63,160,0.0695,0.1764,56.8,0.0,8.27,0.1768,-0.0004,0.998,参考,中山ダ短距離(1000-1300)・良・内枠(1-2)で父系統「父系統不明」は基準比リフト0.998
新潟,直線長め・平坦型,ダ,短距離(1000-1300),良,内枠(1-2),父系統,ニアークティック系,256,12,45,0.0469,0.1758,36.7,0.0,8.46,0.1762,-0.0004,0.998,参考,新潟ダ短距離(1000-1300)・良・内枠(1-2)で父系統「ニアークティック系」は基準比リフト0.998
札幌,小回り・持続型,ダ,中距離(1700-2000),良,内枠(1-2),父系統,ネイティヴダンサー系,172,10,36,0.0581,0.2093,51.2,0.0,6.53,0.21,-0.0007,0.997,参考,札幌ダ中距離(1700-2000)・良・内枠(1-2)で父系統「ネイティヴダンサー系」は基準比リフト0.997
中山,坂あり・パワー型,芝,中長距離(2100-2400),良,中枠(3-6),父系統,ネイティヴダンサー系,149,8,31,0.0537,0.2081,25.2,0.0,7.62,0.2088,-0.0007,0.997,参考,中山芝中長距離(2100-2400)・良・中枠(3-6)で父系統「ネイティヴダンサー系」は基準比リフト0.997
札幌,小回り・持続型,芝,中距離(1700-2000),良,外枠(7-8),父系統,ナスルーラ系,82,9,17,0.1098,0.2073,203.7,0.0,8.04,0.2079,-0.0006,0.997,参考,札幌芝中距離(1700-2000)・良・外枠(7-8)で父系統「ナスルーラ系」は基準比リフト0.997
阪神,坂あり・パワー型,ダ,中距離(1700-2000),良,内枠(1-2),父系統,ネイティヴダンサー系,565,29,116,0.0513,0.2053,36.8,0.0,7.45,0.206,-0.0007,0.997,参考,阪神ダ中距離(1700-2000)・良・内枠(1-2)で父系統「ネイティヴダンサー系」は基準比リフト0.997
新潟,直線長め・平坦型,ダ,中距離(1700-2000),良,内枠(1-2),父系統,ロイヤルチャージャー系,668,50,135,0.0749,0.2021,79.4,0.0,7.61,0.2028,-0.0007,0.997,参考,新潟ダ中距離(1700-2000)・良・内枠(1-2)で父系統「ロイヤルチャージャー系」は基準比リフト0.997
福島,小回り・機動型,芝,中距離(1700-2000),良,外枠(7-8),父系統,ニアークティック系,315,18,59,0.0571,0.1873,180.1,0.0,8.58,0.1878,-0.0005,0.997,参考,福島芝中距離(1700-2000)・良・外枠(7-8)で父系統「ニアークティック系」は基準比リフト0.997
阪神,坂あり・パワー型,芝,中距離(1700-2000),重不良,内枠(1-2),父系統,ロイヤルチャージャー系,98,7,25,0.0714,0.2551,68.3,0.0,6.62,0.2561,-0.001,0.996,参考,阪神芝中距離(1700-2000)・重不良・内枠(1-2)で父系統「ロイヤルチャージャー系」は基準比リフト0.996
札幌,小回り・持続型,ダ,短距離(1000-1300),良,中枠(3-6),父系統,ナスルーラ系,102,11,26,0.1078,0.2549,113.3,0.0,6.29,0.2558,-0.0009,0.996,参考,札幌ダ短距離(1000-1300)・良・中枠(3-6)で父系統「ナスルーラ系」は基準比リフト0.996
阪神,坂あり・パワー型,芝,中長距離(2100-2400),稍,内枠(1-2),父系統,ロイヤルチャージャー系,94,10,23,0.1064,0.2447,91.3,0.0,7.76,0.2457,-0.001,0.996,参考,阪神芝中長距離(2100-2400)・稍・内枠(1-2)で父系統「ロイヤルチャージャー系」は基準比リフト0.996
中京,直線長め・持続型,ダ,中距離(1700-2000),良,内枠(1-2),父系統,ロイヤルチャージャー系,852,66,191,0.0775,0.2242,66.6,0.0,7.54,0.225,-0.0008,0.996,参考,中京ダ中距離(1700-2000)・良・内枠(1-2)で父系統「ロイヤルチャージャー系」は基準比リフト0.996
福島,小回り・機動型,芝,中距離(1700-2000),良,中枠(3-6),父系統,ロイヤルチャージャー系,2308,165,503,0.0715,0.2179,76.1,0.0,7.68,0.2188,-0.0009,0.996,参考,福島芝中距離(1700-2000)・良・中枠(3-6)で父系統「ロイヤルチャージャー系」は基準比リフト0.996
小倉,小回り・機動型,ダ,中距離(1700-2000),良,内枠(1-2),父系統,ニアークティック系,313,24,66,0.0767,0.2109,89.6,0.0,8.19,0.2118,-0.0009,0.996,参考,小倉ダ中距離(1700-2000)・良・内枠(1-2)で父系統「ニアークティック系」は基準比リフト0.996
中京,直線長め・持続型,芝,短中距離(1400-1600),稍,中枠(3-6),父系統,ロイヤルチャージャー系,414,19,87,0.0459,0.2101,31.4,0.0,8.1,0.211,-0.0009,0.996,参考,中京芝短中距離(1400-1600)・稍・中枠(3-6)で父系統「ロイヤルチャージャー系」は基準比リフト0.996
中山,坂あり・パワー型,芝,短距離(1000-1300),良,中枠(3-6),父系統,ネイティヴダンサー系,574,38,115,0.0662,0.2003,50.0,0.0,8.32,0.2011,-0.0008,0.996,参考,中山芝短距離(1000-1300)・良・中枠(3-6)で父系統「ネイティヴダンサー系」は基準比リフト0.996
中京,直線長め・持続型,ダ,中距離(1700-2000),重不良,中枠(3-6),父系統,ロイヤルチャージャー系,403,32,78,0.0794,0.1935,81.2,0.0,7.73,0.1943,-0.0008,0.996,参考,中京ダ中距離(1700-2000)・重不良・中枠(3-6)で父系統「ロイヤルチャージャー系」は基準比リフト0.996
東京,直線長め・持続型,芝,中長距離(2100-2400),稍,外枠(7-8),父系統,ロイヤルチャージャー系,94,5,20,0.0532,0.2128,24.1,0.0,7.54,0.2139,-0.0011,0.995,参考,東京芝中長距離(2100-2400)・稍・外枠(7-8)で父系統「ロイヤルチャージャー系」は基準比リフト0.995
京都,平坦・スピード型,ダ,中距離(1700-2000),良,外枠(7-8),父系統,ネイティヴダンサー系,803,61,165,0.076,0.2055,69.8,0.0,7.55,0.2066,-0.0011,0.995,参考,京都ダ中距離(1700-2000)・良・外枠(7-8)で父系統「ネイティヴダンサー系」は基準比リフト0.995
中京,直線長め・持続型,ダ,短距離(1000-1300),稍,外枠(7-8),父系統,ロイヤルチャージャー系,111,8,21,0.0721,0.1892,101.7,0.0,7.76,0.1902,-0.001,0.995,参考,中京ダ短距離(1000-1300)・稍・外枠(7-8)で父系統「ロイヤルチャージャー系」は基準比リフト0.995
阪神,坂あり・パワー型,ダ,中距離(1700-2000),良,外枠(7-8),父系統,ナスルーラ系,304,25,71,0.0822,0.2336,63.1,0.0,7.55,0.2351,-0.0015,0.994,参考,阪神ダ中距離(1700-2000)・良・外枠(7-8)で父系統「ナスルーラ系」は基準比リフト0.994
新潟,直線長め・平坦型,芝,長距離(2500以上),良,中枠(3-6),父系統,ニアークティック系,223,12,50,0.0538,0.2242,69.1,0.0,7.32,0.2255,-0.0013,0.994,参考,新潟芝長距離(2500以上)・良・中枠(3-6)で父系統「ニアークティック系」は基準比リフト0.994
小倉,小回り・機動型,ダ,短距離(1000-1300),重不良,中枠(3-6),父系統,父系統不明,139,11,31,0.0791,0.223,167.9,0.0,7.25,0.2243,-0.0013,0.994,参考,小倉ダ短距離(1000-1300)・重不良・中枠(3-6)で父系統「父系統不明」は基準比リフト0.994
小倉,小回り・機動型,芝,中距離(1700-2000),良,内枠(1-2),父系統,父系統不明,461,29,102,0.0629,0.2213,42.1,0.0,7.34,0.2226,-0.0013,0.994,参考,小倉芝中距離(1700-2000)・良・内枠(1-2)で父系統「父系統不明」は基準比リフト0.994
阪神,坂あり・パワー型,ダ,短中距離(1400-1600),良,外枠(7-8),父系統,父系統不明,623,51,137,0.0819,0.2199,49.2,0.0,7.31,0.2213,-0.0014,0.994,参考,阪神ダ短中距離(1400-1600)・良・外枠(7-8)で父系統「父系統不明」は基準比リフト0.994
京都,平坦・スピード型,芝,中距離(1700-2000),良,中枠(3-6),父系統,ネイティヴダンサー系,702,54,171,0.0769,0.2436,74.5,0.0,7.24,0.2454,-0.0018,0.993,参考,京都芝中距離(1700-2000)・良・中枠(3-6)で父系統「ネイティヴダンサー系」は基準比リフト0.993
新潟,直線長め・平坦型,芝,中長距離(2100-2400),良,中枠(3-6),父系統,父系統不明,189,15,43,0.0794,0.2275,52.5,0.0,7.79,0.229,-0.0015,0.993,参考,新潟芝中長距離(2100-2400)・良・中枠(3-6)で父系統「父系統不明」は基準比リフト0.993
札幌,小回り・持続型,芝,短距離(1000-1300),良,外枠(7-8),父系統,ロイヤルチャージャー系,453,29,99,0.064,0.2185,94.3,0.0,8.07,0.2201,-0.0016,0.993,参考,札幌芝短距離(1000-1300)・良・外枠(7-8)で父系統「ロイヤルチャージャー系」は基準比リフト0.993
中山,坂あり・パワー型,芝,短中距離(1400-1600),良,中枠(3-6),父系統,父系統不明,1035,80,207,0.0773,0.2,68.2,0.0,7.57,0.2014,-0.0014,0.993,参考,中山芝短中距離(1400-1600)・良・中枠(3-6)で父系統「父系統不明」は基準比リフト0.993
東京,直線長め・持続型,ダ,短中距離(1400-1600),良,中枠(3-6),父系統,ナスルーラ系,1084,65,215,0.06,0.1983,28.7,0.0,8.13,0.1997,-0.0014,0.993,参考,東京ダ短中距離(1400-1600)・良・中枠(3-6)で父系統「ナスルーラ系」は基準比リフト0.993
新潟,直線長め・平坦型,芝,中長距離(2100-2400),稍,中枠(3-6),父系統,ロイヤルチャージャー系,104,8,22,0.0769,0.2115,53.0,0.0,6.86,0.2131,-0.0016,0.992,参考,新潟芝中長距離(2100-2400)・稍・中枠(3-6)で父系統「ロイヤルチャージャー系」は基準比リフト0.992
福島,小回り・機動型,ダ,中距離(1700-2000),良,内枠(1-2),父系統,ロイヤルチャージャー系,675,51,142,0.0756,0.2104,96.6,0.0,7.71,0.2121,-0.0017,0.992,参考,福島ダ中距離(1700-2000)・良・内枠(1-2)で父系統「ロイヤルチャージャー系」は基準比リフト0.992
京都,平坦・スピード型,ダ,短距離(1000-1300),良,外枠(7-8),父系統,ロイヤルチャージャー系,740,58,150,0.0784,0.2027,63.1,0.0,8.1,0.2043,-0.0016,0.992,参考,京都ダ短距離(1000-1300)・良・外枠(7-8)で父系統「ロイヤルチャージャー系」は基準比リフト0.992
函館,小回り・持続型,ダ,中距離(1700-2000),重不良,中枠(3-6),父系統,父系統不明,122,11,24,0.0902,0.1967,49.8,0.0,6.62,0.1983,-0.0016,0.992,参考,函館ダ中距離(1700-2000)・重不良・中枠(3-6)で父系統「父系統不明」は基準比リフト0.992
東京,直線長め・持続型,ダ,短距離(1000-1300),良,中枠(3-6),父系統,ロイヤルチャージャー系,697,51,136,0.0732,0.1951,78.3,0.0,8.39,0.1967,-0.0016,0.992,参考,東京ダ短距離(1000-1300)・良・中枠(3-6)で父系統「ロイヤルチャージャー系」は基準比リフト0.992
中京,直線長め・持続型,ダ,中距離(1700-2000),重不良,内枠(1-2),父系統,ロイヤルチャージャー系,169,14,41,0.0828,0.2426,102.8,0.0,7.8,0.2449,-0.0023,0.991,参考,中京ダ中距離(1700-2000)・重不良・内枠(1-2)で父系統「ロイヤルチャージャー系」は基準比リフト0.991
中山,坂あり・パワー型,ダ,中距離(1700-2000),良,外枠(7-8),父系統,ロイヤルチャージャー系,1850,135,408,0.073,0.2205,70.6,0.0,7.86,0.2226,-0.0021,0.991,参考,中山ダ中距離(1700-2000)・良・外枠(7-8)で父系統「ロイヤルチャージャー系」は基準比リフト0.991
阪神,坂あり・パワー型,芝,中長距離(2100-2400),良,中枠(3-6),父系統,ネイティヴダンサー系,244,22,63,0.0902,0.2582,89.5,0.0,7.12,0.2609,-0.0027,0.99,参考,阪神芝中長距離(2100-2400)・良・中枠(3-6)で父系統「ネイティヴダンサー系」は基準比リフト0.99
新潟,直線長め・平坦型,ダ,短距離(1000-1300),稍,外枠(7-8),父系統,ロイヤルチャージャー系,282,18,66,0.0638,0.234,62.0,0.0,7.99,0.2363,-0.0023,0.99,参考,新潟ダ短距離(1000-1300)・稍・外枠(7-8)で父系統「ロイヤルチャージャー系」は基準比リフト0.99
中山,坂あり・パワー型,ダ,長距離(2500以上),良,中枠(3-6),父系統,ネイティヴダンサー系,181,16,41,0.0884,0.2265,110.4,0.0,7.06,0.2287,-0.0022,0.99,参考,中山ダ長距離(2500以上)・良・中枠(3-6)で父系統「ネイティヴダンサー系」は基準比リフト0.99
新潟,直線長め・平坦型,芝,長距離(2500以上),稍,中枠(3-6),父系統,ロイヤルチャージャー系,200,19,45,0.095,0.225,74.2,0.0,7.0,0.2272,-0.0022,0.99,参考,新潟芝長距離(2500以上)・稍・中枠(3-6)で父系統「ロイヤルチャージャー系」は基準比リフト0.99
京都,平坦・スピード型,ダ,中距離(1700-2000),良,外枠(7-8),父系統,ロイヤルチャージャー系,1784,114,365,0.0639,0.2046,87.6,0.0,7.59,0.2066,-0.002,0.99,参考,京都ダ中距離(1700-2000)・良・外枠(7-8)で父系統「ロイヤルチャージャー系」は基準比リフト0.99
東京,直線長め・持続型,ダ,中長距離(2100-2400),良,内枠(1-2),父系統,ロイヤルチャージャー系,486,29,88,0.0597,0.1811,97.3,0.0,7.99,0.183,-0.0019,0.99,参考,東京ダ中長距離(2100-2400)・良・内枠(1-2)で父系統「ロイヤルチャージャー系」は基準比リフト0.99
福島,小回り・機動型,芝,短距離(1000-1300),良,中枠(3-6),父系統,ロイヤルチャージャー系,2133,129,398,0.0605,0.1866,55.7,0.0,8.14,0.1887,-0.0021,0.989,参考,福島芝短距離(1000-1300)・良・中枠(3-6)で父系統「ロイヤルチャージャー系」は基準比リフト0.989
福島,小回り・機動型,ダ,中距離(1700-2000),稍,外枠(7-8),父系統,ニアークティック系,81,8,20,0.0988,0.2469,61.4,0.0,7.74,0.25,-0.0031,0.988,参考,福島ダ中距離(1700-2000)・稍・外枠(7-8)で父系統「ニアークティック系」は基準比リフト0.988
新潟,直線長め・平坦型,ダ,短距離(1000-1300),稍,外枠(7-8),父系統,ニアークティック系,167,13,39,0.0778,0.2335,54.5,0.0,7.93,0.2363,-0.0028,0.988,参考,新潟ダ短距離(1000-1300)・稍・外枠(7-8)で父系統「ニアークティック系」は基準比リフト0.988
中京,直線長め・持続型,ダ,短中距離(1400-1600),良,中枠(3-6),父系統,ニアークティック系,354,27,69,0.0763,0.1949,111.5,0.0,8.63,0.1973,-0.0024,0.988,参考,中京ダ短中距離(1400-1600)・良・中枠(3-6)で父系統「ニアークティック系」は基準比リフト0.988
東京,直線長め・持続型,ダ,短距離(1000-1300),重不良,中枠(3-6),父系統,ロイヤルチャージャー系,131,3,22,0.0229,0.1679,38.0,0.0,8.24,0.17,-0.0021,0.988,参考,東京ダ短距離(1000-1300)・重不良・中枠(3-6)で父系統「ロイヤルチャージャー系」は基準比リフト0.988
函館,小回り・持続型,芝,長距離(2500以上),良,内枠(1-2),父系統,ロイヤルチャージャー系,96,11,25,0.1146,0.2604,100.2,0.0,6.5,0.2637,-0.0033,0.987,参考,函館芝長距離(2500以上)・良・内枠(1-2)で父系統「ロイヤルチャージャー系」は基準比リフト0.987
新潟,直線長め・平坦型,ダ,短距離(1000-1300),不,中枠(3-6),父系統,父系統不明,94,5,20,0.0532,0.2128,23.2,0.0,7.91,0.2157,-0.0029,0.987,参考,新潟ダ短距離(1000-1300)・不・中枠(3-6)で父系統「父系統不明」は基準比リフト0.987
阪神,坂あり・パワー型,ダ,中距離(1700-2000),不,外枠(7-8),父系統,ネイティヴダンサー系,112,10,23,0.0893,0.2054,57.7,0.0,7.78,0.2081,-0.0027,0.987,参考,阪神ダ中距離(1700-2000)・不・外枠(7-8)で父系統「ネイティヴダンサー系」は基準比リフト0.987
阪神,坂あり・パワー型,ダ,短距離(1000-1300),良,中枠(3-6),父系統,ネイティヴダンサー系,776,53,159,0.0683,0.2049,81.6,0.0,8.08,0.2076,-0.0027,0.987,参考,阪神ダ短距離(1000-1300)・良・中枠(3-6)で父系統「ネイティヴダンサー系」は基準比リフト0.987
中京,直線長め・持続型,ダ,短中距離(1400-1600),重不良,中枠(3-6),父系統,ロイヤルチャージャー系,178,6,36,0.0337,0.2022,67.7,0.0,8.33,0.2048,-0.0026,0.987,参考,中京ダ短中距離(1400-1600)・重不良・中枠(3-6)で父系統「ロイヤルチャージャー系」は基準比リフト0.987
東京,直線長め・持続型,芝,長距離(2500以上),良,内枠(1-2),父系統,ロイヤルチャージャー系,120,10,33,0.0833,0.275,41.8,0.0,7.2,0.2788,-0.0038,0.986,参考,東京芝長距離(2500以上)・良・内枠(1-2)で父系統「ロイヤルチャージャー系」は基準比リフト0.986
中京,直線長め・持続型,芝,長距離(2500以上),良,内枠(1-2),父系統,ロイヤルチャージャー系,138,10,34,0.0725,0.2464,56.4,0.0,6.67,0.25,-0.0036,0.986,参考,中京芝長距離(2500以上)・良・内枠(1-2)で父系統「ロイヤルチャージャー系」は基準比リフト0.986
東京,直線長め・持続型,ダ,中長距離(2100-2400),稍,中枠(3-6),父系統,ロイヤルチャージャー系,233,14,54,0.0601,0.2318,65.0,0.0,7.53,0.2351,-0.0033,0.986,参考,東京ダ中長距離(2100-2400)・稍・中枠(3-6)で父系統「ロイヤルチャージャー系」は基準比リフト0.986
東京,直線長め・持続型,ダ,短中距離(1400-1600),重不良,外枠(7-8),父系統,父系統不明,291,21,65,0.0722,0.2234,39.1,0.0,7.37,0.2265,-0.0031,0.986,参考,東京ダ短中距離(1400-1600)・重不良・外枠(7-8)で父系統「父系統不明」は基準比リフト0.986
京都,平坦・スピード型,ダ,中距離(1700-2000),良,中枠(3-6),父系統,ロイヤルチャージャー系,3152,218,678,0.0692,0.2151,83.1,0.0,7.48,0.2181,-0.003,0.986,参考,京都ダ中距離(1700-2000)・良・中枠(3-6)で父系統「ロイヤルチャージャー系」は基準比リフト0.986
阪神,坂あり・パワー型,ダ,短距離(1000-1300),良,外枠(7-8),父系統,ナスルーラ系,191,14,39,0.0733,0.2042,93.7,0.0,7.58,0.2072,-0.003,0.986,参考,阪神ダ短距離(1000-1300)・良・外枠(7-8)で父系統「ナスルーラ系」は基準比リフト0.986
中山,坂あり・パワー型,ダ,中距離(1700-2000),良,中枠(3-6),父系統,ロイヤルチャージャー系,3420,224,671,0.0655,0.1962,73.3,0.0,7.95,0.199,-0.0028,0.986,参考,中山ダ中距離(1700-2000)・良・中枠(3-6)で父系統「ロイヤルチャージャー系」は基準比リフト0.986
福島,小回り・機動型,芝,中距離(1700-2000),稍,中枠(3-6),父系統,ネイティヴダンサー系,94,5,17,0.0532,0.1809,82.0,0.0,8.33,0.1834,-0.0025,0.986,参考,福島芝中距離(1700-2000)・稍・中枠(3-6)で父系統「ネイティヴダンサー系」は基準比リフト0.986
新潟,直線長め・平坦型,芝,短中距離(1400-1600),良,内枠(1-2),父系統,父系統不明,446,31,74,0.0695,0.1659,72.4,0.0,8.52,0.1682,-0.0023,0.986,参考,新潟芝短中距離(1400-1600)・良・内枠(1-2)で父系統「父系統不明」は基準比リフト0.986
京都,平坦・スピード型,芝,中距離(1700-2000),良,内枠(1-2),父系統,ニアークティック系,293,18,69,0.0614,0.2355,44.8,0.0,7.58,0.239,-0.0035,0.985,参考,京都芝中距離(1700-2000)・良・内枠(1-2)で父系統「ニアークティック系」は基準比リフト0.985
札幌,小回り・持続型,芝,短距離(1000-1300),良,内枠(1-2),父系統,ニアークティック系,153,8,35,0.0523,0.2288,43.3,0.0,7.39,0.2324,-0.0036,0.985,参考,札幌芝短距離(1000-1300)・良・内枠(1-2)で父系統「ニアークティック系」は基準比リフト0.985
小倉,小回り・機動型,芝,短距離(1000-1300),良,外枠(7-8),父系統,ニアークティック系,733,48,143,0.0655,0.1951,102.1,0.0,9.0,0.1981,-0.003,0.985,参考,小倉芝短距離(1000-1300)・良・外枠(7-8)で父系統「ニアークティック系」は基準比リフト0.985
中京,直線長め・持続型,芝,短距離(1000-1300),良,外枠(7-8),父系統,ネイティヴダンサー系,212,8,34,0.0377,0.1604,29.5,0.0,9.73,0.1628,-0.0024,0.985,参考,中京芝短距離(1000-1300)・良・外枠(7-8)で父系統「ネイティヴダンサー系」は基準比リフト0.985
中山,坂あり・パワー型,ダ,長距離(2500以上),良,中枠(3-6),父系統,ロイヤルチャージャー系,471,36,106,0.0764,0.2251,66.0,0.0,6.75,0.2287,-0.0036,0.984,参考,中山ダ長距離(2500以上)・良・中枠(3-6)で父系統「ロイヤルチャージャー系」は基準比リフト0.984
中京,直線長め・持続型,芝,中長距離(2100-2400),良,内枠(1-2),父系統,ロイヤルチャージャー系,228,17,47,0.0746,0.2061,89.6,0.0,7.53,0.2094,-0.0033,0.984,参考,中京芝中長距離(2100-2400)・良・内枠(1-2)で父系統「ロイヤルチャージャー系」は基準比リフト0.984
東京,直線長め・持続型,ダ,短距離(1000-1300),良,中枠(3-6),父系統,ナスルーラ系,186,10,36,0.0538,0.1935,39.5,0.0,8.19,0.1967,-0.0032,0.984,参考,東京ダ短距離(1000-1300)・良・中枠(3-6)で父系統「ナスルーラ系」は基準比リフト0.984
小倉,小回り・機動型,芝,長距離(2500以上),良,中枠(3-6),父系統,ロイヤルチャージャー系,629,54,158,0.0859,0.2512,69.0,0.0,6.5,0.2556,-0.0044,0.983,参考,小倉芝長距離(2500以上)・良・中枠(3-6)で父系統「ロイヤルチャージャー系」は基準比リフト0.983
福島,小回り・機動型,ダ,中距離(1700-2000),良,外枠(7-8),父系統,父系統不明,424,30,91,0.0708,0.2146,78.6,0.0,7.68,0.2183,-0.0037,0.983,参考,福島ダ中距離(1700-2000)・良・外枠(7-8)で父系統「父系統不明」は基準比リフト0.983
阪神,坂あり・パワー型,ダ,短中距離(1400-1600),重不良,内枠(1-2),父系統,ロイヤルチャージャー系,166,9,32,0.0542,0.1928,65.3,0.0,9.01,0.1961,-0.0033,0.983,参考,阪神ダ短中距離(1400-1600)・重不良・内枠(1-2)で父系統「ロイヤルチャージャー系」は基準比リフト0.983
阪神,坂あり・パワー型,ダ,中距離(1700-2000),稍,内枠(1-2),父系統,父系統不明,237,19,53,0.0802,0.2236,46.7,0.0,6.97,0.2278,-0.0042,0.982,参考,阪神ダ中距離(1700-2000)・稍・内枠(1-2)で父系統「父系統不明」は基準比リフト0.982
東京,直線長め・持続型,ダ,短中距離(1400-1600),良,外枠(7-8),父系統,ロイヤルチャージャー系,2615,191,556,0.073,0.2126,98.0,0.0,8.08,0.2165,-0.0039,0.982,参考,東京ダ短中距離(1400-1600)・良・外枠(7-8)で父系統「ロイヤルチャージャー系」は基準比リフト0.982
中山,坂あり・パワー型,芝,中距離(1700-2000),良,中枠(3-6),父系統,父系統不明,1266,99,269,0.0782,0.2125,65.2,0.0,7.82,0.2165,-0.004,0.982,参考,中山芝中距離(1700-2000)・良・中枠(3-6)で父系統「父系統不明」は基準比リフト0.982
福島,小回り・機動型,ダ,中距離(1700-2000),重不良,中枠(3-6),父系統,ニアークティック系,102,3,19,0.0294,0.1863,19.5,0.0,8.65,0.1898,-0.0035,0.982,参考,福島ダ中距離(1700-2000)・重不良・中枠(3-6)で父系統「ニアークティック系」は基準比リフト0.982
中山,坂あり・パワー型,ダ,短距離(1000-1300),重不良,内枠(1-2),父系統,ニアークティック系,151,4,21,0.0265,0.1391,19.2,0.0,8.4,0.1416,-0.0025,0.982,参考,中山ダ短距離(1000-1300)・重不良・内枠(1-2)で父系統「ニアークティック系」は基準比リフト0.982
阪神,坂あり・パワー型,ダ,長距離(2500以上),良,中枠(3-6),父系統,ネイティヴダンサー系,215,11,54,0.0512,0.2512,54.1,0.0,6.29,0.256,-0.0048,0.981,参考,阪神ダ長距離(2500以上)・良・中枠(3-6)で父系統「ネイティヴダンサー系」は基準比リフト0.981
京都,平坦・スピード型,ダ,短中距離(1400-1600),重不良,中枠(3-6),父系統,父系統不明,110,9,23,0.0818,0.2091,71.6,0.0,7.14,0.2131,-0.004,0.981,参考,京都ダ短中距離(1400-1600)・重不良・中枠(3-6)で父系統「父系統不明」は基準比リフト0.981
新潟,直線長め・平坦型,芝,中距離(1700-2000),良,外枠(7-8),父系統,ネイティヴダンサー系,392,27,81,0.0689,0.2066,72.4,0.0,7.83,0.2107,-0.0041,0.981,参考,新潟芝中距離(1700-2000)・良・外枠(7-8)で父系統「ネイティヴダンサー系」は基準比リフト0.981
京都,平坦・スピード型,ダ,短距離(1000-1300),重不良,中枠(3-6),父系統,父系統不明,88,5,18,0.0568,0.2045,46.7,0.0,7.45,0.2085,-0.004,0.981,参考,京都ダ短距離(1000-1300)・重不良・中枠(3-6)で父系統「父系統不明」は基準比リフト0.981
阪神,坂あり・パワー型,ダ,短距離(1000-1300),稍,中枠(3-6),父系統,ロイヤルチャージャー系,517,33,100,0.0638,0.1934,73.3,0.0,8.39,0.1971,-0.0037,0.981,参考,阪神ダ短距離(1000-1300)・稍・中枠(3-6)で父系統「ロイヤルチャージャー系」は基準比リフト0.981
阪神,坂あり・パワー型,ダ,短距離(1000-1300),稍,内枠(1-2),父系統,ネイティヴダンサー系,154,7,26,0.0455,0.1688,16.2,0.0,8.47,0.1721,-0.0033,0.981,参考,阪神ダ短距離(1000-1300)・稍・内枠(1-2)で父系統「ネイティヴダンサー系」は基準比リフト0.981
函館,小回り・持続型,ダ,中距離(1700-2000),良,内枠(1-2),父系統,ロイヤルチャージャー系,374,31,99,0.0829,0.2647,86.6,0.0,6.71,0.2701,-0.0054,0.98,参考,函館ダ中距離(1700-2000)・良・内枠(1-2)で父系統「ロイヤルチャージャー系」は基準比リフト0.98
函館,小回り・持続型,ダ,中距離(1700-2000),良,外枠(7-8),父系統,ニアークティック系,255,17,60,0.0667,0.2353,64.7,0.0,7.01,0.2402,-0.0049,0.98,参考,函館ダ中距離(1700-2000)・良・外枠(7-8)で父系統「ニアークティック系」は基準比リフト0.98
東京,直線長め・持続型,芝,中長距離(2100-2400),良,外枠(7-8),父系統,ロイヤルチャージャー系,749,42,166,0.0561,0.2216,36.6,0.0,7.61,0.2262,-0.0046,0.98,参考,東京芝中長距離(2100-2400)・良・外枠(7-8)で父系統「ロイヤルチャージャー系」は基準比リフト0.98
福島,小回り・機動型,ダ,短距離(1000-1300),稍,中枠(3-6),父系統,ロイヤルチャージャー系,180,13,38,0.0722,0.2111,71.6,0.0,8.17,0.2153,-0.0042,0.98,参考,福島ダ短距離(1000-1300)・稍・中枠(3-6)で父系統「ロイヤルチャージャー系」は基準比リフト0.98
阪神,坂あり・パワー型,ダ,中距離(1700-2000),良,内枠(1-2),父系統,ニアークティック系,416,29,84,0.0697,0.2019,79.1,0.0,8.18,0.206,-0.0041,0.98,参考,阪神ダ中距離(1700-2000)・良・内枠(1-2)で父系統「ニアークティック系」は基準比リフト0.98
東京,直線長め・持続型,ダ,中長距離(2100-2400),良,外枠(7-8),父系統,ネイティヴダンサー系,269,23,52,0.0855,0.1933,199.6,0.0,7.95,0.1973,-0.004,0.98,参考,東京ダ中長距離(2100-2400)・良・外枠(7-8)で父系統「ネイティヴダンサー系」は基準比リフト0.98
中山,坂あり・パワー型,ダ,短距離(1000-1300),稍,中枠(3-6),父系統,ナスルーラ系,253,14,44,0.0553,0.1739,37.6,0.0,7.94,0.1775,-0.0036,0.98,参考,中山ダ短距離(1000-1300)・稍・中枠(3-6)で父系統「ナスルーラ系」は基準比リフト0.98
中京,直線長め・持続型,ダ,中距離(1700-2000),稍,中枠(3-6),父系統,ネイティヴダンサー系,271,20,60,0.0738,0.2214,47.3,0.0,7.47,0.2261,-0.0047,0.979,参考,中京ダ中距離(1700-2000)・稍・中枠(3-6)で父系統「ネイティヴダンサー系」は基準比リフト0.979
京都,平坦・スピード型,芝,中長距離(2100-2400),稍,中枠(3-6),父系統,ロイヤルチャージャー系,124,9,31,0.0726,0.25,44.2,0.0,6.53,0.2555,-0.0055,0.978,参考,京都芝中長距離(2100-2400)・稍・中枠(3-6)で父系統「ロイヤルチャージャー系」は基準比リフト0.978
中山,坂あり・パワー型,芝,中距離(1700-2000),良,中枠(3-6),父系統,ニアークティック系,869,61,184,0.0702,0.2117,62.0,0.0,7.84,0.2165,-0.0048,0.978,参考,中山芝中距離(1700-2000)・良・中枠(3-6)で父系統「ニアークティック系」は基準比リフト0.978
新潟,直線長め・平坦型,ダ,中距離(1700-2000),良,中枠(3-6),父系統,父系統不明,1049,78,220,0.0744,0.2097,68.6,0.0,7.51,0.2144,-0.0047,0.978,参考,新潟ダ中距離(1700-2000)・良・中枠(3-6)で父系統「父系統不明」は基準比リフト0.978
京都,平坦・スピード型,ダ,短距離(1000-1300),良,中枠(3-6),父系統,ニアークティック系,907,61,173,0.0673,0.1907,75.3,0.0,8.05,0.1949,-0.0042,0.978,参考,京都ダ短距離(1000-1300)・良・中枠(3-6)で父系統「ニアークティック系」は基準比リフト0.978
福島,小回り・機動型,ダ,短距離(1000-1300),重不良,中枠(3-6),父系統,父系統不明,122,7,21,0.0574,0.1721,29.6,0.0,7.88,0.1759,-0.0038,0.978,参考,福島ダ短距離(1000-1300)・重不良・中枠(3-6)で父系統「父系統不明」は基準比リフト0.978
新潟,直線長め・平坦型,芝,短距離(1000-1300),良,中枠(3-6),父系統,ロイヤルチャージャー系,1516,76,254,0.0501,0.1675,46.6,0.0,9.03,0.1712,-0.0037,0.978,参考,新潟芝短距離(1000-1300)・良・中枠(3-6)で父系統「ロイヤルチャージャー系」は基準比リフト0.978
中山,坂あり・パワー型,ダ,短距離(1000-1300),良,外枠(7-8),父系統,ナスルーラ系,347,22,69,0.0634,0.1988,40.6,0.0,8.37,0.2034,-0.0046,0.977,参考,中山ダ短距離(1000-1300)・良・外枠(7-8)で父系統「ナスルーラ系」は基準比リフト0.977
中京,直線長め・持続型,ダ,中距離(1700-2000),重不良,中枠(3-6),父系統,ニアークティック系,137,8,26,0.0584,0.1898,21.5,0.0,8.21,0.1943,-0.0045,0.977,参考,中京ダ中距離(1700-2000)・重不良・中枠(3-6)で父系統「ニアークティック系」は基準比リフト0.977
京都,平坦・スピード型,ダ,中距離(1700-2000),良,内枠(1-2),父系統,ナスルーラ系,217,16,49,0.0737,0.2258,108.1,0.0,8.07,0.2314,-0.0056,0.976,参考,京都ダ中距離(1700-2000)・良・内枠(1-2)で父系統「ナスルーラ系」は基準比リフト0.976
阪神,坂あり・パワー型,ダ,中距離(1700-2000),良,中枠(3-6),父系統,ナスルーラ系,478,31,106,0.0649,0.2218,52.6,0.0,7.45,0.2273,-0.0055,0.976,参考,阪神ダ中距離(1700-2000)・良・中枠(3-6)で父系統「ナスルーラ系」は基準比リフト0.976
中山,坂あり・パワー型,ダ,短距離(1000-1300),良,中枠(3-6),父系統,ナスルーラ系,739,44,139,0.0595,0.1881,61.0,0.0,8.2,0.1927,-0.0046,0.976,参考,中山ダ短距離(1000-1300)・良・中枠(3-6)で父系統「ナスルーラ系」は基準比リフト0.976
中山,坂あり・パワー型,ダ,短距離(1000-1300),重不良,中枠(3-6),父系統,ニアークティック系,278,18,52,0.0647,0.1871,32.4,0.0,8.55,0.1917,-0.0046,0.976,参考,中山ダ短距離(1000-1300)・重不良・中枠(3-6)で父系統「ニアークティック系」は基準比リフト0.976
小倉,小回り・機動型,芝,長距離(2500以上),良,内枠(1-2),父系統,ニアークティック系,92,7,26,0.0761,0.2826,70.4,0.0,7.17,0.2897,-0.0071,0.975,参考,小倉芝長距離(2500以上)・良・内枠(1-2)で父系統「ニアークティック系」は基準比リフト0.975
京都,平坦・スピード型,芝,中距離(1700-2000),稍,外枠(7-8),父系統,父系統不明,91,7,23,0.0769,0.2527,34.3,0.0,6.66,0.2593,-0.0066,0.975,参考,京都芝中距離(1700-2000)・稍・外枠(7-8)で父系統「父系統不明」は基準比リフト0.975
福島,小回り・機動型,芝,長距離(2500以上),良,中枠(3-6),父系統,ロイヤルチャージャー系,1024,73,242,0.0713,0.2363,67.3,0.0,7.17,0.2423,-0.006,0.975,参考,福島芝長距離(2500以上)・良・中枠(3-6)で父系統「ロイヤルチャージャー系」は基準比リフト0.975
京都,平坦・スピード型,芝,中距離(1700-2000),良,内枠(1-2),父系統,父系統不明,296,15,69,0.0507,0.2331,40.7,0.0,6.65,0.239,-0.0059,0.975,参考,京都芝中距離(1700-2000)・良・内枠(1-2)で父系統「父系統不明」は基準比リフト0.975
東京,直線長め・持続型,ダ,短中距離(1400-1600),稍,外枠(7-8),父系統,ニアークティック系,267,21,58,0.0787,0.2172,85.5,0.0,8.41,0.2227,-0.0055,0.975,参考,東京ダ短中距離(1400-1600)・稍・外枠(7-8)で父系統「ニアークティック系」は基準比リフト0.975
京都,平坦・スピード型,ダ,中距離(1700-2000),良,中枠(3-6),父系統,ナスルーラ系,456,35,97,0.0768,0.2127,134.5,0.0,7.76,0.2181,-0.0054,0.975,参考,京都ダ中距離(1700-2000)・良・中枠(3-6)で父系統「ナスルーラ系」は基準比リフト0.975
東京,直線長め・持続型,芝,短中距離(1400-1600),重不良,中枠(3-6),父系統,ニアークティック系,83,6,16,0.0723,0.1928,119.8,0.0,8.6,0.1977,-0.0049,0.975,参考,東京芝短中距離(1400-1600)・重不良・中枠(3-6)で父系統「ニアークティック系」は基準比リフト0.975
東京,直線長め・持続型,ダ,短中距離(1400-1600),不,外枠(7-8),父系統,父系統不明,146,9,26,0.0616,0.1781,29.5,0.0,8.24,0.1827,-0.0046,0.975,参考,東京ダ短中距離(1400-1600)・不・外枠(7-8)で父系統「父系統不明」は基準比リフト0.975
東京,直線長め・持続型,芝,中距離(1700-2000),良,中枠(3-6),父系統,ネイティヴダンサー系,862,68,199,0.0789,0.2309,84.8,0.0,7.44,0.237,-0.0061,0.974,参考,東京芝中距離(1700-2000)・良・中枠(3-6)で父系統「ネイティヴダンサー系」は基準比リフト0.974
新潟,直線長め・平坦型,芝,中長距離(2100-2400),良,中枠(3-6),父系統,ネイティヴダンサー系,148,14,33,0.0946,0.223,109.7,0.0,7.93,0.229,-0.006,0.974,参考,新潟芝中長距離(2100-2400)・良・中枠(3-6)で父系統「ネイティヴダンサー系」は基準比リフト0.974
中山,坂あり・パワー型,ダ,中距離(1700-2000),稍,中枠(3-6),父系統,ニアークティック系,390,22,79,0.0564,0.2026,39.7,0.0,8.17,0.2081,-0.0055,0.974,参考,中山ダ中距離(1700-2000)・稍・中枠(3-6)で父系統「ニアークティック系」は基準比リフト0.974
小倉,小回り・機動型,芝,中距離(1700-2000),良,外枠(7-8),父系統,ネイティヴダンサー系,406,21,81,0.0517,0.1995,36.4,0.0,8.26,0.2048,-0.0053,0.974,参考,小倉芝中距離(1700-2000)・良・外枠(7-8)で父系統「ネイティヴダンサー系」は基準比リフト0.974
小倉,小回り・機動型,ダ,中距離(1700-2000),不,中枠(3-6),父系統,ロイヤルチャージャー系,326,23,64,0.0706,0.1963,120.8,0.0,8.1,0.2015,-0.0052,0.974,参考,小倉ダ中距離(1700-2000)・不・中枠(3-6)で父系統「ロイヤルチャージャー系」は基準比リフト0.974
阪神,坂あり・パワー型,ダ,中距離(1700-2000),重不良,内枠(1-2),父系統,ロイヤルチャージャー系,297,18,58,0.0606,0.1953,86.3,0.0,7.63,0.2005,-0.0052,0.974,参考,阪神ダ中距離(1700-2000)・重不良・内枠(1-2)で父系統「ロイヤルチャージャー系」は基準比リフト0.974
福島,小回り・機動型,ダ,中距離(1700-2000),良,中枠(3-6),父系統,ロイヤルチャージャー系,1759,105,343,0.0597,0.195,49.7,0.0,7.77,0.2003,-0.0053,0.974,参考,福島ダ中距離(1700-2000)・良・中枠(3-6)で父系統「ロイヤルチャージャー系」は基準比リフト0.974
中山,坂あり・パワー型,ダ,中距離(1700-2000),良,中枠(3-6),父系統,その他のエクリプス系,98,5,19,0.051,0.1939,36.9,0.0,7.81,0.199,-0.0051,0.974,参考,中山ダ中距離(1700-2000)・良・中枠(3-6)で父系統「その他のエクリプス系」は基準比リフト0.974
福島,小回り・機動型,ダ,短距離(1000-1300),良,中枠(3-6),父系統,ロイヤルチャージャー系,862,43,158,0.0499,0.1833,57.9,0.0,8.68,0.1882,-0.0049,0.974,参考,福島ダ短距離(1000-1300)・良・中枠(3-6)で父系統「ロイヤルチャージャー系」は基準比リフト0.974
東京,直線長め・持続型,ダ,中長距離(2100-2400),稍,中枠(3-6),父系統,父系統不明,153,13,35,0.085,0.2288,52.2,0.0,7.57,0.2351,-0.0063,0.973,参考,東京ダ中長距離(2100-2400)・稍・中枠(3-6)で父系統「父系統不明」は基準比リフト0.973
京都,平坦・スピード型,芝,中長距離(2100-2400),良,中枠(3-6),父系統,ナスルーラ系,101,8,23,0.0792,0.2277,108.7,0.0,6.96,0.2341,-0.0064,0.973,参考,京都芝中長距離(2100-2400)・良・中枠(3-6)で父系統「ナスルーラ系」は基準比リフト0.973
京都,平坦・スピード型,ダ,短中距離(1400-1600),良,内枠(1-2),父系統,ロイヤルチャージャー系,813,60,164,0.0738,0.2017,98.5,0.0,8.14,0.2074,-0.0057,0.973,参考,京都ダ短中距離(1400-1600)・良・内枠(1-2)で父系統「ロイヤルチャージャー系」は基準比リフト0.973
札幌,小回り・持続型,ダ,中距離(1700-2000),良,中枠(3-6),父系統,父系統不明,733,59,176,0.0805,0.2401,86.0,0.0,7.03,0.2469,-0.0068,0.972,参考,札幌ダ中距離(1700-2000)・良・中枠(3-6)で父系統「父系統不明」は基準比リフト0.972
新潟,直線長め・平坦型,ダ,中距離(1700-2000),稍,外枠(7-8),父系統,ネイティヴダンサー系,165,9,36,0.0545,0.2182,39.6,0.0,8.03,0.2244,-0.0062,0.972,参考,新潟ダ中距離(1700-2000)・稍・外枠(7-8)で父系統「ネイティヴダンサー系」は基準比リフト0.972
中山,坂あり・パワー型,ダ,短距離(1000-1300),不,中枠(3-6),父系統,ロイヤルチャージャー系,344,26,72,0.0756,0.2093,91.3,0.0,8.4,0.2154,-0.0061,0.972,参考,中山ダ短距離(1000-1300)・不・中枠(3-6)で父系統「ロイヤルチャージャー系」は基準比リフト0.972
小倉,小回り・機動型,ダ,中距離(1700-2000),良,内枠(1-2),父系統,父系統不明,311,21,64,0.0675,0.2058,111.7,0.0,8.06,0.2118,-0.006,0.972,参考,小倉ダ中距離(1700-2000)・良・内枠(1-2)で父系統「父系統不明」は基準比リフト0.972
中山,坂あり・パワー型,芝,中距離(1700-2000),良,外枠(7-8),父系統,父系統不明,784,48,158,0.0612,0.2015,79.0,0.0,7.89,0.2074,-0.0059,0.972,参考,中山芝中距離(1700-2000)・良・外枠(7-8)で父系統「父系統不明」は基準比リフト0.972
東京,直線長め・持続型,ダ,短距離(1000-1300),良,中枠(3-6),父系統,父系統不明,408,26,78,0.0637,0.1912,43.2,0.0,7.94,0.1967,-0.0055,0.972,参考,東京ダ短距離(1000-1300)・良・中枠(3-6)で父系統「父系統不明」は基準比リフト0.972
阪神,坂あり・パワー型,ダ,中距離(1700-2000),良,中枠(3-6),父系統,ロイヤルチャージャー系,2831,217,625,0.0767,0.2208,76.2,0.0,7.44,0.2273,-0.0065,0.971,参考,阪神ダ中距離(1700-2000)・良・中枠(3-6)で父系統「ロイヤルチャージャー系」は基準比リフト0.971
中山,坂あり・パワー型,ダ,中距離(1700-2000),稍,中枠(3-6),父系統,ロイヤルチャージャー系,1208,86,244,0.0712,0.202,72.4,0.0,7.96,0.2081,-0.0061,0.971,参考,中山ダ中距離(1700-2000)・稍・中枠(3-6)で父系統「ロイヤルチャージャー系」は基準比リフト0.971
小倉,小回り・機動型,芝,短距離(1000-1300),良,外枠(7-8),父系統,ロイヤルチャージャー系,1746,109,336,0.0624,0.1924,64.4,0.0,8.67,0.1981,-0.0057,0.971,参考,小倉芝短距離(1000-1300)・良・外枠(7-8)で父系統「ロイヤルチャージャー系」は基準比リフト0.971
中京,直線長め・持続型,ダ,中距離(1700-2000),重不良,内枠(1-2),父系統,ネイティヴダンサー系,80,5,19,0.0625,0.2375,71.8,0.0,8.02,0.2449,-0.0074,0.97,参考,中京ダ中距離(1700-2000)・重不良・内枠(1-2)で父系統「ネイティヴダンサー系」は基準比リフト0.97
中京,直線長め・持続型,ダ,中距離(1700-2000),良,中枠(3-6),父系統,ナスルーラ系,321,30,68,0.0935,0.2118,103.9,0.0,8.09,0.2184,-0.0066,0.97,参考,中京ダ中距離(1700-2000)・良・中枠(3-6)で父系統「ナスルーラ系」は基準比リフト0.97
中山,坂あり・パワー型,芝,中距離(1700-2000),良,中枠(3-6),父系統,ネイティヴダンサー系,824,48,173,0.0583,0.21,38.1,0.0,7.79,0.2165,-0.0065,0.97,参考,中山芝中距離(1700-2000)・良・中枠(3-6)で父系統「ネイティヴダンサー系」は基準比リフト0.97
京都,平坦・スピード型,ダ,短中距離(1400-1600),良,内枠(1-2),父系統,ナスルーラ系,179,11,36,0.0615,0.2011,38.5,0.0,8.16,0.2074,-0.0063,0.97,参考,京都ダ短中距離(1400-1600)・良・内枠(1-2)で父系統「ナスルーラ系」は基準比リフト0.97
函館,小回り・持続型,ダ,中距離(1700-2000),良,中枠(3-6),父系統,ニアークティック系,438,30,100,0.0685,0.2283,61.9,0.0,6.86,0.2356,-0.0073,0.969,参考,函館ダ中距離(1700-2000)・良・中枠(3-6)で父系統「ニアークティック系」は基準比リフト0.969
新潟,直線長め・平坦型,ダ,中距離(1700-2000),重不良,中枠(3-6),父系統,ネイティヴダンサー系,160,10,36,0.0625,0.225,30.9,0.0,7.78,0.2323,-0.0073,0.969,参考,新潟ダ中距離(1700-2000)・重不良・中枠(3-6)で父系統「ネイティヴダンサー系」は基準比リフト0.969
小倉,小回り・機動型,芝,中距離(1700-2000),良,内枠(1-2),父系統,ナスルーラ系,153,10,33,0.0654,0.2157,29.0,0.0,8.12,0.2226,-0.0069,0.969,参考,小倉芝中距離(1700-2000)・良・内枠(1-2)で父系統「ナスルーラ系」は基準比リフト0.969
京都,平坦・スピード型,ダ,短距離(1000-1300),良,内枠(1-2),父系統,ナスルーラ系,200,10,41,0.05,0.205,30.2,0.0,7.54,0.2115,-0.0065,0.969,参考,京都ダ短距離(1000-1300)・良・内枠(1-2)で父系統「ナスルーラ系」は基準比リフト0.969
京都,平坦・スピード型,ダ,短距離(1000-1300),良,内枠(1-2),父系統,ネイティヴダンサー系,527,32,108,0.0607,0.2049,54.6,0.0,7.96,0.2115,-0.0066,0.969,参考,京都ダ短距離(1000-1300)・良・内枠(1-2)で父系統「ネイティヴダンサー系」は基準比リフト0.969
阪神,坂あり・パワー型,ダ,中距離(1700-2000),稍,中枠(3-6),父系統,ロイヤルチャージャー系,1108,58,225,0.0523,0.2031,48.0,0.0,7.66,0.2095,-0.0064,0.969,参考,阪神ダ中距離(1700-2000)・稍・中枠(3-6)で父系統「ロイヤルチャージャー系」は基準比リフト0.969
中山,坂あり・パワー型,芝,短中距離(1400-1600),稍,中枠(3-6),父系統,父系統不明,249,15,50,0.0602,0.2008,43.8,0.0,7.75,0.2072,-0.0064,0.969,参考,中山芝短中距離(1400-1600)・稍・中枠(3-6)で父系統「父系統不明」は基準比リフト0.969
函館,小回り・持続型,ダ,中距離(1700-2000),重不良,中枠(3-6),父系統,ロイヤルチャージャー系,177,11,34,0.0621,0.1921,75.8,0.0,7.38,0.1983,-0.0062,0.969,参考,函館ダ中距離(1700-2000)・重不良・中枠(3-6)で父系統「ロイヤルチャージャー系」は基準比リフト0.969
中山,坂あり・パワー型,芝,短中距離(1400-1600),良,外枠(7-8),父系統,ネイティヴダンサー系,410,25,75,0.061,0.1829,45.0,0.0,8.05,0.1887,-0.0058,0.969,参考,中山芝短中距離(1400-1600)・良・外枠(7-8)で父系統「ネイティヴダンサー系」は基準比リフト0.969
中山,坂あり・パワー型,芝,中距離(1700-2000),稍,中枠(3-6),父系統,ロイヤルチャージャー系,548,45,118,0.0821,0.2153,94.9,0.0,7.59,0.2225,-0.0072,0.968,参考,中山芝中距離(1700-2000)・稍・中枠(3-6)で父系統「ロイヤルチャージャー系」は基準比リフト0.968
京都,平坦・スピード型,ダ,短中距離(1400-1600),良,内枠(1-2),父系統,ネイティヴダンサー系,473,26,95,0.055,0.2008,62.9,0.0,8.22,0.2074,-0.0066,0.968,参考,京都ダ短中距離(1400-1600)・良・内枠(1-2)で父系統「ネイティヴダンサー系」は基準比リフト0.968
阪神,坂あり・パワー型,ダ,短距離(1000-1300),重不良,中枠(3-6),父系統,ロイヤルチャージャー系,346,22,68,0.0636,0.1965,69.7,0.0,7.81,0.203,-0.0065,0.968,参考,阪神ダ短距離(1000-1300)・重不良・中枠(3-6)で父系統「ロイヤルチャージャー系」は基準比リフト0.968
新潟,直線長め・平坦型,芝,短距離(1000-1300),良,外枠(7-8),父系統,ロイヤルチャージャー系,957,68,216,0.0711,0.2257,72.2,0.0,8.16,0.2335,-0.0078,0.967,参考,新潟芝短距離(1000-1300)・良・外枠(7-8)で父系統「ロイヤルチャージャー系」は基準比リフト0.967
阪神,坂あり・パワー型,ダ,中距離(1700-2000),良,中枠(3-6),父系統,ネイティヴダンサー系,1393,106,306,0.0761,0.2197,76.9,0.0,7.53,0.2273,-0.0076,0.967,参考,阪神ダ中距離(1700-2000)・良・中枠(3-6)で父系統「ネイティヴダンサー系」は基準比リフト0.967
中京,直線長め・持続型,芝,短距離(1000-1300),良,中枠(3-6),父系統,ロイヤルチャージャー系,718,46,137,0.0641,0.1908,71.5,0.0,8.68,0.1973,-0.0065,0.967,参考,中京芝短距離(1000-1300)・良・中枠(3-6)で父系統「ロイヤルチャージャー系」は基準比リフト0.967
福島,小回り・機動型,ダ,短距離(1000-1300),良,内枠(1-2),父系統,ニアークティック系,183,12,34,0.0656,0.1858,84.4,0.0,8.51,0.1921,-0.0063,0.967,参考,福島ダ短距離(1000-1300)・良・内枠(1-2)で父系統「ニアークティック系」は基準比リフト0.967
中山,坂あり・パワー型,ダ,短距離(1000-1300),重不良,外枠(7-8),父系統,父系統不明,140,11,32,0.0786,0.2286,35.9,0.0,7.38,0.2366,-0.008,0.966,参考,中山ダ短距離(1000-1300)・重不良・外枠(7-8)で父系統「父系統不明」は基準比リフト0.966
中京,直線長め・持続型,ダ,中距離(1700-2000),稍,中枠(3-6),父系統,ナスルーラ系,87,7,19,0.0805,0.2184,48.4,0.0,7.4,0.2261,-0.0077,0.966,参考,中京ダ中距離(1700-2000)・稍・中枠(3-6)で父系統「ナスルーラ系」は基準比リフト0.966
阪神,坂あり・パワー型,芝,短中距離(1400-1600),良,中枠(3-6),父系統,ネイティヴダンサー系,1012,61,212,0.0603,0.2095,51.0,0.0,7.99,0.2169,-0.0074,0.966,参考,阪神芝短中距離(1400-1600)・良・中枠(3-6)で父系統「ネイティヴダンサー系」は基準比リフト0.966
阪神,坂あり・パワー型,ダ,中距離(1700-2000),重不良,外枠(7-8),父系統,ロイヤルチャージャー系,404,30,82,0.0743,0.203,93.1,0.0,7.36,0.2101,-0.0071,0.966,参考,阪神ダ中距離(1700-2000)・重不良・外枠(7-8)で父系統「ロイヤルチャージャー系」は基準比リフト0.966
阪神,坂あり・パワー型,ダ,短中距離(1400-1600),稍,内枠(1-2),父系統,ニアークティック系,146,7,26,0.0479,0.1781,34.9,0.0,8.61,0.1843,-0.0062,0.966,参考,阪神ダ短中距離(1400-1600)・稍・内枠(1-2)で父系統「ニアークティック系」は基準比リフト0.966
中山,坂あり・パワー型,ダ,短距離(1000-1300),稍,内枠(1-2),父系統,ネイティヴダンサー系,327,20,57,0.0612,0.1743,132.0,0.0,8.34,0.1805,-0.0062,0.966,参考,中山ダ短距離(1000-1300)・稍・内枠(1-2)で父系統「ネイティヴダンサー系」は基準比リフト0.966
中山,坂あり・パワー型,ダ,短距離(1000-1300),稍,中枠(3-6),父系統,ロイヤルチャージャー系,951,54,163,0.0568,0.1714,52.3,0.0,8.65,0.1775,-0.0061,0.966,参考,中山ダ短距離(1000-1300)・稍・中枠(3-6)で父系統「ロイヤルチャージャー系」は基準比リフト0.966
阪神,坂あり・パワー型,ダ,中距離(1700-2000),稍,内枠(1-2),父系統,ロイヤルチャージャー系,473,37,104,0.0782,0.2199,65.0,0.0,7.31,0.2278,-0.0079,0.965,参考,阪神ダ中距離(1700-2000)・稍・内枠(1-2)で父系統「ロイヤルチャージャー系」は基準比リフト0.965
阪神,坂あり・パワー型,ダ,中距離(1700-2000),稍,内枠(1-2),父系統,ナスルーラ系,91,8,20,0.0879,0.2198,48.2,0.0,7.74,0.2278,-0.008,0.965,参考,阪神ダ中距離(1700-2000)・稍・内枠(1-2)で父系統「ナスルーラ系」は基準比リフト0.965
京都,平坦・スピード型,芝,中距離(1700-2000),良,外枠(7-8),父系統,父系統不明,458,36,100,0.0786,0.2183,60.7,0.0,7.06,0.2263,-0.008,0.965,参考,京都芝中距離(1700-2000)・良・外枠(7-8)で父系統「父系統不明」は基準比リフト0.965
中京,直線長め・持続型,ダ,中距離(1700-2000),重不良,中枠(3-6),父系統,ネイティヴダンサー系,176,10,33,0.0568,0.1875,32.5,0.0,8.01,0.1943,-0.0068,0.965,参考,中京ダ中距離(1700-2000)・重不良・中枠(3-6)で父系統「ネイティヴダンサー系」は基準比リフト0.965
中山,坂あり・パワー型,ダ,中距離(1700-2000),重不良,外枠(7-8),父系統,ロイヤルチャージャー系,367,27,89,0.0736,0.2425,67.6,0.0,7.63,0.2515,-0.009,0.964,参考,中山ダ中距離(1700-2000)・重不良・外枠(7-8)で父系統「ロイヤルチャージャー系」は基準比リフト0.964
小倉,小回り・機動型,芝,長距離(2500以上),良,外枠(7-8),父系統,父系統不明,150,13,34,0.0867,0.2267,60.1,0.0,7.03,0.2352,-0.0085,0.964,参考,小倉芝長距離(2500以上)・良・外枠(7-8)で父系統「父系統不明」は基準比リフト0.964
福島,小回り・機動型,芝,長距離(2500以上),良,外枠(7-8),父系統,ネイティヴダンサー系,196,9,38,0.0459,0.1939,44.0,0.0,7.34,0.2014,-0.0075,0.963,参考,福島芝長距離(2500以上)・良・外枠(7-8)で父系統「ネイティヴダンサー系」は基準比リフト0.963
福島,小回り・機動型,ダ,中距離(1700-2000),重不良,中枠(3-6),父系統,ロイヤルチャージャー系,268,16,49,0.0597,0.1828,87.6,0.0,7.92,0.1898,-0.007,0.963,参考,福島ダ中距離(1700-2000)・重不良・中枠(3-6)で父系統「ロイヤルチャージャー系」は基準比リフト0.963
中山,坂あり・パワー型,ダ,短距離(1000-1300),良,内枠(1-2),父系統,ロイヤルチャージャー系,1210,67,206,0.0554,0.1702,71.7,0.0,8.86,0.1768,-0.0066,0.963,参考,中山ダ短距離(1000-1300)・良・内枠(1-2)で父系統「ロイヤルチャージャー系」は基準比リフト0.963
新潟,直線長め・平坦型,ダ,短距離(1000-1300),良,内枠(1-2),父系統,父系統不明,336,16,57,0.0476,0.1696,50.8,0.0,7.55,0.1762,-0.0066,0.963,参考,新潟ダ短距離(1000-1300)・良・内枠(1-2)で父系統「父系統不明」は基準比リフト0.963
中京,直線長め・持続型,ダ,中距離(1700-2000),稍,中枠(3-6),父系統,ロイヤルチャージャー系,483,46,105,0.0952,0.2174,93.8,0.0,7.42,0.2261,-0.0087,0.962,参考,中京ダ中距離(1700-2000)・稍・中枠(3-6)で父系統「ロイヤルチャージャー系」は基準比リフト0.962
福島,小回り・機動型,ダ,中距離(1700-2000),良,外枠(7-8),父系統,ニアークティック系,343,22,72,0.0641,0.2099,98.5,0.0,7.91,0.2183,-0.0084,0.962,参考,福島ダ中距離(1700-2000)・良・外枠(7-8)で父系統「ニアークティック系」は基準比リフト0.962
中山,坂あり・パワー型,芝,短中距離(1400-1600),良,内枠(1-2),父系統,ロイヤルチャージャー系,1064,74,245,0.0695,0.2303,61.0,0.0,7.37,0.2397,-0.0094,0.961,参考,中山芝短中距離(1400-1600)・良・内枠(1-2)で父系統「ロイヤルチャージャー系」は基準比リフト0.961
中山,坂あり・パワー型,芝,短距離(1000-1300),良,内枠(1-2),父系統,ナスルーラ系,146,8,30,0.0548,0.2055,32.9,0.0,7.64,0.2138,-0.0083,0.961,参考,中山芝短距離(1000-1300)・良・内枠(1-2)で父系統「ナスルーラ系」は基準比リフト0.961
京都,平坦・スピード型,ダ,短中距離(1400-1600),重不良,中枠(3-6),父系統,ロイヤルチャージャー系,342,22,70,0.0643,0.2047,57.7,0.0,7.96,0.2131,-0.0084,0.961,参考,京都ダ短中距離(1400-1600)・重不良・中枠(3-6)で父系統「ロイヤルチャージャー系」は基準比リフト0.961
京都,平坦・スピード型,芝,短中距離(1400-1600),重不良,中枠(3-6),父系統,ロイヤルチャージャー系,245,19,49,0.0776,0.2,84.5,0.0,7.7,0.2082,-0.0082,0.961,参考,京都芝短中距離(1400-1600)・重不良・中枠(3-6)で父系統「ロイヤルチャージャー系」は基準比リフト0.961
中京,直線長め・持続型,ダ,短距離(1000-1300),稍,内枠(1-2),父系統,ロイヤルチャージャー系,92,2,17,0.0217,0.1848,57.7,0.0,8.88,0.1922,-0.0074,0.961,参考,中京ダ短距離(1000-1300)・稍・内枠(1-2)で父系統「ロイヤルチャージャー系」は基準比リフト0.961
福島,小回り・機動型,ダ,中距離(1700-2000),稍,内枠(1-2),父系統,ロイヤルチャージャー系,166,6,26,0.0361,0.1566,18.2,0.0,8.35,0.163,-0.0064,0.961,参考,福島ダ中距離(1700-2000)・稍・内枠(1-2)で父系統「ロイヤルチャージャー系」は基準比リフト0.961
阪神,坂あり・パワー型,ダ,中距離(1700-2000),不,中枠(3-6),父系統,ニアークティック系,155,13,34,0.0839,0.2194,129.7,0.0,8.34,0.2288,-0.0094,0.959,参考,阪神ダ中距離(1700-2000)・不・中枠(3-6)で父系統「ニアークティック系」は基準比リフト0.959
阪神,坂あり・パワー型,ダ,中距離(1700-2000),重不良,中枠(3-6),父系統,ニアークティック系,279,21,60,0.0753,0.2151,57.6,0.0,7.73,0.2243,-0.0092,0.959,参考,阪神ダ中距離(1700-2000)・重不良・中枠(3-6)で父系統「ニアークティック系」は基準比リフト0.959
京都,平坦・スピード型,ダ,短中距離(1400-1600),良,内枠(1-2),父系統,ニアークティック系,397,23,79,0.0579,0.199,78.5,0.0,8.32,0.2074,-0.0084,0.959,参考,京都ダ短中距離(1400-1600)・良・内枠(1-2)で父系統「ニアークティック系」は基準比リフト0.959
小倉,小回り・機動型,芝,短距離(1000-1300),良,内枠(1-2),父系統,ニアークティック系,506,26,92,0.0514,0.1818,68.9,0.0,8.81,0.1897,-0.0079,0.958,参考,小倉芝短距離(1000-1300)・良・内枠(1-2)で父系統「ニアークティック系」は基準比リフト0.958
福島,小回り・機動型,芝,中距離(1700-2000),良,外枠(7-8),父系統,父系統不明,511,25,92,0.0489,0.18,77.3,0.0,7.77,0.1878,-0.0078,0.958,参考,福島芝中距離(1700-2000)・良・外枠(7-8)で父系統「父系統不明」は基準比リフト0.958
京都,平坦・スピード型,ダ,中距離(1700-2000),重不良,中枠(3-6),父系統,ニアークティック系,182,13,39,0.0714,0.2143,204.5,0.0,7.76,0.2239,-0.0096,0.957,参考,京都ダ中距離(1700-2000)・重不良・中枠(3-6)で父系統「ニアークティック系」は基準比リフト0.957
小倉,小回り・機動型,ダ,中距離(1700-2000),重不良,内枠(1-2),父系統,ネイティヴダンサー系,106,6,22,0.0566,0.2075,46.2,0.0,8.38,0.2168,-0.0093,0.957,参考,小倉ダ中距離(1700-2000)・重不良・内枠(1-2)で父系統「ネイティヴダンサー系」は基準比リフト0.957
中山,坂あり・パワー型,ダ,中距離(1700-2000),重不良,中枠(3-6),父系統,ナスルーラ系,108,6,21,0.0556,0.1944,20.2,0.0,8.44,0.2032,-0.0088,0.957,参考,中山ダ中距離(1700-2000)・重不良・中枠(3-6)で父系統「ナスルーラ系」は基準比リフト0.957
東京,直線長め・持続型,ダ,短距離(1000-1300),稍,中枠(3-6),父系統,ロイヤルチャージャー系,147,8,28,0.0544,0.1905,42.0,0.0,9.01,0.1991,-0.0086,0.957,参考,東京ダ短距離(1000-1300)・稍・中枠(3-6)で父系統「ロイヤルチャージャー系」は基準比リフト0.957
函館,小回り・持続型,ダ,中距離(1700-2000),稍,外枠(7-8),父系統,父系統不明,99,11,26,0.1111,0.2626,93.0,0.0,6.12,0.2747,-0.0121,0.956,参考,函館ダ中距離(1700-2000)・稍・外枠(7-8)で父系統「父系統不明」は基準比リフト0.956
阪神,坂あり・パワー型,芝,中距離(1700-2000),稍,内枠(1-2),父系統,父系統不明,110,7,27,0.0636,0.2455,47.0,0.0,6.89,0.2567,-0.0112,0.956,参考,阪神芝中距離(1700-2000)・稍・内枠(1-2)で父系統「父系統不明」は基準比リフト0.956
中山,坂あり・パワー型,ダ,中距離(1700-2000),重不良,外枠(7-8),父系統,ネイティヴダンサー系,158,9,38,0.057,0.2405,25.2,0.0,7.63,0.2515,-0.011,0.956,参考,中山ダ中距離(1700-2000)・重不良・外枠(7-8)で父系統「ネイティヴダンサー系」は基準比リフト0.956
阪神,坂あり・パワー型,ダ,短中距離(1400-1600),不,中枠(3-6),父系統,父系統不明,136,10,29,0.0735,0.2132,75.1,0.0,7.85,0.2231,-0.0099,0.956,参考,阪神ダ短中距離(1400-1600)・不・中枠(3-6)で父系統「父系統不明」は基準比リフト0.956
中山,坂あり・パワー型,ダ,中距離(1700-2000),良,外枠(7-8),父系統,ネイティヴダンサー系,836,56,178,0.067,0.2129,60.1,0.0,7.78,0.2226,-0.0097,0.956,参考,中山ダ中距離(1700-2000)・良・外枠(7-8)で父系統「ネイティヴダンサー系」は基準比リフト0.956
阪神,坂あり・パワー型,芝,短中距離(1400-1600),稍,内枠(1-2),父系統,ネイティヴダンサー系,95,4,20,0.0421,0.2105,67.1,0.0,8.32,0.2203,-0.0098,0.956,参考,阪神芝短中距離(1400-1600)・稍・内枠(1-2)で父系統「ネイティヴダンサー系」は基準比リフト0.956
福島,小回り・機動型,芝,短距離(1000-1300),稍,中枠(3-6),父系統,父系統不明,175,12,34,0.0686,0.1943,54.7,0.0,7.15,0.2033,-0.009,0.956,参考,福島芝短距離(1000-1300)・稍・中枠(3-6)で父系統「父系統不明」は基準比リフト0.956
中山,坂あり・パワー型,芝,短距離(1000-1300),良,外枠(7-8),父系統,ロイヤルチャージャー系,591,37,109,0.0626,0.1844,114.6,0.0,8.28,0.1929,-0.0085,0.956,参考,中山芝短距離(1000-1300)・良・外枠(7-8)で父系統「ロイヤルチャージャー系」は基準比リフト0.956
中山,坂あり・パワー型,ダ,短距離(1000-1300),重不良,外枠(7-8),父系統,ロイヤルチャージャー系,270,18,61,0.0667,0.2259,72.8,0.0,8.64,0.2366,-0.0107,0.955,参考,中山ダ短距離(1000-1300)・重不良・外枠(7-8)で父系統「ロイヤルチャージャー系」は基準比リフト0.955
阪神,坂あり・パワー型,芝,中長距離(2100-2400),稍,中枠(3-6),父系統,ロイヤルチャージャー系,201,13,45,0.0647,0.2239,63.3,0.0,7.17,0.2344,-0.0105,0.955,参考,阪神芝中長距離(2100-2400)・稍・中枠(3-6)で父系統「ロイヤルチャージャー系」は基準比リフト0.955
福島,小回り・機動型,芝,短距離(1000-1300),良,内枠(1-2),父系統,ニアークティック系,381,29,80,0.0761,0.21,70.5,0.0,8.53,0.2198,-0.0098,0.955,参考,福島芝短距離(1000-1300)・良・内枠(1-2)で父系統「ニアークティック系」は基準比リフト0.955
新潟,直線長め・平坦型,ダ,短距離(1000-1300),不,中枠(3-6),父系統,ロイヤルチャージャー系,165,17,34,0.103,0.2061,87.9,0.0,8.04,0.2157,-0.0096,0.955,参考,新潟ダ短距離(1000-1300)・不・中枠(3-6)で父系統「ロイヤルチャージャー系」は基準比リフト0.955
小倉,小回り・機動型,ダ,短距離(1000-1300),稍,中枠(3-6),父系統,ニアークティック系,127,7,25,0.0551,0.1969,78.7,0.0,6.87,0.2062,-0.0093,0.955,参考,小倉ダ短距離(1000-1300)・稍・中枠(3-6)で父系統「ニアークティック系」は基準比リフト0.955
阪神,坂あり・パワー型,ダ,中距離(1700-2000),良,内枠(1-2),父系統,ロイヤルチャージャー系,1250,73,246,0.0584,0.1968,60.3,0.0,7.69,0.206,-0.0092,0.955,参考,阪神ダ中距離(1700-2000)・良・内枠(1-2)で父系統「ロイヤルチャージャー系」は基準比リフト0.955
阪神,坂あり・パワー型,ダ,中距離(1700-2000),重不良,中枠(3-6),父系統,ネイティヴダンサー系,346,30,74,0.0867,0.2139,101.9,0.0,7.66,0.2243,-0.0104,0.954,参考,阪神ダ中距離(1700-2000)・重不良・中枠(3-6)で父系統「ネイティヴダンサー系」は基準比リフト0.954
京都,平坦・スピード型,ダ,短中距離(1400-1600),稍,中枠(3-6),父系統,ロイヤルチャージャー系,498,30,98,0.0602,0.1968,56.6,0.0,8.36,0.2062,-0.0094,0.954,参考,京都ダ短中距離(1400-1600)・稍・中枠(3-6)で父系統「ロイヤルチャージャー系」は基準比リフト0.954
阪神,坂あり・パワー型,ダ,短中距離(1400-1600),良,中枠(3-6),父系統,ニアークティック系,728,43,141,0.0591,0.1937,60.9,0.0,8.19,0.2031,-0.0094,0.954,参考,阪神ダ短中距離(1400-1600)・良・中枠(3-6)で父系統「ニアークティック系」は基準比リフト0.954
福島,小回り・機動型,芝,長距離(2500以上),良,外枠(7-8),父系統,ロイヤルチャージャー系,619,41,119,0.0662,0.1922,79.5,0.0,6.9,0.2014,-0.0092,0.954,参考,福島芝長距離(2500以上)・良・外枠(7-8)で父系統「ロイヤルチャージャー系」は基準比リフト0.954
小倉,小回り・機動型,芝,中距離(1700-2000),稍,中枠(3-6),父系統,ニアークティック系,152,10,29,0.0658,0.1908,26.1,0.0,8.3,0.2,-0.0092,0.954,参考,小倉芝中距離(1700-2000)・稍・中枠(3-6)で父系統「ニアークティック系」は基準比リフト0.954
新潟,直線長め・平坦型,ダ,中距離(1700-2000),稍,内枠(1-2),父系統,父系統不明,108,11,20,0.1019,0.1852,133.9,0.0,7.87,0.1942,-0.009,0.954,参考,新潟ダ中距離(1700-2000)・稍・内枠(1-2)で父系統「父系統不明」は基準比リフト0.954
函館,小回り・持続型,ダ,中距離(1700-2000),稍,外枠(7-8),父系統,ロイヤルチャージャー系,214,20,56,0.0935,0.2617,60.2,0.0,6.27,0.2747,-0.013,0.953,参考,函館ダ中距離(1700-2000)・稍・外枠(7-8)で父系統「ロイヤルチャージャー系」は基準比リフト0.953
福島,小回り・機動型,芝,長距離(2500以上),良,内枠(1-2),父系統,ロイヤルチャージャー系,367,24,88,0.0654,0.2398,46.0,0.0,7.38,0.2516,-0.0118,0.953,参考,福島芝長距離(2500以上)・良・内枠(1-2)で父系統「ロイヤルチャージャー系」は基準比リフト0.953
福島,小回り・機動型,芝,長距離(2500以上),良,中枠(3-6),父系統,ネイティヴダンサー系,342,19,79,0.0556,0.231,41.4,0.0,7.04,0.2423,-0.0113,0.953,参考,福島芝長距離(2500以上)・良・中枠(3-6)で父系統「ネイティヴダンサー系」は基準比リフト0.953
函館,小回り・持続型,芝,短距離(1000-1300),良,中枠(3-6),父系統,ナスルーラ系,302,27,67,0.0894,0.2219,175.1,0.0,7.49,0.2329,-0.011,0.953,参考,函館芝短距離(1000-1300)・良・中枠(3-6)で父系統「ナスルーラ系」は基準比リフト0.953
中京,直線長め・持続型,芝,短中距離(1400-1600),良,内枠(1-2),父系統,ロイヤルチャージャー系,843,58,168,0.0688,0.1993,54.3,0.0,8.13,0.2091,-0.0098,0.953,参考,中京芝短中距離(1400-1600)・良・内枠(1-2)で父系統「ロイヤルチャージャー系」は基準比リフト0.953
阪神,坂あり・パワー型,ダ,短距離(1000-1300),稍,中枠(3-6),父系統,ネイティヴダンサー系,330,23,62,0.0697,0.1879,108.1,0.0,8.16,0.1971,-0.0092,0.953,参考,阪神ダ短距離(1000-1300)・稍・中枠(3-6)で父系統「ネイティヴダンサー系」は基準比リフト0.953
阪神,坂あり・パワー型,芝,短距離(1000-1300),良,外枠(7-8),父系統,ニアークティック系,157,6,29,0.0382,0.1847,77.0,0.0,7.79,0.1938,-0.0091,0.953,参考,阪神芝短距離(1000-1300)・良・外枠(7-8)で父系統「ニアークティック系」は基準比リフト0.953
中山,坂あり・パワー型,芝,短中距離(1400-1600),良,外枠(7-8),父系統,父系統不明,556,33,100,0.0594,0.1799,57.8,0.0,8.13,0.1887,-0.0088,0.953,参考,中山芝短中距離(1400-1600)・良・外枠(7-8)で父系統「父系統不明」は基準比リフト0.953
中山,坂あり・パワー型,ダ,短距離(1000-1300),稍,内枠(1-2),父系統,ニアークティック系,215,10,37,0.0465,0.1721,40.8,0.0,8.28,0.1805,-0.0084,0.953,参考,中山ダ短距離(1000-1300)・稍・内枠(1-2)で父系統「ニアークティック系」は基準比リフト0.953
東京,直線長め・持続型,芝,中距離(1700-2000),良,内枠(1-2),父系統,ニアークティック系,336,25,75,0.0744,0.2232,69.8,0.0,7.92,0.2345,-0.0113,0.952,参考,東京芝中距離(1700-2000)・良・内枠(1-2)で父系統「ニアークティック系」は基準比リフト0.952
阪神,坂あり・パワー型,芝,短中距離(1400-1600),良,内枠(1-2),父系統,ロイヤルチャージャー系,1468,116,311,0.079,0.2119,67.8,0.0,7.66,0.2227,-0.0108,0.952,参考,阪神芝短中距離(1400-1600)・良・内枠(1-2)で父系統「ロイヤルチャージャー系」は基準比リフト0.952
阪神,坂あり・パワー型,ダ,短距離(1000-1300),重不良,中枠(3-6),父系統,ネイティヴダンサー系,264,14,51,0.053,0.1932,69.7,0.0,8.41,0.203,-0.0098,0.952,参考,阪神ダ短距離(1000-1300)・重不良・中枠(3-6)で父系統「ネイティヴダンサー系」は基準比リフト0.952
新潟,直線長め・平坦型,ダ,中距離(1700-2000),良,内枠(1-2),父系統,父系統不明,373,24,72,0.0643,0.193,130.0,0.0,7.57,0.2028,-0.0098,0.952,参考,新潟ダ中距離(1700-2000)・良・内枠(1-2)で父系統「父系統不明」は基準比リフト0.952
小倉,小回り・機動型,芝,短距離(1000-1300),良,中枠(3-6),父系統,ロイヤルチャージャー系,2494,148,463,0.0593,0.1856,70.2,0.0,8.42,0.1949,-0.0093,0.952,参考,小倉芝短距離(1000-1300)・良・中枠(3-6)で父系統「ロイヤルチャージャー系」は基準比リフト0.952
京都,平坦・スピード型,ダ,短中距離(1400-1600),稍,外枠(7-8),父系統,ロイヤルチャージャー系,254,14,45,0.0551,0.1772,76.1,0.0,8.27,0.1862,-0.009,0.952,参考,京都ダ短中距離(1400-1600)・稍・外枠(7-8)で父系統「ロイヤルチャージャー系」は基準比リフト0.952
札幌,小回り・持続型,芝,中距離(1700-2000),良,中枠(3-6),父系統,ニアークティック系,446,35,103,0.0785,0.2309,67.8,0.0,7.17,0.2428,-0.0119,0.951,参考,札幌芝中距離(1700-2000)・良・中枠(3-6)で父系統「ニアークティック系」は基準比リフト0.951
中京,直線長め・持続型,芝,中長距離(2100-2400),稍,中枠(3-6),父系統,ロイヤルチャージャー系,114,8,26,0.0702,0.2281,49.6,0.0,7.98,0.2398,-0.0117,0.951,参考,中京芝中長距離(2100-2400)・稍・中枠(3-6)で父系統「ロイヤルチャージャー系」は基準比リフト0.951
京都,平坦・スピード型,ダ,中距離(1700-2000),良,中枠(3-6),父系統,ニアークティック系,1229,82,255,0.0667,0.2075,95.1,0.0,8.01,0.2181,-0.0106,0.951,参考,京都ダ中距離(1700-2000)・良・中枠(3-6)で父系統「ニアークティック系」は基準比リフト0.951
福島,小回り・機動型,ダ,中距離(1700-2000),良,外枠(7-8),父系統,ネイティヴダンサー系,429,41,89,0.0956,0.2075,55.8,0.0,7.94,0.2183,-0.0108,0.951,参考,福島ダ中距離(1700-2000)・良・外枠(7-8)で父系統「ネイティヴダンサー系」は基準比リフト0.951
中京,直線長め・持続型,芝,短距離(1000-1300),良,内枠(1-2),父系統,ニアークティック系,142,12,26,0.0845,0.1831,90.0,0.0,9.99,0.1925,-0.0094,0.951,参考,中京芝短距離(1000-1300)・良・内枠(1-2)で父系統「ニアークティック系」は基準比リフト0.951
新潟,直線長め・平坦型,芝,中長距離(2100-2400),良,外枠(7-8),父系統,ネイティヴダンサー系,116,5,21,0.0431,0.181,44.3,0.0,7.73,0.1903,-0.0093,0.951,参考,新潟芝中長距離(2100-2400)・良・外枠(7-8)で父系統「ネイティヴダンサー系」は基準比リフト0.951
中山,坂あり・パワー型,ダ,中距離(1700-2000),良,内枠(1-2),父系統,ネイティヴダンサー系,723,38,127,0.0526,0.1757,58.0,0.0,8.19,0.1848,-0.0091,0.951,参考,中山ダ中距離(1700-2000)・良・内枠(1-2)で父系統「ネイティヴダンサー系」は基準比リフト0.951
小倉,小回り・機動型,ダ,中距離(1700-2000),不,外枠(7-8),父系統,ロイヤルチャージャー系,158,12,25,0.0759,0.1582,91.9,0.0,8.39,0.1663,-0.0081,0.951,参考,小倉ダ中距離(1700-2000)・不・外枠(7-8)で父系統「ロイヤルチャージャー系」は基準比リフト0.951
函館,小回り・持続型,ダ,中距離(1700-2000),良,中枠(3-6),父系統,父系統不明,518,42,116,0.0811,0.2239,87.7,0.0,6.85,0.2356,-0.0117,0.95,参考,函館ダ中距離(1700-2000)・良・中枠(3-6)で父系統「父系統不明」は基準比リフト0.95
中山,坂あり・パワー型,ダ,短距離(1000-1300),稍,外枠(7-8),父系統,父系統不明,331,29,71,0.0876,0.2145,68.5,0.0,7.84,0.2257,-0.0112,0.95,参考,中山ダ短距離(1000-1300)・稍・外枠(7-8)で父系統「父系統不明」は基準比リフト0.95
京都,平坦・スピード型,ダ,短距離(1000-1300),良,内枠(1-2),父系統,ニアークティック系,398,24,80,0.0603,0.201,52.2,0.0,7.9,0.2115,-0.0105,0.95,参考,京都ダ短距離(1000-1300)・良・内枠(1-2)で父系統「ニアークティック系」は基準比リフト0.95
中山,坂あり・パワー型,芝,短距離(1000-1300),良,中枠(3-6),父系統,父系統不明,513,33,98,0.0643,0.191,60.6,0.0,7.66,0.2011,-0.0101,0.95,参考,中山芝短距離(1000-1300)・良・中枠(3-6)で父系統「父系統不明」は基準比リフト0.95
京都,平坦・スピード型,ダ,短距離(1000-1300),稍,中枠(3-6),父系統,ネイティヴダンサー系,281,15,50,0.0534,0.1779,90.9,0.0,8.6,0.1872,-0.0093,0.95,参考,京都ダ短距離(1000-1300)・稍・中枠(3-6)で父系統「ネイティヴダンサー系」は基準比リフト0.95
小倉,小回り・機動型,ダ,中距離(1700-2000),重不良,外枠(7-8),父系統,父系統不明,169,11,30,0.0651,0.1775,26.0,0.0,7.49,0.1868,-0.0093,0.95,参考,小倉ダ中距離(1700-2000)・重不良・外枠(7-8)で父系統「父系統不明」は基準比リフト0.95
東京,直線長め・持続型,芝,中長距離(2100-2400),良,内枠(1-2),父系統,ネイティヴダンサー系,113,13,28,0.115,0.2478,92.5,0.0,6.83,0.261,-0.0132,0.949,参考,東京芝中長距離(2100-2400)・良・内枠(1-2)で父系統「ネイティヴダンサー系」は基準比リフト0.949
函館,小回り・持続型,芝,中距離(1700-2000),良,中枠(3-6),父系統,ニアークティック系,431,34,98,0.0789,0.2274,35.1,0.0,7.13,0.2397,-0.0123,0.949,参考,函館芝中距離(1700-2000)・良・中枠(3-6)で父系統「ニアークティック系」は基準比リフト0.949
小倉,小回り・機動型,ダ,中距離(1700-2000),重不良,内枠(1-2),父系統,ロイヤルチャージャー系,209,11,43,0.0526,0.2057,44.7,0.0,7.84,0.2168,-0.0111,0.949,参考,小倉ダ中距離(1700-2000)・重不良・内枠(1-2)で父系統「ロイヤルチャージャー系」は基準比リフト0.949
東京,直線長め・持続型,ダ,短中距離(1400-1600),良,内枠(1-2),父系統,ロイヤルチャージャー系,2330,136,371,0.0584,0.1592,48.4,0.0,8.32,0.1677,-0.0085,0.949,参考,東京ダ短中距離(1400-1600)・良・内枠(1-2)で父系統「ロイヤルチャージャー系」は基準比リフト0.949
東京,直線長め・持続型,芝,短中距離(1400-1600),不,外枠(7-8),父系統,ロイヤルチャージャー系,107,2,17,0.0187,0.1589,4.0,0.0,8.11,0.1674,-0.0085,0.949,参考,東京芝短中距離(1400-1600)・不・外枠(7-8)で父系統「ロイヤルチャージャー系」は基準比リフト0.949
阪神,坂あり・パワー型,芝,長距離(2500以上),良,中枠(3-6),父系統,ロイヤルチャージャー系,231,19,55,0.0823,0.2381,42.7,0.0,7.19,0.2511,-0.013,0.948,参考,阪神芝長距離(2500以上)・良・中枠(3-6)で父系統「ロイヤルチャージャー系」は基準比リフト0.948
東京,直線長め・持続型,芝,中距離(1700-2000),良,内枠(1-2),父系統,ナスルーラ系,180,14,40,0.0778,0.2222,64.8,0.0,8.08,0.2345,-0.0123,0.948,参考,東京芝中距離(1700-2000)・良・内枠(1-2)で父系統「ナスルーラ系」は基準比リフト0.948
東京,直線長め・持続型,ダ,短中距離(1400-1600),良,外枠(7-8),父系統,ネイティヴダンサー系,1525,95,313,0.0623,0.2052,67.3,0.0,8.23,0.2165,-0.0113,0.948,参考,東京ダ短中距離(1400-1600)・良・外枠(7-8)で父系統「ネイティヴダンサー系」は基準比リフト0.948
福島,小回り・機動型,ダ,短距離(1000-1300),稍,中枠(3-6),父系統,ニアークティック系,98,5,20,0.051,0.2041,49.6,0.0,8.33,0.2153,-0.0112,0.948,参考,福島ダ短距離(1000-1300)・稍・中枠(3-6)で父系統「ニアークティック系」は基準比リフト0.948
福島,小回り・機動型,ダ,短距離(1000-1300),重不良,中枠(3-6),父系統,ロイヤルチャージャー系,126,7,21,0.0556,0.1667,57.8,0.0,8.85,0.1759,-0.0092,0.948,参考,福島ダ短距離(1000-1300)・重不良・中枠(3-6)で父系統「ロイヤルチャージャー系」は基準比リフト0.948
阪神,坂あり・パワー型,ダ,短中距離(1400-1600),良,内枠(1-2),父系統,ニアークティック系,310,14,50,0.0452,0.1613,38.0,0.0,8.49,0.1701,-0.0088,0.948,参考,阪神ダ短中距離(1400-1600)・良・内枠(1-2)で父系統「ニアークティック系」は基準比リフト0.948
京都,平坦・スピード型,ダ,短中距離(1400-1600),重不良,外枠(7-8),父系統,ロイヤルチャージャー系,177,6,35,0.0339,0.1977,23.4,0.0,7.59,0.2088,-0.0111,0.947,参考,京都ダ短中距離(1400-1600)・重不良・外枠(7-8)で父系統「ロイヤルチャージャー系」は基準比リフト0.947
阪神,坂あり・パワー型,ダ,短距離(1000-1300),良,中枠(3-6),父系統,ロイヤルチャージャー系,1231,70,242,0.0569,0.1966,46.3,0.0,8.22,0.2076,-0.011,0.947,参考,阪神ダ短距離(1000-1300)・良・中枠(3-6)で父系統「ロイヤルチャージャー系」は基準比リフト0.947
小倉,小回り・機動型,ダ,中距離(1700-2000),稍,中枠(3-6),父系統,ニアークティック系,277,17,54,0.0614,0.1949,47.9,0.0,8.01,0.2059,-0.011,0.947,参考,小倉ダ中距離(1700-2000)・稍・中枠(3-6)で父系統「ニアークティック系」は基準比リフト0.947
中山,坂あり・パワー型,芝,短中距離(1400-1600),稍,内枠(1-2),父系統,ロイヤルチャージャー系,188,12,35,0.0638,0.1862,130.6,0.0,7.21,0.1967,-0.0105,0.947,参考,中山芝短中距離(1400-1600)・稍・内枠(1-2)で父系統「ロイヤルチャージャー系」は基準比リフト0.947
小倉,小回り・機動型,ダ,中距離(1700-2000),良,中枠(3-6),父系統,ナスルーラ系,293,17,54,0.058,0.1843,65.7,0.0,8.54,0.1947,-0.0104,0.947,参考,小倉ダ中距離(1700-2000)・良・中枠(3-6)で父系統「ナスルーラ系」は基準比リフト0.947
札幌,小回り・持続型,芝,短中距離(1400-1600),良,中枠(3-6),父系統,ニアークティック系,222,15,52,0.0676,0.2342,105.4,0.0,6.77,0.2476,-0.0134,0.946,参考,札幌芝短中距離(1400-1600)・良・中枠(3-6)で父系統「ニアークティック系」は基準比リフト0.946
阪神,坂あり・パワー型,芝,中距離(1700-2000),良,中枠(3-6),父系統,ネイティヴダンサー系,789,59,179,0.0748,0.2269,66.6,0.0,7.3,0.2399,-0.013,0.946,参考,阪神芝中距離(1700-2000)・良・中枠(3-6)で父系統「ネイティヴダンサー系」は基準比リフト0.946
東京,直線長め・持続型,芝,中距離(1700-2000),良,内枠(1-2),父系統,父系統不明,658,55,146,0.0836,0.2219,53.9,0.0,7.12,0.2345,-0.0126,0.946,参考,東京芝中距離(1700-2000)・良・内枠(1-2)で父系統「父系統不明」は基準比リフト0.946
福島,小回り・機動型,ダ,中距離(1700-2000),良,内枠(1-2),父系統,父系統不明,284,21,57,0.0739,0.2007,90.6,0.0,7.32,0.2121,-0.0114,0.946,参考,福島ダ中距離(1700-2000)・良・内枠(1-2)で父系統「父系統不明」は基準比リフト0.946
京都,平坦・スピード型,ダ,短距離(1000-1300),良,外枠(7-8),父系統,ニアークティック系,476,23,92,0.0483,0.1933,52.1,0.0,8.27,0.2043,-0.011,0.946,参考,京都ダ短距離(1000-1300)・良・外枠(7-8)で父系統「ニアークティック系」は基準比リフト0.946
小倉,小回り・機動型,ダ,中距離(1700-2000),重不良,外枠(7-8),父系統,ロイヤルチャージャー系,249,16,44,0.0643,0.1767,52.7,0.0,7.9,0.1868,-0.0101,0.946,参考,小倉ダ中距離(1700-2000)・重不良・外枠(7-8)で父系統「ロイヤルチャージャー系」は基準比リフト0.946
札幌,小回り・持続型,芝,中距離(1700-2000),良,中枠(3-6),父系統,ナスルーラ系,170,7,39,0.0412,0.2294,117.8,0.0,7.71,0.2428,-0.0134,0.945,参考,札幌芝中距離(1700-2000)・良・中枠(3-6)で父系統「ナスルーラ系」は基準比リフト0.945
京都,平坦・スピード型,芝,短中距離(1400-1600),稍,中枠(3-6),父系統,ネイティヴダンサー系,161,14,32,0.087,0.1988,67.8,0.0,7.79,0.2103,-0.0115,0.945,参考,京都芝短中距離(1400-1600)・稍・中枠(3-6)で父系統「ネイティヴダンサー系」は基準比リフト0.945
中山,坂あり・パワー型,ダ,短距離(1000-1300),重不良,中枠(3-6),父系統,ナスルーラ系,138,11,25,0.0797,0.1812,37.5,0.0,7.72,0.1917,-0.0105,0.945,参考,中山ダ短距離(1000-1300)・重不良・中枠(3-6)で父系統「ナスルーラ系」は基準比リフト0.945
小倉,小回り・機動型,芝,長距離(2500以上),良,中枠(3-6),父系統,ネイティヴダンサー系,199,17,48,0.0854,0.2412,51.0,0.0,6.35,0.2556,-0.0144,0.944,参考,小倉芝長距離(2500以上)・良・中枠(3-6)で父系統「ネイティヴダンサー系」は基準比リフト0.944
阪神,坂あり・パワー型,ダ,中距離(1700-2000),良,内枠(1-2),父系統,ナスルーラ系,180,15,35,0.0833,0.1944,103.2,0.0,7.84,0.206,-0.0116,0.944,参考,阪神ダ中距離(1700-2000)・良・内枠(1-2)で父系統「ナスルーラ系」は基準比リフト0.944
函館,小回り・持続型,ダ,中距離(1700-2000),良,外枠(7-8),父系統,ネイティヴダンサー系,331,20,75,0.0604,0.2266,34.5,0.0,6.9,0.2402,-0.0136,0.943,参考,函館ダ中距離(1700-2000)・良・外枠(7-8)で父系統「ネイティヴダンサー系」は基準比リフト0.943
札幌,小回り・持続型,ダ,中距離(1700-2000),良,内枠(1-2),父系統,父系統不明,207,12,41,0.058,0.1981,46.2,0.0,6.88,0.21,-0.0119,0.943,参考,札幌ダ中距離(1700-2000)・良・内枠(1-2)で父系統「父系統不明」は基準比リフト0.943
中山,坂あり・パワー型,芝,中長距離(2100-2400),良,中枠(3-6),父系統,父系統不明,203,14,40,0.069,0.197,37.3,0.0,7.72,0.2088,-0.0118,0.943,参考,中山芝中長距離(2100-2400)・良・中枠(3-6)で父系統「父系統不明」は基準比リフト0.943
東京,直線長め・持続型,ダ,短中距離(1400-1600),重不良,中枠(3-6),父系統,ロイヤルチャージャー系,873,46,160,0.0527,0.1833,42.0,0.0,8.27,0.1943,-0.011,0.943,参考,東京ダ短中距離(1400-1600)・重不良・中枠(3-6)で父系統「ロイヤルチャージャー系」は基準比リフト0.943
東京,直線長め・持続型,ダ,長距離(2500以上),良,外枠(7-8),父系統,ニアークティック系,91,6,16,0.0659,0.1758,103.3,0.0,7.51,0.1865,-0.0107,0.943,参考,東京ダ長距離(2500以上)・良・外枠(7-8)で父系統「ニアークティック系」は基準比リフト0.943
函館,小回り・持続型,ダ,短距離(1000-1300),良,中枠(3-6),父系統,父系統不明,251,23,61,0.0916,0.243,109.2,0.0,6.25,0.2579,-0.0149,0.942,参考,函館ダ短距離(1000-1300)・良・中枠(3-6)で父系統「父系統不明」は基準比リフト0.942
函館,小回り・持続型,芝,短距離(1000-1300),良,中枠(3-6),父系統,ロイヤルチャージャー系,1313,105,288,0.08,0.2193,82.5,0.0,7.41,0.2329,-0.0136,0.942,参考,函館芝短距離(1000-1300)・良・中枠(3-6)で父系統「ロイヤルチャージャー系」は基準比リフト0.942
阪神,坂あり・パワー型,ダ,短中距離(1400-1600),稍,外枠(7-8),父系統,ニアークティック系,178,10,36,0.0562,0.2022,26.5,0.0,7.66,0.2147,-0.0125,0.942,参考,阪神ダ短中距離(1400-1600)・稍・外枠(7-8)で父系統「ニアークティック系」は基準比リフト0.942
東京,直線長め・持続型,芝,短中距離(1400-1600),良,中枠(3-6),父系統,その他のエクリプス系,89,5,17,0.0562,0.191,35.2,0.0,7.44,0.2028,-0.0118,0.942,参考,東京芝短中距離(1400-1600)・良・中枠(3-6)で父系統「その他のエクリプス系」は基準比リフト0.942
京都,平坦・スピード型,ダ,短中距離(1400-1600),良,外枠(7-8),父系統,ネイティヴダンサー系,519,31,95,0.0597,0.183,37.5,0.0,7.71,0.1942,-0.0112,0.942,参考,京都ダ短中距離(1400-1600)・良・外枠(7-8)で父系統「ネイティヴダンサー系」は基準比リフト0.942
函館,小回り・持続型,芝,長距離(2500以上),良,外枠(7-8),父系統,ロイヤルチャージャー系,152,9,34,0.0592,0.2237,63.4,0.0,6.68,0.2378,-0.0141,0.941,参考,函館芝長距離(2500以上)・良・外枠(7-8)で父系統「ロイヤルチャージャー系」は基準比リフト0.941
阪神,坂あり・パワー型,ダ,短距離(1000-1300),稍,外枠(7-8),父系統,ロイヤルチャージャー系,248,16,55,0.0645,0.2218,70.1,0.0,7.82,0.2356,-0.0138,0.941,参考,阪神ダ短距離(1000-1300)・稍・外枠(7-8)で父系統「ロイヤルチャージャー系」は基準比リフト0.941
新潟,直線長め・平坦型,ダ,短距離(1000-1300),良,外枠(7-8),父系統,ロイヤルチャージャー系,704,51,151,0.0724,0.2145,62.7,0.0,7.6,0.2279,-0.0134,0.941,参考,新潟ダ短距離(1000-1300)・良・外枠(7-8)で父系統「ロイヤルチャージャー系」は基準比リフト0.941
阪神,坂あり・パワー型,ダ,短距離(1000-1300),重不良,外枠(7-8),父系統,ロイヤルチャージャー系,191,9,38,0.0471,0.199,29.0,0.0,8.35,0.2115,-0.0125,0.941,参考,阪神ダ短距離(1000-1300)・重不良・外枠(7-8)で父系統「ロイヤルチャージャー系」は基準比リフト0.941
東京,直線長め・持続型,ダ,短距離(1000-1300),良,内枠(1-2),父系統,ロイヤルチャージャー系,313,18,59,0.0575,0.1885,55.1,0.0,8.35,0.2004,-0.0119,0.941,参考,東京ダ短距離(1000-1300)・良・内枠(1-2)で父系統「ロイヤルチャージャー系」は基準比リフト0.941
東京,直線長め・持続型,ダ,短中距離(1400-1600),良,中枠(3-6),父系統,ニアークティック系,2177,155,409,0.0712,0.1879,68.1,0.0,8.4,0.1997,-0.0118,0.941,参考,東京ダ短中距離(1400-1600)・良・中枠(3-6)で父系統「ニアークティック系」は基準比リフト0.941
福島,小回り・機動型,芝,短距離(1000-1300),良,中枠(3-6),父系統,ナスルーラ系,479,31,85,0.0647,0.1775,98.4,0.0,8.23,0.1887,-0.0112,0.941,参考,福島芝短距離(1000-1300)・良・中枠(3-6)で父系統「ナスルーラ系」は基準比リフト0.941
小倉,小回り・機動型,芝,中距離(1700-2000),稍,内枠(1-2),父系統,ロイヤルチャージャー系,223,19,50,0.0852,0.2242,55.2,0.0,7.37,0.2384,-0.0142,0.94,参考,小倉芝中距離(1700-2000)・稍・内枠(1-2)で父系統「ロイヤルチャージャー系」は基準比リフト0.94
東京,直線長め・持続型,ダ,中長距離(2100-2400),稍,中枠(3-6),父系統,ネイティヴダンサー系,95,10,21,0.1053,0.2211,142.9,0.0,7.21,0.2351,-0.014,0.94,参考,東京ダ中長距離(2100-2400)・稍・中枠(3-6)で父系統「ネイティヴダンサー系」は基準比リフト0.94
東京,直線長め・持続型,ダ,中長距離(2100-2400),不,中枠(3-6),父系統,ロイヤルチャージャー系,132,9,27,0.0682,0.2045,37.7,0.0,8.51,0.2175,-0.013,0.94,参考,東京ダ中長距離(2100-2400)・不・中枠(3-6)で父系統「ロイヤルチャージャー系」は基準比リフト0.94
中山,坂あり・パワー型,ダ,中距離(1700-2000),良,中枠(3-6),父系統,ナスルーラ系,604,35,113,0.0579,0.1871,56.0,0.0,8.4,0.199,-0.0119,0.94,参考,中山ダ中距離(1700-2000)・良・中枠(3-6)で父系統「ナスルーラ系」は基準比リフト0.94
小倉,小回り・機動型,芝,短距離(1000-1300),良,外枠(7-8),父系統,ネイティヴダンサー系,628,41,117,0.0653,0.1863,59.6,0.0,8.67,0.1981,-0.0118,0.94,参考,小倉芝短距離(1000-1300)・良・外枠(7-8)で父系統「ネイティヴダンサー系」は基準比リフト0.94
阪神,坂あり・パワー型,ダ,短距離(1000-1300),稍,中枠(3-6),父系統,ナスルーラ系,135,11,25,0.0815,0.1852,37.3,0.0,7.5,0.1971,-0.0119,0.94,参考,阪神ダ短距離(1000-1300)・稍・中枠(3-6)で父系統「ナスルーラ系」は基準比リフト0.94
中山,坂あり・パワー型,ダ,中距離(1700-2000),不,中枠(3-6),父系統,ニアークティック系,170,10,31,0.0588,0.1824,73.2,0.0,8.24,0.1941,-0.0117,0.94,参考,中山ダ中距離(1700-2000)・不・中枠(3-6)で父系統「ニアークティック系」は基準比リフト0.94
小倉,小回り・機動型,芝,長距離(2500以上),良,内枠(1-2),父系統,ロイヤルチャージャー系,272,21,74,0.0772,0.2721,77.1,0.0,6.39,0.2897,-0.0176,0.939,参考,小倉芝長距離(2500以上)・良・内枠(1-2)で父系統「ロイヤルチャージャー系」は基準比リフト0.939
東京,直線長め・持続型,芝,中距離(1700-2000),良,内枠(1-2),父系統,ネイティヴダンサー系,359,29,79,0.0808,0.2201,49.7,0.0,7.4,0.2345,-0.0144,0.939,参考,東京芝中距離(1700-2000)・良・内枠(1-2)で父系統「ネイティヴダンサー系」は基準比リフト0.939
阪神,坂あり・パワー型,ダ,中距離(1700-2000),良,中枠(3-6),父系統,ニアークティック系,1035,76,221,0.0734,0.2135,103.9,0.0,7.86,0.2273,-0.0138,0.939,参考,阪神ダ中距離(1700-2000)・良・中枠(3-6)で父系統「ニアークティック系」は基準比リフト0.939
中京,直線長め・持続型,ダ,中距離(1700-2000),稍,中枠(3-6),父系統,ニアークティック系,179,11,38,0.0615,0.2123,54.7,0.0,8.27,0.2261,-0.0138,0.939,参考,中京ダ中距離(1700-2000)・稍・中枠(3-6)で父系統「ニアークティック系」は基準比リフト0.939
阪神,坂あり・パワー型,ダ,中距離(1700-2000),重不良,中枠(3-6),父系統,ロイヤルチャージャー系,712,41,150,0.0576,0.2107,48.4,0.0,7.7,0.2243,-0.0136,0.939,参考,阪神ダ中距離(1700-2000)・重不良・中枠(3-6)で父系統「ロイヤルチャージャー系」は基準比リフト0.939
阪神,坂あり・パワー型,芝,短距離(1000-1300),良,中枠(3-6),父系統,ロイヤルチャージャー系,725,48,152,0.0662,0.2097,90.8,0.0,7.66,0.2234,-0.0137,0.939,参考,阪神芝短距離(1000-1300)・良・中枠(3-6)で父系統「ロイヤルチャージャー系」は基準比リフト0.939
中京,直線長め・持続型,ダ,中距離(1700-2000),重不良,外枠(7-8),父系統,ネイティヴダンサー系,99,4,20,0.0404,0.202,24.1,0.0,7.92,0.2151,-0.0131,0.939,参考,中京ダ中距離(1700-2000)・重不良・外枠(7-8)で父系統「ネイティヴダンサー系」は基準比リフト0.939
中山,坂あり・パワー型,芝,短中距離(1400-1600),良,外枠(7-8),父系統,ニアークティック系,367,22,65,0.0599,0.1771,90.6,0.0,8.68,0.1887,-0.0116,0.939,参考,中山芝短中距離(1400-1600)・良・外枠(7-8)で父系統「ニアークティック系」は基準比リフト0.939
中山,坂あり・パワー型,ダ,中距離(1700-2000),良,内枠(1-2),父系統,ニアークティック系,565,29,98,0.0513,0.1735,40.6,0.0,8.37,0.1848,-0.0113,0.939,参考,中山ダ中距離(1700-2000)・良・内枠(1-2)で父系統「ニアークティック系」は基準比リフト0.939
阪神,坂あり・パワー型,芝,短距離(1000-1300),良,内枠(1-2),父系統,ロイヤルチャージャー系,335,25,78,0.0746,0.2328,58.0,0.0,7.09,0.2482,-0.0154,0.938,参考,阪神芝短距離(1000-1300)・良・内枠(1-2)で父系統「ロイヤルチャージャー系」は基準比リフト0.938
京都,平坦・スピード型,芝,中距離(1700-2000),良,中枠(3-6),父系統,ナスルーラ系,304,13,70,0.0428,0.2303,42.3,0.0,7.8,0.2454,-0.0151,0.938,参考,京都芝中距離(1700-2000)・良・中枠(3-6)で父系統「ナスルーラ系」は基準比リフト0.938
中京,直線長め・持続型,芝,中距離(1700-2000),稍,中枠(3-6),父系統,ロイヤルチャージャー系,225,14,47,0.0622,0.2089,63.0,0.0,7.77,0.2227,-0.0138,0.938,参考,中京芝中距離(1700-2000)・稍・中枠(3-6)で父系統「ロイヤルチャージャー系」は基準比リフト0.938
東京,直線長め・持続型,ダ,短中距離(1400-1600),不,外枠(7-8),父系統,ロイヤルチャージャー系,315,14,54,0.0444,0.1714,58.7,0.0,8.1,0.1827,-0.0113,0.938,参考,東京ダ短中距離(1400-1600)・不・外枠(7-8)で父系統「ロイヤルチャージャー系」は基準比リフト0.938
東京,直線長め・持続型,ダ,短中距離(1400-1600),不,内枠(1-2),父系統,ニアークティック系,95,6,16,0.0632,0.1684,50.0,0.0,8.89,0.1796,-0.0112,0.938,参考,東京ダ短中距離(1400-1600)・不・内枠(1-2)で父系統「ニアークティック系」は基準比リフト0.938
新潟,直線長め・平坦型,芝,中距離(1700-2000),良,外枠(7-8),父系統,ニアークティック系,390,29,77,0.0744,0.1974,66.1,0.0,8.48,0.2107,-0.0133,0.937,参考,新潟芝中距離(1700-2000)・良・外枠(7-8)で父系統「ニアークティック系」は基準比リフト0.937
福島,小回り・機動型,ダ,短距離(1000-1300),良,外枠(7-8),父系統,ロイヤルチャージャー系,416,26,82,0.0625,0.1971,67.5,0.0,8.48,0.2103,-0.0132,0.937,参考,福島ダ短距離(1000-1300)・良・外枠(7-8)で父系統「ロイヤルチャージャー系」は基準比リフト0.937
阪神,坂あり・パワー型,ダ,短距離(1000-1300),稍,外枠(7-8),父系統,父系統不明,195,16,43,0.0821,0.2205,56.3,0.0,7.39,0.2356,-0.0151,0.936,参考,阪神ダ短距離(1000-1300)・稍・外枠(7-8)で父系統「父系統不明」は基準比リフト0.936
京都,平坦・スピード型,ダ,中距離(1700-2000),良,内枠(1-2),父系統,ネイティヴダンサー系,628,54,136,0.086,0.2166,81.2,0.0,7.18,0.2314,-0.0148,0.936,参考,京都ダ中距離(1700-2000)・良・内枠(1-2)で父系統「ネイティヴダンサー系」は基準比リフト0.936
京都,平坦・スピード型,ダ,中距離(1700-2000),不,中枠(3-6),父系統,ロイヤルチャージャー系,241,16,52,0.0664,0.2158,44.6,0.0,7.02,0.2306,-0.0148,0.936,参考,京都ダ中距離(1700-2000)・不・中枠(3-6)で父系統「ロイヤルチャージャー系」は基準比リフト0.936
小倉,小回り・機動型,ダ,短距離(1000-1300),重不良,中枠(3-6),父系統,ロイヤルチャージャー系,219,15,46,0.0685,0.21,50.9,0.0,7.7,0.2243,-0.0143,0.936,参考,小倉ダ短距離(1000-1300)・重不良・中枠(3-6)で父系統「ロイヤルチャージャー系」は基準比リフト0.936
東京,直線長め・持続型,芝,短中距離(1400-1600),良,内枠(1-2),父系統,ネイティヴダンサー系,663,46,127,0.0694,0.1916,60.8,0.0,8.41,0.2047,-0.0131,0.936,参考,東京芝短中距離(1400-1600)・良・内枠(1-2)で父系統「ネイティヴダンサー系」は基準比リフト0.936
中山,坂あり・パワー型,ダ,中距離(1700-2000),不,内枠(1-2),父系統,ロイヤルチャージャー系,224,11,42,0.0491,0.1875,34.8,0.0,8.22,0.2004,-0.0129,0.936,参考,中山ダ中距離(1700-2000)・不・内枠(1-2)で父系統「ロイヤルチャージャー系」は基準比リフト0.936
東京,直線長め・持続型,ダ,中長距離(2100-2400),重不良,外枠(7-8),父系統,ロイヤルチャージャー系,92,4,17,0.0435,0.1848,20.5,0.0,7.77,0.1974,-0.0126,0.936,参考,東京ダ中長距離(2100-2400)・重不良・外枠(7-8)で父系統「ロイヤルチャージャー系」は基準比リフト0.936
東京,直線長め・持続型,ダ,短中距離(1400-1600),良,内枠(1-2),父系統,ナスルーラ系,510,27,80,0.0529,0.1569,35.4,0.0,8.63,0.1677,-0.0108,0.936,参考,東京ダ短中距離(1400-1600)・良・内枠(1-2)で父系統「ナスルーラ系」は基準比リフト0.936
福島,小回り・機動型,芝,中距離(1700-2000),稍,外枠(7-8),父系統,ロイヤルチャージャー系,184,15,44,0.0815,0.2391,103.0,0.0,8.03,0.2558,-0.0167,0.935,参考,福島芝中距離(1700-2000)・稍・外枠(7-8)で父系統「ロイヤルチャージャー系」は基準比リフト0.935
中山,坂あり・パワー型,ダ,短距離(1000-1300),重不良,外枠(7-8),父系統,ニアークティック系,122,16,27,0.1311,0.2213,98.3,0.0,7.34,0.2366,-0.0153,0.935,参考,中山ダ短距離(1000-1300)・重不良・外枠(7-8)で父系統「ニアークティック系」は基準比リフト0.935
小倉,小回り・機動型,ダ,短距離(1000-1300),良,中枠(3-6),父系統,ニアークティック系,355,24,74,0.0676,0.2085,87.1,0.0,7.14,0.2229,-0.0144,0.935,参考,小倉ダ短距離(1000-1300)・良・中枠(3-6)で父系統「ニアークティック系」は基準比リフト0.935
函館,小回り・持続型,芝,短距離(1000-1300),良,外枠(7-8),父系統,ナスルーラ系,163,14,32,0.0859,0.1963,41.8,0.0,7.14,0.21,-0.0137,0.935,参考,函館芝短距離(1000-1300)・良・外枠(7-8)で父系統「ナスルーラ系」は基準比リフト0.935
札幌,小回り・持続型,芝,中距離(1700-2000),良,外枠(7-8),父系統,ネイティヴダンサー系,211,20,41,0.0948,0.1943,93.1,0.0,6.86,0.2079,-0.0136,0.935,参考,札幌芝中距離(1700-2000)・良・外枠(7-8)で父系統「ネイティヴダンサー系」は基準比リフト0.935
京都,平坦・スピード型,ダ,短距離(1000-1300),不,中枠(3-6),父系統,ロイヤルチャージャー系,119,10,23,0.084,0.1933,90.1,0.0,8.21,0.2068,-0.0135,0.935,参考,京都ダ短距離(1000-1300)・不・中枠(3-6)で父系統「ロイヤルチャージャー系」は基準比リフト0.935
京都,平坦・スピード型,ダ,中距離(1700-2000),良,外枠(7-8),父系統,ニアークティック系,694,37,134,0.0533,0.1931,68.3,0.0,7.56,0.2066,-0.0135,0.935,参考,京都ダ中距離(1700-2000)・良・外枠(7-8)で父系統「ニアークティック系」は基準比リフト0.935
福島,小回り・機動型,ダ,中距離(1700-2000),稍,中枠(3-6),父系統,ネイティヴダンサー系,214,14,40,0.0654,0.1869,41.0,0.0,7.16,0.1998,-0.0129,0.935,参考,福島ダ中距離(1700-2000)・稍・中枠(3-6)で父系統「ネイティヴダンサー系」は基準比リフト0.935
東京,直線長め・持続型,ダ,短距離(1000-1300),良,内枠(1-2),父系統,ニアークティック系,187,17,35,0.0909,0.1872,278.0,0.0,8.1,0.2004,-0.0132,0.934,参考,東京ダ短距離(1000-1300)・良・内枠(1-2)で父系統「ニアークティック系」は基準比リフト0.934
東京,直線長め・持続型,ダ,短中距離(1400-1600),稍,中枠(3-6),父系統,ロイヤルチャージャー系,1357,68,240,0.0501,0.1769,87.8,0.0,8.31,0.1894,-0.0125,0.934,参考,東京ダ短中距離(1400-1600)・稍・中枠(3-6)で父系統「ロイヤルチャージャー系」は基準比リフト0.934
新潟,直線長め・平坦型,芝,短距離(1000-1300),良,内枠(1-2),父系統,ナスルーラ系,176,7,23,0.0398,0.1307,48.2,0.0,9.02,0.14,-0.0093,0.934,参考,新潟芝短距離(1000-1300)・良・内枠(1-2)で父系統「ナスルーラ系」は基準比リフト0.934
新潟,直線長め・平坦型,ダ,短距離(1000-1300),稍,中枠(3-6),父系統,父系統不明,242,13,45,0.0537,0.186,38.5,0.0,7.43,0.1993,-0.0133,0.933,参考,新潟ダ短距離(1000-1300)・稍・中枠(3-6)で父系統「父系統不明」は基準比リフト0.933
小倉,小回り・機動型,ダ,中距離(1700-2000),良,中枠(3-6),父系統,ネイティヴダンサー系,853,54,155,0.0633,0.1817,86.3,0.0,8.3,0.1947,-0.013,0.933,参考,小倉ダ中距離(1700-2000)・良・中枠(3-6)で父系統「ネイティヴダンサー系」は基準比リフト0.933
中京,直線長め・持続型,ダ,短距離(1000-1300),良,中枠(3-6),父系統,ロイヤルチャージャー系,736,45,125,0.0611,0.1698,56.4,0.0,8.68,0.182,-0.0122,0.933,参考,中京ダ短距離(1000-1300)・良・中枠(3-6)で父系統「ロイヤルチャージャー系」は基準比リフト0.933
新潟,直線長め・平坦型,芝,短距離(1000-1300),良,中枠(3-6),父系統,父系統不明,657,39,105,0.0594,0.1598,66.5,0.0,8.86,0.1712,-0.0114,0.933,参考,新潟芝短距離(1000-1300)・良・中枠(3-6)で父系統「父系統不明」は基準比リフト0.933
札幌,小回り・持続型,芝,短中距離(1400-1600),良,中枠(3-6),父系統,ネイティヴダンサー系,182,11,42,0.0604,0.2308,34.9,0.0,7.07,0.2476,-0.0168,0.932,参考,札幌芝短中距離(1400-1600)・良・中枠(3-6)で父系統「ネイティヴダンサー系」は基準比リフト0.932
阪神,坂あり・パワー型,ダ,中距離(1700-2000),稍,外枠(7-8),父系統,ロイヤルチャージャー系,650,46,147,0.0708,0.2262,69.5,0.0,7.35,0.2427,-0.0165,0.932,参考,阪神ダ中距離(1700-2000)・稍・外枠(7-8)で父系統「ロイヤルチャージャー系」は基準比リフト0.932
阪神,坂あり・パワー型,ダ,中距離(1700-2000),良,外枠(7-8),父系統,ロイヤルチャージャー系,1606,126,352,0.0785,0.2192,93.8,0.0,7.31,0.2351,-0.0159,0.932,参考,阪神ダ中距離(1700-2000)・良・外枠(7-8)で父系統「ロイヤルチャージャー系」は基準比リフト0.932
中山,坂あり・パワー型,芝,中距離(1700-2000),稍,中枠(3-6),父系統,父系統不明,299,23,62,0.0769,0.2074,55.8,0.0,7.55,0.2225,-0.0151,0.932,参考,中山芝中距離(1700-2000)・稍・中枠(3-6)で父系統「父系統不明」は基準比リフト0.932
京都,平坦・スピード型,ダ,短距離(1000-1300),良,中枠(3-6),父系統,ロイヤルチャージャー系,1497,84,272,0.0561,0.1817,45.4,0.0,8.32,0.1949,-0.0132,0.932,参考,京都ダ短距離(1000-1300)・良・中枠(3-6)で父系統「ロイヤルチャージャー系」は基準比リフト0.932
小倉,小回り・機動型,ダ,中距離(1700-2000),良,中枠(3-6),父系統,ニアークティック系,634,44,115,0.0694,0.1814,63.4,0.0,8.4,0.1947,-0.0133,0.932,参考,小倉ダ中距離(1700-2000)・良・中枠(3-6)で父系統「ニアークティック系」は基準比リフト0.932
中京,直線長め・持続型,芝,短距離(1000-1300),良,内枠(1-2),父系統,ロイヤルチャージャー系,340,21,61,0.0618,0.1794,59.1,0.0,8.63,0.1925,-0.0131,0.932,参考,中京芝短距離(1000-1300)・良・内枠(1-2)で父系統「ロイヤルチャージャー系」は基準比リフト0.932
新潟,直線長め・平坦型,芝,中長距離(2100-2400),良,中枠(3-6),父系統,ニアークティック系,197,13,42,0.066,0.2132,47.9,0.0,8.06,0.229,-0.0158,0.931,参考,新潟芝中長距離(2100-2400)・良・中枠(3-6)で父系統「ニアークティック系」は基準比リフト0.931
中山,坂あり・パワー型,芝,長距離(2500以上),良,外枠(7-8),父系統,ロイヤルチャージャー系,368,29,76,0.0788,0.2065,65.1,0.0,7.07,0.2217,-0.0152,0.931,参考,中山芝長距離(2500以上)・良・外枠(7-8)で父系統「ロイヤルチャージャー系」は基準比リフト0.931
中山,坂あり・パワー型,ダ,中距離(1700-2000),稍,外枠(7-8),父系統,ナスルーラ系,106,9,21,0.0849,0.1981,65.4,0.0,8.25,0.2128,-0.0147,0.931,参考,中山ダ中距離(1700-2000)・稍・外枠(7-8)で父系統「ナスルーラ系」は基準比リフト0.931
小倉,小回り・機動型,芝,中距離(1700-2000),稍,中枠(3-6),父系統,父系統不明,392,25,73,0.0638,0.1862,54.8,0.0,7.67,0.2,-0.0138,0.931,参考,小倉芝中距離(1700-2000)・稍・中枠(3-6)で父系統「父系統不明」は基準比リフト0.931
東京,直線長め・持続型,ダ,短中距離(1400-1600),良,中枠(3-6),父系統,ロイヤルチャージャー系,5178,321,963,0.062,0.186,58.8,0.0,8.18,0.1997,-0.0137,0.931,参考,東京ダ短中距離(1400-1600)・良・中枠(3-6)で父系統「ロイヤルチャージャー系」は基準比リフト0.931
中山,坂あり・パワー型,ダ,短距離(1000-1300),良,中枠(3-6),父系統,ロイヤルチャージャー系,2619,149,470,0.0569,0.1795,70.4,0.0,8.67,0.1927,-0.0132,0.931,参考,中山ダ短距離(1000-1300)・良・中枠(3-6)で父系統「ロイヤルチャージャー系」は基準比リフト0.931
小倉,小回り・機動型,芝,短距離(1000-1300),稍,中枠(3-6),父系統,ロイヤルチャージャー系,452,20,81,0.0442,0.1792,48.4,0.0,8.86,0.1925,-0.0133,0.931,参考,小倉芝短距離(1000-1300)・稍・中枠(3-6)で父系統「ロイヤルチャージャー系」は基準比リフト0.931
小倉,小回り・機動型,芝,短距離(1000-1300),稍,外枠(7-8),父系統,ネイティヴダンサー系,111,6,19,0.0541,0.1712,37.8,0.0,9.43,0.1838,-0.0126,0.931,参考,小倉芝短距離(1000-1300)・稍・外枠(7-8)で父系統「ネイティヴダンサー系」は基準比リフト0.931
札幌,小回り・持続型,芝,中距離(1700-2000),良,内枠(1-2),父系統,父系統不明,237,22,61,0.0928,0.2574,126.2,0.0,6.45,0.2768,-0.0194,0.93,参考,札幌芝中距離(1700-2000)・良・内枠(1-2)で父系統「父系統不明」は基準比リフト0.93
函館,小回り・持続型,芝,短距離(1000-1300),良,中枠(3-6),父系統,ネイティヴダンサー系,568,40,123,0.0704,0.2165,94.6,0.0,7.18,0.2329,-0.0164,0.93,参考,函館芝短距離(1000-1300)・良・中枠(3-6)で父系統「ネイティヴダンサー系」は基準比リフト0.93
中山,坂あり・パワー型,芝,中距離(1700-2000),重不良,中枠(3-6),父系統,ロイヤルチャージャー系,198,12,41,0.0606,0.2071,82.5,0.0,7.17,0.2227,-0.0156,0.93,参考,中山芝中距離(1700-2000)・重不良・中枠(3-6)で父系統「ロイヤルチャージャー系」は基準比リフト0.93
小倉,小回り・機動型,ダ,中距離(1700-2000),稍,内枠(1-2),父系統,ニアークティック系,112,4,21,0.0357,0.1875,69.6,0.0,8.54,0.2017,-0.0142,0.93,参考,小倉ダ中距離(1700-2000)・稍・内枠(1-2)で父系統「ニアークティック系」は基準比リフト0.93
中京,直線長め・持続型,ダ,短中距離(1400-1600),良,内枠(1-2),父系統,ネイティヴダンサー系,229,21,42,0.0917,0.1834,123.1,0.0,8.37,0.1971,-0.0137,0.93,参考,中京ダ短中距離(1400-1600)・良・内枠(1-2)で父系統「ネイティヴダンサー系」は基準比リフト0.93
函館,小回り・持続型,ダ,中距離(1700-2000),稍,内枠(1-2),父系統,ロイヤルチャージャー系,97,10,21,0.1031,0.2165,44.9,0.0,6.94,0.2331,-0.0166,0.929,参考,函館ダ中距離(1700-2000)・稍・内枠(1-2)で父系統「ロイヤルチャージャー系」は基準比リフト0.929
阪神,坂あり・パワー型,ダ,短中距離(1400-1600),重不良,外枠(7-8),父系統,ロイヤルチャージャー系,178,13,38,0.073,0.2135,109.1,0.0,8.28,0.2297,-0.0162,0.929,参考,阪神ダ短中距離(1400-1600)・重不良・外枠(7-8)で父系統「ロイヤルチャージャー系」は基準比リフト0.929
福島,小回り・機動型,ダ,中距離(1700-2000),良,中枠(3-6),父系統,ニアークティック系,645,30,120,0.0465,0.186,39.7,0.0,7.87,0.2003,-0.0143,0.929,参考,福島ダ中距離(1700-2000)・良・中枠(3-6)で父系統「ニアークティック系」は基準比リフト0.929
福島,小回り・機動型,ダ,中距離(1700-2000),稍,外枠(7-8),父系統,ネイティヴダンサー系,112,9,26,0.0804,0.2321,52.3,0.0,8.13,0.25,-0.0179,0.928,参考,福島ダ中距離(1700-2000)・稍・外枠(7-8)で父系統「ネイティヴダンサー系」は基準比リフト0.928
中山,坂あり・パワー型,芝,中長距離(2100-2400),良,外枠(7-8),父系統,父系統不明,121,7,24,0.0579,0.1983,71.9,0.0,7.86,0.2138,-0.0155,0.928,参考,中山芝中長距離(2100-2400)・良・外枠(7-8)で父系統「父系統不明」は基準比リフト0.928
中山,坂あり・パワー型,ダ,中距離(1700-2000),不,中枠(3-6),父系統,ロイヤルチャージャー系,494,23,89,0.0466,0.1802,49.3,0.0,7.97,0.1941,-0.0139,0.928,参考,中山ダ中距離(1700-2000)・不・中枠(3-6)で父系統「ロイヤルチャージャー系」は基準比リフト0.928
小倉,小回り・機動型,芝,中距離(1700-2000),稍,外枠(7-8),父系統,ネイティヴダンサー系,84,9,17,0.1071,0.2024,82.5,0.0,7.68,0.2184,-0.016,0.927,参考,小倉芝中距離(1700-2000)・稍・外枠(7-8)で父系統「ネイティヴダンサー系」は基準比リフト0.927
福島,小回り・機動型,芝,短距離(1000-1300),稍,中枠(3-6),父系統,ロイヤルチャージャー系,260,16,49,0.0615,0.1885,53.5,0.0,8.02,0.2033,-0.0148,0.927,参考,福島芝短距離(1000-1300)・稍・中枠(3-6)で父系統「ロイヤルチャージャー系」は基準比リフト0.927
中山,坂あり・パワー型,ダ,長距離(2500以上),稍,中枠(3-6),父系統,ロイヤルチャージャー系,88,6,16,0.0682,0.1818,253.5,0.0,7.49,0.1962,-0.0144,0.927,参考,中山ダ長距離(2500以上)・稍・中枠(3-6)で父系統「ロイヤルチャージャー系」は基準比リフト0.927
京都,平坦・スピード型,ダ,短中距離(1400-1600),重不良,内枠(1-2),父系統,ロイヤルチャージャー系,140,8,23,0.0571,0.1643,43.8,0.0,7.66,0.1773,-0.013,0.927,参考,京都ダ短中距離(1400-1600)・重不良・内枠(1-2)で父系統「ロイヤルチャージャー系」は基準比リフト0.927
札幌,小回り・持続型,芝,短距離(1000-1300),良,内枠(1-2),父系統,ネイティヴダンサー系,144,14,31,0.0972,0.2153,122.6,0.0,8.01,0.2324,-0.0171,0.926,参考,札幌芝短距離(1000-1300)・良・内枠(1-2)で父系統「ネイティヴダンサー系」は基準比リフト0.926
阪神,坂あり・パワー型,芝,短中距離(1400-1600),良,内枠(1-2),父系統,ニアークティック系,412,28,85,0.068,0.2063,40.8,0.0,8.35,0.2227,-0.0164,0.926,参考,阪神芝短中距離(1400-1600)・良・内枠(1-2)で父系統「ニアークティック系」は基準比リフト0.926
東京,直線長め・持続型,芝,短中距離(1400-1600),稍,外枠(7-8),父系統,ネイティヴダンサー系,156,12,30,0.0769,0.1923,51.6,0.0,8.29,0.2077,-0.0154,0.926,参考,東京芝短中距離(1400-1600)・稍・外枠(7-8)で父系統「ネイティヴダンサー系」は基準比リフト0.926
中京,直線長め・持続型,ダ,短距離(1000-1300),稍,中枠(3-6),父系統,ニアークティック系,94,6,18,0.0638,0.1915,111.8,0.0,8.62,0.2068,-0.0153,0.926,参考,中京ダ短距離(1000-1300)・稍・中枠(3-6)で父系統「ニアークティック系」は基準比リフト0.926
京都,平坦・スピード型,ダ,短距離(1000-1300),稍,中枠(3-6),父系統,ロイヤルチャージャー系,375,20,65,0.0533,0.1733,50.7,0.0,8.28,0.1872,-0.0139,0.926,参考,京都ダ短距離(1000-1300)・稍・中枠(3-6)で父系統「ロイヤルチャージャー系」は基準比リフト0.926
函館,小回り・持続型,ダ,中距離(1700-2000),稍,中枠(3-6),父系統,ネイティヴダンサー系,146,7,32,0.0479,0.2192,43.1,0.0,6.64,0.2369,-0.0177,0.925,参考,函館ダ中距離(1700-2000)・稍・中枠(3-6)で父系統「ネイティヴダンサー系」は基準比リフト0.925
福島,小回り・機動型,芝,長距離(2500以上),良,外枠(7-8),父系統,ニアークティック系,188,8,35,0.0426,0.1862,37.3,0.0,7.6,0.2014,-0.0152,0.925,参考,福島芝長距離(2500以上)・良・外枠(7-8)で父系統「ニアークティック系」は基準比リフト0.925
函館,小回り・持続型,ダ,短距離(1000-1300),良,内枠(1-2),父系統,父系統不明,92,10,24,0.1087,0.2609,73.5,0.0,5.7,0.2824,-0.0215,0.924,参考,函館ダ短距離(1000-1300)・良・内枠(1-2)で父系統「父系統不明」は基準比リフト0.924
京都,平坦・スピード型,芝,短距離(1000-1300),良,内枠(1-2),父系統,ナスルーラ系,135,11,29,0.0815,0.2148,304.7,0.0,8.41,0.2324,-0.0176,0.924,参考,京都芝短距離(1000-1300)・良・内枠(1-2)で父系統「ナスルーラ系」は基準比リフト0.924
中京,直線長め・持続型,ダ,中距離(1700-2000),良,内枠(1-2),父系統,ニアークティック系,303,22,63,0.0726,0.2079,85.7,0.0,8.33,0.225,-0.0171,0.924,参考,中京ダ中距離(1700-2000)・良・内枠(1-2)で父系統「ニアークティック系」は基準比リフト0.924
東京,直線長め・持続型,ダ,短中距離(1400-1600),不,中枠(3-6),父系統,ロイヤルチャージャー系,570,37,112,0.0649,0.1965,113.8,0.0,7.96,0.2126,-0.0161,0.924,参考,東京ダ短中距離(1400-1600)・不・中枠(3-6)で父系統「ロイヤルチャージャー系」は基準比リフト0.924
新潟,直線長め・平坦型,芝,短中距離(1400-1600),稍,外枠(7-8),父系統,父系統不明,109,10,21,0.0917,0.1927,148.6,0.0,9.35,0.2086,-0.0159,0.924,参考,新潟芝短中距離(1400-1600)・稍・外枠(7-8)で父系統「父系統不明」は基準比リフト0.924
中山,坂あり・パワー型,ダ,中距離(1700-2000),良,中枠(3-6),父系統,ニアークティック系,1273,83,234,0.0652,0.1838,74.1,0.0,8.15,0.199,-0.0152,0.924,参考,中山ダ中距離(1700-2000)・良・中枠(3-6)で父系統「ニアークティック系」は基準比リフト0.924
阪神,坂あり・パワー型,ダ,長距離(2500以上),良,外枠(7-8),父系統,ネイティヴダンサー系,115,15,28,0.1304,0.2435,156.3,0.0,6.42,0.2639,-0.0204,0.923,参考,阪神ダ長距離(2500以上)・良・外枠(7-8)で父系統「ネイティヴダンサー系」は基準比リフト0.923
京都,平坦・スピード型,芝,中長距離(2100-2400),良,中枠(3-6),父系統,ニアークティック系,287,18,62,0.0627,0.216,123.6,0.0,7.59,0.2341,-0.0181,0.923,参考,京都芝中長距離(2100-2400)・良・中枠(3-6)で父系統「ニアークティック系」は基準比リフト0.923
東京,直線長め・持続型,ダ,中長距離(2100-2400),良,中枠(3-6),父系統,ナスルーラ系,137,11,28,0.0803,0.2044,122.1,0.0,8.75,0.2214,-0.017,0.923,参考,東京ダ中長距離(2100-2400)・良・中枠(3-6)で父系統「ナスルーラ系」は基準比リフト0.923
京都,平坦・スピード型,ダ,中距離(1700-2000),重不良,外枠(7-8),父系統,ロイヤルチャージャー系,304,18,66,0.0592,0.2171,52.5,0.0,7.34,0.2355,-0.0184,0.922,参考,京都ダ中距離(1700-2000)・重不良・外枠(7-8)で父系統「ロイヤルチャージャー系」は基準比リフト0.922
阪神,坂あり・パワー型,芝,短距離(1000-1300),良,中枠(3-6),父系統,ニアークティック系,306,19,63,0.0621,0.2059,52.9,0.0,7.89,0.2234,-0.0175,0.922,参考,阪神芝短距離(1000-1300)・良・中枠(3-6)で父系統「ニアークティック系」は基準比リフト0.922
中京,直線長め・持続型,ダ,中距離(1700-2000),良,中枠(3-6),父系統,ネイティヴダンサー系,944,71,190,0.0752,0.2013,78.9,0.0,7.84,0.2184,-0.0171,0.922,参考,中京ダ中距離(1700-2000)・良・中枠(3-6)で父系統「ネイティヴダンサー系」は基準比リフト0.922
東京,直線長め・持続型,ダ,短距離(1000-1300),良,中枠(3-6),父系統,ニアークティック系,353,20,64,0.0567,0.1813,35.3,0.0,8.8,0.1967,-0.0154,0.922,参考,東京ダ短距離(1000-1300)・良・中枠(3-6)で父系統「ニアークティック系」は基準比リフト0.922
函館,小回り・持続型,芝,短距離(1000-1300),良,内枠(1-2),父系統,ニアークティック系,228,15,55,0.0658,0.2412,41.2,0.0,7.16,0.262,-0.0208,0.921,参考,函館芝短距離(1000-1300)・良・内枠(1-2)で父系統「ニアークティック系」は基準比リフト0.921
中京,直線長め・持続型,芝,長距離(2500以上),稍,中枠(3-6),父系統,ロイヤルチャージャー系,119,9,28,0.0756,0.2353,59.7,0.0,6.95,0.2555,-0.0202,0.921,参考,中京芝長距離(2500以上)・稍・中枠(3-6)で父系統「ロイヤルチャージャー系」は基準比リフト0.921
京都,平坦・スピード型,ダ,短中距離(1400-1600),稍,内枠(1-2),父系統,ニアークティック系,84,9,15,0.1071,0.1786,117.3,0.0,7.9,0.1939,-0.0153,0.921,参考,京都ダ短中距離(1400-1600)・稍・内枠(1-2)で父系統「ニアークティック系」は基準比リフト0.921
東京,直線長め・持続型,ダ,短中距離(1400-1600),不,内枠(1-2),父系統,ネイティヴダンサー系,145,4,24,0.0276,0.1655,32.7,0.0,7.99,0.1796,-0.0141,0.921,参考,東京ダ短中距離(1400-1600)・不・内枠(1-2)で父系統「ネイティヴダンサー系」は基準比リフト0.921
中山,坂あり・パワー型,ダ,短距離(1000-1300),稍,中枠(3-6),父系統,ニアークティック系,453,25,74,0.0552,0.1634,103.9,0.0,8.56,0.1775,-0.0141,0.921,参考,中山ダ短距離(1000-1300)・稍・中枠(3-6)で父系統「ニアークティック系」は基準比リフト0.921
新潟,直線長め・平坦型,芝,長距離(2500以上),良,外枠(7-8),父系統,父系統不明,126,8,29,0.0635,0.2302,92.5,0.0,7.3,0.2503,-0.0201,0.92,参考,新潟芝長距離(2500以上)・良・外枠(7-8)で父系統「父系統不明」は基準比リフト0.92
小倉,小回り・機動型,芝,中距離(1700-2000),良,外枠(7-8),父系統,ニアークティック系,504,33,95,0.0655,0.1885,60.6,0.0,8.19,0.2048,-0.0163,0.92,参考,小倉芝中距離(1700-2000)・良・外枠(7-8)で父系統「ニアークティック系」は基準比リフト0.92
京都,平坦・スピード型,ダ,短中距離(1400-1600),良,中枠(3-6),父系統,ニアークティック系,907,48,167,0.0529,0.1841,72.7,0.0,8.01,0.2,-0.0159,0.92,参考,京都ダ短中距離(1400-1600)・良・中枠(3-6)で父系統「ニアークティック系」は基準比リフト0.92
中山,坂あり・パワー型,芝,短中距離(1400-1600),稍,内枠(1-2),父系統,父系統不明,116,10,21,0.0862,0.181,38.4,0.0,7.69,0.1967,-0.0157,0.92,参考,中山芝短中距離(1400-1600)・稍・内枠(1-2)で父系統「父系統不明」は基準比リフト0.92
福島,小回り・機動型,ダ,短距離(1000-1300),良,中枠(3-6),父系統,ニアークティック系,433,24,75,0.0554,0.1732,59.8,0.0,8.38,0.1882,-0.015,0.92,参考,福島ダ短距離(1000-1300)・良・中枠(3-6)で父系統「ニアークティック系」は基準比リフト0.92
阪神,坂あり・パワー型,芝,短中距離(1400-1600),良,内枠(1-2),父系統,ネイティヴダンサー系,425,27,87,0.0635,0.2047,63.2,0.0,8.47,0.2227,-0.018,0.919,参考,阪神芝短中距離(1400-1600)・良・内枠(1-2)で父系統「ネイティヴダンサー系」は基準比リフト0.919
中京,直線長め・持続型,芝,短中距離(1400-1600),良,内枠(1-2),父系統,ネイティヴダンサー系,255,20,49,0.0784,0.1922,73.6,0.0,9.12,0.2091,-0.0169,0.919,参考,中京芝短中距離(1400-1600)・良・内枠(1-2)で父系統「ネイティヴダンサー系」は基準比リフト0.919
阪神,坂あり・パワー型,芝,短中距離(1400-1600),良,外枠(7-8),父系統,父系統不明,1044,64,183,0.0613,0.1753,72.3,0.0,7.83,0.1907,-0.0154,0.919,参考,阪神芝短中距離(1400-1600)・良・外枠(7-8)で父系統「父系統不明」は基準比リフト0.919
中山,坂あり・パワー型,芝,短中距離(1400-1600),良,内枠(1-2),父系統,ネイティヴダンサー系,309,28,68,0.0906,0.2201,114.7,0.0,7.99,0.2397,-0.0196,0.918,参考,中山芝短中距離(1400-1600)・良・内枠(1-2)で父系統「ネイティヴダンサー系」は基準比リフト0.918
新潟,直線長め・平坦型,芝,中距離(1700-2000),重不良,中枠(3-6),父系統,ロイヤルチャージャー系,139,7,29,0.0504,0.2086,33.6,0.0,7.55,0.2273,-0.0187,0.918,参考,新潟芝中距離(1700-2000)・重不良・中枠(3-6)で父系統「ロイヤルチャージャー系」は基準比リフト0.918
京都,平坦・スピード型,ダ,中距離(1700-2000),稍,中枠(3-6),父系統,ナスルーラ系,120,8,25,0.0667,0.2083,27.5,0.0,7.46,0.2269,-0.0186,0.918,参考,京都ダ中距離(1700-2000)・稍・中枠(3-6)で父系統「ナスルーラ系」は基準比リフト0.918
新潟,直線長め・平坦型,芝,長距離(2500以上),良,中枠(3-6),父系統,ネイティヴダンサー系,319,27,66,0.0846,0.2069,49.4,0.0,7.24,0.2255,-0.0186,0.918,参考,新潟芝長距離(2500以上)・良・中枠(3-6)で父系統「ネイティヴダンサー系」は基準比リフト0.918
京都,平坦・スピード型,ダ,短中距離(1400-1600),稍,中枠(3-6),父系統,ナスルーラ系,111,8,21,0.0721,0.1892,47.5,0.0,7.52,0.2062,-0.017,0.918,参考,京都ダ短中距離(1400-1600)・稍・中枠(3-6)で父系統「ナスルーラ系」は基準比リフト0.918
東京,直線長め・持続型,芝,短中距離(1400-1600),良,中枠(3-6),父系統,ネイティヴダンサー系,1483,107,276,0.0722,0.1861,69.2,0.0,8.3,0.2028,-0.0167,0.918,参考,東京芝短中距離(1400-1600)・良・中枠(3-6)で父系統「ネイティヴダンサー系」は基準比リフト0.918
札幌,小回り・持続型,芝,中距離(1700-2000),稍,内枠(1-2),父系統,ロイヤルチャージャー系,82,6,20,0.0732,0.2439,69.6,0.0,7.21,0.266,-0.0221,0.917,参考,札幌芝中距離(1700-2000)・稍・内枠(1-2)で父系統「ロイヤルチャージャー系」は基準比リフト0.917
阪神,坂あり・パワー型,芝,中距離(1700-2000),良,中枠(3-6),父系統,ニアークティック系,745,56,164,0.0752,0.2201,81.9,0.0,7.53,0.2399,-0.0198,0.917,参考,阪神芝中距離(1700-2000)・良・中枠(3-6)で父系統「ニアークティック系」は基準比リフト0.917
小倉,小回り・機動型,ダ,短距離(1000-1300),良,中枠(3-6),父系統,ロイヤルチャージャー系,602,34,123,0.0565,0.2043,72.0,0.0,7.37,0.2229,-0.0186,0.917,参考,小倉ダ短距離(1000-1300)・良・中枠(3-6)で父系統「ロイヤルチャージャー系」は基準比リフト0.917
小倉,小回り・機動型,ダ,中距離(1700-2000),重不良,中枠(3-6),父系統,ニアークティック系,151,10,29,0.0662,0.1921,47.2,0.0,8.04,0.2095,-0.0174,0.917,参考,小倉ダ中距離(1700-2000)・重不良・中枠(3-6)で父系統「ニアークティック系」は基準比リフト0.917
小倉,小回り・機動型,芝,短距離(1000-1300),良,外枠(7-8),父系統,ナスルーラ系,413,34,75,0.0823,0.1816,73.0,0.0,8.39,0.1981,-0.0165,0.917,参考,小倉芝短距離(1000-1300)・良・外枠(7-8)で父系統「ナスルーラ系」は基準比リフト0.917
福島,小回り・機動型,芝,短距離(1000-1300),良,外枠(7-8),父系統,ロイヤルチャージャー系,1039,64,187,0.0616,0.18,93.2,0.0,8.36,0.1962,-0.0162,0.917,参考,福島芝短距離(1000-1300)・良・外枠(7-8)で父系統「ロイヤルチャージャー系」は基準比リフト0.917
札幌,小回り・持続型,ダ,中距離(1700-2000),稍,外枠(7-8),父系統,父系統不明,96,8,20,0.0833,0.2083,66.6,0.0,7.06,0.2274,-0.0191,0.916,参考,札幌ダ中距離(1700-2000)・稍・外枠(7-8)で父系統「父系統不明」は基準比リフト0.916
中山,坂あり・パワー型,芝,中距離(1700-2000),良,内枠(1-2),父系統,父系統不明,542,33,110,0.0609,0.203,48.6,0.0,7.46,0.2217,-0.0187,0.916,参考,中山芝中距離(1700-2000)・良・内枠(1-2)で父系統「父系統不明」は基準比リフト0.916
東京,直線長め・持続型,芝,中距離(1700-2000),良,外枠(7-8),父系統,ネイティヴダンサー系,537,37,106,0.0689,0.1974,40.4,0.0,7.68,0.2154,-0.018,0.916,参考,東京芝中距離(1700-2000)・良・外枠(7-8)で父系統「ネイティヴダンサー系」は基準比リフト0.916
新潟,直線長め・平坦型,ダ,短距離(1000-1300),良,中枠(3-6),父系統,ロイヤルチャージャー系,1442,99,268,0.0687,0.1859,54.6,0.0,8.04,0.2029,-0.017,0.916,参考,新潟ダ短距離(1000-1300)・良・中枠(3-6)で父系統「ロイヤルチャージャー系」は基準比リフト0.916
中山,坂あり・パワー型,芝,短中距離(1400-1600),良,中枠(3-6),父系統,ネイティヴダンサー系,721,46,133,0.0638,0.1845,82.0,0.0,8.47,0.2014,-0.0169,0.916,参考,中山芝短中距離(1400-1600)・良・中枠(3-6)で父系統「ネイティヴダンサー系」は基準比リフト0.916
京都,平坦・スピード型,芝,中距離(1700-2000),稍,中枠(3-6),父系統,ネイティヴダンサー系,83,5,18,0.0602,0.2169,88.9,0.0,6.83,0.237,-0.0201,0.915,参考,京都芝中距離(1700-2000)・稍・中枠(3-6)で父系統「ネイティヴダンサー系」は基準比リフト0.915
新潟,直線長め・平坦型,ダ,中距離(1700-2000),重不良,中枠(3-6),父系統,父系統不明,160,13,34,0.0812,0.2125,56.7,0.0,6.96,0.2323,-0.0198,0.915,参考,新潟ダ中距離(1700-2000)・重不良・中枠(3-6)で父系統「父系統不明」は基準比リフト0.915
福島,小回り・機動型,芝,中距離(1700-2000),良,内枠(1-2),父系統,ニアークティック系,312,16,59,0.0513,0.1891,48.1,0.0,8.36,0.2066,-0.0175,0.915,参考,福島芝中距離(1700-2000)・良・内枠(1-2)で父系統「ニアークティック系」は基準比リフト0.915
阪神,坂あり・パワー型,ダ,短距離(1000-1300),重不良,内枠(1-2),父系統,ニアークティック系,99,8,16,0.0808,0.1616,26.4,0.0,8.15,0.1767,-0.0151,0.915,参考,阪神ダ短距離(1000-1300)・重不良・内枠(1-2)で父系統「ニアークティック系」は基準比リフト0.915
阪神,坂あり・パワー型,ダ,短中距離(1400-1600),良,内枠(1-2),父系統,ロイヤルチャージャー系,732,36,114,0.0492,0.1557,72.0,0.0,8.42,0.1701,-0.0144,0.915,参考,阪神ダ短中距離(1400-1600)・良・内枠(1-2)で父系統「ロイヤルチャージャー系」は基準比リフト0.915
京都,平坦・スピード型,芝,中長距離(2100-2400),良,外枠(7-8),父系統,ネイティヴダンサー系,141,9,29,0.0638,0.2057,100.4,0.0,7.64,0.225,-0.0193,0.914,参考,京都芝中長距離(2100-2400)・良・外枠(7-8)で父系統「ネイティヴダンサー系」は基準比リフト0.914
中京,直線長め・持続型,ダ,短距離(1000-1300),良,内枠(1-2),父系統,ロイヤルチャージャー系,385,21,74,0.0545,0.1922,60.7,0.0,8.51,0.2103,-0.0181,0.914,参考,中京ダ短距離(1000-1300)・良・内枠(1-2)で父系統「ロイヤルチャージャー系」は基準比リフト0.914
中山,坂あり・パワー型,芝,中長距離(2100-2400),良,中枠(3-6),父系統,ニアークティック系,152,9,29,0.0592,0.1908,38.1,0.0,7.97,0.2088,-0.018,0.914,参考,中山芝中長距離(2100-2400)・良・中枠(3-6)で父系統「ニアークティック系」は基準比リフト0.914
東京,直線長め・持続型,ダ,短中距離(1400-1600),稍,内枠(1-2),父系統,ネイティヴダンサー系,400,21,64,0.0525,0.16,53.0,0.0,8.61,0.1751,-0.0151,0.914,参考,東京ダ短中距離(1400-1600)・稍・内枠(1-2)で父系統「ネイティヴダンサー系」は基準比リフト0.914
中山,坂あり・パワー型,芝,短距離(1000-1300),稍,外枠(7-8),父系統,ロイヤルチャージャー系,120,3,17,0.025,0.1417,54.9,0.0,7.8,0.155,-0.0133,0.914,参考,中山芝短距離(1000-1300)・稍・外枠(7-8)で父系統「ロイヤルチャージャー系」は基準比リフト0.914
阪神,坂あり・パワー型,芝,中長距離(2100-2400),良,中枠(3-6),父系統,ナスルーラ系,105,7,25,0.0667,0.2381,54.9,0.0,7.46,0.2609,-0.0228,0.913,参考,阪神芝中長距離(2100-2400)・良・中枠(3-6)で父系統「ナスルーラ系」は基準比リフト0.913
中山,坂あり・パワー型,ダ,長距離(2500以上),良,外枠(7-8),父系統,ネイティヴダンサー系,113,10,23,0.0885,0.2035,62.2,0.0,6.86,0.223,-0.0195,0.913,参考,中山ダ長距離(2500以上)・良・外枠(7-8)で父系統「ネイティヴダンサー系」は基準比リフト0.913
中京,直線長め・持続型,芝,長距離(2500以上),良,中枠(3-6),父系統,ネイティヴダンサー系,210,17,42,0.081,0.2,57.5,0.0,7.0,0.219,-0.019,0.913,参考,中京芝長距離(2500以上)・良・中枠(3-6)で父系統「ネイティヴダンサー系」は基準比リフト0.913
京都,平坦・スピード型,芝,短中距離(1400-1600),良,内枠(1-2),父系統,ニアークティック系,416,25,83,0.0601,0.1995,77.3,0.0,8.33,0.2185,-0.019,0.913,参考,京都芝短中距離(1400-1600)・良・内枠(1-2)で父系統「ニアークティック系」は基準比リフト0.913
中京,直線長め・持続型,ダ,短中距離(1400-1600),稍,外枠(7-8),父系統,ロイヤルチャージャー系,163,13,32,0.0798,0.1963,94.3,0.0,8.42,0.2151,-0.0188,0.913,参考,中京ダ短中距離(1400-1600)・稍・外枠(7-8)で父系統「ロイヤルチャージャー系」は基準比リフト0.913
中山,坂あり・パワー型,芝,短距離(1000-1300),稍,中枠(3-6),父系統,ネイティヴダンサー系,110,9,21,0.0818,0.1909,31.4,0.0,8.15,0.2091,-0.0182,0.913,参考,中山芝短距離(1000-1300)・稍・中枠(3-6)で父系統「ネイティヴダンサー系」は基準比リフト0.913
札幌,小回り・持続型,芝,中距離(1700-2000),良,外枠(7-8),父系統,ニアークティック系,258,16,49,0.062,0.1899,40.9,0.0,7.36,0.2079,-0.018,0.913,参考,札幌芝中距離(1700-2000)・良・外枠(7-8)で父系統「ニアークティック系」は基準比リフト0.913
福島,小回り・機動型,ダ,中距離(1700-2000),稍,中枠(3-6),父系統,ニアークティック系,170,9,31,0.0529,0.1824,146.4,0.0,8.34,0.1998,-0.0174,0.913,参考,福島ダ中距離(1700-2000)・稍・中枠(3-6)で父系統「ニアークティック系」は基準比リフト0.913
阪神,坂あり・パワー型,ダ,短距離(1000-1300),良,内枠(1-2),父系統,ロイヤルチャージャー系,543,30,89,0.0552,0.1639,65.2,0.0,8.36,0.1796,-0.0157,0.913,参考,阪神ダ短距離(1000-1300)・良・内枠(1-2)で父系統「ロイヤルチャージャー系」は基準比リフト0.913
中京,直線長め・持続型,芝,短距離(1000-1300),良,外枠(7-8),父系統,ロイヤルチャージャー系,511,26,76,0.0509,0.1487,61.5,0.0,9.05,0.1628,-0.0141,0.913,参考,中京芝短距離(1000-1300)・良・外枠(7-8)で父系統「ロイヤルチャージャー系」は基準比リフト0.913
新潟,直線長め・平坦型,ダ,中距離(1700-2000),良,外枠(7-8),父系統,ニアークティック系,359,25,74,0.0696,0.2061,66.3,0.0,7.9,0.226,-0.0199,0.912,参考,新潟ダ中距離(1700-2000)・良・外枠(7-8)で父系統「ニアークティック系」は基準比リフト0.912
小倉,小回り・機動型,ダ,中距離(1700-2000),稍,内枠(1-2),父系統,ロイヤルチャージャー系,310,15,57,0.0484,0.1839,50.1,0.0,7.94,0.2017,-0.0178,0.912,参考,小倉ダ中距離(1700-2000)・稍・内枠(1-2)で父系統「ロイヤルチャージャー系」は基準比リフト0.912
小倉,小回り・機動型,ダ,中距離(1700-2000),稍,内枠(1-2),父系統,父系統不明,174,5,32,0.0287,0.1839,41.2,0.0,7.89,0.2017,-0.0178,0.912,参考,小倉ダ中距離(1700-2000)・稍・内枠(1-2)で父系統「父系統不明」は基準比リフト0.912
札幌,小回り・持続型,芝,短中距離(1400-1600),良,内枠(1-2),父系統,父系統不明,122,13,31,0.1066,0.2541,133.1,0.0,6.31,0.279,-0.0249,0.911,参考,札幌芝短中距離(1400-1600)・良・内枠(1-2)で父系統「父系統不明」は基準比リフト0.911
東京,直線長め・持続型,芝,短中距離(1400-1600),良,内枠(1-2),父系統,ナスルーラ系,295,17,55,0.0576,0.1864,55.9,0.0,8.71,0.2047,-0.0183,0.911,参考,東京芝短中距離(1400-1600)・良・内枠(1-2)で父系統「ナスルーラ系」は基準比リフト0.911
新潟,直線長め・平坦型,ダ,短距離(1000-1300),良,内枠(1-2),父系統,ロイヤルチャージャー系,517,27,83,0.0522,0.1605,30.3,0.0,8.38,0.1762,-0.0157,0.911,参考,新潟ダ短距離(1000-1300)・良・内枠(1-2)で父系統「ロイヤルチャージャー系」は基準比リフト0.911
中山,坂あり・パワー型,芝,短中距離(1400-1600),稍,外枠(7-8),父系統,ロイヤルチャージャー系,211,14,42,0.0664,0.1991,69.8,0.0,8.41,0.2188,-0.0197,0.91,参考,中山芝短中距離(1400-1600)・稍・外枠(7-8)で父系統「ロイヤルチャージャー系」は基準比リフト0.91
新潟,直線長め・平坦型,芝,中距離(1700-2000),良,内枠(1-2),父系統,ネイティヴダンサー系,258,15,44,0.0581,0.1705,104.1,0.0,8.13,0.1874,-0.0169,0.91,参考,新潟芝中距離(1700-2000)・良・内枠(1-2)で父系統「ネイティヴダンサー系」は基準比リフト0.91
東京,直線長め・持続型,芝,中長距離(2100-2400),良,内枠(1-2),父系統,ニアークティック系,118,10,28,0.0847,0.2373,132.0,0.0,8.02,0.261,-0.0237,0.909,参考,東京芝中長距離(2100-2400)・良・内枠(1-2)で父系統「ニアークティック系」は基準比リフト0.909
函館,小回り・持続型,芝,短距離(1000-1300),良,外枠(7-8),父系統,ロイヤルチャージャー系,770,47,147,0.061,0.1909,47.6,0.0,7.83,0.21,-0.0191,0.909,参考,函館芝短距離(1000-1300)・良・外枠(7-8)で父系統「ロイヤルチャージャー系」は基準比リフト0.909
中山,坂あり・パワー型,芝,中距離(1700-2000),良,内枠(1-2),父系統,ナスルーラ系,159,9,32,0.0566,0.2013,36.2,0.0,8.98,0.2217,-0.0204,0.908,参考,中山芝中距離(1700-2000)・良・内枠(1-2)で父系統「ナスルーラ系」は基準比リフト0.908
中京,直線長め・持続型,芝,中距離(1700-2000),良,中枠(3-6),父系統,ニアークティック系,394,28,79,0.0711,0.2005,102.6,0.0,8.26,0.2207,-0.0202,0.908,参考,中京芝中距離(1700-2000)・良・中枠(3-6)で父系統「ニアークティック系」は基準比リフト0.908
阪神,坂あり・パワー型,芝,短中距離(1400-1600),稍,内枠(1-2),父系統,ニアークティック系,80,5,16,0.0625,0.2,70.6,0.0,8.16,0.2203,-0.0203,0.908,参考,阪神芝短中距離(1400-1600)・稍・内枠(1-2)で父系統「ニアークティック系」は基準比リフト0.908
東京,直線長め・持続型,芝,中距離(1700-2000),不,中枠(3-6),父系統,ロイヤルチャージャー系,124,10,28,0.0806,0.2258,182.5,0.0,7.55,0.249,-0.0232,0.907,参考,東京芝中距離(1700-2000)・不・中枠(3-6)で父系統「ロイヤルチャージャー系」は基準比リフト0.907
京都,平坦・スピード型,芝,短中距離(1400-1600),良,中枠(3-6),父系統,ナスルーラ系,479,30,93,0.0626,0.1942,57.7,0.0,8.51,0.2142,-0.02,0.907,参考,京都芝短中距離(1400-1600)・良・中枠(3-6)で父系統「ナスルーラ系」は基準比リフト0.907
札幌,小回り・持続型,芝,中距離(1700-2000),稍,中枠(3-6),父系統,ロイヤルチャージャー系,202,13,42,0.0644,0.2079,29.1,0.0,7.38,0.2294,-0.0215,0.906,参考,札幌芝中距離(1700-2000)・稍・中枠(3-6)で父系統「ロイヤルチャージャー系」は基準比リフト0.906
新潟,直線長め・平坦型,ダ,短距離(1000-1300),重不良,外枠(7-8),父系統,ネイティヴダンサー系,84,4,17,0.0476,0.2024,28.5,0.0,8.08,0.2233,-0.0209,0.906,参考,新潟ダ短距離(1000-1300)・重不良・外枠(7-8)で父系統「ネイティヴダンサー系」は基準比リフト0.906
京都,平坦・スピード型,ダ,短距離(1000-1300),良,外枠(7-8),父系統,ネイティヴダンサー系,616,43,114,0.0698,0.1851,76.5,0.0,8.26,0.2043,-0.0192,0.906,参考,京都ダ短距離(1000-1300)・良・外枠(7-8)で父系統「ネイティヴダンサー系」は基準比リフト0.906
阪神,坂あり・パワー型,芝,短中距離(1400-1600),重不良,外枠(7-8),父系統,ロイヤルチャージャー系,155,6,27,0.0387,0.1742,21.6,0.0,8.33,0.1923,-0.0181,0.906,参考,阪神芝短中距離(1400-1600)・重不良・外枠(7-8)で父系統「ロイヤルチャージャー系」は基準比リフト0.906
福島,小回り・機動型,芝,短距離(1000-1300),良,内枠(1-2),父系統,ロイヤルチャージャー系,922,67,183,0.0727,0.1985,110.6,0.0,8.25,0.2198,-0.0213,0.903,参考,福島芝短距離(1000-1300)・良・内枠(1-2)で父系統「ロイヤルチャージャー系」は基準比リフト0.903
阪神,坂あり・パワー型,ダ,短中距離(1400-1600),稍,外枠(7-8),父系統,ロイヤルチャージャー系,361,14,70,0.0388,0.1939,42.8,0.0,8.17,0.2147,-0.0208,0.903,参考,阪神ダ短中距離(1400-1600)・稍・外枠(7-8)で父系統「ロイヤルチャージャー系」は基準比リフト0.903
中山,坂あり・パワー型,ダ,中距離(1700-2000),稍,外枠(7-8),父系統,ロイヤルチャージャー系,635,40,122,0.063,0.1921,55.2,0.0,7.84,0.2128,-0.0207,0.903,参考,中山ダ中距離(1700-2000)・稍・外枠(7-8)で父系統「ロイヤルチャージャー系」は基準比リフト0.903
福島,小回り・機動型,ダ,短距離(1000-1300),良,外枠(7-8),父系統,ナスルーラ系,100,6,19,0.06,0.19,36.5,0.0,8.66,0.2103,-0.0203,0.903,参考,福島ダ短距離(1000-1300)・良・外枠(7-8)で父系統「ナスルーラ系」は基準比リフト0.903
東京,直線長め・持続型,ダ,短中距離(1400-1600),稍,内枠(1-2),父系統,ロイヤルチャージャー系,613,27,97,0.044,0.1582,34.4,0.0,8.47,0.1751,-0.0169,0.903,参考,東京ダ短中距離(1400-1600)・稍・内枠(1-2)で父系統「ロイヤルチャージャー系」は基準比リフト0.903
新潟,直線長め・平坦型,ダ,短距離(1000-1300),重不良,外枠(7-8),父系統,ロイヤルチャージャー系,139,11,28,0.0791,0.2014,43.0,0.0,7.96,0.2233,-0.0219,0.902,参考,新潟ダ短距離(1000-1300)・重不良・外枠(7-8)で父系統「ロイヤルチャージャー系」は基準比リフト0.902
札幌,小回り・持続型,ダ,中距離(1700-2000),良,内枠(1-2),父系統,ニアークティック系,153,7,29,0.0458,0.1895,50.9,0.0,7.03,0.21,-0.0205,0.902,参考,札幌ダ中距離(1700-2000)・良・内枠(1-2)で父系統「ニアークティック系」は基準比リフト0.902
福島,小回り・機動型,芝,中距離(1700-2000),良,内枠(1-2),父系統,父系統不明,408,28,76,0.0686,0.1863,61.2,0.0,8.1,0.2066,-0.0203,0.902,参考,福島芝中距離(1700-2000)・良・内枠(1-2)で父系統「父系統不明」は基準比リフト0.902
東京,直線長め・持続型,芝,短中距離(1400-1600),良,内枠(1-2),父系統,父系統不明,991,61,183,0.0616,0.1847,39.7,0.0,7.92,0.2047,-0.02,0.902,参考,東京芝短中距離(1400-1600)・良・内枠(1-2)で父系統「父系統不明」は基準比リフト0.902
新潟,直線長め・平坦型,芝,中長距離(2100-2400),良,外枠(7-8),父系統,ニアークティック系,99,8,17,0.0808,0.1717,105.8,0.0,8.14,0.1903,-0.0186,0.902,参考,新潟芝中長距離(2100-2400)・良・外枠(7-8)で父系統「ニアークティック系」は基準比リフト0.902
東京,直線長め・持続型,ダ,短中距離(1400-1600),稍,中枠(3-6),父系統,ニアークティック系,585,37,100,0.0632,0.1709,47.4,0.0,8.36,0.1894,-0.0185,0.902,参考,東京ダ短中距離(1400-1600)・稍・中枠(3-6)で父系統「ニアークティック系」は基準比リフト0.902
中山,坂あり・パワー型,ダ,中距離(1700-2000),稍,内枠(1-2),父系統,父系統不明,302,14,50,0.0464,0.1656,41.3,0.0,8.19,0.1835,-0.0179,0.902,参考,中山ダ中距離(1700-2000)・稍・内枠(1-2)で父系統「父系統不明」は基準比リフト0.902
阪神,坂あり・パワー型,芝,短中距離(1400-1600),良,外枠(7-8),父系統,ネイティヴダンサー系,629,38,108,0.0604,0.1717,55.8,0.0,8.55,0.1907,-0.019,0.9,参考,阪神芝短中距離(1400-1600)・良・外枠(7-8)で父系統「ネイティヴダンサー系」は基準比リフト0.9
中山,坂あり・パワー型,ダ,中距離(1700-2000),重不良,内枠(1-2),父系統,父系統不明,110,8,16,0.0727,0.1455,76.3,0.0,7.88,0.1617,-0.0162,0.9,参考,中山ダ中距離(1700-2000)・重不良・内枠(1-2)で父系統「父系統不明」は基準比リフト0.9
札幌,小回り・持続型,芝,中距離(1700-2000),稍,外枠(7-8),父系統,ロイヤルチャージャー系,110,14,26,0.1273,0.2364,73.9,0.0,6.99,0.263,-0.0266,0.899,参考,札幌芝中距離(1700-2000)・稍・外枠(7-8)で父系統「ロイヤルチャージャー系」は基準比リフト0.899
東京,直線長め・持続型,ダ,短中距離(1400-1600),稍,外枠(7-8),父系統,ロイヤルチャージャー系,704,49,141,0.0696,0.2003,105.3,0.0,8.3,0.2227,-0.0224,0.899,参考,東京ダ短中距離(1400-1600)・稍・外枠(7-8)で父系統「ロイヤルチャージャー系」は基準比リフト0.899
福島,小回り・機動型,芝,中距離(1700-2000),良,内枠(1-2),父系統,ネイティヴダンサー系,226,10,42,0.0442,0.1858,44.2,0.0,7.65,0.2066,-0.0208,0.899,参考,福島芝中距離(1700-2000)・良・内枠(1-2)で父系統「ネイティヴダンサー系」は基準比リフト0.899
福島,小回り・機動型,ダ,短距離(1000-1300),良,内枠(1-2),父系統,ロイヤルチャージャー系,411,23,71,0.056,0.1727,35.4,0.0,8.38,0.1921,-0.0194,0.899,参考,福島ダ短距離(1000-1300)・良・内枠(1-2)で父系統「ロイヤルチャージャー系」は基準比リフト0.899
中京,直線長め・持続型,ダ,中距離(1700-2000),良,外枠(7-8),父系統,ロイヤルチャージャー系,1035,62,194,0.0599,0.1874,113.1,0.0,7.77,0.2087,-0.0213,0.898,参考,中京ダ中距離(1700-2000)・良・外枠(7-8)で父系統「ロイヤルチャージャー系」は基準比リフト0.898
阪神,坂あり・パワー型,芝,短中距離(1400-1600),稍,外枠(7-8),父系統,ネイティヴダンサー系,123,5,22,0.0407,0.1789,30.5,0.0,8.72,0.1993,-0.0204,0.898,参考,阪神芝短中距離(1400-1600)・稍・外枠(7-8)で父系統「ネイティヴダンサー系」は基準比リフト0.898
中京,直線長め・持続型,芝,短距離(1000-1300),良,中枠(3-6),父系統,ナスルーラ系,175,10,31,0.0571,0.1771,84.6,0.0,8.55,0.1973,-0.0202,0.898,参考,中京芝短距離(1000-1300)・良・中枠(3-6)で父系統「ナスルーラ系」は基準比リフト0.898
東京,直線長め・持続型,ダ,短距離(1000-1300),良,外枠(7-8),父系統,父系統不明,233,13,37,0.0558,0.1588,56.8,0.0,8.43,0.1768,-0.018,0.898,参考,東京ダ短距離(1000-1300)・良・外枠(7-8)で父系統「父系統不明」は基準比リフト0.898
京都,平坦・スピード型,芝,中距離(1700-2000),重不良,内枠(1-2),父系統,ロイヤルチャージャー系,88,7,19,0.0795,0.2159,139.7,0.0,7.19,0.2408,-0.0249,0.897,参考,京都芝中距離(1700-2000)・重不良・内枠(1-2)で父系統「ロイヤルチャージャー系」は基準比リフト0.897
阪神,坂あり・パワー型,ダ,中距離(1700-2000),良,外枠(7-8),父系統,ニアークティック系,564,44,119,0.078,0.211,72.6,0.0,7.56,0.2351,-0.0241,0.897,参考,阪神ダ中距離(1700-2000)・良・外枠(7-8)で父系統「ニアークティック系」は基準比リフト0.897
中山,坂あり・パワー型,ダ,長距離(2500以上),良,外枠(7-8),父系統,ニアークティック系,90,5,18,0.0556,0.2,50.0,0.0,6.89,0.223,-0.023,0.897,参考,中山ダ長距離(2500以上)・良・外枠(7-8)で父系統「ニアークティック系」は基準比リフト0.897
東京,直線長め・持続型,ダ,短距離(1000-1300),良,内枠(1-2),父系統,ネイティヴダンサー系,256,12,46,0.0469,0.1797,28.0,0.0,9.01,0.2004,-0.0207,0.897,参考,東京ダ短距離(1000-1300)・良・内枠(1-2)で父系統「ネイティヴダンサー系」は基準比リフト0.897
中京,直線長め・持続型,芝,短距離(1000-1300),良,中枠(3-6),父系統,ニアークティック系,305,13,54,0.0426,0.177,40.4,0.0,9.09,0.1973,-0.0203,0.897,参考,中京芝短距離(1000-1300)・良・中枠(3-6)で父系統「ニアークティック系」は基準比リフト0.897
中山,坂あり・パワー型,芝,短距離(1000-1300),良,外枠(7-8),父系統,ニアークティック系,208,11,36,0.0529,0.1731,195.3,0.0,9.0,0.1929,-0.0198,0.897,参考,中山芝短距離(1000-1300)・良・外枠(7-8)で父系統「ニアークティック系」は基準比リフト0.897
阪神,坂あり・パワー型,ダ,中距離(1700-2000),稍,中枠(3-6),父系統,ニアークティック系,389,23,73,0.0591,0.1877,32.7,0.0,7.85,0.2095,-0.0218,0.896,参考,阪神ダ中距離(1700-2000)・稍・中枠(3-6)で父系統「ニアークティック系」は基準比リフト0.896
東京,直線長め・持続型,芝,短中距離(1400-1600),良,外枠(7-8),父系統,ニアークティック系,853,52,152,0.061,0.1782,74.2,0.0,8.81,0.1988,-0.0206,0.896,参考,東京芝短中距離(1400-1600)・良・外枠(7-8)で父系統「ニアークティック系」は基準比リフト0.896
中山,坂あり・パワー型,芝,中距離(1700-2000),稍,外枠(7-8),父系統,ロイヤルチャージャー系,337,20,60,0.0593,0.178,48.1,0.0,8.12,0.1986,-0.0206,0.896,参考,中山芝中距離(1700-2000)・稍・外枠(7-8)で父系統「ロイヤルチャージャー系」は基準比リフト0.896
中京,直線長め・持続型,ダ,中距離(1700-2000),良,内枠(1-2),父系統,ナスルーラ系,144,9,29,0.0625,0.2014,39.0,0.0,8.28,0.225,-0.0236,0.895,参考,中京ダ中距離(1700-2000)・良・内枠(1-2)で父系統「ナスルーラ系」は基準比リフト0.895
札幌,小回り・持続型,芝,短中距離(1400-1600),良,外枠(7-8),父系統,ロイヤルチャージャー系,381,24,74,0.063,0.1942,52.9,0.0,7.07,0.2171,-0.0229,0.895,参考,札幌芝短中距離(1400-1600)・良・外枠(7-8)で父系統「ロイヤルチャージャー系」は基準比リフト0.895
中山,坂あり・パワー型,ダ,短距離(1000-1300),不,中枠(3-6),父系統,ナスルーラ系,109,7,21,0.0642,0.1927,39.7,0.0,8.24,0.2154,-0.0227,0.895,参考,中山ダ短距離(1000-1300)・不・中枠(3-6)で父系統「ナスルーラ系」は基準比リフト0.895
京都,平坦・スピード型,ダ,中距離(1700-2000),稍,中枠(3-6),父系統,ネイティヴダンサー系,434,32,88,0.0737,0.2028,43.9,0.0,7.23,0.2269,-0.0241,0.894,参考,京都ダ中距離(1700-2000)・稍・中枠(3-6)で父系統「ネイティヴダンサー系」は基準比リフト0.894
阪神,坂あり・パワー型,芝,中長距離(2100-2400),稍,外枠(7-8),父系統,ロイヤルチャージャー系,119,7,24,0.0588,0.2017,129.4,0.0,6.98,0.2257,-0.024,0.894,参考,阪神芝中長距離(2100-2400)・稍・外枠(7-8)で父系統「ロイヤルチャージャー系」は基準比リフト0.894
阪神,坂あり・パワー型,ダ,短距離(1000-1300),重不良,外枠(7-8),父系統,ネイティヴダンサー系,127,9,24,0.0709,0.189,51.3,0.0,8.04,0.2115,-0.0225,0.894,参考,阪神ダ短距離(1000-1300)・重不良・外枠(7-8)で父系統「ネイティヴダンサー系」は基準比リフト0.894
福島,小回り・機動型,芝,短距離(1000-1300),良,外枠(7-8),父系統,ニアークティック系,399,20,70,0.0501,0.1754,37.7,0.0,8.36,0.1962,-0.0208,0.894,参考,福島芝短距離(1000-1300)・良・外枠(7-8)で父系統「ニアークティック系」は基準比リフト0.894
中京,直線長め・持続型,芝,中距離(1700-2000),良,外枠(7-8),父系統,ニアークティック系,251,14,44,0.0558,0.1753,95.6,0.0,9.44,0.1964,-0.0211,0.893,参考,中京芝中距離(1700-2000)・良・外枠(7-8)で父系統「ニアークティック系」は基準比リフト0.893
新潟,直線長め・平坦型,ダ,短距離(1000-1300),稍,内枠(1-2),父系統,ロイヤルチャージャー系,193,10,30,0.0518,0.1554,50.8,0.0,8.34,0.1741,-0.0187,0.893,参考,新潟ダ短距離(1000-1300)・稍・内枠(1-2)で父系統「ロイヤルチャージャー系」は基準比リフト0.893
東京,直線長め・持続型,ダ,中長距離(2100-2400),重不良,中枠(3-6),父系統,父系統不明,101,9,21,0.0891,0.2079,66.3,0.0,7.54,0.2334,-0.0255,0.891,参考,東京ダ中長距離(2100-2400)・重不良・中枠(3-6)で父系統「父系統不明」は基準比リフト0.891
阪神,坂あり・パワー型,ダ,中距離(1700-2000),良,中枠(3-6),父系統,その他のエクリプス系,84,7,17,0.0833,0.2024,74.3,0.0,9.24,0.2273,-0.0249,0.89,参考,阪神ダ中距離(1700-2000)・良・中枠(3-6)で父系統「その他のエクリプス系」は基準比リフト0.89
京都,平坦・スピード型,ダ,中距離(1700-2000),稍,外枠(7-8),父系統,ネイティヴダンサー系,239,17,48,0.0711,0.2008,133.5,0.0,7.06,0.2257,-0.0249,0.89,参考,京都ダ中距離(1700-2000)・稍・外枠(7-8)で父系統「ネイティヴダンサー系」は基準比リフト0.89
阪神,坂あり・パワー型,ダ,短中距離(1400-1600),良,中枠(3-6),父系統,ロイヤルチャージャー系,1666,96,301,0.0576,0.1807,56.4,0.0,8.17,0.2031,-0.0224,0.89,参考,阪神ダ短中距離(1400-1600)・良・中枠(3-6)で父系統「ロイヤルチャージャー系」は基準比リフト0.89
阪神,坂あり・パワー型,ダ,短中距離(1400-1600),重不良,外枠(7-8),父系統,父系統不明,98,5,20,0.051,0.2041,119.4,0.0,7.19,0.2297,-0.0256,0.889,参考,阪神ダ短中距離(1400-1600)・重不良・外枠(7-8)で父系統「父系統不明」は基準比リフト0.889
京都,平坦・スピード型,ダ,中距離(1700-2000),重不良,中枠(3-6),父系統,ロイヤルチャージャー系,462,21,92,0.0455,0.1991,56.5,0.0,7.54,0.2239,-0.0248,0.889,参考,京都ダ中距離(1700-2000)・重不良・中枠(3-6)で父系統「ロイヤルチャージャー系」は基準比リフト0.889
京都,平坦・スピード型,芝,短中距離(1400-1600),稍,外枠(7-8),父系統,ネイティヴダンサー系,96,9,19,0.0938,0.1979,88.3,0.0,7.67,0.2226,-0.0247,0.889,参考,京都芝短中距離(1400-1600)・稍・外枠(7-8)で父系統「ネイティヴダンサー系」は基準比リフト0.889
阪神,坂あり・パワー型,ダ,短中距離(1400-1600),稍,中枠(3-6),父系統,ニアークティック系,320,20,56,0.0625,0.175,42.6,0.0,8.19,0.1968,-0.0218,0.889,参考,阪神ダ短中距離(1400-1600)・稍・中枠(3-6)で父系統「ニアークティック系」は基準比リフト0.889
中山,坂あり・パワー型,ダ,短距離(1000-1300),重不良,中枠(3-6),父系統,ロイヤルチャージャー系,481,24,82,0.0499,0.1705,34.6,0.0,8.54,0.1917,-0.0212,0.889,参考,中山ダ短距離(1000-1300)・重不良・中枠(3-6)で父系統「ロイヤルチャージャー系」は基準比リフト0.889
札幌,小回り・持続型,芝,長距離(2500以上),良,内枠(1-2),父系統,ロイヤルチャージャー系,93,5,23,0.0538,0.2473,29.4,0.0,6.77,0.2784,-0.0311,0.888,参考,札幌芝長距離(2500以上)・良・内枠(1-2)で父系統「ロイヤルチャージャー系」は基準比リフト0.888
京都,平坦・スピード型,ダ,短距離(1000-1300),稍,外枠(7-8),父系統,ネイティヴダンサー系,139,11,28,0.0791,0.2014,55.7,0.0,8.12,0.2268,-0.0254,0.888,参考,京都ダ短距離(1000-1300)・稍・外枠(7-8)で父系統「ネイティヴダンサー系」は基準比リフト0.888
中京,直線長め・持続型,芝,中長距離(2100-2400),良,外枠(7-8),父系統,ニアークティック系,83,5,17,0.0602,0.2048,28.8,0.0,8.23,0.2308,-0.026,0.887,参考,中京芝中長距離(2100-2400)・良・外枠(7-8)で父系統「ニアークティック系」は基準比リフト0.887
札幌,小回り・持続型,芝,中距離(1700-2000),良,外枠(7-8),父系統,ロイヤルチャージャー系,754,46,139,0.061,0.1844,52.1,0.0,7.27,0.2079,-0.0235,0.887,参考,札幌芝中距離(1700-2000)・良・外枠(7-8)で父系統「ロイヤルチャージャー系」は基準比リフト0.887
京都,平坦・スピード型,ダ,中距離(1700-2000),稍,外枠(7-8),父系統,ニアークティック系,165,6,33,0.0364,0.2,70.6,0.0,7.93,0.2257,-0.0257,0.886,参考,京都ダ中距離(1700-2000)・稍・外枠(7-8)で父系統「ニアークティック系」は基準比リフト0.886
中京,直線長め・持続型,ダ,短中距離(1400-1600),稍,外枠(7-8),父系統,ネイティヴダンサー系,84,1,16,0.0119,0.1905,2.4,0.0,8.35,0.2151,-0.0246,0.886,参考,中京ダ短中距離(1400-1600)・稍・外枠(7-8)で父系統「ネイティヴダンサー系」は基準比リフト0.886
東京,直線長め・持続型,芝,短中距離(1400-1600),良,中枠(3-6),父系統,ニアークティック系,1419,93,255,0.0655,0.1797,66.2,0.0,8.86,0.2028,-0.0231,0.886,参考,東京芝短中距離(1400-1600)・良・中枠(3-6)で父系統「ニアークティック系」は基準比リフト0.886
東京,直線長め・持続型,ダ,中長距離(2100-2400),良,外枠(7-8),父系統,ニアークティック系,183,11,32,0.0601,0.1749,72.8,0.0,8.81,0.1973,-0.0224,0.886,参考,東京ダ中長距離(2100-2400)・良・外枠(7-8)で父系統「ニアークティック系」は基準比リフト0.886
小倉,小回り・機動型,芝,中距離(1700-2000),良,中枠(3-6),父系統,ニアークティック系,845,38,166,0.045,0.1964,44.2,0.0,8.16,0.2218,-0.0254,0.885,参考,小倉芝中距離(1700-2000)・良・中枠(3-6)で父系統「ニアークティック系」は基準比リフト0.885
新潟,直線長め・平坦型,ダ,中距離(1700-2000),重不良,外枠(7-8),父系統,父系統不明,88,6,17,0.0682,0.1932,42.3,0.0,7.11,0.2184,-0.0252,0.885,参考,新潟ダ中距離(1700-2000)・重不良・外枠(7-8)で父系統「父系統不明」は基準比リフト0.885
中山,坂あり・パワー型,芝,中距離(1700-2000),良,中枠(3-6),父系統,ナスルーラ系,381,25,73,0.0656,0.1916,78.2,0.0,8.41,0.2165,-0.0249,0.885,参考,中山芝中距離(1700-2000)・良・中枠(3-6)で父系統「ナスルーラ系」は基準比リフト0.885
中山,坂あり・パワー型,ダ,短距離(1000-1300),良,外枠(7-8),父系統,ロイヤルチャージャー系,1344,86,242,0.064,0.1801,58.5,0.0,8.15,0.2034,-0.0233,0.885,参考,中山ダ短距離(1000-1300)・良・外枠(7-8)で父系統「ロイヤルチャージャー系」は基準比リフト0.885
福島,小回り・機動型,ダ,短距離(1000-1300),重不良,中枠(3-6),父系統,ネイティヴダンサー系,90,2,14,0.0222,0.1556,33.8,0.0,8.84,0.1759,-0.0203,0.885,参考,福島ダ短距離(1000-1300)・重不良・中枠(3-6)で父系統「ネイティヴダンサー系」は基準比リフト0.885
新潟,直線長め・平坦型,芝,短距離(1000-1300),稍,内枠(1-2),父系統,ロイヤルチャージャー系,143,6,17,0.042,0.1189,39.5,0.0,9.99,0.1343,-0.0154,0.885,参考,新潟芝短距離(1000-1300)・稍・内枠(1-2)で父系統「ロイヤルチャージャー系」は基準比リフト0.885
京都,平坦・スピード型,芝,短中距離(1400-1600),良,内枠(1-2),父系統,父系統不明,440,26,85,0.0591,0.1932,42.7,0.0,7.64,0.2185,-0.0253,0.884,参考,京都芝短中距離(1400-1600)・良・内枠(1-2)で父系統「父系統不明」は基準比リフト0.884
新潟,直線長め・平坦型,芝,短中距離(1400-1600),稍,中枠(3-6),父系統,ネイティヴダンサー系,104,5,17,0.0481,0.1635,22.8,0.0,8.08,0.1849,-0.0214,0.884,参考,新潟芝短中距離(1400-1600)・稍・中枠(3-6)で父系統「ネイティヴダンサー系」は基準比リフト0.884
福島,小回り・機動型,ダ,短距離(1000-1300),良,内枠(1-2),父系統,ナスルーラ系,112,6,19,0.0536,0.1696,39.7,0.0,8.04,0.1921,-0.0225,0.883,参考,福島ダ短距離(1000-1300)・良・内枠(1-2)で父系統「ナスルーラ系」は基準比リフト0.883
新潟,直線長め・平坦型,芝,中長距離(2100-2400),良,外枠(7-8),父系統,父系統不明,113,7,19,0.0619,0.1681,136.5,0.0,8.66,0.1903,-0.0222,0.883,参考,新潟芝中長距離(2100-2400)・良・外枠(7-8)で父系統「父系統不明」は基準比リフト0.883
小倉,小回り・機動型,ダ,短距離(1000-1300),良,外枠(7-8),父系統,ナスルーラ系,105,10,21,0.0952,0.2,79.7,0.0,7.44,0.2268,-0.0268,0.882,参考,小倉ダ短距離(1000-1300)・良・外枠(7-8)で父系統「ナスルーラ系」は基準比リフト0.882
東京,直線長め・持続型,ダ,短中距離(1400-1600),良,外枠(7-8),父系統,ニアークティック系,1138,70,217,0.0615,0.1907,43.9,0.0,8.16,0.2165,-0.0258,0.881,参考,東京ダ短中距離(1400-1600)・良・外枠(7-8)で父系統「ニアークティック系」は基準比リフト0.881
中京,直線長め・持続型,ダ,短距離(1000-1300),良,中枠(3-6),父系統,ネイティヴダンサー系,536,29,86,0.0541,0.1604,54.7,0.0,8.23,0.182,-0.0216,0.881,参考,中京ダ短距離(1000-1300)・良・中枠(3-6)で父系統「ネイティヴダンサー系」は基準比リフト0.881
中京,直線長め・持続型,芝,中距離(1700-2000),良,外枠(7-8),父系統,ネイティヴダンサー系,243,13,42,0.0535,0.1728,31.6,0.0,8.33,0.1964,-0.0236,0.88,参考,中京芝中距離(1700-2000)・良・外枠(7-8)で父系統「ネイティヴダンサー系」は基準比リフト0.88
阪神,坂あり・パワー型,芝,中距離(1700-2000),稍,中枠(3-6),父系統,ニアークティック系,136,7,28,0.0515,0.2059,27.6,0.0,7.9,0.2342,-0.0283,0.879,参考,阪神芝中距離(1700-2000)・稍・中枠(3-6)で父系統「ニアークティック系」は基準比リフト0.879
新潟,直線長め・平坦型,ダ,短距離(1000-1300),良,外枠(7-8),父系統,ネイティヴダンサー系,519,35,104,0.0674,0.2004,55.1,0.0,7.89,0.2279,-0.0275,0.879,参考,新潟ダ短距離(1000-1300)・良・外枠(7-8)で父系統「ネイティヴダンサー系」は基準比リフト0.879
中山,坂あり・パワー型,ダ,短距離(1000-1300),稍,外枠(7-8),父系統,ロイヤルチャージャー系,459,28,91,0.061,0.1983,57.5,0.0,8.33,0.2257,-0.0274,0.879,参考,中山ダ短距離(1000-1300)・稍・外枠(7-8)で父系統「ロイヤルチャージャー系」は基準比リフト0.879
中山,坂あり・パワー型,ダ,中距離(1700-2000),不,外枠(7-8),父系統,父系統不明,119,9,23,0.0756,0.1933,54.3,0.0,7.0,0.2199,-0.0266,0.879,参考,中山ダ中距離(1700-2000)・不・外枠(7-8)で父系統「父系統不明」は基準比リフト0.879
阪神,坂あり・パワー型,ダ,短距離(1000-1300),稍,中枠(3-6),父系統,ニアークティック系,225,10,39,0.0444,0.1733,60.8,0.0,8.24,0.1971,-0.0238,0.879,参考,阪神ダ短距離(1000-1300)・稍・中枠(3-6)で父系統「ニアークティック系」は基準比リフト0.879
新潟,直線長め・平坦型,芝,短距離(1000-1300),良,内枠(1-2),父系統,ロイヤルチャージャー系,740,35,91,0.0473,0.123,33.6,0.0,9.67,0.14,-0.017,0.879,参考,新潟芝短距離(1000-1300)・良・内枠(1-2)で父系統「ロイヤルチャージャー系」は基準比リフト0.879
京都,平坦・スピード型,芝,短中距離(1400-1600),良,中枠(3-6),父系統,ネイティヴダンサー系,1000,72,188,0.072,0.188,83.5,0.0,8.05,0.2142,-0.0262,0.878,参考,京都芝短中距離(1400-1600)・良・中枠(3-6)で父系統「ネイティヴダンサー系」は基準比リフト0.878
中山,坂あり・パワー型,ダ,中距離(1700-2000),不,中枠(3-6),父系統,父系統不明,223,10,38,0.0448,0.1704,26.7,0.0,7.93,0.1941,-0.0237,0.878,参考,中山ダ中距離(1700-2000)・不・中枠(3-6)で父系統「父系統不明」は基準比リフト0.878
中京,直線長め・持続型,芝,短中距離(1400-1600),良,外枠(7-8),父系統,ネイティヴダンサー系,317,19,55,0.0599,0.1735,48.8,0.0,8.74,0.1978,-0.0243,0.877,参考,中京芝短中距離(1400-1600)・良・外枠(7-8)で父系統「ネイティヴダンサー系」は基準比リフト0.877
阪神,坂あり・パワー型,ダ,短距離(1000-1300),良,内枠(1-2),父系統,ネイティヴダンサー系,362,18,57,0.0497,0.1575,40.9,0.0,8.43,0.1796,-0.0221,0.877,参考,阪神ダ短距離(1000-1300)・良・内枠(1-2)で父系統「ネイティヴダンサー系」は基準比リフト0.877
東京,直線長め・持続型,芝,中距離(1700-2000),良,中枠(3-6),父系統,ニアークティック系,886,55,184,0.0621,0.2077,46.5,0.0,7.83,0.237,-0.0293,0.876,参考,東京芝中距離(1700-2000)・良・中枠(3-6)で父系統「ニアークティック系」は基準比リフト0.876
東京,直線長め・持続型,芝,中長距離(2100-2400),良,内枠(1-2),父系統,父系統不明,184,18,42,0.0978,0.2283,64.0,0.0,7.06,0.261,-0.0327,0.875,参考,東京芝中長距離(2100-2400)・良・内枠(1-2)で父系統「父系統不明」は基準比リフト0.875
札幌,小回り・持続型,芝,短距離(1000-1300),稍,中枠(3-6),父系統,ロイヤルチャージャー系,143,11,27,0.0769,0.1888,76.6,0.0,7.76,0.2158,-0.027,0.875,参考,札幌芝短距離(1000-1300)・稍・中枠(3-6)で父系統「ロイヤルチャージャー系」は基準比リフト0.875
中京,直線長め・持続型,芝,短中距離(1400-1600),良,内枠(1-2),父系統,ニアークティック系,246,14,45,0.0569,0.1829,63.1,0.0,8.5,0.2091,-0.0262,0.875,参考,中京芝短中距離(1400-1600)・良・内枠(1-2)で父系統「ニアークティック系」は基準比リフト0.875
函館,小回り・持続型,芝,中距離(1700-2000),良,外枠(7-8),父系統,ニアークティック系,239,15,43,0.0628,0.1799,44.5,0.0,7.58,0.2056,-0.0257,0.875,参考,函館芝中距離(1700-2000)・良・外枠(7-8)で父系統「ニアークティック系」は基準比リフト0.875
函館,小回り・持続型,芝,中距離(1700-2000),良,中枠(3-6),父系統,ネイティヴダンサー系,353,27,74,0.0765,0.2096,84.6,0.0,7.27,0.2397,-0.0301,0.874,参考,函館芝中距離(1700-2000)・良・中枠(3-6)で父系統「ネイティヴダンサー系」は基準比リフト0.874
阪神,坂あり・パワー型,ダ,短中距離(1400-1600),良,外枠(7-8),父系統,ネイティヴダンサー系,491,38,95,0.0774,0.1935,70.5,0.0,8.23,0.2213,-0.0278,0.874,参考,阪神ダ短中距離(1400-1600)・良・外枠(7-8)で父系統「ネイティヴダンサー系」は基準比リフト0.874
阪神,坂あり・パワー型,ダ,短距離(1000-1300),良,外枠(7-8),父系統,ロイヤルチャージャー系,657,47,119,0.0715,0.1811,78.6,0.0,8.28,0.2072,-0.0261,0.874,参考,阪神ダ短距離(1000-1300)・良・外枠(7-8)で父系統「ロイヤルチャージャー系」は基準比リフト0.874
小倉,小回り・機動型,芝,中距離(1700-2000),稍,中枠(3-6),父系統,ネイティヴダンサー系,143,8,25,0.0559,0.1748,35.5,0.0,7.72,0.2,-0.0252,0.874,参考,小倉芝中距離(1700-2000)・稍・中枠(3-6)で父系統「ネイティヴダンサー系」は基準比リフト0.874
新潟,直線長め・平坦型,ダ,短距離(1000-1300),稍,中枠(3-6),父系統,ロイヤルチャージャー系,580,33,101,0.0569,0.1741,63.0,0.0,8.33,0.1993,-0.0252,0.874,参考,新潟ダ短距離(1000-1300)・稍・中枠(3-6)で父系統「ロイヤルチャージャー系」は基準比リフト0.874
阪神,坂あり・パワー型,芝,中長距離(2100-2400),良,内枠(1-2),父系統,ネイティヴダンサー系,115,14,27,0.1217,0.2348,109.7,0.0,6.75,0.2691,-0.0343,0.873,参考,阪神芝中長距離(2100-2400)・良・内枠(1-2)で父系統「ネイティヴダンサー系」は基準比リフト0.873
新潟,直線長め・平坦型,ダ,中距離(1700-2000),稍,中枠(3-6),父系統,ナスルーラ系,130,5,26,0.0385,0.2,13.0,0.0,7.05,0.2292,-0.0292,0.873,参考,新潟ダ中距離(1700-2000)・稍・中枠(3-6)で父系統「ナスルーラ系」は基準比リフト0.873
中京,直線長め・持続型,芝,中距離(1700-2000),良,外枠(7-8),父系統,ナスルーラ系,105,6,18,0.0571,0.1714,59.0,0.0,8.83,0.1964,-0.025,0.873,参考,中京芝中距離(1700-2000)・良・外枠(7-8)で父系統「ナスルーラ系」は基準比リフト0.873
新潟,直線長め・平坦型,芝,中距離(1700-2000),良,内枠(1-2),父系統,ニアークティック系,220,13,36,0.0591,0.1636,88.5,0.0,9.51,0.1874,-0.0238,0.873,参考,新潟芝中距離(1700-2000)・良・内枠(1-2)で父系統「ニアークティック系」は基準比リフト0.873
新潟,直線長め・平坦型,芝,短距離(1000-1300),稍,外枠(7-8),父系統,ロイヤルチャージャー系,178,13,39,0.073,0.2191,57.1,0.0,8.32,0.2512,-0.0321,0.872,参考,新潟芝短距離(1000-1300)・稍・外枠(7-8)で父系統「ロイヤルチャージャー系」は基準比リフト0.872
中京,直線長め・持続型,芝,長距離(2500以上),良,外枠(7-8),父系統,ネイティヴダンサー系,96,9,20,0.0938,0.2083,88.6,0.0,6.8,0.2389,-0.0306,0.872,参考,中京芝長距離(2500以上)・良・外枠(7-8)で父系統「ネイティヴダンサー系」は基準比リフト0.872
新潟,直線長め・平坦型,芝,短距離(1000-1300),良,外枠(7-8),父系統,ネイティヴダンサー系,467,38,95,0.0814,0.2034,67.3,0.0,8.1,0.2335,-0.0301,0.871,参考,新潟芝短距離(1000-1300)・良・外枠(7-8)で父系統「ネイティヴダンサー系」は基準比リフト0.871
京都,平坦・スピード型,ダ,短中距離(1400-1600),稍,内枠(1-2),父系統,ロイヤルチャージャー系,219,13,37,0.0594,0.1689,48.4,0.0,8.13,0.1939,-0.025,0.871,参考,京都ダ短中距離(1400-1600)・稍・内枠(1-2)で父系統「ロイヤルチャージャー系」は基準比リフト0.871
札幌,小回り・持続型,ダ,中距離(1700-2000),不,中枠(3-6),父系統,父系統不明,84,5,19,0.0595,0.2262,39.8,0.0,7.49,0.26,-0.0338,0.87,参考,札幌ダ中距離(1700-2000)・不・中枠(3-6)で父系統「父系統不明」は基準比リフト0.87
函館,小回り・持続型,芝,中距離(1700-2000),良,中枠(3-6),父系統,ナスルーラ系,163,15,34,0.092,0.2086,168.0,0.0,7.73,0.2397,-0.0311,0.87,参考,函館芝中距離(1700-2000)・良・中枠(3-6)で父系統「ナスルーラ系」は基準比リフト0.87
中京,直線長め・持続型,ダ,短中距離(1400-1600),良,中枠(3-6),父系統,ネイティヴダンサー系,531,26,91,0.049,0.1714,34.7,0.0,8.61,0.1973,-0.0259,0.869,参考,中京ダ短中距離(1400-1600)・良・中枠(3-6)で父系統「ネイティヴダンサー系」は基準比リフト0.869
中京,直線長め・持続型,ダ,短距離(1000-1300),良,中枠(3-6),父系統,ナスルーラ系,196,11,31,0.0561,0.1582,34.3,0.0,8.35,0.182,-0.0238,0.869,参考,中京ダ短距離(1000-1300)・良・中枠(3-6)で父系統「ナスルーラ系」は基準比リフト0.869
東京,直線長め・持続型,ダ,長距離(2500以上),良,中枠(3-6),父系統,ネイティヴダンサー系,181,15,37,0.0829,0.2044,130.1,0.0,7.71,0.2354,-0.031,0.868,参考,東京ダ長距離(2500以上)・良・中枠(3-6)で父系統「ネイティヴダンサー系」は基準比リフト0.868
福島,小回り・機動型,芝,中距離(1700-2000),稍,内枠(1-2),父系統,父系統不明,85,5,16,0.0588,0.1882,18.0,0.0,7.12,0.2169,-0.0287,0.868,参考,福島芝中距離(1700-2000)・稍・内枠(1-2)で父系統「父系統不明」は基準比リフト0.868
阪神,坂あり・パワー型,ダ,中距離(1700-2000),稍,中枠(3-6),父系統,ネイティヴダンサー系,594,40,108,0.0673,0.1818,150.9,0.0,7.68,0.2095,-0.0277,0.868,参考,阪神ダ中距離(1700-2000)・稍・中枠(3-6)で父系統「ネイティヴダンサー系」は基準比リフト0.868
函館,小回り・持続型,ダ,中距離(1700-2000),良,内枠(1-2),父系統,ネイティヴダンサー系,158,9,37,0.057,0.2342,39.2,0.0,6.68,0.2701,-0.0359,0.867,参考,函館ダ中距離(1700-2000)・良・内枠(1-2)で父系統「ネイティヴダンサー系」は基準比リフト0.867
中京,直線長め・持続型,ダ,短距離(1000-1300),稍,外枠(7-8),父系統,父系統不明,97,5,16,0.0515,0.1649,87.3,0.0,7.85,0.1902,-0.0253,0.867,参考,中京ダ短距離(1000-1300)・稍・外枠(7-8)で父系統「父系統不明」は基準比リフト0.867
福島,小回り・機動型,芝,中距離(1700-2000),良,外枠(7-8),父系統,ネイティヴダンサー系,313,18,51,0.0575,0.1629,37.7,0.0,8.12,0.1878,-0.0249,0.867,参考,福島芝中距離(1700-2000)・良・外枠(7-8)で父系統「ネイティヴダンサー系」は基準比リフト0.867
新潟,直線長め・平坦型,芝,中距離(1700-2000),良,内枠(1-2),父系統,ナスルーラ系,117,9,19,0.0769,0.1624,64.8,0.0,8.75,0.1874,-0.025,0.867,参考,新潟芝中距離(1700-2000)・良・内枠(1-2)で父系統「ナスルーラ系」は基準比リフト0.867
函館,小回り・持続型,芝,短距離(1000-1300),良,内枠(1-2),父系統,ネイティヴダンサー系,216,17,49,0.0787,0.2269,84.9,0.0,7.17,0.262,-0.0351,0.866,参考,函館芝短距離(1000-1300)・良・内枠(1-2)で父系統「ネイティヴダンサー系」は基準比リフト0.866
東京,直線長め・持続型,芝,中長距離(2100-2400),良,中枠(3-6),父系統,ニアークティック系,281,18,55,0.0641,0.1957,41.5,0.0,7.62,0.226,-0.0303,0.866,参考,東京芝中長距離(2100-2400)・良・中枠(3-6)で父系統「ニアークティック系」は基準比リフト0.866
中京,直線長め・持続型,ダ,中距離(1700-2000),稍,外枠(7-8),父系統,ネイティヴダンサー系,131,9,24,0.0687,0.1832,53.4,0.0,8.05,0.2115,-0.0283,0.866,参考,中京ダ中距離(1700-2000)・稍・外枠(7-8)で父系統「ネイティヴダンサー系」は基準比リフト0.866
中京,直線長め・持続型,芝,短距離(1000-1300),良,中枠(3-6),父系統,ネイティヴダンサー系,275,15,47,0.0545,0.1709,59.2,0.0,9.4,0.1973,-0.0264,0.866,参考,中京芝短距離(1000-1300)・良・中枠(3-6)で父系統「ネイティヴダンサー系」は基準比リフト0.866
東京,直線長め・持続型,ダ,短中距離(1400-1600),稍,内枠(1-2),父系統,ニアークティック系,277,10,42,0.0361,0.1516,100.5,0.0,8.5,0.1751,-0.0235,0.866,参考,東京ダ短中距離(1400-1600)・稍・内枠(1-2)で父系統「ニアークティック系」は基準比リフト0.866
東京,直線長め・持続型,芝,中長距離(2100-2400),良,外枠(7-8),父系統,ニアークティック系,184,12,36,0.0652,0.1957,55.3,0.0,8.44,0.2262,-0.0305,0.865,参考,東京芝中長距離(2100-2400)・良・外枠(7-8)で父系統「ニアークティック系」は基準比リフト0.865
新潟,直線長め・平坦型,ダ,中距離(1700-2000),良,中枠(3-6),父系統,ニアークティック系,669,28,124,0.0419,0.1854,105.6,0.0,7.83,0.2144,-0.029,0.865,参考,新潟ダ中距離(1700-2000)・良・中枠(3-6)で父系統「ニアークティック系」は基準比リフト0.865
東京,直線長め・持続型,芝,短中距離(1400-1600),良,外枠(7-8),父系統,ナスルーラ系,442,22,76,0.0498,0.1719,44.4,0.0,9.08,0.1988,-0.0269,0.865,参考,東京芝短中距離(1400-1600)・良・外枠(7-8)で父系統「ナスルーラ系」は基準比リフト0.865
函館,小回り・持続型,芝,中距離(1700-2000),稍,外枠(7-8),父系統,ロイヤルチャージャー系,118,6,20,0.0508,0.1695,13.8,0.0,7.1,0.1959,-0.0264,0.865,参考,函館芝中距離(1700-2000)・稍・外枠(7-8)で父系統「ロイヤルチャージャー系」は基準比リフト0.865
東京,直線長め・持続型,芝,短中距離(1400-1600),不,中枠(3-6),父系統,ロイヤルチャージャー系,176,19,34,0.108,0.1932,271.5,0.0,7.65,0.2237,-0.0305,0.864,参考,東京芝短中距離(1400-1600)・不・中枠(3-6)で父系統「ロイヤルチャージャー系」は基準比リフト0.864
新潟,直線長め・平坦型,芝,中距離(1700-2000),良,中枠(3-6),父系統,ニアークティック系,592,29,111,0.049,0.1875,34.6,0.0,8.65,0.2171,-0.0296,0.864,参考,新潟芝中距離(1700-2000)・良・中枠(3-6)で父系統「ニアークティック系」は基準比リフト0.864
札幌,小回り・持続型,芝,短距離(1000-1300),良,外枠(7-8),父系統,ネイティヴダンサー系,179,13,34,0.0726,0.1899,69.3,0.0,8.39,0.2201,-0.0302,0.863,参考,札幌芝短距離(1000-1300)・良・外枠(7-8)で父系統「ネイティヴダンサー系」は基準比リフト0.863
新潟,直線長め・平坦型,ダ,短距離(1000-1300),重不良,中枠(3-6),父系統,ロイヤルチャージャー系,248,14,42,0.0565,0.1694,47.2,0.0,8.0,0.1964,-0.027,0.863,参考,新潟ダ短距離(1000-1300)・重不良・中枠(3-6)で父系統「ロイヤルチャージャー系」は基準比リフト0.863
福島,小回り・機動型,ダ,短距離(1000-1300),稍,中枠(3-6),父系統,ネイティヴダンサー系,167,11,31,0.0659,0.1856,35.7,0.0,8.13,0.2153,-0.0297,0.862,参考,福島ダ短距離(1000-1300)・稍・中枠(3-6)で父系統「ネイティヴダンサー系」は基準比リフト0.862
阪神,坂あり・パワー型,芝,中距離(1700-2000),稍,外枠(7-8),父系統,ネイティヴダンサー系,81,5,15,0.0617,0.1852,38.0,0.0,8.48,0.2149,-0.0297,0.862,参考,阪神芝中距離(1700-2000)・稍・外枠(7-8)で父系統「ネイティヴダンサー系」は基準比リフト0.862
京都,平坦・スピード型,ダ,短中距離(1400-1600),良,外枠(7-8),父系統,ニアークティック系,460,30,77,0.0652,0.1674,60.4,0.0,8.21,0.1942,-0.0268,0.862,参考,京都ダ短中距離(1400-1600)・良・外枠(7-8)で父系統「ニアークティック系」は基準比リフト0.862
新潟,直線長め・平坦型,芝,短中距離(1400-1600),良,外枠(7-8),父系統,ナスルーラ系,207,8,34,0.0386,0.1643,85.2,0.0,9.77,0.1905,-0.0262,0.862,参考,新潟芝短中距離(1400-1600)・良・外枠(7-8)で父系統「ナスルーラ系」は基準比リフト0.862
京都,平坦・スピード型,ダ,短中距離(1400-1600),重不良,中枠(3-6),父系統,ネイティヴダンサー系,158,10,29,0.0633,0.1835,44.0,0.0,8.75,0.2131,-0.0296,0.861,参考,京都ダ短中距離(1400-1600)・重不良・中枠(3-6)で父系統「ネイティヴダンサー系」は基準比リフト0.861
小倉,小回り・機動型,芝,短距離(1000-1300),稍,中枠(3-6),父系統,ネイティヴダンサー系,163,8,27,0.0491,0.1656,35.4,0.0,9.37,0.1925,-0.0269,0.86,参考,小倉芝短距離(1000-1300)・稍・中枠(3-6)で父系統「ネイティヴダンサー系」は基準比リフト0.86
小倉,小回り・機動型,ダ,中距離(1700-2000),稍,外枠(7-8),父系統,父系統不明,252,14,41,0.0556,0.1627,55.8,0.0,7.94,0.1892,-0.0265,0.86,参考,小倉ダ中距離(1700-2000)・稍・外枠(7-8)で父系統「父系統不明」は基準比リフト0.86
中山,坂あり・パワー型,ダ,中距離(1700-2000),稍,内枠(1-2),父系統,ロイヤルチャージャー系,532,26,84,0.0489,0.1579,56.2,0.0,7.83,0.1835,-0.0256,0.86,参考,中山ダ中距離(1700-2000)・稍・内枠(1-2)で父系統「ロイヤルチャージャー系」は基準比リフト0.86
函館,小回り・持続型,ダ,中距離(1700-2000),不,中枠(3-6),父系統,ロイヤルチャージャー系,110,9,22,0.0818,0.2,136.6,0.0,6.51,0.2329,-0.0329,0.859,参考,函館ダ中距離(1700-2000)・不・中枠(3-6)で父系統「ロイヤルチャージャー系」は基準比リフト0.859
中京,直線長め・持続型,ダ,中距離(1700-2000),良,中枠(3-6),父系統,ニアークティック系,693,48,130,0.0693,0.1876,67.9,0.0,8.05,0.2184,-0.0308,0.859,参考,中京ダ中距離(1700-2000)・良・中枠(3-6)で父系統「ニアークティック系」は基準比リフト0.859
札幌,小回り・持続型,芝,短中距離(1400-1600),良,外枠(7-8),父系統,ニアークティック系,118,5,22,0.0424,0.1864,44.6,0.0,7.25,0.2171,-0.0307,0.859,参考,札幌芝短中距離(1400-1600)・良・外枠(7-8)で父系統「ニアークティック系」は基準比リフト0.859
京都,平坦・スピード型,ダ,短距離(1000-1300),重不良,外枠(7-8),父系統,ネイティヴダンサー系,127,8,23,0.063,0.1811,88.6,0.0,8.55,0.2108,-0.0297,0.859,参考,京都ダ短距離(1000-1300)・重不良・外枠(7-8)で父系統「ネイティヴダンサー系」は基準比リフト0.859
新潟,直線長め・平坦型,芝,長距離(2500以上),良,外枠(7-8),父系統,ニアークティック系,149,12,32,0.0805,0.2148,41.2,0.0,6.76,0.2503,-0.0355,0.858,参考,新潟芝長距離(2500以上)・良・外枠(7-8)で父系統「ニアークティック系」は基準比リフト0.858
中山,坂あり・パワー型,芝,短距離(1000-1300),良,内枠(1-2),父系統,ロイヤルチャージャー系,529,24,97,0.0454,0.1834,70.0,0.0,7.75,0.2138,-0.0304,0.858,参考,中山芝短距離(1000-1300)・良・内枠(1-2)で父系統「ロイヤルチャージャー系」は基準比リフト0.858
新潟,直線長め・平坦型,ダ,中距離(1700-2000),不,中枠(3-6),父系統,ロイヤルチャージャー系,250,17,50,0.068,0.2,45.0,0.0,7.44,0.2333,-0.0333,0.857,参考,新潟ダ中距離(1700-2000)・不・中枠(3-6)で父系統「ロイヤルチャージャー系」は基準比リフト0.857
中山,坂あり・パワー型,芝,短中距離(1400-1600),良,中枠(3-6),父系統,ナスルーラ系,313,21,54,0.0671,0.1725,78.6,0.0,8.46,0.2014,-0.0289,0.857,参考,中山芝短中距離(1400-1600)・良・中枠(3-6)で父系統「ナスルーラ系」は基準比リフト0.857
阪神,坂あり・パワー型,ダ,短中距離(1400-1600),稍,中枠(3-6),父系統,ナスルーラ系,166,12,28,0.0723,0.1687,51.4,0.0,8.1,0.1968,-0.0281,0.857,参考,阪神ダ短中距離(1400-1600)・稍・中枠(3-6)で父系統「ナスルーラ系」は基準比リフト0.857
阪神,坂あり・パワー型,芝,短距離(1000-1300),稍,外枠(7-8),父系統,ロイヤルチャージャー系,85,4,11,0.0471,0.1294,130.1,0.0,7.2,0.151,-0.0216,0.857,参考,阪神芝短距離(1000-1300)・稍・外枠(7-8)で父系統「ロイヤルチャージャー系」は基準比リフト0.857
福島,小回り・機動型,芝,長距離(2500以上),良,中枠(3-6),父系統,ナスルーラ系,159,9,33,0.0566,0.2075,92.1,0.0,7.72,0.2423,-0.0348,0.856,参考,福島芝長距離(2500以上)・良・中枠(3-6)で父系統「ナスルーラ系」は基準比リフト0.856
福島,小回り・機動型,芝,短距離(1000-1300),稍,中枠(3-6),父系統,ニアークティック系,92,6,16,0.0652,0.1739,93.3,0.0,7.98,0.2033,-0.0294,0.855,参考,福島芝短距離(1000-1300)・稍・中枠(3-6)で父系統「ニアークティック系」は基準比リフト0.855
阪神,坂あり・パワー型,ダ,中距離(1700-2000),重不良,内枠(1-2),父系統,父系統不明,105,2,18,0.019,0.1714,2.5,0.0,7.21,0.2005,-0.0291,0.855,参考,阪神ダ中距離(1700-2000)・重不良・内枠(1-2)で父系統「父系統不明」は基準比リフト0.855
函館,小回り・持続型,ダ,短距離(1000-1300),良,内枠(1-2),父系統,ロイヤルチャージャー系,141,9,34,0.0638,0.2411,43.5,0.0,6.36,0.2824,-0.0413,0.854,参考,函館ダ短距離(1000-1300)・良・内枠(1-2)で父系統「ロイヤルチャージャー系」は基準比リフト0.854
小倉,小回り・機動型,芝,中距離(1700-2000),重不良,内枠(1-2),父系統,父系統不明,110,13,24,0.1182,0.2182,83.9,0.0,6.99,0.2555,-0.0373,0.854,参考,小倉芝中距離(1700-2000)・重不良・内枠(1-2)で父系統「父系統不明」は基準比リフト0.854
京都,平坦・スピード型,ダ,長距離(2500以上),良,中枠(3-6),父系統,ナスルーラ系,91,4,18,0.044,0.1978,36.4,0.0,7.59,0.2316,-0.0338,0.854,参考,京都ダ長距離(2500以上)・良・中枠(3-6)で父系統「ナスルーラ系」は基準比リフト0.854
阪神,坂あり・パワー型,ダ,中距離(1700-2000),稍,内枠(1-2),父系統,ニアークティック系,149,5,29,0.0336,0.1946,28.4,0.0,7.49,0.2278,-0.0332,0.854,参考,阪神ダ中距離(1700-2000)・稍・内枠(1-2)で父系統「ニアークティック系」は基準比リフト0.854
阪神,坂あり・パワー型,芝,短中距離(1400-1600),稍,内枠(1-2),父系統,ロイヤルチャージャー系,255,20,48,0.0784,0.1882,72.9,0.0,7.76,0.2203,-0.0321,0.854,参考,阪神芝短中距離(1400-1600)・稍・内枠(1-2)で父系統「ロイヤルチャージャー系」は基準比リフト0.854
小倉,小回り・機動型,芝,中距離(1700-2000),重不良,中枠(3-6),父系統,父系統不明,241,12,43,0.0498,0.1784,39.4,0.0,8.15,0.209,-0.0306,0.854,参考,小倉芝中距離(1700-2000)・重不良・中枠(3-6)で父系統「父系統不明」は基準比リフト0.854
小倉,小回り・機動型,ダ,短距離(1000-1300),良,外枠(7-8),父系統,ロイヤルチャージャー系,305,12,59,0.0393,0.1934,20.8,0.0,7.55,0.2268,-0.0334,0.853,参考,小倉ダ短距離(1000-1300)・良・外枠(7-8)で父系統「ロイヤルチャージャー系」は基準比リフト0.853
新潟,直線長め・平坦型,芝,中距離(1700-2000),良,中枠(3-6),父系統,ナスルーラ系,281,18,52,0.0641,0.1851,64.5,0.0,8.42,0.2171,-0.032,0.853,参考,新潟芝中距離(1700-2000)・良・中枠(3-6)で父系統「ナスルーラ系」は基準比リフト0.853
中京,直線長め・持続型,ダ,中距離(1700-2000),重不良,外枠(7-8),父系統,ロイヤルチャージャー系,218,15,40,0.0688,0.1835,71.2,0.0,7.95,0.2151,-0.0316,0.853,参考,中京ダ中距離(1700-2000)・重不良・外枠(7-8)で父系統「ロイヤルチャージャー系」は基準比リフト0.853
札幌,小回り・持続型,ダ,中距離(1700-2000),重不良,外枠(7-8),父系統,ロイヤルチャージャー系,91,4,13,0.044,0.1429,17.3,0.0,6.92,0.1675,-0.0246,0.853,参考,札幌ダ中距離(1700-2000)・重不良・外枠(7-8)で父系統「ロイヤルチャージャー系」は基準比リフト0.853
中山,坂あり・パワー型,芝,長距離(2500以上),良,外枠(7-8),父系統,ネイティヴダンサー系,90,5,17,0.0556,0.1889,49.2,0.0,6.97,0.2217,-0.0328,0.852,参考,中山芝長距離(2500以上)・良・外枠(7-8)で父系統「ネイティヴダンサー系」は基準比リフト0.852
中京,直線長め・持続型,芝,中距離(1700-2000),良,中枠(3-6),父系統,ネイティヴダンサー系,383,26,72,0.0679,0.188,78.2,0.0,8.16,0.2207,-0.0327,0.852,参考,中京芝中距離(1700-2000)・良・中枠(3-6)で父系統「ネイティヴダンサー系」は基準比リフト0.852
福島,小回り・機動型,芝,中距離(1700-2000),重不良,中枠(3-6),父系統,ロイヤルチャージャー系,135,6,25,0.0444,0.1852,23.7,0.0,7.91,0.2177,-0.0325,0.851,参考,福島芝中距離(1700-2000)・重不良・中枠(3-6)で父系統「ロイヤルチャージャー系」は基準比リフト0.851
新潟,直線長め・平坦型,芝,短中距離(1400-1600),良,中枠(3-6),父系統,ネイティヴダンサー系,700,36,116,0.0514,0.1657,50.1,0.0,8.66,0.1947,-0.029,0.851,参考,新潟芝短中距離(1400-1600)・良・中枠(3-6)で父系統「ネイティヴダンサー系」は基準比リフト0.851
新潟,直線長め・平坦型,芝,短中距離(1400-1600),良,中枠(3-6),父系統,ナスルーラ系,338,22,56,0.0651,0.1657,88.4,0.0,8.93,0.1947,-0.029,0.851,参考,新潟芝短中距離(1400-1600)・良・中枠(3-6)で父系統「ナスルーラ系」は基準比リフト0.851
阪神,坂あり・パワー型,芝,短距離(1000-1300),良,外枠(7-8),父系統,ロイヤルチャージャー系,382,23,63,0.0602,0.1649,65.0,0.0,7.9,0.1938,-0.0289,0.851,参考,阪神芝短距離(1000-1300)・良・外枠(7-8)で父系統「ロイヤルチャージャー系」は基準比リフト0.851
新潟,直線長め・平坦型,ダ,中距離(1700-2000),稍,中枠(3-6),父系統,ニアークティック系,231,11,45,0.0476,0.1948,46.6,0.0,7.7,0.2292,-0.0344,0.85,参考,新潟ダ中距離(1700-2000)・稍・中枠(3-6)で父系統「ニアークティック系」は基準比リフト0.85
中山,坂あり・パワー型,芝,中長距離(2100-2400),良,外枠(7-8),父系統,ネイティヴダンサー系,88,7,16,0.0795,0.1818,58.3,0.0,7.47,0.2138,-0.032,0.85,参考,中山芝中長距離(2100-2400)・良・外枠(7-8)で父系統「ネイティヴダンサー系」は基準比リフト0.85
中山,坂あり・パワー型,ダ,短距離(1000-1300),良,中枠(3-6),父系統,その他のエクリプス系,116,7,19,0.0603,0.1638,88.8,0.0,9.33,0.1927,-0.0289,0.85,参考,中山ダ短距離(1000-1300)・良・中枠(3-6)で父系統「その他のエクリプス系」は基準比リフト0.85
阪神,坂あり・パワー型,芝,短中距離(1400-1600),良,外枠(7-8),父系統,ニアークティック系,549,25,89,0.0455,0.1621,43.0,0.0,8.84,0.1907,-0.0286,0.85,参考,阪神芝短中距離(1400-1600)・良・外枠(7-8)で父系統「ニアークティック系」は基準比リフト0.85
函館,小回り・持続型,芝,中距離(1700-2000),稍,中枠(3-6),父系統,ロイヤルチャージャー系,207,15,47,0.0725,0.2271,43.0,0.0,7.12,0.2678,-0.0407,0.848,参考,函館芝中距離(1700-2000)・稍・中枠(3-6)で父系統「ロイヤルチャージャー系」は基準比リフト0.848
阪神,坂あり・パワー型,芝,短距離(1000-1300),良,内枠(1-2),父系統,ネイティヴダンサー系,114,11,24,0.0965,0.2105,41.6,0.0,7.81,0.2482,-0.0377,0.848,参考,阪神芝短距離(1000-1300)・良・内枠(1-2)で父系統「ネイティヴダンサー系」は基準比リフト0.848
阪神,坂あり・パワー型,ダ,中距離(1700-2000),不,中枠(3-6),父系統,ロイヤルチャージャー系,376,22,73,0.0585,0.1941,84.8,0.0,7.99,0.2288,-0.0347,0.848,参考,阪神ダ中距離(1700-2000)・不・中枠(3-6)で父系統「ロイヤルチャージャー系」は基準比リフト0.848
東京,直線長め・持続型,ダ,短中距離(1400-1600),重不良,外枠(7-8),父系統,ロイヤルチャージャー系,432,31,83,0.0718,0.1921,75.9,0.0,8.19,0.2265,-0.0344,0.848,参考,東京ダ短中距離(1400-1600)・重不良・外枠(7-8)で父系統「ロイヤルチャージャー系」は基準比リフト0.848
阪神,坂あり・パワー型,ダ,中距離(1700-2000),不,外枠(7-8),父系統,ロイヤルチャージャー系,204,12,36,0.0588,0.1765,45.2,0.0,7.56,0.2081,-0.0316,0.848,参考,阪神ダ中距離(1700-2000)・不・外枠(7-8)で父系統「ロイヤルチャージャー系」は基準比リフト0.848
新潟,直線長め・平坦型,芝,中長距離(2100-2400),良,中枠(3-6),父系統,ナスルーラ系,98,4,19,0.0408,0.1939,52.6,0.0,7.49,0.229,-0.0351,0.847,参考,新潟芝中長距離(2100-2400)・良・中枠(3-6)で父系統「ナスルーラ系」は基準比リフト0.847
京都,平坦・スピード型,芝,短中距離(1400-1600),良,中枠(3-6),父系統,ニアークティック系,920,62,167,0.0674,0.1815,86.9,0.0,8.58,0.2142,-0.0327,0.847,参考,京都芝短中距離(1400-1600)・良・中枠(3-6)で父系統「ニアークティック系」は基準比リフト0.847
中京,直線長め・持続型,芝,長距離(2500以上),良,外枠(7-8),父系統,ニアークティック系,94,4,19,0.0426,0.2021,37.1,0.0,7.6,0.2389,-0.0368,0.846,参考,中京芝長距離(2500以上)・良・外枠(7-8)で父系統「ニアークティック系」は基準比リフト0.846
中京,直線長め・持続型,芝,中長距離(2100-2400),良,外枠(7-8),父系統,父系統不明,128,8,25,0.0625,0.1953,75.6,0.0,6.83,0.2308,-0.0355,0.846,参考,中京芝中長距離(2100-2400)・良・外枠(7-8)で父系統「父系統不明」は基準比リフト0.846
東京,直線長め・持続型,芝,中長距離(2100-2400),良,中枠(3-6),父系統,ナスルーラ系,157,8,30,0.051,0.1911,47.3,0.0,8.17,0.226,-0.0349,0.846,参考,東京芝中長距離(2100-2400)・良・中枠(3-6)で父系統「ナスルーラ系」は基準比リフト0.846
中山,坂あり・パワー型,芝,中距離(1700-2000),重不良,中枠(3-6),父系統,父系統不明,138,4,26,0.029,0.1884,26.2,0.0,7.98,0.2227,-0.0343,0.846,参考,中山芝中距離(1700-2000)・重不良・中枠(3-6)で父系統「父系統不明」は基準比リフト0.846
小倉,小回り・機動型,芝,短距離(1000-1300),良,内枠(1-2),父系統,ネイティヴダンサー系,480,28,77,0.0583,0.1604,52.5,0.0,8.72,0.1897,-0.0293,0.846,参考,小倉芝短距離(1000-1300)・良・内枠(1-2)で父系統「ネイティヴダンサー系」は基準比リフト0.846
小倉,小回り・機動型,芝,長距離(2500以上),稍,中枠(3-6),父系統,父系統不明,111,11,26,0.0991,0.2342,72.0,0.0,6.25,0.2771,-0.0429,0.845,参考,小倉芝長距離(2500以上)・稍・中枠(3-6)で父系統「父系統不明」は基準比リフト0.845
阪神,坂あり・パワー型,ダ,中距離(1700-2000),重不良,外枠(7-8),父系統,ニアークティック系,141,7,25,0.0496,0.1773,30.1,0.0,7.93,0.2101,-0.0328,0.844,参考,阪神ダ中距離(1700-2000)・重不良・外枠(7-8)で父系統「ニアークティック系」は基準比リフト0.844
中山,坂あり・パワー型,ダ,中距離(1700-2000),稍,中枠(3-6),父系統,ナスルーラ系,205,15,36,0.0732,0.1756,50.8,0.0,8.22,0.2081,-0.0325,0.844,参考,中山ダ中距離(1700-2000)・稍・中枠(3-6)で父系統「ナスルーラ系」は基準比リフト0.844
札幌,小回り・持続型,芝,短距離(1000-1300),良,中枠(3-6),父系統,ロイヤルチャージャー系,781,36,137,0.0461,0.1754,43.7,0.0,7.98,0.2078,-0.0324,0.844,参考,札幌芝短距離(1000-1300)・良・中枠(3-6)で父系統「ロイヤルチャージャー系」は基準比リフト0.844
中山,坂あり・パワー型,芝,長距離(2500以上),良,中枠(3-6),父系統,ネイティヴダンサー系,176,12,36,0.0682,0.2045,55.1,0.0,7.69,0.2429,-0.0384,0.842,参考,中山芝長距離(2500以上)・良・中枠(3-6)で父系統「ネイティヴダンサー系」は基準比リフト0.842
中山,坂あり・パワー型,芝,短距離(1000-1300),良,中枠(3-6),父系統,ナスルーラ系,319,21,54,0.0658,0.1693,69.2,0.0,8.46,0.2011,-0.0318,0.842,参考,中山芝短距離(1000-1300)・良・中枠(3-6)で父系統「ナスルーラ系」は基準比リフト0.842
中京,直線長め・持続型,ダ,短中距離(1400-1600),良,内枠(1-2),父系統,ニアークティック系,181,6,30,0.0331,0.1657,29.6,0.0,8.68,0.1971,-0.0314,0.841,参考,中京ダ短中距離(1400-1600)・良・内枠(1-2)で父系統「ニアークティック系」は基準比リフト0.841
中京,直線長め・持続型,ダ,短中距離(1400-1600),不,中枠(3-6),父系統,ロイヤルチャージャー系,121,5,22,0.0413,0.1818,38.1,0.0,8.02,0.2164,-0.0346,0.84,参考,中京ダ短中距離(1400-1600)・不・中枠(3-6)で父系統「ロイヤルチャージャー系」は基準比リフト0.84
東京,直線長め・持続型,芝,短中距離(1400-1600),稍,中枠(3-6),父系統,ネイティヴダンサー系,232,9,38,0.0388,0.1638,21.7,0.0,9.4,0.195,-0.0312,0.84,参考,東京芝短中距離(1400-1600)・稍・中枠(3-6)で父系統「ネイティヴダンサー系」は基準比リフト0.84
京都,平坦・スピード型,芝,中距離(1700-2000),良,中枠(3-6),父系統,ニアークティック系,738,49,152,0.0664,0.206,96.0,0.0,7.93,0.2454,-0.0394,0.839,参考,京都芝中距離(1700-2000)・良・中枠(3-6)で父系統「ニアークティック系」は基準比リフト0.839
新潟,直線長め・平坦型,ダ,中距離(1700-2000),不,中枠(3-6),父系統,ニアークティック系,92,4,18,0.0435,0.1957,91.3,0.0,7.79,0.2333,-0.0376,0.839,参考,新潟ダ中距離(1700-2000)・不・中枠(3-6)で父系統「ニアークティック系」は基準比リフト0.839
中京,直線長め・持続型,芝,短中距離(1400-1600),良,内枠(1-2),父系統,ナスルーラ系,114,10,20,0.0877,0.1754,162.8,0.0,8.69,0.2091,-0.0337,0.839,参考,中京芝短中距離(1400-1600)・良・内枠(1-2)で父系統「ナスルーラ系」は基準比リフト0.839
京都,平坦・スピード型,芝,中距離(1700-2000),良,内枠(1-2),父系統,ネイティヴダンサー系,265,16,53,0.0604,0.2,95.7,0.0,7.51,0.239,-0.039,0.837,参考,京都芝中距離(1700-2000)・良・内枠(1-2)で父系統「ネイティヴダンサー系」は基準比リフト0.837
札幌,小回り・持続型,ダ,中距離(1700-2000),良,中枠(3-6),父系統,ニアークティック系,475,33,98,0.0695,0.2063,61.5,0.0,7.14,0.2469,-0.0406,0.836,参考,札幌ダ中距離(1700-2000)・良・中枠(3-6)で父系統「ニアークティック系」は基準比リフト0.836
中京,直線長め・持続型,ダ,短距離(1000-1300),良,内枠(1-2),父系統,ニアークティック系,171,8,30,0.0468,0.1754,53.5,0.0,8.46,0.2103,-0.0349,0.834,参考,中京ダ短距離(1000-1300)・良・内枠(1-2)で父系統「ニアークティック系」は基準比リフト0.834
京都,平坦・スピード型,芝,短中距離(1400-1600),稍,中枠(3-6),父系統,ニアークティック系,160,11,28,0.0688,0.175,51.4,0.0,8.17,0.2103,-0.0353,0.832,参考,京都芝短中距離(1400-1600)・稍・中枠(3-6)で父系統「ニアークティック系」は基準比リフト0.832
小倉,小回り・機動型,芝,中距離(1700-2000),重不良,中枠(3-6),父系統,ニアークティック系,92,9,16,0.0978,0.1739,73.7,0.0,8.24,0.209,-0.0351,0.832,参考,小倉芝中距離(1700-2000)・重不良・中枠(3-6)で父系統「ニアークティック系」は基準比リフト0.832
中京,直線長め・持続型,ダ,短中距離(1400-1600),稍,中枠(3-6),父系統,ロイヤルチャージャー系,294,15,47,0.051,0.1599,64.5,0.0,8.13,0.1921,-0.0322,0.832,参考,中京ダ短中距離(1400-1600)・稍・中枠(3-6)で父系統「ロイヤルチャージャー系」は基準比リフト0.832
京都,平坦・スピード型,ダ,短中距離(1400-1600),稍,中枠(3-6),父系統,ニアークティック系,216,13,37,0.0602,0.1713,31.7,0.0,8.16,0.2062,-0.0349,0.831,参考,京都ダ短中距離(1400-1600)・稍・中枠(3-6)で父系統「ニアークティック系」は基準比リフト0.831
東京,直線長め・持続型,ダ,短中距離(1400-1600),重不良,内枠(1-2),父系統,ロイヤルチャージャー系,383,21,53,0.0548,0.1384,38.7,0.0,8.29,0.1665,-0.0281,0.831,参考,東京ダ短中距離(1400-1600)・重不良・内枠(1-2)で父系統「ロイヤルチャージャー系」は基準比リフト0.831
東京,直線長め・持続型,ダ,短中距離(1400-1600),不,中枠(3-6),父系統,ニアークティック系,210,9,37,0.0429,0.1762,54.9,0.0,8.47,0.2126,-0.0364,0.829,参考,東京ダ短中距離(1400-1600)・不・中枠(3-6)で父系統「ニアークティック系」は基準比リフト0.829
中京,直線長め・持続型,ダ,短距離(1000-1300),稍,中枠(3-6),父系統,ロイヤルチャージャー系,210,10,36,0.0476,0.1714,38.2,0.0,8.27,0.2068,-0.0354,0.829,参考,中京ダ短距離(1000-1300)・稍・中枠(3-6)で父系統「ロイヤルチャージャー系」は基準比リフト0.829
東京,直線長め・持続型,芝,短中距離(1400-1600),稍,中枠(3-6),父系統,ナスルーラ系,99,3,16,0.0303,0.1616,25.4,0.0,8.64,0.195,-0.0334,0.829,参考,東京芝短中距離(1400-1600)・稍・中枠(3-6)で父系統「ナスルーラ系」は基準比リフト0.829
小倉,小回り・機動型,芝,短距離(1000-1300),稍,外枠(7-8),父系統,ロイヤルチャージャー系,335,21,51,0.0627,0.1522,52.1,0.0,9.21,0.1838,-0.0316,0.828,参考,小倉芝短距離(1000-1300)・稍・外枠(7-8)で父系統「ロイヤルチャージャー系」は基準比リフト0.828
小倉,小回り・機動型,ダ,中距離(1700-2000),不,中枠(3-6),父系統,ニアークティック系,138,3,23,0.0217,0.1667,19.0,0.0,9.22,0.2015,-0.0348,0.827,参考,小倉ダ中距離(1700-2000)・不・中枠(3-6)で父系統「ニアークティック系」は基準比リフト0.827
京都,平坦・スピード型,芝,短中距離(1400-1600),良,外枠(7-8),父系統,ニアークティック系,612,37,98,0.0605,0.1601,83.0,0.0,8.81,0.1935,-0.0334,0.827,参考,京都芝短中距離(1400-1600)・良・外枠(7-8)で父系統「ニアークティック系」は基準比リフト0.827
京都,平坦・スピード型,芝,短距離(1000-1300),良,内枠(1-2),父系統,父系統不明,99,6,19,0.0606,0.1919,22.6,0.0,7.52,0.2324,-0.0405,0.826,参考,京都芝短距離(1000-1300)・良・内枠(1-2)で父系統「父系統不明」は基準比リフト0.826
京都,平坦・スピード型,ダ,短距離(1000-1300),重不良,中枠(3-6),父系統,ロイヤルチャージャー系,273,19,47,0.0696,0.1722,74.1,0.0,8.36,0.2085,-0.0363,0.826,参考,京都ダ短距離(1000-1300)・重不良・中枠(3-6)で父系統「ロイヤルチャージャー系」は基準比リフト0.826
新潟,直線長め・平坦型,芝,短中距離(1400-1600),良,中枠(3-6),父系統,ニアークティック系,634,33,102,0.0521,0.1609,27.5,0.0,9.18,0.1947,-0.0338,0.826,参考,新潟芝短中距離(1400-1600)・良・中枠(3-6)で父系統「ニアークティック系」は基準比リフト0.826
札幌,小回り・持続型,ダ,中距離(1700-2000),良,外枠(7-8),父系統,ネイティヴダンサー系,352,21,66,0.0597,0.1875,53.9,0.0,7.14,0.2278,-0.0403,0.823,参考,札幌ダ中距離(1700-2000)・良・外枠(7-8)で父系統「ネイティヴダンサー系」は基準比リフト0.823
小倉,小回り・機動型,芝,中距離(1700-2000),稍,外枠(7-8),父系統,ニアークティック系,89,7,16,0.0787,0.1798,32.0,0.0,8.99,0.2184,-0.0386,0.823,参考,小倉芝中距離(1700-2000)・稍・外枠(7-8)で父系統「ニアークティック系」は基準比リフト0.823
東京,直線長め・持続型,芝,中距離(1700-2000),稍,中枠(3-6),父系統,ニアークティック系,118,6,23,0.0508,0.1949,31.7,0.0,7.93,0.2372,-0.0423,0.822,参考,東京芝中距離(1700-2000)・稍・中枠(3-6)で父系統「ニアークティック系」は基準比リフト0.822
阪神,坂あり・パワー型,芝,短中距離(1400-1600),稍,中枠(3-6),父系統,ネイティヴダンサー系,201,13,34,0.0647,0.1692,60.2,0.0,8.08,0.2062,-0.037,0.821,参考,阪神芝短中距離(1400-1600)・稍・中枠(3-6)で父系統「ネイティヴダンサー系」は基準比リフト0.821
阪神,坂あり・パワー型,芝,短中距離(1400-1600),良,中枠(3-6),父系統,ナスルーラ系,433,28,77,0.0647,0.1778,62.7,0.0,9.0,0.2169,-0.0391,0.82,参考,阪神芝短中距離(1400-1600)・良・中枠(3-6)で父系統「ナスルーラ系」は基準比リフト0.82
中山,坂あり・パワー型,ダ,中長距離(2100-2400),良,中枠(3-6),父系統,父系統不明,82,4,16,0.0488,0.1951,40.4,0.0,6.83,0.2381,-0.043,0.819,参考,中山ダ中長距離(2100-2400)・良・中枠(3-6)で父系統「父系統不明」は基準比リフト0.819
福島,小回り・機動型,ダ,短距離(1000-1300),良,外枠(7-8),父系統,ニアークティック系,238,15,41,0.063,0.1723,61.6,0.0,8.23,0.2103,-0.038,0.819,参考,福島ダ短距離(1000-1300)・良・外枠(7-8)で父系統「ニアークティック系」は基準比リフト0.819
阪神,坂あり・パワー型,芝,短距離(1000-1300),稍,中枠(3-6),父系統,ロイヤルチャージャー系,135,9,29,0.0667,0.2148,67.8,0.0,7.53,0.2627,-0.0479,0.818,参考,阪神芝短距離(1000-1300)・稍・中枠(3-6)で父系統「ロイヤルチャージャー系」は基準比リフト0.818
東京,直線長め・持続型,ダ,中長距離(2100-2400),良,中枠(3-6),父系統,ニアークティック系,309,17,56,0.055,0.1812,36.0,0.0,8.48,0.2214,-0.0402,0.818,参考,東京ダ中長距離(2100-2400)・良・中枠(3-6)で父系統「ニアークティック系」は基準比リフト0.818
札幌,小回り・持続型,芝,短中距離(1400-1600),良,中枠(3-6),父系統,ナスルーラ系,84,3,17,0.0357,0.2024,15.8,0.0,7.7,0.2476,-0.0452,0.817,参考,札幌芝短中距離(1400-1600)・良・中枠(3-6)で父系統「ナスルーラ系」は基準比リフト0.817
東京,直線長め・持続型,ダ,長距離(2500以上),良,外枠(7-8),父系統,ネイティヴダンサー系,92,4,14,0.0435,0.1522,29.2,0.0,7.21,0.1865,-0.0343,0.816,参考,東京ダ長距離(2500以上)・良・外枠(7-8)で父系統「ネイティヴダンサー系」は基準比リフト0.816
新潟,直線長め・平坦型,芝,短距離(1000-1300),稍,中枠(3-6),父系統,ニアークティック系,89,5,12,0.0562,0.1348,25.4,0.0,8.33,0.1652,-0.0304,0.816,参考,新潟芝短距離(1000-1300)・稍・中枠(3-6)で父系統「ニアークティック系」は基準比リフト0.816
札幌,小回り・持続型,ダ,短距離(1000-1300),良,中枠(3-6),父系統,ロイヤルチャージャー系,331,24,69,0.0725,0.2085,91.2,0.0,6.62,0.2558,-0.0473,0.815,参考,札幌ダ短距離(1000-1300)・良・中枠(3-6)で父系統「ロイヤルチャージャー系」は基準比リフト0.815
中山,坂あり・パワー型,芝,短中距離(1400-1600),良,中枠(3-6),父系統,ニアークティック系,701,34,115,0.0485,0.1641,50.0,0.0,8.29,0.2014,-0.0373,0.815,参考,中山芝短中距離(1400-1600)・良・中枠(3-6)で父系統「ニアークティック系」は基準比リフト0.815
京都,平坦・スピード型,芝,短距離(1000-1300),良,外枠(7-8),父系統,ロイヤルチャージャー系,522,23,74,0.0441,0.1418,41.2,0.0,8.75,0.1739,-0.0321,0.815,参考,京都芝短距離(1000-1300)・良・外枠(7-8)で父系統「ロイヤルチャージャー系」は基準比リフト0.815
札幌,小回り・持続型,ダ,短距離(1000-1300),良,外枠(7-8),父系統,ロイヤルチャージャー系,239,15,56,0.0628,0.2343,53.3,0.0,6.82,0.2879,-0.0536,0.814,参考,札幌ダ短距離(1000-1300)・良・外枠(7-8)で父系統「ロイヤルチャージャー系」は基準比リフト0.814
中山,坂あり・パワー型,芝,長距離(2500以上),稍,中枠(3-6),父系統,ロイヤルチャージャー系,134,10,29,0.0746,0.2164,31.3,0.0,6.74,0.2664,-0.05,0.812,参考,中山芝長距離(2500以上)・稍・中枠(3-6)で父系統「ロイヤルチャージャー系」は基準比リフト0.812
小倉,小回り・機動型,芝,中距離(1700-2000),良,中枠(3-6),父系統,ネイティヴダンサー系,745,51,134,0.0685,0.1799,51.4,0.0,8.03,0.2218,-0.0419,0.811,参考,小倉芝中距離(1700-2000)・良・中枠(3-6)で父系統「ネイティヴダンサー系」は基準比リフト0.811
新潟,直線長め・平坦型,芝,長距離(2500以上),良,中枠(3-6),父系統,父系統不明,208,12,38,0.0577,0.1827,67.5,0.0,7.17,0.2255,-0.0428,0.81,参考,新潟芝長距離(2500以上)・良・中枠(3-6)で父系統「父系統不明」は基準比リフト0.81
阪神,坂あり・パワー型,ダ,短中距離(1400-1600),不,中枠(3-6),父系統,ニアークティック系,83,6,15,0.0723,0.1807,47.0,0.0,8.08,0.2231,-0.0424,0.81,参考,阪神ダ短中距離(1400-1600)・不・中枠(3-6)で父系統「ニアークティック系」は基準比リフト0.81
京都,平坦・スピード型,芝,短中距離(1400-1600),稍,外枠(7-8),父系統,ニアークティック系,100,9,18,0.09,0.18,50.8,0.0,8.78,0.2226,-0.0426,0.809,参考,京都芝短中距離(1400-1600)・稍・外枠(7-8)で父系統「ニアークティック系」は基準比リフト0.809
中京,直線長め・持続型,芝,短中距離(1400-1600),良,中枠(3-6),父系統,ニアークティック系,458,27,76,0.059,0.1659,37.8,0.0,8.94,0.2051,-0.0392,0.809,参考,中京芝短中距離(1400-1600)・良・中枠(3-6)で父系統「ニアークティック系」は基準比リフト0.809
中京,直線長め・持続型,ダ,短中距離(1400-1600),稍,内枠(1-2),父系統,父系統不明,89,5,14,0.0562,0.1573,30.4,0.0,7.53,0.1944,-0.0371,0.809,参考,中京ダ短中距離(1400-1600)・稍・内枠(1-2)で父系統「父系統不明」は基準比リフト0.809
新潟,直線長め・平坦型,芝,短中距離(1400-1600),良,外枠(7-8),父系統,ネイティヴダンサー系,443,25,68,0.0564,0.1535,49.2,0.0,9.34,0.1905,-0.037,0.806,参考,新潟芝短中距離(1400-1600)・良・外枠(7-8)で父系統「ネイティヴダンサー系」は基準比リフト0.806
京都,平坦・スピード型,芝,中長距離(2100-2400),良,内枠(1-2),父系統,ニアークティック系,111,11,26,0.0991,0.2342,70.3,0.0,7.49,0.2911,-0.0569,0.805,参考,京都芝中長距離(2100-2400)・良・内枠(1-2)で父系統「ニアークティック系」は基準比リフト0.805
函館,小回り・持続型,ダ,短距離(1000-1300),良,中枠(3-6),父系統,ロイヤルチャージャー系,424,30,88,0.0708,0.2075,55.9,0.0,6.68,0.2579,-0.0504,0.805,参考,函館ダ短距離(1000-1300)・良・中枠(3-6)で父系統「ロイヤルチャージャー系」は基準比リフト0.805
京都,平坦・スピード型,芝,短距離(1000-1300),良,中枠(3-6),父系統,ロイヤルチャージャー系,855,48,142,0.0561,0.1661,55.2,0.0,8.45,0.2064,-0.0403,0.805,参考,京都芝短距離(1000-1300)・良・中枠(3-6)で父系統「ロイヤルチャージャー系」は基準比リフト0.805
札幌,小回り・持続型,ダ,中距離(1700-2000),良,外枠(7-8),父系統,ニアークティック系,317,17,58,0.0536,0.183,38.0,0.0,7.21,0.2278,-0.0448,0.803,参考,札幌ダ中距離(1700-2000)・良・外枠(7-8)で父系統「ニアークティック系」は基準比リフト0.803
阪神,坂あり・パワー型,芝,短中距離(1400-1600),良,中枠(3-6),父系統,ニアークティック系,867,56,151,0.0646,0.1742,61.4,0.0,8.69,0.2169,-0.0427,0.803,参考,阪神芝短中距離(1400-1600)・良・中枠(3-6)で父系統「ニアークティック系」は基準比リフト0.803
小倉,小回り・機動型,ダ,中距離(1700-2000),稍,中枠(3-6),父系統,ロイヤルチャージャー系,708,42,117,0.0593,0.1653,48.5,0.0,8.14,0.2059,-0.0406,0.803,参考,小倉ダ中距離(1700-2000)・稍・中枠(3-6)で父系統「ロイヤルチャージャー系」は基準比リフト0.803
中京,直線長め・持続型,ダ,短距離(1000-1300),良,外枠(7-8),父系統,ロイヤルチャージャー系,432,24,69,0.0556,0.1597,48.5,0.0,9.21,0.1988,-0.0391,0.803,参考,中京ダ短距離(1000-1300)・良・外枠(7-8)で父系統「ロイヤルチャージャー系」は基準比リフト0.803
小倉,小回り・機動型,芝,中距離(1700-2000),良,内枠(1-2),父系統,ニアークティック系,348,23,62,0.0661,0.1782,56.9,0.0,8.46,0.2226,-0.0444,0.801,参考,小倉芝中距離(1700-2000)・良・内枠(1-2)で父系統「ニアークティック系」は基準比リフト0.801
中山,坂あり・パワー型,ダ,短距離(1000-1300),良,内枠(1-2),父系統,ナスルーラ系,374,16,53,0.0428,0.1417,34.3,0.0,8.54,0.1768,-0.0351,0.801,参考,中山ダ短距離(1000-1300)・良・内枠(1-2)で父系統「ナスルーラ系」は基準比リフト0.801
中山,坂あり・パワー型,芝,短中距離(1400-1600),良,内枠(1-2),父系統,ナスルーラ系,146,11,28,0.0753,0.1918,54.8,0.0,8.61,0.2397,-0.0479,0.8,参考,中山芝短中距離(1400-1600)・良・内枠(1-2)で父系統「ナスルーラ系」は基準比リフト0.8
中京,直線長め・持続型,芝,短中距離(1400-1600),良,中枠(3-6),父系統,ナスルーラ系,250,12,41,0.048,0.164,37.2,0.0,8.83,0.2051,-0.0411,0.8,参考,中京芝短中距離(1400-1600)・良・中枠(3-6)で父系統「ナスルーラ系」は基準比リフト0.8
阪神,坂あり・パワー型,ダ,短中距離(1400-1600),重不良,中枠(3-6),父系統,ネイティヴダンサー系,205,9,29,0.0439,0.1415,30.2,0.0,8.74,0.1774,-0.0359,0.798,参考,阪神ダ短中距離(1400-1600)・重不良・中枠(3-6)で父系統「ネイティヴダンサー系」は基準比リフト0.798
札幌,小回り・持続型,ダ,中距離(1700-2000),良,中枠(3-6),父系統,ナスルーラ系,244,23,48,0.0943,0.1967,126.6,0.0,6.99,0.2469,-0.0502,0.797,参考,札幌ダ中距離(1700-2000)・良・中枠(3-6)で父系統「ナスルーラ系」は基準比リフト0.797
阪神,坂あり・パワー型,芝,短中距離(1400-1600),良,外枠(7-8),父系統,ナスルーラ系,283,13,43,0.0459,0.1519,205.5,0.0,9.4,0.1907,-0.0388,0.797,参考,阪神芝短中距離(1400-1600)・良・外枠(7-8)で父系統「ナスルーラ系」は基準比リフト0.797
小倉,小回り・機動型,ダ,短距離(1000-1300),稍,中枠(3-6),父系統,ロイヤルチャージャー系,256,17,42,0.0664,0.1641,103.9,0.0,7.65,0.2062,-0.0421,0.796,参考,小倉ダ短距離(1000-1300)・稍・中枠(3-6)で父系統「ロイヤルチャージャー系」は基準比リフト0.796
新潟,直線長め・平坦型,ダ,中距離(1700-2000),稍,外枠(7-8),父系統,ニアークティック系,118,10,21,0.0847,0.178,69.9,0.0,7.73,0.2244,-0.0464,0.793,参考,新潟ダ中距離(1700-2000)・稍・外枠(7-8)で父系統「ニアークティック系」は基準比リフト0.793
福島,小回り・機動型,ダ,中距離(1700-2000),良,内枠(1-2),父系統,ニアークティック系,226,11,38,0.0487,0.1681,57.5,0.0,8.31,0.2121,-0.044,0.793,参考,福島ダ中距離(1700-2000)・良・内枠(1-2)で父系統「ニアークティック系」は基準比リフト0.793
中京,直線長め・持続型,芝,短中距離(1400-1600),重不良,中枠(3-6),父系統,父系統不明,149,11,23,0.0738,0.1544,113.8,0.0,8.06,0.1946,-0.0402,0.793,参考,中京芝短中距離(1400-1600)・重不良・中枠(3-6)で父系統「父系統不明」は基準比リフト0.793
小倉,小回り・機動型,ダ,中距離(1700-2000),良,内枠(1-2),父系統,ナスルーラ系,143,7,24,0.049,0.1678,45.0,0.0,8.17,0.2118,-0.044,0.792,参考,小倉ダ中距離(1700-2000)・良・内枠(1-2)で父系統「ナスルーラ系」は基準比リフト0.792
中山,坂あり・パワー型,ダ,短距離(1000-1300),稍,内枠(1-2),父系統,ナスルーラ系,105,9,15,0.0857,0.1429,128.3,0.0,8.58,0.1805,-0.0376,0.792,参考,中山ダ短距離(1000-1300)・稍・内枠(1-2)で父系統「ナスルーラ系」は基準比リフト0.792
函館,小回り・持続型,ダ,短距離(1000-1300),良,外枠(7-8),父系統,ニアークティック系,155,9,32,0.0581,0.2065,81.4,0.0,7.06,0.261,-0.0545,0.791,参考,函館ダ短距離(1000-1300)・良・外枠(7-8)で父系統「ニアークティック系」は基準比リフト0.791
札幌,小回り・持続型,ダ,中距離(1700-2000),稍,中枠(3-6),父系統,ネイティヴダンサー系,111,8,20,0.0721,0.1802,25.4,0.0,6.94,0.2278,-0.0476,0.791,参考,札幌ダ中距離(1700-2000)・稍・中枠(3-6)で父系統「ネイティヴダンサー系」は基準比リフト0.791
小倉,小回り・機動型,芝,中距離(1700-2000),良,中枠(3-6),父系統,ナスルーラ系,376,24,66,0.0638,0.1755,79.2,0.0,8.43,0.2218,-0.0463,0.791,参考,小倉芝中距離(1700-2000)・良・中枠(3-6)で父系統「ナスルーラ系」は基準比リフト0.791
阪神,坂あり・パワー型,芝,短中距離(1400-1600),稍,中枠(3-6),父系統,ニアークティック系,190,11,31,0.0579,0.1632,87.8,0.0,8.73,0.2062,-0.043,0.791,参考,阪神芝短中距離(1400-1600)・稍・中枠(3-6)で父系統「ニアークティック系」は基準比リフト0.791
東京,直線長め・持続型,芝,中距離(1700-2000),稍,中枠(3-6),父系統,父系統不明,160,12,30,0.075,0.1875,68.7,0.0,7.29,0.2372,-0.0497,0.79,参考,東京芝中距離(1700-2000)・稍・中枠(3-6)で父系統「父系統不明」は基準比リフト0.79
京都,平坦・スピード型,ダ,短距離(1000-1300),稍,外枠(7-8),父系統,ロイヤルチャージャー系,201,11,36,0.0547,0.1791,28.0,0.0,8.32,0.2268,-0.0477,0.79,参考,京都ダ短距離(1000-1300)・稍・外枠(7-8)で父系統「ロイヤルチャージャー系」は基準比リフト0.79
東京,直線長め・持続型,芝,短中距離(1400-1600),良,外枠(7-8),父系統,ネイティヴダンサー系,968,38,152,0.0393,0.157,34.4,0.0,8.52,0.1988,-0.0418,0.79,参考,東京芝短中距離(1400-1600)・良・外枠(7-8)で父系統「ネイティヴダンサー系」は基準比リフト0.79
新潟,直線長め・平坦型,芝,中距離(1700-2000),稍,外枠(7-8),父系統,ロイヤルチャージャー系,270,16,44,0.0593,0.163,45.9,0.0,8.15,0.2066,-0.0436,0.789,参考,新潟芝中距離(1700-2000)・稍・外枠(7-8)で父系統「ロイヤルチャージャー系」は基準比リフト0.789
中山,坂あり・パワー型,芝,短距離(1000-1300),稍,中枠(3-6),父系統,ニアークティック系,91,5,15,0.0549,0.1648,131.6,0.0,8.63,0.2091,-0.0443,0.788,参考,中山芝短距離(1000-1300)・稍・中枠(3-6)で父系統「ニアークティック系」は基準比リフト0.788
東京,直線長め・持続型,ダ,短距離(1000-1300),良,外枠(7-8),父系統,ニアークティック系,201,10,28,0.0498,0.1393,50.9,0.0,8.2,0.1768,-0.0375,0.788,参考,東京ダ短距離(1000-1300)・良・外枠(7-8)で父系統「ニアークティック系」は基準比リフト0.788
小倉,小回り・機動型,ダ,短距離(1000-1300),重不良,中枠(3-6),父系統,ネイティヴダンサー系,153,8,27,0.0523,0.1765,25.2,0.0,7.17,0.2243,-0.0478,0.787,参考,小倉ダ短距離(1000-1300)・重不良・中枠(3-6)で父系統「ネイティヴダンサー系」は基準比リフト0.787
小倉,小回り・機動型,芝,中距離(1700-2000),良,外枠(7-8),父系統,ナスルーラ系,211,8,34,0.0379,0.1611,97.3,0.0,8.8,0.2048,-0.0437,0.787,参考,小倉芝中距離(1700-2000)・良・外枠(7-8)で父系統「ナスルーラ系」は基準比リフト0.787
函館,小回り・持続型,ダ,中距離(1700-2000),良,外枠(7-8),父系統,ナスルーラ系,106,6,20,0.0566,0.1887,48.8,0.0,7.53,0.2402,-0.0515,0.786,参考,函館ダ中距離(1700-2000)・良・外枠(7-8)で父系統「ナスルーラ系」は基準比リフト0.786
札幌,小回り・持続型,芝,短距離(1000-1300),良,外枠(7-8),父系統,ナスルーラ系,104,6,18,0.0577,0.1731,75.1,0.0,7.85,0.2201,-0.047,0.786,参考,札幌芝短距離(1000-1300)・良・外枠(7-8)で父系統「ナスルーラ系」は基準比リフト0.786
福島,小回り・機動型,芝,中距離(1700-2000),稍,中枠(3-6),父系統,ニアークティック系,104,7,15,0.0673,0.1442,71.2,0.0,7.67,0.1834,-0.0392,0.786,参考,福島芝中距離(1700-2000)・稍・中枠(3-6)で父系統「ニアークティック系」は基準比リフト0.786
阪神,坂あり・パワー型,ダ,短距離(1000-1300),不,外枠(7-8),父系統,ロイヤルチャージャー系,89,6,12,0.0674,0.1348,37.8,0.0,8.62,0.1718,-0.037,0.785,参考,阪神ダ短距離(1000-1300)・不・外枠(7-8)で父系統「ロイヤルチャージャー系」は基準比リフト0.785
札幌,小回り・持続型,ダ,短距離(1000-1300),良,外枠(7-8),父系統,ニアークティック系,133,15,30,0.1128,0.2256,108.2,0.0,6.17,0.2879,-0.0623,0.784,参考,札幌ダ短距離(1000-1300)・良・外枠(7-8)で父系統「ニアークティック系」は基準比リフト0.784
福島,小回り・機動型,ダ,中距離(1700-2000),稍,外枠(7-8),父系統,父系統不明,102,8,20,0.0784,0.1961,63.9,0.0,7.83,0.25,-0.0539,0.784,参考,福島ダ中距離(1700-2000)・稍・外枠(7-8)で父系統「父系統不明」は基準比リフト0.784
東京,直線長め・持続型,ダ,長距離(2500以上),良,内枠(1-2),父系統,ロイヤルチャージャー系,109,8,23,0.0734,0.211,48.0,0.0,6.58,0.2695,-0.0585,0.783,参考,東京ダ長距離(2500以上)・良・内枠(1-2)で父系統「ロイヤルチャージャー系」は基準比リフト0.783
阪神,坂あり・パワー型,ダ,中距離(1700-2000),稍,外枠(7-8),父系統,ナスルーラ系,95,11,18,0.1158,0.1895,365.3,0.0,7.91,0.2427,-0.0532,0.781,参考,阪神ダ中距離(1700-2000)・稍・外枠(7-8)で父系統「ナスルーラ系」は基準比リフト0.781
京都,平坦・スピード型,ダ,短中距離(1400-1600),重不良,外枠(7-8),父系統,ネイティヴダンサー系,86,5,14,0.0581,0.1628,17.3,0.0,7.88,0.2088,-0.046,0.78,参考,京都ダ短中距離(1400-1600)・重不良・外枠(7-8)で父系統「ネイティヴダンサー系」は基準比リフト0.78
東京,直線長め・持続型,ダ,短中距離(1400-1600),重不良,中枠(3-6),父系統,ナスルーラ系,231,19,35,0.0823,0.1515,313.9,0.0,8.39,0.1943,-0.0428,0.78,参考,東京ダ短中距離(1400-1600)・重不良・中枠(3-6)で父系統「ナスルーラ系」は基準比リフト0.78
小倉,小回り・機動型,芝,長距離(2500以上),良,外枠(7-8),父系統,ニアークティック系,120,8,22,0.0667,0.1833,113.8,0.0,7.21,0.2352,-0.0519,0.779,参考,小倉芝長距離(2500以上)・良・外枠(7-8)で父系統「ニアークティック系」は基準比リフト0.779
新潟,直線長め・平坦型,芝,長距離(2500以上),良,中枠(3-6),父系統,ナスルーラ系,131,3,23,0.0229,0.1756,15.5,0.0,7.56,0.2255,-0.0499,0.779,参考,新潟芝長距離(2500以上)・良・中枠(3-6)で父系統「ナスルーラ系」は基準比リフト0.779
中京,直線長め・持続型,芝,短距離(1000-1300),稍,中枠(3-6),父系統,ロイヤルチャージャー系,118,2,19,0.0169,0.161,28.6,0.0,9.18,0.2066,-0.0456,0.779,参考,中京芝短距離(1000-1300)・稍・中枠(3-6)で父系統「ロイヤルチャージャー系」は基準比リフト0.779
京都,平坦・スピード型,芝,短中距離(1400-1600),稍,内枠(1-2),父系統,父系統不明,83,5,13,0.0602,0.1566,35.9,0.0,6.86,0.2009,-0.0443,0.779,参考,京都芝短中距離(1400-1600)・稍・内枠(1-2)で父系統「父系統不明」は基準比リフト0.779
新潟,直線長め・平坦型,ダ,中距離(1700-2000),稍,内枠(1-2),父系統,ロイヤルチャージャー系,238,11,36,0.0462,0.1513,47.9,0.0,7.33,0.1942,-0.0429,0.779,参考,新潟ダ中距離(1700-2000)・稍・内枠(1-2)で父系統「ロイヤルチャージャー系」は基準比リフト0.779
阪神,坂あり・パワー型,芝,中長距離(2100-2400),良,外枠(7-8),父系統,ニアークティック系,140,6,24,0.0429,0.1714,47.0,0.0,7.86,0.2204,-0.049,0.778,参考,阪神芝中長距離(2100-2400)・良・外枠(7-8)で父系統「ニアークティック系」は基準比リフト0.778
中山,坂あり・パワー型,ダ,中距離(1700-2000),重不良,中枠(3-6),父系統,ネイティヴダンサー系,279,18,44,0.0645,0.1577,59.2,0.0,7.9,0.2032,-0.0455,0.776,参考,中山ダ中距離(1700-2000)・重不良・中枠(3-6)で父系統「ネイティヴダンサー系」は基準比リフト0.776
中京,直線長め・持続型,芝,中距離(1700-2000),重不良,中枠(3-6),父系統,ロイヤルチャージャー系,111,5,16,0.045,0.1441,218.6,0.0,8.5,0.1857,-0.0416,0.776,参考,中京芝中距離(1700-2000)・重不良・中枠(3-6)で父系統「ロイヤルチャージャー系」は基準比リフト0.776
中山,坂あり・パワー型,芝,中距離(1700-2000),良,外枠(7-8),父系統,ナスルーラ系,224,16,36,0.0714,0.1607,93.9,0.0,9.02,0.2074,-0.0467,0.775,参考,中山芝中距離(1700-2000)・良・外枠(7-8)で父系統「ナスルーラ系」は基準比リフト0.775
福島,小回り・機動型,芝,中距離(1700-2000),良,外枠(7-8),父系統,ナスルーラ系,165,7,24,0.0424,0.1455,68.2,0.0,9.38,0.1878,-0.0423,0.775,参考,福島芝中距離(1700-2000)・良・外枠(7-8)で父系統「ナスルーラ系」は基準比リフト0.775
中山,坂あり・パワー型,芝,長距離(2500以上),良,中枠(3-6),父系統,ニアークティック系,149,6,28,0.0403,0.1879,37.3,0.0,7.19,0.2429,-0.055,0.774,参考,中山芝長距離(2500以上)・良・中枠(3-6)で父系統「ニアークティック系」は基準比リフト0.774
京都,平坦・スピード型,ダ,長距離(2500以上),良,外枠(7-8),父系統,ニアークティック系,116,8,22,0.069,0.1897,60.9,0.0,7.18,0.246,-0.0563,0.771,参考,京都ダ長距離(2500以上)・良・外枠(7-8)で父系統「ニアークティック系」は基準比リフト0.771
阪神,坂あり・パワー型,芝,中長距離(2100-2400),良,内枠(1-2),父系統,ニアークティック系,82,7,17,0.0854,0.2073,45.5,0.0,8.26,0.2691,-0.0618,0.77,参考,阪神芝中長距離(2100-2400)・良・内枠(1-2)で父系統「ニアークティック系」は基準比リフト0.77
阪神,坂あり・パワー型,芝,中長距離(2100-2400),良,中枠(3-6),父系統,ニアークティック系,224,8,45,0.0357,0.2009,43.7,0.0,8.07,0.2609,-0.06,0.77,参考,阪神芝中長距離(2100-2400)・良・中枠(3-6)で父系統「ニアークティック系」は基準比リフト0.77
新潟,直線長め・平坦型,芝,短距離(1000-1300),稍,中枠(3-6),父系統,父系統不明,126,7,16,0.0556,0.127,148.0,0.0,8.77,0.1652,-0.0382,0.769,参考,新潟芝短距離(1000-1300)・稍・中枠(3-6)で父系統「父系統不明」は基準比リフト0.769
函館,小回り・持続型,芝,短距離(1000-1300),稍,内枠(1-2),父系統,ロイヤルチャージャー系,139,7,27,0.0504,0.1942,123.7,0.0,8.0,0.253,-0.0588,0.768,参考,函館芝短距離(1000-1300)・稍・内枠(1-2)で父系統「ロイヤルチャージャー系」は基準比リフト0.768
福島,小回り・機動型,ダ,中距離(1700-2000),重不良,外枠(7-8),父系統,父系統不明,81,2,13,0.0247,0.1605,12.8,0.0,7.59,0.2092,-0.0487,0.767,参考,福島ダ中距離(1700-2000)・重不良・外枠(7-8)で父系統「父系統不明」は基準比リフト0.767
中京,直線長め・持続型,芝,短中距離(1400-1600),良,中枠(3-6),父系統,ネイティヴダンサー系,573,28,90,0.0489,0.1571,69.9,0.0,8.89,0.2051,-0.048,0.766,参考,中京芝短中距離(1400-1600)・良・中枠(3-6)で父系統「ネイティヴダンサー系」は基準比リフト0.766
京都,平坦・スピード型,ダ,中距離(1700-2000),不,中枠(3-6),父系統,ニアークティック系,102,5,18,0.049,0.1765,33.4,0.0,8.16,0.2306,-0.0541,0.765,参考,京都ダ中距離(1700-2000)・不・中枠(3-6)で父系統「ニアークティック系」は基準比リフト0.765
新潟,直線長め・平坦型,ダ,短距離(1000-1300),不,中枠(3-6),父系統,ニアークティック系,103,0,17,0.0,0.165,0.0,0.0,8.09,0.2157,-0.0507,0.765,参考,新潟ダ短距離(1000-1300)・不・中枠(3-6)で父系統「ニアークティック系」は基準比リフト0.765
東京,直線長め・持続型,ダ,短中距離(1400-1600),重不良,内枠(1-2),父系統,ニアークティック系,165,4,21,0.0242,0.1273,14.7,0.0,8.81,0.1665,-0.0392,0.765,参考,東京ダ短中距離(1400-1600)・重不良・内枠(1-2)で父系統「ニアークティック系」は基準比リフト0.765
中京,直線長め・持続型,ダ,短中距離(1400-1600),稍,内枠(1-2),父系統,ロイヤルチャージャー系,148,6,22,0.0405,0.1486,17.9,0.0,8.05,0.1944,-0.0458,0.764,参考,中京ダ短中距離(1400-1600)・稍・内枠(1-2)で父系統「ロイヤルチャージャー系」は基準比リフト0.764
札幌,小回り・持続型,ダ,短距離(1000-1300),良,中枠(3-6),父系統,ニアークティック系,205,12,40,0.0585,0.1951,67.3,0.0,6.99,0.2558,-0.0607,0.763,参考,札幌ダ短距離(1000-1300)・良・中枠(3-6)で父系統「ニアークティック系」は基準比リフト0.763
阪神,坂あり・パワー型,ダ,短距離(1000-1300),重不良,中枠(3-6),父系統,ニアークティック系,194,8,30,0.0412,0.1546,35.9,0.0,8.57,0.203,-0.0484,0.762,参考,阪神ダ短距離(1000-1300)・重不良・中枠(3-6)で父系統「ニアークティック系」は基準比リフト0.762
新潟,直線長め・平坦型,ダ,中距離(1700-2000),良,内枠(1-2),父系統,ナスルーラ系,136,6,21,0.0441,0.1544,61.7,0.0,8.01,0.2028,-0.0484,0.761,参考,新潟ダ中距離(1700-2000)・良・内枠(1-2)で父系統「ナスルーラ系」は基準比リフト0.761
小倉,小回り・機動型,芝,短距離(1000-1300),重不良,中枠(3-6),父系統,父系統不明,222,6,33,0.027,0.1486,19.5,0.0,8.96,0.1952,-0.0466,0.761,参考,小倉芝短距離(1000-1300)・重不良・中枠(3-6)で父系統「父系統不明」は基準比リフト0.761
新潟,直線長め・平坦型,ダ,中距離(1700-2000),良,外枠(7-8),父系統,ナスルーラ系,204,16,35,0.0784,0.1716,71.1,0.0,7.51,0.226,-0.0544,0.759,参考,新潟ダ中距離(1700-2000)・良・外枠(7-8)で父系統「ナスルーラ系」は基準比リフト0.759
中山,坂あり・パワー型,ダ,中距離(1700-2000),良,内枠(1-2),父系統,ナスルーラ系,264,17,37,0.0644,0.1402,43.4,0.0,8.75,0.1848,-0.0446,0.759,参考,中山ダ中距離(1700-2000)・良・内枠(1-2)で父系統「ナスルーラ系」は基準比リフト0.759
小倉,小回り・機動型,ダ,中距離(1700-2000),不,内枠(1-2),父系統,ロイヤルチャージャー系,148,5,24,0.0338,0.1622,35.5,0.0,8.39,0.2139,-0.0517,0.758,参考,小倉ダ中距離(1700-2000)・不・内枠(1-2)で父系統「ロイヤルチャージャー系」は基準比リフト0.758
京都,平坦・スピード型,ダ,短距離(1000-1300),重不良,内枠(1-2),父系統,ロイヤルチャージャー系,127,8,17,0.063,0.1339,28.8,0.0,7.97,0.1768,-0.0429,0.757,参考,京都ダ短距離(1000-1300)・重不良・内枠(1-2)で父系統「ロイヤルチャージャー系」は基準比リフト0.757
東京,直線長め・持続型,芝,短中距離(1400-1600),稍,中枠(3-6),父系統,ニアークティック系,217,9,32,0.0415,0.1475,47.8,0.0,8.37,0.195,-0.0475,0.756,参考,東京芝短中距離(1400-1600)・稍・中枠(3-6)で父系統「ニアークティック系」は基準比リフト0.756
福島,小回り・機動型,ダ,短距離(1000-1300),良,中枠(3-6),父系統,ナスルーラ系,225,15,32,0.0667,0.1422,63.2,0.0,8.53,0.1882,-0.046,0.756,参考,福島ダ短距離(1000-1300)・良・中枠(3-6)で父系統「ナスルーラ系」は基準比リフト0.756
函館,小回り・持続型,ダ,短距離(1000-1300),良,外枠(7-8),父系統,ロイヤルチャージャー系,269,17,53,0.0632,0.197,39.6,0.0,6.46,0.261,-0.064,0.755,参考,函館ダ短距離(1000-1300)・良・外枠(7-8)で父系統「ロイヤルチャージャー系」は基準比リフト0.755
東京,直線長め・持続型,芝,中距離(1700-2000),良,外枠(7-8),父系統,ニアークティック系,547,30,89,0.0548,0.1627,40.3,0.0,8.17,0.2154,-0.0527,0.755,参考,東京芝中距離(1700-2000)・良・外枠(7-8)で父系統「ニアークティック系」は基準比リフト0.755
中京,直線長め・持続型,芝,中距離(1700-2000),良,内枠(1-2),父系統,ネイティヴダンサー系,165,12,28,0.0727,0.1697,43.7,0.0,7.73,0.2251,-0.0554,0.754,参考,中京芝中距離(1700-2000)・良・内枠(1-2)で父系統「ネイティヴダンサー系」は基準比リフト0.754
京都,平坦・スピード型,芝,中距離(1700-2000),良,外枠(7-8),父系統,ニアークティック系,446,29,76,0.065,0.1704,60.0,0.0,7.78,0.2263,-0.0559,0.753,参考,京都芝中距離(1700-2000)・良・外枠(7-8)で父系統「ニアークティック系」は基準比リフト0.753
新潟,直線長め・平坦型,芝,短中距離(1400-1600),良,内枠(1-2),父系統,ニアークティック系,300,9,38,0.03,0.1267,32.6,0.0,9.56,0.1682,-0.0415,0.753,参考,新潟芝短中距離(1400-1600)・良・内枠(1-2)で父系統「ニアークティック系」は基準比リフト0.753
福島,小回り・機動型,芝,中距離(1700-2000),良,中枠(3-6),父系統,ネイティヴダンサー系,577,37,95,0.0641,0.1646,44.1,0.0,8.28,0.2188,-0.0542,0.752,参考,福島芝中距離(1700-2000)・良・中枠(3-6)で父系統「ネイティヴダンサー系」は基準比リフト0.752
阪神,坂あり・パワー型,ダ,長距離(2500以上),良,中枠(3-6),父系統,ニアークティック系,203,8,39,0.0394,0.1921,29.7,0.0,7.24,0.256,-0.0639,0.75,参考,阪神ダ長距離(2500以上)・良・中枠(3-6)で父系統「ニアークティック系」は基準比リフト0.75
京都,平坦・スピード型,ダ,長距離(2500以上),良,中枠(3-6),父系統,ネイティヴダンサー系,197,10,34,0.0508,0.1726,56.2,0.0,7.3,0.2316,-0.059,0.745,参考,京都ダ長距離(2500以上)・良・中枠(3-6)で父系統「ネイティヴダンサー系」は基準比リフト0.745
東京,直線長め・持続型,芝,短中距離(1400-1600),良,中枠(3-6),父系統,ナスルーラ系,695,32,105,0.046,0.1511,24.5,0.0,9.06,0.2028,-0.0517,0.745,参考,東京芝短中距離(1400-1600)・良・中枠(3-6)で父系統「ナスルーラ系」は基準比リフト0.745
中京,直線長め・持続型,ダ,短中距離(1400-1600),良,外枠(7-8),父系統,ロイヤルチャージャー系,492,24,71,0.0488,0.1443,35.8,0.0,8.41,0.1938,-0.0495,0.745,参考,中京ダ短中距離(1400-1600)・良・外枠(7-8)で父系統「ロイヤルチャージャー系」は基準比リフト0.745
中京,直線長め・持続型,芝,短中距離(1400-1600),良,外枠(7-8),父系統,ニアークティック系,286,19,42,0.0664,0.1469,91.9,0.0,9.31,0.1978,-0.0509,0.743,参考,中京芝短中距離(1400-1600)・良・外枠(7-8)で父系統「ニアークティック系」は基準比リフト0.743
中京,直線長め・持続型,ダ,短中距離(1400-1600),重不良,外枠(7-8),父系統,父系統不明,84,5,11,0.0595,0.131,43.3,0.0,8.18,0.1765,-0.0455,0.742,参考,中京ダ短中距離(1400-1600)・重不良・外枠(7-8)で父系統「父系統不明」は基準比リフト0.742
中山,坂あり・パワー型,芝,中距離(1700-2000),良,外枠(7-8),父系統,ニアークティック系,476,19,73,0.0399,0.1534,73.4,0.0,8.55,0.2074,-0.054,0.74,参考,中山芝中距離(1700-2000)・良・外枠(7-8)で父系統「ニアークティック系」は基準比リフト0.74
函館,小回り・持続型,ダ,中距離(1700-2000),良,中枠(3-6),父系統,ナスルーラ系,178,9,31,0.0506,0.1742,39.0,0.0,7.48,0.2356,-0.0614,0.739,参考,函館ダ中距離(1700-2000)・良・中枠(3-6)で父系統「ナスルーラ系」は基準比リフト0.739
中京,直線長め・持続型,ダ,中距離(1700-2000),不,中枠(3-6),父系統,ロイヤルチャージャー系,206,12,35,0.0583,0.1699,76.6,0.0,8.07,0.2298,-0.0599,0.739,参考,中京ダ中距離(1700-2000)・不・中枠(3-6)で父系統「ロイヤルチャージャー系」は基準比リフト0.739
阪神,坂あり・パワー型,芝,中距離(1700-2000),良,内枠(1-2),父系統,ニアークティック系,303,15,56,0.0495,0.1848,29.4,0.0,7.94,0.2505,-0.0657,0.738,参考,阪神芝中距離(1700-2000)・良・内枠(1-2)で父系統「ニアークティック系」は基準比リフト0.738
東京,直線長め・持続型,芝,短中距離(1400-1600),稍,外枠(7-8),父系統,ニアークティック系,124,5,19,0.0403,0.1532,24.2,0.0,8.91,0.2077,-0.0545,0.738,参考,東京芝短中距離(1400-1600)・稍・外枠(7-8)で父系統「ニアークティック系」は基準比リフト0.738
中京,直線長め・持続型,芝,中長距離(2100-2400),良,中枠(3-6),父系統,ニアークティック系,112,7,19,0.0625,0.1696,136.8,0.0,8.35,0.2304,-0.0608,0.736,参考,中京芝中長距離(2100-2400)・良・中枠(3-6)で父系統「ニアークティック系」は基準比リフト0.736
中京,直線長め・持続型,芝,短距離(1000-1300),良,外枠(7-8),父系統,ニアークティック系,209,6,25,0.0287,0.1196,27.6,0.0,9.84,0.1628,-0.0432,0.735,参考,中京芝短距離(1000-1300)・良・外枠(7-8)で父系統「ニアークティック系」は基準比リフト0.735
札幌,小回り・持続型,芝,長距離(2500以上),良,中枠(3-6),父系統,ニアークティック系,88,4,15,0.0455,0.1705,17.4,0.0,7.25,0.233,-0.0625,0.732,参考,札幌芝長距離(2500以上)・良・中枠(3-6)で父系統「ニアークティック系」は基準比リフト0.732
中山,坂あり・パワー型,芝,中距離(1700-2000),重不良,内枠(1-2),父系統,ロイヤルチャージャー系,83,7,14,0.0843,0.1687,51.0,0.0,7.65,0.2323,-0.0636,0.726,参考,中山芝中距離(1700-2000)・重不良・内枠(1-2)で父系統「ロイヤルチャージャー系」は基準比リフト0.726
京都,平坦・スピード型,芝,短中距離(1400-1600),良,内枠(1-2),父系統,ナスルーラ系,196,12,31,0.0612,0.1582,31.9,0.0,8.56,0.2185,-0.0603,0.724,参考,京都芝短中距離(1400-1600)・良・内枠(1-2)で父系統「ナスルーラ系」は基準比リフト0.724
京都,平坦・スピード型,ダ,短中距離(1400-1600),稍,外枠(7-8),父系統,ニアークティック系,119,4,16,0.0336,0.1345,46.6,0.0,8.1,0.1862,-0.0517,0.722,参考,京都ダ短中距離(1400-1600)・稍・外枠(7-8)で父系統「ニアークティック系」は基準比リフト0.722
中山,坂あり・パワー型,芝,短中距離(1400-1600),良,外枠(7-8),父系統,ナスルーラ系,169,5,23,0.0296,0.1361,19.1,0.0,8.88,0.1887,-0.0526,0.721,参考,中山芝短中距離(1400-1600)・良・外枠(7-8)で父系統「ナスルーラ系」は基準比リフト0.721
京都,平坦・スピード型,芝,中距離(1700-2000),良,内枠(1-2),父系統,ナスルーラ系,157,4,27,0.0255,0.172,25.5,0.0,7.97,0.239,-0.067,0.72,参考,京都芝中距離(1700-2000)・良・内枠(1-2)で父系統「ナスルーラ系」は基準比リフト0.72
福島,小回り・機動型,ダ,短距離(1000-1300),稍,外枠(7-8),父系統,ロイヤルチャージャー系,97,3,12,0.0309,0.1237,18.5,0.0,9.1,0.1723,-0.0486,0.718,参考,福島ダ短距離(1000-1300)・稍・外枠(7-8)で父系統「ロイヤルチャージャー系」は基準比リフト0.718
福島,小回り・機動型,芝,短距離(1000-1300),重不良,中枠(3-6),父系統,ロイヤルチャージャー系,107,5,16,0.0467,0.1495,46.1,0.0,8.06,0.2085,-0.059,0.717,参考,福島芝短距離(1000-1300)・重不良・中枠(3-6)で父系統「ロイヤルチャージャー系」は基準比リフト0.717
新潟,直線長め・平坦型,芝,中距離(1700-2000),良,外枠(7-8),父系統,ナスルーラ系,186,12,28,0.0645,0.1505,59.3,0.0,8.88,0.2107,-0.0602,0.714,参考,新潟芝中距離(1700-2000)・良・外枠(7-8)で父系統「ナスルーラ系」は基準比リフト0.714
中京,直線長め・持続型,芝,中距離(1700-2000),良,中枠(3-6),父系統,ナスルーラ系,159,8,25,0.0503,0.1572,55.8,0.0,8.62,0.2207,-0.0635,0.712,参考,中京芝中距離(1700-2000)・良・中枠(3-6)で父系統「ナスルーラ系」は基準比リフト0.712
小倉,小回り・機動型,ダ,中距離(1700-2000),良,外枠(7-8),父系統,ニアークティック系,315,12,44,0.0381,0.1397,60.0,0.0,8.75,0.1974,-0.0577,0.708,参考,小倉ダ中距離(1700-2000)・良・外枠(7-8)で父系統「ニアークティック系」は基準比リフト0.708
東京,直線長め・持続型,芝,中距離(1700-2000),良,外枠(7-8),父系統,ナスルーラ系,243,7,37,0.0288,0.1523,28.4,0.0,8.88,0.2154,-0.0631,0.707,参考,東京芝中距離(1700-2000)・良・外枠(7-8)で父系統「ナスルーラ系」は基準比リフト0.707
中山,坂あり・パワー型,ダ,短距離(1000-1300),不,外枠(7-8),父系統,ロイヤルチャージャー系,158,7,20,0.0443,0.1266,45.4,0.0,8.17,0.1791,-0.0525,0.707,参考,中山ダ短距離(1000-1300)・不・外枠(7-8)で父系統「ロイヤルチャージャー系」は基準比リフト0.707
阪神,坂あり・パワー型,ダ,短中距離(1400-1600),不,外枠(7-8),父系統,ロイヤルチャージャー系,114,3,14,0.0263,0.1228,37.4,0.0,9.14,0.1738,-0.051,0.707,参考,阪神ダ短中距離(1400-1600)・不・外枠(7-8)で父系統「ロイヤルチャージャー系」は基準比リフト0.707
中京,直線長め・持続型,ダ,中距離(1700-2000),稍,内枠(1-2),父系統,ネイティヴダンサー系,111,3,17,0.027,0.1532,10.3,0.0,7.71,0.2175,-0.0643,0.704,参考,中京ダ中距離(1700-2000)・稍・内枠(1-2)で父系統「ネイティヴダンサー系」は基準比リフト0.704
新潟,直線長め・平坦型,ダ,短距離(1000-1300),良,中枠(3-6),父系統,ナスルーラ系,350,19,50,0.0543,0.1429,49.7,0.0,7.79,0.2029,-0.06,0.704,参考,新潟ダ短距離(1000-1300)・良・中枠(3-6)で父系統「ナスルーラ系」は基準比リフト0.704
京都,平坦・スピード型,ダ,中距離(1700-2000),良,中枠(3-6),父系統,その他のエクリプス系,98,1,15,0.0102,0.1531,10.2,0.0,9.46,0.2181,-0.065,0.702,参考,京都ダ中距離(1700-2000)・良・中枠(3-6)で父系統「その他のエクリプス系」は基準比リフト0.702
函館,小回り・持続型,芝,中距離(1700-2000),良,外枠(7-8),父系統,ナスルーラ系,97,5,14,0.0515,0.1443,54.4,0.0,8.4,0.2056,-0.0613,0.702,参考,函館芝中距離(1700-2000)・良・外枠(7-8)で父系統「ナスルーラ系」は基準比リフト0.702
東京,直線長め・持続型,ダ,長距離(2500以上),良,中枠(3-6),父系統,ナスルーラ系,85,1,14,0.0118,0.1647,2.1,0.0,7.32,0.2354,-0.0707,0.7,参考,東京ダ長距離(2500以上)・良・中枠(3-6)で父系統「ナスルーラ系」は基準比リフト0.7
阪神,坂あり・パワー型,ダ,短中距離(1400-1600),稍,内枠(1-2),父系統,父系統不明,186,9,24,0.0484,0.129,24.7,0.0,8.25,0.1843,-0.0553,0.7,参考,阪神ダ短中距離(1400-1600)・稍・内枠(1-2)で父系統「父系統不明」は基準比リフト0.7
阪神,坂あり・パワー型,ダ,短距離(1000-1300),稍,内枠(1-2),父系統,ニアークティック系,108,2,13,0.0185,0.1204,10.2,0.0,7.55,0.1721,-0.0517,0.7,参考,阪神ダ短距離(1000-1300)・稍・内枠(1-2)で父系統「ニアークティック系」は基準比リフト0.7
札幌,小回り・持続型,芝,短距離(1000-1300),良,内枠(1-2),父系統,ナスルーラ系,80,3,13,0.0375,0.1625,19.6,0.0,7.26,0.2324,-0.0699,0.699,参考,札幌芝短距離(1000-1300)・良・内枠(1-2)で父系統「ナスルーラ系」は基準比リフト0.699
函館,小回り・持続型,芝,短距離(1000-1300),稍,中枠(3-6),父系統,ネイティヴダンサー系,119,6,20,0.0504,0.1681,53.4,0.0,7.24,0.2425,-0.0744,0.693,参考,函館芝短距離(1000-1300)・稍・中枠(3-6)で父系統「ネイティヴダンサー系」は基準比リフト0.693
東京,直線長め・持続型,芝,短中距離(1400-1600),稍,内枠(1-2),父系統,ネイティヴダンサー系,105,6,15,0.0571,0.1429,144.2,0.0,7.92,0.2063,-0.0634,0.693,参考,東京芝短中距離(1400-1600)・稍・内枠(1-2)で父系統「ネイティヴダンサー系」は基準比リフト0.693
阪神,坂あり・パワー型,芝,中距離(1700-2000),良,中枠(3-6),父系統,ナスルーラ系,327,15,53,0.0459,0.1621,48.5,0.0,8.55,0.2399,-0.0778,0.676,参考,阪神芝中距離(1700-2000)・良・中枠(3-6)で父系統「ナスルーラ系」は基準比リフト0.676
京都,平坦・スピード型,芝,短中距離(1400-1600),良,外枠(7-8),父系統,ナスルーラ系,314,14,41,0.0446,0.1306,46.4,0.0,9.06,0.1935,-0.0629,0.675,参考,京都芝短中距離(1400-1600)・良・外枠(7-8)で父系統「ナスルーラ系」は基準比リフト0.675
京都,平坦・スピード型,ダ,短距離(1000-1300),重不良,外枠(7-8),父系統,ロイヤルチャージャー系,141,6,20,0.0426,0.1418,21.1,0.0,7.88,0.2108,-0.069,0.673,参考,京都ダ短距離(1000-1300)・重不良・外枠(7-8)で父系統「ロイヤルチャージャー系」は基準比リフト0.673
函館,小回り・持続型,ダ,短距離(1000-1300),稍,中枠(3-6),父系統,ロイヤルチャージャー系,119,5,20,0.042,0.1681,34.1,0.0,6.82,0.2507,-0.0826,0.671,参考,函館ダ短距離(1000-1300)・稍・中枠(3-6)で父系統「ロイヤルチャージャー系」は基準比リフト0.671
小倉,小回り・機動型,芝,短距離(1000-1300),稍,内枠(1-2),父系統,父系統不明,185,8,21,0.0432,0.1135,104.9,0.0,8.9,0.1711,-0.0576,0.663,参考,小倉芝短距離(1000-1300)・稍・内枠(1-2)で父系統「父系統不明」は基準比リフト0.663
小倉,小回り・機動型,ダ,短距離(1000-1300),重不良,外枠(7-8),父系統,ロイヤルチャージャー系,101,6,14,0.0594,0.1386,75.4,0.0,7.46,0.2096,-0.071,0.661,参考,小倉ダ短距離(1000-1300)・重不良・外枠(7-8)で父系統「ロイヤルチャージャー系」は基準比リフト0.661
東京,直線長め・持続型,芝,中長距離(2100-2400),良,外枠(7-8),父系統,ナスルーラ系,87,5,13,0.0575,0.1494,58.4,0.0,7.78,0.2262,-0.0768,0.66,参考,東京芝中長距離(2100-2400)・良・外枠(7-8)で父系統「ナスルーラ系」は基準比リフト0.66
京都,平坦・スピード型,ダ,長距離(2500以上),良,外枠(7-8),父系統,ネイティヴダンサー系,105,4,17,0.0381,0.1619,67.9,0.0,7.4,0.246,-0.0841,0.658,参考,京都ダ長距離(2500以上)・良・外枠(7-8)で父系統「ネイティヴダンサー系」は基準比リフト0.658
京都,平坦・スピード型,ダ,長距離(2500以上),良,中枠(3-6),父系統,ニアークティック系,197,10,30,0.0508,0.1523,47.5,0.0,7.3,0.2316,-0.0793,0.658,参考,京都ダ長距離(2500以上)・良・中枠(3-6)で父系統「ニアークティック系」は基準比リフト0.658
京都,平坦・スピード型,ダ,中距離(1700-2000),稍,内枠(1-2),父系統,ニアークティック系,115,3,17,0.0261,0.1478,16.8,0.0,8.17,0.2248,-0.077,0.657,参考,京都ダ中距離(1700-2000)・稍・内枠(1-2)で父系統「ニアークティック系」は基準比リフト0.657
京都,平坦・スピード型,ダ,短中距離(1400-1600),不,中枠(3-6),父系統,ネイティヴダンサー系,92,5,12,0.0543,0.1304,33.7,0.0,8.52,0.1985,-0.0681,0.657,参考,京都ダ短中距離(1400-1600)・不・中枠(3-6)で父系統「ネイティヴダンサー系」は基準比リフト0.657
阪神,坂あり・パワー型,芝,中距離(1700-2000),良,外枠(7-8),父系統,ナスルーラ系,203,5,31,0.0246,0.1527,36.5,0.0,9.03,0.2332,-0.0805,0.655,参考,阪神芝中距離(1700-2000)・良・外枠(7-8)で父系統「ナスルーラ系」は基準比リフト0.655
福島,小回り・機動型,ダ,中距離(1700-2000),不,中枠(3-6),父系統,ロイヤルチャージャー系,109,2,14,0.0183,0.1284,5.3,0.0,8.28,0.1963,-0.0679,0.654,参考,福島ダ中距離(1700-2000)・不・中枠(3-6)で父系統「ロイヤルチャージャー系」は基準比リフト0.654
福島,小回り・機動型,ダ,短距離(1000-1300),稍,内枠(1-2),父系統,ロイヤルチャージャー系,105,4,12,0.0381,0.1143,49.3,0.0,8.87,0.1754,-0.0611,0.652,参考,福島ダ短距離(1000-1300)・稍・内枠(1-2)で父系統「ロイヤルチャージャー系」は基準比リフト0.652
中山,坂あり・パワー型,ダ,中距離(1700-2000),重不良,内枠(1-2),父系統,ネイティヴダンサー系,124,3,13,0.0242,0.1048,17.4,0.0,8.83,0.1617,-0.0569,0.648,参考,中山ダ中距離(1700-2000)・重不良・内枠(1-2)で父系統「ネイティヴダンサー系」は基準比リフト0.648
東京,直線長め・持続型,芝,中距離(1700-2000),良,中枠(3-6),父系統,ナスルーラ系,409,23,62,0.0562,0.1516,57.9,0.0,8.6,0.237,-0.0854,0.64,参考,東京芝中距離(1700-2000)・良・中枠(3-6)で父系統「ナスルーラ系」は基準比リフト0.64
東京,直線長め・持続型,ダ,短距離(1000-1300),稍,外枠(7-8),父系統,ロイヤルチャージャー系,83,1,8,0.012,0.0964,2.3,0.0,7.58,0.1562,-0.0598,0.617,参考,東京ダ短距離(1000-1300)・稍・外枠(7-8)で父系統「ロイヤルチャージャー系」は基準比リフト0.617
阪神,坂あり・パワー型,芝,中距離(1700-2000),良,内枠(1-2),父系統,ナスルーラ系,119,3,18,0.0252,0.1513,9.4,0.0,8.6,0.2505,-0.0992,0.604,参考,阪神芝中距離(1700-2000)・良・内枠(1-2)で父系統「ナスルーラ系」は基準比リフト0.604
京都,平坦・スピード型,芝,中距離(1700-2000),良,外枠(7-8),父系統,ナスルーラ系,212,6,28,0.0283,0.1321,33.7,0.0,8.69,0.2263,-0.0942,0.584,参考,京都芝中距離(1700-2000)・良・外枠(7-8)で父系統「ナスルーラ系」は基準比リフト0.584
中山,坂あり・パワー型,ダ,短距離(1000-1300),不,内枠(1-2),父系統,父系統不明,86,4,8,0.0465,0.093,94.0,0.0,9.38,0.1596,-0.0666,0.583,参考,中山ダ短距離(1000-1300)・不・内枠(1-2)で父系統「父系統不明」は基準比リフト0.583
阪神,坂あり・パワー型,ダ,短距離(1000-1300),不,中枠(3-6),父系統,ロイヤルチャージャー系,181,4,22,0.0221,0.1215,30.9,0.0,9.06,0.2117,-0.0902,0.574,参考,阪神ダ短距離(1000-1300)・不・中枠(3-6)で父系統「ロイヤルチャージャー系」は基準比リフト0.574
中京,直線長め・持続型,ダ,短中距離(1400-1600),稍,中枠(3-6),父系統,ニアークティック系,110,7,12,0.0636,0.1091,91.6,0.0,8.85,0.1921,-0.083,0.568,参考,中京ダ短中距離(1400-1600)・稍・中枠(3-6)で父系統「ニアークティック系」は基準比リフト0.568
東京,直線長め・持続型,芝,短中距離(1400-1600),稍,内枠(1-2),父系統,ニアークティック系,87,1,10,0.0115,0.1149,7.2,0.0,8.89,0.2063,-0.0914,0.557,参考,東京芝短中距離(1400-1600)・稍・内枠(1-2)で父系統「ニアークティック系」は基準比リフト0.557
中京,直線長め・持続型,ダ,短距離(1000-1300),重不良,中枠(3-6),父系統,ロイヤルチャージャー系,144,2,14,0.0139,0.0972,45.8,0.0,9.39,0.1762,-0.079,0.552,参考,中京ダ短距離(1000-1300)・重不良・中枠(3-6)で父系統「ロイヤルチャージャー系」は基準比リフト0.552
福島,小回り・機動型,ダ,中距離(1700-2000),稍,中枠(3-6),父系統,ナスルーラ系,92,3,10,0.0326,0.1087,46.6,0.0,8.47,0.1998,-0.0911,0.544,参考,福島ダ中距離(1700-2000)・稍・中枠(3-6)で父系統「ナスルーラ系」は基準比リフト0.544
小倉,小回り・機動型,芝,短距離(1000-1300),良,中枠(3-6),父系統,その他のエクリプス系,80,2,8,0.025,0.1,5.6,0.0,9.06,0.1949,-0.0949,0.513,参考,小倉芝短距離(1000-1300)・良・中枠(3-6)で父系統「その他のエクリプス系」は基準比リフト0.513
新潟,直線長め・平坦型,芝,短中距離(1400-1600),稍,中枠(3-6),父系統,ニアークティック系,87,1,8,0.0115,0.092,10.2,0.0,9.54,0.1849,-0.0929,0.498,参考,新潟芝短中距離(1400-1600)・稍・中枠(3-6)で父系統「ニアークティック系」は基準比リフト0.498
東京,直線長め・持続型,芝,短中距離(1400-1600),稍,外枠(7-8),父系統,ナスルーラ系,84,3,8,0.0357,0.0952,21.4,0.0,9.26,0.2077,-0.1125,0.458,参考,東京芝短中距離(1400-1600)・稍・外枠(7-8)で父系統「ナスルーラ系」は基準比リフト0.458
中京,直線長め・持続型,芝,短中距離(1400-1600),稍,中枠(3-6),父系統,ニアークティック系,108,4,9,0.037,0.0833,30.3,0.0,9.17,0.211,-0.1277,0.395,参考,中京芝短中距離(1400-1600)・稍・中枠(3-6)で父系統「ニアークティック系」は基準比リフト0.395
新潟,直線長め・平坦型,芝,中距離(1700-2000),稍,中枠(3-6),父系統,ニアークティック系,117,1,9,0.0085,0.0769,1.5,0.0,8.49,0.217,-0.1401,0.354,参考,新潟芝中距離(1700-2000)・稍・中枠(3-6)で父系統「ニアークティック系」は基準比リフト0.354
