場所,コースタイプ,芝・ダ,距離帯,馬場分類,枠ゾーン,血統区分,血統名,母数,勝利数,複勝数,勝率,複勝率,単勝回収率,複勝回収率,平均人気,基準複勝率,複勝率差,リフト,評価,特徴コメント
東京,直線長め・持続型,芝,短中距離(1400-1600),良,外枠(7-8),母父,ディープインパクト,156,19,53,0.1218,0.3397,73.1,0.0,6.43,0.1988,0.1409,1.709,A,東京芝短中距離(1400-1600)・良・外枠(7-8)で母父「ディープインパクト」は基準比リフト1.709
東京,直線長め・持続型,芝,短中距離(1400-1600),良,中枠(3-6),母父,ディープインパクト,216,24,70,0.1111,0.3241,84.8,0.0,6.35,0.2028,0.1213,1.598,A,東京芝短中距離(1400-1600)・良・中枠(3-6)で母父「ディープインパクト」は基準比リフト1.598
東京,直線長め・持続型,芝,中距離(1700-2000),良,中枠(3-6),母父,キングカメハメハ,188,23,66,0.1223,0.3511,92.4,0.0,6.14,0.237,0.1141,1.481,A,東京芝中距離(1700-2000)・良・中枠(3-6)で母父「キングカメハメハ」は基準比リフト1.481
京都,平坦・スピード型,芝,短中距離(1400-1600),良,中枠(3-6),母父,トニービン,151,14,45,0.0927,0.298,59.1,0.0,6.7,0.2142,0.0838,1.391,A,京都芝短中距離(1400-1600)・良・中枠(3-6)で母父「トニービン」は基準比リフト1.391
阪神,坂あり・パワー型,芝,中距離(1700-2000),良,中枠(3-6),母父,ディープインパクト,174,20,57,0.1149,0.3276,56.8,0.0,6.42,0.2399,0.0877,1.366,A,阪神芝中距離(1700-2000)・良・中枠(3-6)で母父「ディープインパクト」は基準比リフト1.366
東京,直線長め・持続型,芝,短中距離(1400-1600),良,中枠(3-6),母父,サンデーサイレンス,697,79,193,0.1133,0.2769,103.9,0.0,7.38,0.2028,0.0741,1.365,A,東京芝短中距離(1400-1600)・良・中枠(3-6)で母父「サンデーサイレンス」は基準比リフト1.365
阪神,坂あり・パワー型,ダ,中距離(1700-2000),良,中枠(3-6),母父,フレンチデピュティ,176,18,54,0.1023,0.3068,138.4,0.0,7.02,0.2273,0.0795,1.35,A,阪神ダ中距離(1700-2000)・良・中枠(3-6)で母父「フレンチデピュティ」は基準比リフト1.35
中山,坂あり・パワー型,芝,短中距離(1400-1600),良,内枠(1-2),母父,サンデーサイレンス,156,18,50,0.1154,0.3205,98.4,0.0,7.06,0.2397,0.0808,1.337,A,中山芝短中距離(1400-1600)・良・内枠(1-2)で母父「サンデーサイレンス」は基準比リフト1.337
中山,坂あり・パワー型,ダ,中距離(1700-2000),良,中枠(3-6),母父,フレンチデピュティ,188,17,50,0.0904,0.266,32.6,0.0,7.15,0.199,0.067,1.337,A,中山ダ中距離(1700-2000)・良・中枠(3-6)で母父「フレンチデピュティ」は基準比リフト1.337
小倉,小回り・機動型,芝,短距離(1000-1300),良,内枠(1-2),母父,サンデーサイレンス,161,13,40,0.0807,0.2484,74.0,0.0,7.2,0.1897,0.0587,1.309,A,小倉芝短距離(1000-1300)・良・内枠(1-2)で母父「サンデーサイレンス」は基準比リフト1.309
阪神,坂あり・パワー型,ダ,中距離(1700-2000),良,中枠(3-6),母父,クロフネ,225,27,66,0.12,0.2933,113.8,0.0,6.17,0.2273,0.066,1.29,A,阪神ダ中距離(1700-2000)・良・中枠(3-6)で母父「クロフネ」は基準比リフト1.29
東京,直線長め・持続型,芝,短中距離(1400-1600),良,内枠(1-2),母父,サンデーサイレンス,303,20,80,0.066,0.264,44.8,0.0,7.5,0.2047,0.0593,1.29,A,東京芝短中距離(1400-1600)・良・内枠(1-2)で母父「サンデーサイレンス」は基準比リフト1.29
阪神,坂あり・パワー型,ダ,中距離(1700-2000),良,外枠(7-8),母父,サンデーサイレンス,235,24,71,0.1021,0.3021,69.7,0.0,6.4,0.2351,0.067,1.285,A,阪神ダ中距離(1700-2000)・良・外枠(7-8)で母父「サンデーサイレンス」は基準比リフト1.285
中山,坂あり・パワー型,芝,短中距離(1400-1600),良,外枠(7-8),母父,サンデーサイレンス,192,9,46,0.0469,0.2396,155.4,0.0,7.52,0.1887,0.0509,1.27,A,中山芝短中距離(1400-1600)・良・外枠(7-8)で母父「サンデーサイレンス」は基準比リフト1.27
東京,直線長め・持続型,芝,短中距離(1400-1600),良,中枠(3-6),母父,フレンチデピュティ,188,18,48,0.0957,0.2553,119.4,0.0,7.29,0.2028,0.0525,1.259,A,東京芝短中距離(1400-1600)・良・中枠(3-6)で母父「フレンチデピュティ」は基準比リフト1.259
東京,直線長め・持続型,ダ,短中距離(1400-1600),良,中枠(3-6),母父,フジキセキ,433,39,108,0.0901,0.2494,116.1,0.0,7.98,0.1997,0.0497,1.249,A,東京ダ短中距離(1400-1600)・良・中枠(3-6)で母父「フジキセキ」は基準比リフト1.249
京都,平坦・スピード型,芝,短中距離(1400-1600),良,外枠(7-8),母父,サンデーサイレンス,340,32,82,0.0941,0.2412,57.9,0.0,7.26,0.1935,0.0477,1.247,A,京都芝短中距離(1400-1600)・良・外枠(7-8)で母父「サンデーサイレンス」は基準比リフト1.247
東京,直線長め・持続型,ダ,短中距離(1400-1600),良,中枠(3-6),母父,アフリート,229,15,57,0.0655,0.2489,51.6,0.0,7.89,0.1997,0.0492,1.246,A,東京ダ短中距離(1400-1600)・良・中枠(3-6)で母父「アフリート」は基準比リフト1.246
東京,直線長め・持続型,ダ,短中距離(1400-1600),良,中枠(3-6),母父,フレンチデピュティ,338,23,84,0.068,0.2485,42.0,0.0,7.79,0.1997,0.0488,1.244,A,東京ダ短中距離(1400-1600)・良・中枠(3-6)で母父「フレンチデピュティ」は基準比リフト1.244
東京,直線長め・持続型,芝,短中距離(1400-1600),良,中枠(3-6),母父,キングカメハメハ,208,16,52,0.0769,0.25,64.1,0.0,7.07,0.2028,0.0472,1.233,A,東京芝短中距離(1400-1600)・良・中枠(3-6)で母父「キングカメハメハ」は基準比リフト1.233
小倉,小回り・機動型,芝,短距離(1000-1300),良,中枠(3-6),母父,サンデーサイレンス,325,29,78,0.0892,0.24,127.2,0.0,8.06,0.1949,0.0451,1.231,A,小倉芝短距離(1000-1300)・良・中枠(3-6)で母父「サンデーサイレンス」は基準比リフト1.231
東京,直線長め・持続型,ダ,短中距離(1400-1600),良,外枠(7-8),母父,サンデーサイレンス,362,28,96,0.0773,0.2652,59.0,0.0,7.42,0.2165,0.0487,1.225,A,東京ダ短中距離(1400-1600)・良・外枠(7-8)で母父「サンデーサイレンス」は基準比リフト1.225
中山,坂あり・パワー型,ダ,短距離(1000-1300),良,中枠(3-6),母父,フレンチデピュティ,195,14,46,0.0718,0.2359,113.9,0.0,7.92,0.1927,0.0432,1.224,A,中山ダ短距離(1000-1300)・良・中枠(3-6)で母父「フレンチデピュティ」は基準比リフト1.224
中山,坂あり・パワー型,芝,中距離(1700-2000),良,中枠(3-6),母父,アグネスタキオン,204,18,54,0.0882,0.2647,60.4,0.0,7.34,0.2165,0.0482,1.223,A,中山芝中距離(1700-2000)・良・中枠(3-6)で母父「アグネスタキオン」は基準比リフト1.223
小倉,小回り・機動型,芝,中距離(1700-2000),良,内枠(1-2),母父,サンデーサイレンス,199,21,54,0.1055,0.2714,100.5,0.0,7.15,0.2226,0.0488,1.219,A,小倉芝中距離(1700-2000)・良・内枠(1-2)で母父「サンデーサイレンス」は基準比リフト1.219
中山,坂あり・パワー型,芝,中距離(1700-2000),良,内枠(1-2),母父,サンデーサイレンス,193,22,52,0.114,0.2694,60.9,0.0,6.77,0.2217,0.0477,1.215,A,中山芝中距離(1700-2000)・良・内枠(1-2)で母父「サンデーサイレンス」は基準比リフト1.215
東京,直線長め・持続型,ダ,中長距離(2100-2400),良,中枠(3-6),母父,サンデーサイレンス,201,14,54,0.0697,0.2687,33.5,0.0,7.63,0.2214,0.0473,1.214,A,東京ダ中長距離(2100-2400)・良・中枠(3-6)で母父「サンデーサイレンス」は基準比リフト1.214
京都,平坦・スピード型,芝,中距離(1700-2000),良,外枠(7-8),母父,サンデーサイレンス,308,34,84,0.1104,0.2727,83.3,0.0,6.36,0.2263,0.0464,1.205,A,京都芝中距離(1700-2000)・良・外枠(7-8)で母父「サンデーサイレンス」は基準比リフト1.205
中山,坂あり・パワー型,芝,短中距離(1400-1600),良,中枠(3-6),母父,サンデーサイレンス,343,26,83,0.0758,0.242,77.8,0.0,7.0,0.2014,0.0406,1.202,A,中山芝短中距離(1400-1600)・良・中枠(3-6)で母父「サンデーサイレンス」は基準比リフト1.202
東京,直線長め・持続型,芝,短中距離(1400-1600),良,外枠(7-8),母父,サンデーサイレンス,448,29,107,0.0647,0.2388,58.6,0.0,7.44,0.1988,0.04,1.201,A,東京芝短中距離(1400-1600)・良・外枠(7-8)で母父「サンデーサイレンス」は基準比リフト1.201
京都,平坦・スピード型,ダ,短中距離(1400-1600),良,中枠(3-6),母父,ブライアンズタイム,150,11,36,0.0733,0.24,51.9,0.0,8.17,0.2,0.04,1.2,A,京都ダ短中距離(1400-1600)・良・中枠(3-6)で母父「ブライアンズタイム」は基準比リフト1.2
東京,直線長め・持続型,ダ,短中距離(1400-1600),良,内枠(1-2),母父,ブライアンズタイム,199,14,40,0.0704,0.201,58.4,0.0,8.29,0.1677,0.0333,1.199,A,東京ダ短中距離(1400-1600)・良・内枠(1-2)で母父「ブライアンズタイム」は基準比リフト1.199
中山,坂あり・パワー型,ダ,中距離(1700-2000),良,中枠(3-6),母父,サンデーサイレンス,530,50,126,0.0943,0.2377,176.6,0.0,7.52,0.199,0.0387,1.194,A,中山ダ中距離(1700-2000)・良・中枠(3-6)で母父「サンデーサイレンス」は基準比リフト1.194
京都,平坦・スピード型,ダ,中距離(1700-2000),良,中枠(3-6),母父,ブライアンズタイム,232,18,60,0.0776,0.2586,99.9,0.0,7.57,0.2181,0.0405,1.186,A,京都ダ中距離(1700-2000)・良・中枠(3-6)で母父「ブライアンズタイム」は基準比リフト1.186
中山,坂あり・パワー型,ダ,中距離(1700-2000),良,内枠(1-2),母父,サンデーサイレンス,224,16,49,0.0714,0.2188,45.4,0.0,7.89,0.1848,0.034,1.184,A,中山ダ中距離(1700-2000)・良・内枠(1-2)で母父「サンデーサイレンス」は基準比リフト1.184
福島,小回り・機動型,芝,中距離(1700-2000),良,内枠(1-2),母父,サンデーサイレンス,168,15,41,0.0893,0.244,73.5,0.0,7.08,0.2066,0.0374,1.181,A,福島芝中距離(1700-2000)・良・内枠(1-2)で母父「サンデーサイレンス」は基準比リフト1.181
中山,坂あり・パワー型,ダ,中距離(1700-2000),良,中枠(3-6),母父,キングカメハメハ,166,16,39,0.0964,0.2349,73.3,0.0,7.57,0.199,0.0359,1.18,A,中山ダ中距離(1700-2000)・良・中枠(3-6)で母父「キングカメハメハ」は基準比リフト1.18
中山,坂あり・パワー型,芝,中距離(1700-2000),良,外枠(7-8),母父,サンデーサイレンス,295,22,72,0.0746,0.2441,117.2,0.0,7.19,0.2074,0.0367,1.177,A,中山芝中距離(1700-2000)・良・外枠(7-8)で母父「サンデーサイレンス」は基準比リフト1.177
東京,直線長め・持続型,ダ,短中距離(1400-1600),良,中枠(3-6),母父,サンデーサイレンス,730,67,171,0.0918,0.2342,98.8,0.0,7.52,0.1997,0.0345,1.173,A,東京ダ短中距離(1400-1600)・良・中枠(3-6)で母父「サンデーサイレンス」は基準比リフト1.173
中山,坂あり・パワー型,ダ,中距離(1700-2000),良,中枠(3-6),母父,クロフネ,197,14,46,0.0711,0.2335,50.3,0.0,7.04,0.199,0.0345,1.173,A,中山ダ中距離(1700-2000)・良・中枠(3-6)で母父「クロフネ」は基準比リフト1.173
新潟,直線長め・平坦型,芝,短中距離(1400-1600),良,外枠(7-8),母父,サンデーサイレンス,197,18,44,0.0914,0.2234,61.2,0.0,8.07,0.1905,0.0329,1.173,A,新潟芝短中距離(1400-1600)・良・外枠(7-8)で母父「サンデーサイレンス」は基準比リフト1.173
中山,坂あり・パワー型,ダ,短距離(1000-1300),良,中枠(3-6),母父,フジキセキ,244,18,55,0.0738,0.2254,71.6,0.0,8.4,0.1927,0.0327,1.17,A,中山ダ短距離(1000-1300)・良・中枠(3-6)で母父「フジキセキ」は基準比リフト1.17
東京,直線長め・持続型,ダ,短中距離(1400-1600),良,外枠(7-8),母父,フレンチデピュティ,166,16,42,0.0964,0.253,137.4,0.0,6.9,0.2165,0.0365,1.169,A,東京ダ短中距離(1400-1600)・良・外枠(7-8)で母父「フレンチデピュティ」は基準比リフト1.169
京都,平坦・スピード型,芝,中長距離(2100-2400),良,中枠(3-6),母父,サンデーサイレンス,166,16,45,0.0964,0.2711,120.2,0.0,6.13,0.2341,0.037,1.158,A,京都芝中長距離(2100-2400)・良・中枠(3-6)で母父「サンデーサイレンス」は基準比リフト1.158
阪神,坂あり・パワー型,芝,短中距離(1400-1600),良,中枠(3-6),母父,キングカメハメハ,164,17,41,0.1037,0.25,90.7,0.0,7.59,0.2169,0.0331,1.153,A,阪神芝短中距離(1400-1600)・良・中枠(3-6)で母父「キングカメハメハ」は基準比リフト1.153
京都,平坦・スピード型,ダ,中距離(1700-2000),良,外枠(7-8),母父,サンデーサイレンス,252,24,60,0.0952,0.2381,59.2,0.0,6.68,0.2066,0.0315,1.152,A,京都ダ中距離(1700-2000)・良・外枠(7-8)で母父「サンデーサイレンス」は基準比リフト1.152
京都,平坦・スピード型,芝,中距離(1700-2000),良,内枠(1-2),母父,サンデーサイレンス,204,16,56,0.0784,0.2745,67.3,0.0,6.5,0.239,0.0355,1.149,A,京都芝中距離(1700-2000)・良・内枠(1-2)で母父「サンデーサイレンス」は基準比リフト1.149
中山,坂あり・パワー型,ダ,中距離(1700-2000),良,外枠(7-8),母父,サンデーサイレンス,295,28,75,0.0949,0.2542,116.9,0.0,7.18,0.2226,0.0316,1.142,A,中山ダ中距離(1700-2000)・良・外枠(7-8)で母父「サンデーサイレンス」は基準比リフト1.142
中山,坂あり・パワー型,ダ,短距離(1000-1300),良,中枠(3-6),母父,クロフネ,159,14,35,0.0881,0.2201,134.8,0.0,7.7,0.1927,0.0274,1.142,A,中山ダ短距離(1000-1300)・良・中枠(3-6)で母父「クロフネ」は基準比リフト1.142
福島,小回り・機動型,芝,短距離(1000-1300),良,中枠(3-6),母父,サンデーサイレンス,246,13,53,0.0528,0.2154,46.2,0.0,7.76,0.1887,0.0267,1.141,A,福島芝短距離(1000-1300)・良・中枠(3-6)で母父「サンデーサイレンス」は基準比リフト1.141
京都,平坦・スピード型,ダ,中距離(1700-2000),良,中枠(3-6),母父,サンデーサイレンス,470,36,116,0.0766,0.2468,118.2,0.0,6.93,0.2181,0.0287,1.132,A,京都ダ中距離(1700-2000)・良・中枠(3-6)で母父「サンデーサイレンス」は基準比リフト1.132
京都,平坦・スピード型,芝,中距離(1700-2000),良,中枠(3-6),母父,サンデーサイレンス,476,39,132,0.0819,0.2773,106.6,0.0,6.51,0.2454,0.0319,1.13,A,京都芝中距離(1700-2000)・良・中枠(3-6)で母父「サンデーサイレンス」は基準比リフト1.13
新潟,直線長め・平坦型,ダ,短距離(1000-1300),良,中枠(3-6),母父,サンデーサイレンス,189,15,43,0.0794,0.2275,59.8,0.0,7.88,0.2029,0.0246,1.121,A,新潟ダ短距離(1000-1300)・良・中枠(3-6)で母父「サンデーサイレンス」は基準比リフト1.121
福島,小回り・機動型,芝,中距離(1700-2000),良,外枠(7-8),母父,サンデーサイレンス,186,17,39,0.0914,0.2097,146.9,0.0,7.91,0.1878,0.0219,1.117,A,福島芝中距離(1700-2000)・良・外枠(7-8)で母父「サンデーサイレンス」は基準比リフト1.117
東京,直線長め・持続型,芝,中距離(1700-2000),良,内枠(1-2),母父,サンデーサイレンス,237,30,62,0.1266,0.2616,82.1,0.0,7.02,0.2345,0.0271,1.116,A,東京芝中距離(1700-2000)・良・内枠(1-2)で母父「サンデーサイレンス」は基準比リフト1.116
京都,平坦・スピード型,ダ,短中距離(1400-1600),良,中枠(3-6),母父,サンデーサイレンス,215,16,48,0.0744,0.2233,62.5,0.0,7.45,0.2,0.0233,1.116,A,京都ダ短中距離(1400-1600)・良・中枠(3-6)で母父「サンデーサイレンス」は基準比リフト1.116
東京,直線長め・持続型,ダ,短中距離(1400-1600),良,内枠(1-2),母父,サンデーサイレンス,353,22,66,0.0623,0.187,47.7,0.0,7.98,0.1677,0.0193,1.115,A,東京ダ短中距離(1400-1600)・良・内枠(1-2)で母父「サンデーサイレンス」は基準比リフト1.115
東京,直線長め・持続型,ダ,短中距離(1400-1600),良,内枠(1-2),母父,フジキセキ,209,14,39,0.067,0.1866,132.3,0.0,8.13,0.1677,0.0189,1.113,A,東京ダ短中距離(1400-1600)・良・内枠(1-2)で母父「フジキセキ」は基準比リフト1.113
東京,直線長め・持続型,芝,中距離(1700-2000),良,中枠(3-6),母父,サンデーサイレンス,582,58,153,0.0997,0.2629,79.1,0.0,6.72,0.237,0.0259,1.109,A,東京芝中距離(1700-2000)・良・中枠(3-6)で母父「サンデーサイレンス」は基準比リフト1.109
小倉,小回り・機動型,芝,中距離(1700-2000),良,中枠(3-6),母父,トニービン,179,16,44,0.0894,0.2458,80.0,0.0,7.2,0.2218,0.024,1.108,A,小倉芝中距離(1700-2000)・良・中枠(3-6)で母父「トニービン」は基準比リフト1.108
中山,坂あり・パワー型,芝,中距離(1700-2000),良,中枠(3-6),母父,サンデーサイレンス,517,40,124,0.0774,0.2398,56.5,0.0,6.94,0.2165,0.0233,1.108,A,中山芝中距離(1700-2000)・良・中枠(3-6)で母父「サンデーサイレンス」は基準比リフト1.108
小倉,小回り・機動型,芝,短距離(1000-1300),良,中枠(3-6),母父,サクラバクシンオー,172,12,37,0.0698,0.2151,98.6,0.0,8.15,0.1949,0.0202,1.104,A,小倉芝短距離(1000-1300)・良・中枠(3-6)で母父「サクラバクシンオー」は基準比リフト1.104
阪神,坂あり・パワー型,芝,中距離(1700-2000),良,中枠(3-6),母父,トニービン,170,16,45,0.0941,0.2647,59.6,0.0,6.61,0.2399,0.0248,1.103,A,阪神芝中距離(1700-2000)・良・中枠(3-6)で母父「トニービン」は基準比リフト1.103
阪神,坂あり・パワー型,芝,短中距離(1400-1600),良,中枠(3-6),母父,フレンチデピュティ,159,10,38,0.0629,0.239,107.5,0.0,7.28,0.2169,0.0221,1.102,A,阪神芝短中距離(1400-1600)・良・中枠(3-6)で母父「フレンチデピュティ」は基準比リフト1.102
東京,直線長め・持続型,ダ,短中距離(1400-1600),良,外枠(7-8),母父,フジキセキ,218,18,52,0.0826,0.2385,42.8,0.0,7.7,0.2165,0.022,1.102,A,東京ダ短中距離(1400-1600)・良・外枠(7-8)で母父「フジキセキ」は基準比リフト1.102
京都,平坦・スピード型,ダ,中距離(1700-2000),良,内枠(1-2),母父,サンデーサイレンス,224,18,57,0.0804,0.2545,220.8,0.0,7.1,0.2314,0.0231,1.1,A,京都ダ中距離(1700-2000)・良・内枠(1-2)で母父「サンデーサイレンス」は基準比リフト1.1
札幌,小回り・持続型,芝,短中距離(1400-1600),良,中枠(3-6),母父,サンデーサイレンス,107,13,45,0.1215,0.4206,65.1,0.0,5.47,0.2476,0.173,1.699,B,札幌芝短中距離(1400-1600)・良・中枠(3-6)で母父「サンデーサイレンス」は基準比リフト1.699
小倉,小回り・機動型,ダ,中距離(1700-2000),良,中枠(3-6),母父,ダンスインザダーク,83,8,27,0.0964,0.3253,44.6,0.0,6.75,0.1947,0.1306,1.671,B,小倉ダ中距離(1700-2000)・良・中枠(3-6)で母父「ダンスインザダーク」は基準比リフト1.671
東京,直線長め・持続型,芝,短中距離(1400-1600),良,中枠(3-6),母父,Storm Cat,101,16,34,0.1584,0.3366,165.7,0.0,6.75,0.2028,0.1338,1.66,B,東京芝短中距離(1400-1600)・良・中枠(3-6)で母父「Storm Cat」は基準比リフト1.66
京都,平坦・スピード型,芝,中距離(1700-2000),良,中枠(3-6),母父,ディープインパクト,90,12,36,0.1333,0.4,94.2,0.0,5.86,0.2454,0.1546,1.63,B,京都芝中距離(1700-2000)・良・中枠(3-6)で母父「ディープインパクト」は基準比リフト1.63
中京,直線長め・持続型,芝,短中距離(1400-1600),良,中枠(3-6),母父,クロフネ,83,7,27,0.0843,0.3253,83.1,0.0,7.27,0.2051,0.1202,1.586,B,中京芝短中距離(1400-1600)・良・中枠(3-6)で母父「クロフネ」は基準比リフト1.586
札幌,小回り・持続型,芝,中距離(1700-2000),良,内枠(1-2),母父,サンデーサイレンス,95,14,41,0.1474,0.4316,180.2,0.0,5.78,0.2768,0.1548,1.559,B,札幌芝中距離(1700-2000)・良・内枠(1-2)で母父「サンデーサイレンス」は基準比リフト1.559
中山,坂あり・パワー型,ダ,中距離(1700-2000),良,内枠(1-2),母父,ブライアンズタイム,102,6,29,0.0588,0.2843,69.5,0.0,8.73,0.1848,0.0995,1.538,B,中山ダ中距離(1700-2000)・良・内枠(1-2)で母父「ブライアンズタイム」は基準比リフト1.538
阪神,坂あり・パワー型,芝,短中距離(1400-1600),良,中枠(3-6),母父,Storm Cat,87,11,29,0.1264,0.3333,101.7,0.0,5.59,0.2169,0.1164,1.537,B,阪神芝短中距離(1400-1600)・良・中枠(3-6)で母父「Storm Cat」は基準比リフト1.537
中山,坂あり・パワー型,ダ,短距離(1000-1300),良,内枠(1-2),母父,サクラバクシンオー,89,8,24,0.0899,0.2697,45.2,0.0,7.78,0.1768,0.0929,1.525,B,中山ダ短距離(1000-1300)・良・内枠(1-2)で母父「サクラバクシンオー」は基準比リフト1.525
阪神,坂あり・パワー型,芝,中距離(1700-2000),良,中枠(3-6),母父,キングカメハメハ,145,17,53,0.1172,0.3655,112.1,0.0,5.55,0.2399,0.1256,1.524,B,阪神芝中距離(1700-2000)・良・中枠(3-6)で母父「キングカメハメハ」は基準比リフト1.524
新潟,直線長め・平坦型,芝,短距離(1000-1300),良,中枠(3-6),母父,フジキセキ,104,9,27,0.0865,0.2596,125.1,0.0,8.61,0.1712,0.0884,1.516,B,新潟芝短距離(1000-1300)・良・中枠(3-6)で母父「フジキセキ」は基準比リフト1.516
新潟,直線長め・平坦型,芝,短距離(1000-1300),良,中枠(3-6),母父,ダンスインザダーク,85,10,22,0.1176,0.2588,117.6,0.0,8.79,0.1712,0.0876,1.512,B,新潟芝短距離(1000-1300)・良・中枠(3-6)で母父「ダンスインザダーク」は基準比リフト1.512
福島,小回り・機動型,芝,中距離(1700-2000),良,中枠(3-6),母父,キングカメハメハ,97,9,32,0.0928,0.3299,174.9,0.0,7.34,0.2188,0.1111,1.508,B,福島芝中距離(1700-2000)・良・中枠(3-6)で母父「キングカメハメハ」は基準比リフト1.508
阪神,坂あり・パワー型,芝,中距離(1700-2000),良,外枠(7-8),母父,ディープインパクト,97,7,34,0.0722,0.3505,44.2,0.0,6.16,0.2332,0.1173,1.503,B,阪神芝中距離(1700-2000)・良・外枠(7-8)で母父「ディープインパクト」は基準比リフト1.503
京都,平坦・スピード型,芝,短中距離(1400-1600),良,外枠(7-8),母父,フレンチデピュティ,93,9,27,0.0968,0.2903,52.7,0.0,6.56,0.1935,0.0968,1.5,B,京都芝短中距離(1400-1600)・良・外枠(7-8)で母父「フレンチデピュティ」は基準比リフト1.5
中京,直線長め・持続型,芝,短中距離(1400-1600),良,中枠(3-6),母父,ディープインパクト,128,19,39,0.1484,0.3047,162.5,0.0,7.02,0.2051,0.0996,1.486,B,中京芝短中距離(1400-1600)・良・中枠(3-6)で母父「ディープインパクト」は基準比リフト1.486
阪神,坂あり・パワー型,芝,短中距離(1400-1600),良,中枠(3-6),母父,トニービン,147,15,47,0.102,0.3197,99.0,0.0,7.71,0.2169,0.1028,1.474,B,阪神芝短中距離(1400-1600)・良・中枠(3-6)で母父「トニービン」は基準比リフト1.474
阪神,坂あり・パワー型,ダ,中距離(1700-2000),重不良,中枠(3-6),母父,サンデーサイレンス,107,14,35,0.1308,0.3271,111.2,0.0,6.82,0.2243,0.1028,1.458,B,阪神ダ中距離(1700-2000)・重不良・中枠(3-6)で母父「サンデーサイレンス」は基準比リフト1.458
中山,坂あり・パワー型,ダ,中距離(1700-2000),良,内枠(1-2),母父,クロフネ,82,10,22,0.122,0.2683,178.2,0.0,7.01,0.1848,0.0835,1.452,B,中山ダ中距離(1700-2000)・良・内枠(1-2)で母父「クロフネ」は基準比リフト1.452
阪神,坂あり・パワー型,ダ,中距離(1700-2000),良,外枠(7-8),母父,フジキセキ,80,11,27,0.1375,0.3375,94.2,0.0,6.29,0.2351,0.1024,1.436,B,阪神ダ中距離(1700-2000)・良・外枠(7-8)で母父「フジキセキ」は基準比リフト1.436
小倉,小回り・機動型,芝,短距離(1000-1300),良,外枠(7-8),母父,ダンスインザダーク,95,13,27,0.1368,0.2842,318.2,0.0,8.32,0.1981,0.0861,1.435,B,小倉芝短距離(1000-1300)・良・外枠(7-8)で母父「ダンスインザダーク」は基準比リフト1.435
小倉,小回り・機動型,芝,中距離(1700-2000),良,外枠(7-8),母父,ダンスインザダーク,117,12,34,0.1026,0.2906,128.6,0.0,7.05,0.2048,0.0858,1.419,B,小倉芝中距離(1700-2000)・良・外枠(7-8)で母父「ダンスインザダーク」は基準比リフト1.419
東京,直線長め・持続型,芝,中距離(1700-2000),良,中枠(3-6),母父,シンボリクリスエス,137,11,46,0.0803,0.3358,28.9,0.0,6.55,0.237,0.0988,1.417,B,東京芝中距離(1700-2000)・良・中枠(3-6)で母父「シンボリクリスエス」は基準比リフト1.417
京都,平坦・スピード型,芝,短中距離(1400-1600),良,中枠(3-6),母父,Storm Cat,89,10,27,0.1124,0.3034,61.0,0.0,5.26,0.2142,0.0892,1.416,B,京都芝短中距離(1400-1600)・良・中枠(3-6)で母父「Storm Cat」は基準比リフト1.416
新潟,直線長め・平坦型,ダ,中距離(1700-2000),良,中枠(3-6),母父,キングカメハメハ,89,10,27,0.1124,0.3034,70.1,0.0,6.55,0.2144,0.089,1.415,B,新潟ダ中距離(1700-2000)・良・中枠(3-6)で母父「キングカメハメハ」は基準比リフト1.415
京都,平坦・スピード型,ダ,中距離(1700-2000),良,内枠(1-2),母父,ブライアンズタイム,95,11,31,0.1158,0.3263,100.0,0.0,6.77,0.2314,0.0949,1.41,B,京都ダ中距離(1700-2000)・良・内枠(1-2)で母父「ブライアンズタイム」は基準比リフト1.41
中京,直線長め・持続型,ダ,中距離(1700-2000),良,中枠(3-6),母父,フレンチデピュティ,130,16,40,0.1231,0.3077,143.5,0.0,6.75,0.2184,0.0893,1.409,B,中京ダ中距離(1700-2000)・良・中枠(3-6)で母父「フレンチデピュティ」は基準比リフト1.409
中山,坂あり・パワー型,芝,中距離(1700-2000),良,中枠(3-6),母父,フジキセキ,92,9,28,0.0978,0.3043,82.9,0.0,6.75,0.2165,0.0878,1.406,B,中山芝中距離(1700-2000)・良・中枠(3-6)で母父「フジキセキ」は基準比リフト1.406
京都,平坦・スピード型,芝,中距離(1700-2000),良,中枠(3-6),母父,フレンチデピュティ,87,10,30,0.1149,0.3448,41.4,0.0,6.44,0.2454,0.0994,1.405,B,京都芝中距離(1700-2000)・良・中枠(3-6)で母父「フレンチデピュティ」は基準比リフト1.405
東京,直線長め・持続型,ダ,短中距離(1400-1600),良,中枠(3-6),母父,Seeking the Gold,93,9,26,0.0968,0.2796,42.9,0.0,6.95,0.1997,0.0799,1.4,B,東京ダ短中距離(1400-1600)・良・中枠(3-6)で母父「Seeking the Gold」は基準比リフト1.4
新潟,直線長め・平坦型,ダ,短距離(1000-1300),良,中枠(3-6),母父,フジキセキ,134,16,38,0.1194,0.2836,113.3,0.0,6.88,0.2029,0.0807,1.398,B,新潟ダ短距離(1000-1300)・良・中枠(3-6)で母父「フジキセキ」は基準比リフト1.398
福島,小回り・機動型,ダ,中距離(1700-2000),良,内枠(1-2),母父,サンデーサイレンス,88,12,26,0.1364,0.2955,336.2,0.0,6.59,0.2121,0.0834,1.393,B,福島ダ中距離(1700-2000)・良・内枠(1-2)で母父「サンデーサイレンス」は基準比リフト1.393
新潟,直線長め・平坦型,ダ,中距離(1700-2000),良,外枠(7-8),母父,サンデーサイレンス,140,17,44,0.1214,0.3143,81.2,0.0,6.11,0.226,0.0883,1.391,B,新潟ダ中距離(1700-2000)・良・外枠(7-8)で母父「サンデーサイレンス」は基準比リフト1.391
東京,直線長め・持続型,芝,中距離(1700-2000),良,内枠(1-2),母父,キングカメハメハ,86,14,28,0.1628,0.3256,104.3,0.0,6.08,0.2345,0.0911,1.388,B,東京芝中距離(1700-2000)・良・内枠(1-2)で母父「キングカメハメハ」は基準比リフト1.388
中山,坂あり・パワー型,芝,短中距離(1400-1600),良,中枠(3-6),母父,サクラバクシンオー,86,10,24,0.1163,0.2791,56.4,0.0,7.72,0.2014,0.0777,1.386,B,中山芝短中距離(1400-1600)・良・中枠(3-6)で母父「サクラバクシンオー」は基準比リフト1.386
京都,平坦・スピード型,ダ,中距離(1700-2000),良,外枠(7-8),母父,キングカメハメハ,84,12,24,0.1429,0.2857,78.3,0.0,6.99,0.2066,0.0791,1.383,B,京都ダ中距離(1700-2000)・良・外枠(7-8)で母父「キングカメハメハ」は基準比リフト1.383
福島,小回り・機動型,芝,中距離(1700-2000),良,中枠(3-6),母父,トニービン,126,16,38,0.127,0.3016,111.9,0.0,7.33,0.2188,0.0828,1.378,B,福島芝中距離(1700-2000)・良・中枠(3-6)で母父「トニービン」は基準比リフト1.378
中山,坂あり・パワー型,ダ,中距離(1700-2000),稍,中枠(3-6),母父,フジキセキ,91,8,26,0.0879,0.2857,49.8,0.0,7.07,0.2081,0.0776,1.373,B,中山ダ中距離(1700-2000)・稍・中枠(3-6)で母父「フジキセキ」は基準比リフト1.373
阪神,坂あり・パワー型,ダ,短中距離(1400-1600),良,中枠(3-6),母父,キングカメハメハ,104,3,29,0.0288,0.2788,11.4,0.0,7.15,0.2031,0.0757,1.373,B,阪神ダ短中距離(1400-1600)・良・中枠(3-6)で母父「キングカメハメハ」は基準比リフト1.373
中山,坂あり・パワー型,芝,中距離(1700-2000),良,中枠(3-6),母父,ディープインパクト,128,14,38,0.1094,0.2969,104.0,0.0,6.84,0.2165,0.0804,1.371,B,中山芝中距離(1700-2000)・良・中枠(3-6)で母父「ディープインパクト」は基準比リフト1.371
阪神,坂あり・パワー型,ダ,中距離(1700-2000),良,外枠(7-8),母父,クロフネ,134,14,43,0.1045,0.3209,81.6,0.0,6.48,0.2351,0.0858,1.365,B,阪神ダ中距離(1700-2000)・良・外枠(7-8)で母父「クロフネ」は基準比リフト1.365
函館,小回り・持続型,芝,中距離(1700-2000),良,内枠(1-2),母父,サンデーサイレンス,83,11,32,0.1325,0.3855,85.2,0.0,5.89,0.2826,0.1029,1.364,B,函館芝中距離(1700-2000)・良・内枠(1-2)で母父「サンデーサイレンス」は基準比リフト1.364
東京,直線長め・持続型,ダ,短距離(1000-1300),良,中枠(3-6),母父,サンデーサイレンス,82,6,22,0.0732,0.2683,32.1,0.0,7.4,0.1967,0.0716,1.364,B,東京ダ短距離(1000-1300)・良・中枠(3-6)で母父「サンデーサイレンス」は基準比リフト1.364
東京,直線長め・持続型,ダ,短中距離(1400-1600),良,外枠(7-8),母父,クロフネ,122,16,36,0.1311,0.2951,89.7,0.0,7.38,0.2165,0.0786,1.363,B,東京ダ短中距離(1400-1600)・良・外枠(7-8)で母父「クロフネ」は基準比リフト1.363
小倉,小回り・機動型,ダ,中距離(1700-2000),良,内枠(1-2),母父,サンデーサイレンス,111,13,32,0.1171,0.2883,103.4,0.0,7.44,0.2118,0.0765,1.361,B,小倉ダ中距離(1700-2000)・良・内枠(1-2)で母父「サンデーサイレンス」は基準比リフト1.361
札幌,小回り・持続型,ダ,中距離(1700-2000),良,中枠(3-6),母父,フジキセキ,84,12,28,0.1429,0.3333,95.2,0.0,7.25,0.2469,0.0864,1.35,B,札幌ダ中距離(1700-2000)・良・中枠(3-6)で母父「フジキセキ」は基準比リフト1.35
東京,直線長め・持続型,芝,短中距離(1400-1600),稍,中枠(3-6),母父,サンデーサイレンス,95,8,25,0.0842,0.2632,76.7,0.0,7.46,0.195,0.0682,1.35,B,東京芝短中距離(1400-1600)・稍・中枠(3-6)で母父「サンデーサイレンス」は基準比リフト1.35
阪神,坂あり・パワー型,芝,短中距離(1400-1600),良,中枠(3-6),母父,シンボリクリスエス,89,8,26,0.0899,0.2921,70.6,0.0,7.48,0.2169,0.0752,1.347,B,阪神芝短中距離(1400-1600)・良・中枠(3-6)で母父「シンボリクリスエス」は基準比リフト1.347
阪神,坂あり・パワー型,ダ,中距離(1700-2000),良,内枠(1-2),母父,クロフネ,83,5,23,0.0602,0.2771,24.7,0.0,6.45,0.206,0.0711,1.345,B,阪神ダ中距離(1700-2000)・良・内枠(1-2)で母父「クロフネ」は基準比リフト1.345
阪神,坂あり・パワー型,芝,中距離(1700-2000),良,外枠(7-8),母父,キングカメハメハ,83,8,26,0.0964,0.3133,40.4,0.0,6.08,0.2332,0.0801,1.343,B,阪神芝中距離(1700-2000)・良・外枠(7-8)で母父「キングカメハメハ」は基準比リフト1.343
阪神,坂あり・パワー型,芝,短中距離(1400-1600),良,外枠(7-8),母父,スペシャルウィーク,82,9,21,0.1098,0.2561,76.8,0.0,8.59,0.1907,0.0654,1.343,B,阪神芝短中距離(1400-1600)・良・外枠(7-8)で母父「スペシャルウィーク」は基準比リフト1.343
東京,直線長め・持続型,ダ,短中距離(1400-1600),良,内枠(1-2),母父,フォーティナイナー,80,8,18,0.1,0.225,131.0,0.0,8.78,0.1677,0.0573,1.342,B,東京ダ短中距離(1400-1600)・良・内枠(1-2)で母父「フォーティナイナー」は基準比リフト1.342
小倉,小回り・機動型,ダ,中距離(1700-2000),良,中枠(3-6),母父,ブライアンズタイム,138,12,36,0.087,0.2609,186.2,0.0,8.03,0.1947,0.0662,1.34,B,小倉ダ中距離(1700-2000)・良・中枠(3-6)で母父「ブライアンズタイム」は基準比リフト1.34
京都,平坦・スピード型,ダ,中距離(1700-2000),良,外枠(7-8),母父,クロフネ,87,8,24,0.092,0.2759,33.7,0.0,6.29,0.2066,0.0693,1.335,B,京都ダ中距離(1700-2000)・良・外枠(7-8)で母父「クロフネ」は基準比リフト1.335
東京,直線長め・持続型,ダ,短中距離(1400-1600),良,外枠(7-8),母父,キングカメハメハ,111,10,32,0.0901,0.2883,40.3,0.0,7.37,0.2165,0.0718,1.332,B,東京ダ短中距離(1400-1600)・良・外枠(7-8)で母父「キングカメハメハ」は基準比リフト1.332
中山,坂あり・パワー型,ダ,中距離(1700-2000),稍,外枠(7-8),母父,サンデーサイレンス,92,8,26,0.087,0.2826,136.7,0.0,7.52,0.2128,0.0698,1.328,B,中山ダ中距離(1700-2000)・稍・外枠(7-8)で母父「サンデーサイレンス」は基準比リフト1.328
阪神,坂あり・パワー型,芝,中距離(1700-2000),良,外枠(7-8),母父,トニービン,110,11,34,0.1,0.3091,278.9,0.0,6.93,0.2332,0.0759,1.325,B,阪神芝中距離(1700-2000)・良・外枠(7-8)で母父「トニービン」は基準比リフト1.325
中山,坂あり・パワー型,ダ,中距離(1700-2000),重不良,中枠(3-6),母父,サンデーサイレンス,104,13,28,0.125,0.2692,110.6,0.0,7.36,0.2032,0.066,1.325,B,中山ダ中距離(1700-2000)・重不良・中枠(3-6)で母父「サンデーサイレンス」は基準比リフト1.325
京都,平坦・スピード型,芝,中長距離(2100-2400),良,内枠(1-2),母父,サンデーサイレンス,91,14,35,0.1538,0.3846,281.1,0.0,6.57,0.2911,0.0935,1.321,B,京都芝中長距離(2100-2400)・良・内枠(1-2)で母父「サンデーサイレンス」は基準比リフト1.321
小倉,小回り・機動型,芝,短距離(1000-1300),良,外枠(7-8),母父,タイキシャトル,107,10,28,0.0935,0.2617,105.0,0.0,8.39,0.1981,0.0636,1.321,B,小倉芝短距離(1000-1300)・良・外枠(7-8)で母父「タイキシャトル」は基準比リフト1.321
中京,直線長め・持続型,ダ,中距離(1700-2000),良,外枠(7-8),母父,クロフネ,98,5,27,0.051,0.2755,27.2,0.0,6.62,0.2087,0.0668,1.32,B,中京ダ中距離(1700-2000)・良・外枠(7-8)で母父「クロフネ」は基準比リフト1.32
東京,直線長め・持続型,芝,短中距離(1400-1600),良,中枠(3-6),母父,ゼンノロブロイ,86,9,23,0.1047,0.2674,43.0,0.0,8.03,0.2028,0.0646,1.319,B,東京芝短中距離(1400-1600)・良・中枠(3-6)で母父「ゼンノロブロイ」は基準比リフト1.319
中京,直線長め・持続型,芝,中距離(1700-2000),良,中枠(3-6),母父,トニービン,86,8,25,0.093,0.2907,36.4,0.0,6.9,0.2207,0.07,1.317,B,中京芝中距離(1700-2000)・良・中枠(3-6)で母父「トニービン」は基準比リフト1.317
東京,直線長め・持続型,芝,中距離(1700-2000),良,外枠(7-8),母父,クロフネ,85,9,24,0.1059,0.2824,192.1,0.0,6.32,0.2154,0.067,1.311,B,東京芝中距離(1700-2000)・良・外枠(7-8)で母父「クロフネ」は基準比リフト1.311
小倉,小回り・機動型,芝,短距離(1000-1300),良,中枠(3-6),母父,タイキシャトル,133,7,34,0.0526,0.2556,21.4,0.0,8.01,0.1949,0.0607,1.311,B,小倉芝短距離(1000-1300)・良・中枠(3-6)で母父「タイキシャトル」は基準比リフト1.311
東京,直線長め・持続型,ダ,短中距離(1400-1600),良,中枠(3-6),母父,Giant's Causeway,92,7,24,0.0761,0.2609,27.5,0.0,6.38,0.1997,0.0612,1.306,B,東京ダ短中距離(1400-1600)・良・中枠(3-6)で母父「Giant's Causeway」は基準比リフト1.306
中京,直線長め・持続型,ダ,中距離(1700-2000),良,中枠(3-6),母父,キングカメハメハ,124,14,35,0.1129,0.2823,109.4,0.0,7.05,0.2184,0.0639,1.293,B,中京ダ中距離(1700-2000)・良・中枠(3-6)で母父「キングカメハメハ」は基準比リフト1.293
新潟,直線長め・平坦型,芝,中距離(1700-2000),良,中枠(3-6),母父,ディープインパクト,104,15,29,0.1442,0.2788,64.3,0.0,7.25,0.2171,0.0617,1.284,B,新潟芝中距離(1700-2000)・良・中枠(3-6)で母父「ディープインパクト」は基準比リフト1.284
京都,平坦・スピード型,芝,短中距離(1400-1600),稍,中枠(3-6),母父,サンデーサイレンス,82,11,22,0.1341,0.2683,145.0,0.0,7.61,0.2103,0.058,1.276,B,京都芝短中距離(1400-1600)・稍・中枠(3-6)で母父「サンデーサイレンス」は基準比リフト1.276
札幌,小回り・持続型,芝,中距離(1700-2000),良,中枠(3-6),母父,キングカメハメハ,84,8,26,0.0952,0.3095,65.1,0.0,6.48,0.2428,0.0667,1.275,B,札幌芝中距離(1700-2000)・良・中枠(3-6)で母父「キングカメハメハ」は基準比リフト1.275
京都,平坦・スピード型,芝,短中距離(1400-1600),良,中枠(3-6),母父,フレンチデピュティ,143,14,39,0.0979,0.2727,202.4,0.0,6.71,0.2142,0.0585,1.273,B,京都芝短中距離(1400-1600)・良・中枠(3-6)で母父「フレンチデピュティ」は基準比リフト1.273
中山,坂あり・パワー型,ダ,中距離(1700-2000),良,外枠(7-8),母父,フレンチデピュティ,85,12,24,0.1412,0.2824,176.6,0.0,6.52,0.2226,0.0598,1.269,B,中山ダ中距離(1700-2000)・良・外枠(7-8)で母父「フレンチデピュティ」は基準比リフト1.269
中山,坂あり・パワー型,芝,短中距離(1400-1600),良,中枠(3-6),母父,ディープインパクト,90,4,23,0.0444,0.2556,26.8,0.0,6.71,0.2014,0.0542,1.269,B,中山芝短中距離(1400-1600)・良・中枠(3-6)で母父「ディープインパクト」は基準比リフト1.269
阪神,坂あり・パワー型,芝,中距離(1700-2000),良,内枠(1-2),母父,ディープインパクト,85,11,27,0.1294,0.3176,61.2,0.0,6.02,0.2505,0.0671,1.268,B,阪神芝中距離(1700-2000)・良・内枠(1-2)で母父「ディープインパクト」は基準比リフト1.268
小倉,小回り・機動型,芝,中距離(1700-2000),良,中枠(3-6),母父,キングカメハメハ,121,12,34,0.0992,0.281,70.0,0.0,6.79,0.2218,0.0592,1.267,B,小倉芝中距離(1700-2000)・良・中枠(3-6)で母父「キングカメハメハ」は基準比リフト1.267
東京,直線長め・持続型,芝,短中距離(1400-1600),良,内枠(1-2),母父,アグネスタキオン,108,10,28,0.0926,0.2593,70.2,0.0,7.47,0.2047,0.0546,1.267,B,東京芝短中距離(1400-1600)・良・内枠(1-2)で母父「アグネスタキオン」は基準比リフト1.267
小倉,小回り・機動型,芝,中距離(1700-2000),良,中枠(3-6),母父,ディープインパクト,129,14,36,0.1085,0.2791,56.0,0.0,6.82,0.2218,0.0573,1.258,B,小倉芝中距離(1700-2000)・良・中枠(3-6)で母父「ディープインパクト」は基準比リフト1.258
小倉,小回り・機動型,芝,中距離(1700-2000),良,中枠(3-6),母父,フレンチデピュティ,104,10,29,0.0962,0.2788,63.0,0.0,7.17,0.2218,0.057,1.257,B,小倉芝中距離(1700-2000)・良・中枠(3-6)で母父「フレンチデピュティ」は基準比リフト1.257
新潟,直線長め・平坦型,芝,短中距離(1400-1600),良,中枠(3-6),母父,キングカメハメハ,94,10,23,0.1064,0.2447,91.1,0.0,7.61,0.1947,0.05,1.257,B,新潟芝短中距離(1400-1600)・良・中枠(3-6)で母父「キングカメハメハ」は基準比リフト1.257
中山,坂あり・パワー型,ダ,中距離(1700-2000),良,外枠(7-8),母父,クロフネ,93,8,26,0.086,0.2796,49.1,0.0,7.45,0.2226,0.057,1.256,B,中山ダ中距離(1700-2000)・良・外枠(7-8)で母父「クロフネ」は基準比リフト1.256
福島,小回り・機動型,芝,短距離(1000-1300),良,中枠(3-6),母父,フレンチデピュティ,97,11,23,0.1134,0.2371,73.4,0.0,7.18,0.1887,0.0484,1.256,B,福島芝短距離(1000-1300)・良・中枠(3-6)で母父「フレンチデピュティ」は基準比リフト1.256
新潟,直線長め・平坦型,芝,中距離(1700-2000),良,中枠(3-6),母父,キングカメハメハ,107,7,29,0.0654,0.271,47.3,0.0,7.24,0.2171,0.0539,1.248,B,新潟芝中距離(1700-2000)・良・中枠(3-6)で母父「キングカメハメハ」は基準比リフト1.248
東京,直線長め・持続型,芝,短中距離(1400-1600),良,内枠(1-2),母父,フレンチデピュティ,94,7,24,0.0745,0.2553,453.5,0.0,8.0,0.2047,0.0506,1.247,B,東京芝短中距離(1400-1600)・良・内枠(1-2)で母父「フレンチデピュティ」は基準比リフト1.247
新潟,直線長め・平坦型,ダ,中距離(1700-2000),良,中枠(3-6),母父,フレンチデピュティ,105,12,28,0.1143,0.2667,94.5,0.0,7.23,0.2144,0.0523,1.244,B,新潟ダ中距離(1700-2000)・良・中枠(3-6)で母父「フレンチデピュティ」は基準比リフト1.244
阪神,坂あり・パワー型,ダ,中距離(1700-2000),良,内枠(1-2),母父,フレンチデピュティ,86,5,22,0.0581,0.2558,35.9,0.0,7.59,0.206,0.0498,1.242,B,阪神ダ中距離(1700-2000)・良・内枠(1-2)で母父「フレンチデピュティ」は基準比リフト1.242
阪神,坂あり・パワー型,ダ,短中距離(1400-1600),稍,中枠(3-6),母父,サンデーサイレンス,86,8,21,0.093,0.2442,78.0,0.0,6.63,0.1968,0.0474,1.241,B,阪神ダ短中距離(1400-1600)・稍・中枠(3-6)で母父「サンデーサイレンス」は基準比リフト1.241
中山,坂あり・パワー型,芝,中長距離(2100-2400),良,中枠(3-6),母父,サンデーサイレンス,112,7,29,0.0625,0.2589,65.9,0.0,6.71,0.2088,0.0501,1.24,B,中山芝中長距離(2100-2400)・良・中枠(3-6)で母父「サンデーサイレンス」は基準比リフト1.24
中山,坂あり・パワー型,ダ,短距離(1000-1300),良,外枠(7-8),母父,フジキセキ,123,7,31,0.0569,0.252,42.2,0.0,8.04,0.2034,0.0486,1.239,B,中山ダ短距離(1000-1300)・良・外枠(7-8)で母父「フジキセキ」は基準比リフト1.239
福島,小回り・機動型,芝,短距離(1000-1300),良,中枠(3-6),母父,アグネスタキオン,107,9,25,0.0841,0.2336,62.4,0.0,8.56,0.1887,0.0449,1.238,B,福島芝短距離(1000-1300)・良・中枠(3-6)で母父「アグネスタキオン」は基準比リフト1.238
阪神,坂あり・パワー型,ダ,短中距離(1400-1600),良,中枠(3-6),母父,アグネスタキオン,116,9,29,0.0776,0.25,67.1,0.0,7.7,0.2031,0.0469,1.231,B,阪神ダ短中距離(1400-1600)・良・中枠(3-6)で母父「アグネスタキオン」は基準比リフト1.231
阪神,坂あり・パワー型,ダ,中距離(1700-2000),良,中枠(3-6),母父,マンハッタンカフェ,93,12,26,0.129,0.2796,103.9,0.0,6.97,0.2273,0.0523,1.23,B,阪神ダ中距離(1700-2000)・良・中枠(3-6)で母父「マンハッタンカフェ」は基準比リフト1.23
東京,直線長め・持続型,芝,短中距離(1400-1600),良,外枠(7-8),母父,キングカメハメハ,123,7,30,0.0569,0.2439,25.1,0.0,7.21,0.1988,0.0451,1.227,B,東京芝短中距離(1400-1600)・良・外枠(7-8)で母父「キングカメハメハ」は基準比リフト1.227
阪神,坂あり・パワー型,芝,短中距離(1400-1600),良,外枠(7-8),母父,ディープインパクト,94,8,22,0.0851,0.234,33.4,0.0,6.55,0.1907,0.0433,1.227,B,阪神芝短中距離(1400-1600)・良・外枠(7-8)で母父「ディープインパクト」は基準比リフト1.227
中京,直線長め・持続型,芝,中距離(1700-2000),良,中枠(3-6),母父,ディープインパクト,85,9,23,0.1059,0.2706,41.2,0.0,6.52,0.2207,0.0499,1.226,B,中京芝中距離(1700-2000)・良・中枠(3-6)で母父「ディープインパクト」は基準比リフト1.226
東京,直線長め・持続型,ダ,短中距離(1400-1600),良,外枠(7-8),母父,アフリート,113,9,30,0.0796,0.2655,76.5,0.0,8.34,0.2165,0.049,1.226,B,東京ダ短中距離(1400-1600)・良・外枠(7-8)で母父「アフリート」は基準比リフト1.226
東京,直線長め・持続型,芝,中距離(1700-2000),良,中枠(3-6),母父,Storm Cat,97,10,28,0.1031,0.2887,45.5,0.0,5.39,0.237,0.0517,1.218,B,東京芝中距離(1700-2000)・良・中枠(3-6)で母父「Storm Cat」は基準比リフト1.218
中山,坂あり・パワー型,芝,短中距離(1400-1600),良,中枠(3-6),母父,ブライアンズタイム,106,13,26,0.1226,0.2453,361.7,0.0,8.42,0.2014,0.0439,1.218,B,中山芝短中距離(1400-1600)・良・中枠(3-6)で母父「ブライアンズタイム」は基準比リフト1.218
京都,平坦・スピード型,ダ,短中距離(1400-1600),良,内枠(1-2),母父,サンデーサイレンス,99,7,25,0.0707,0.2525,54.3,0.0,7.76,0.2074,0.0451,1.217,B,京都ダ短中距離(1400-1600)・良・内枠(1-2)で母父「サンデーサイレンス」は基準比リフト1.217
東京,直線長め・持続型,芝,短中距離(1400-1600),良,外枠(7-8),母父,クロフネ,112,8,27,0.0714,0.2411,63.0,0.0,8.0,0.1988,0.0423,1.213,B,東京芝短中距離(1400-1600)・良・外枠(7-8)で母父「クロフネ」は基準比リフト1.213
東京,直線長め・持続型,芝,中長距離(2100-2400),良,外枠(7-8),母父,サンデーサイレンス,124,12,34,0.0968,0.2742,45.8,0.0,7.41,0.2262,0.048,1.212,B,東京芝中長距離(2100-2400)・良・外枠(7-8)で母父「サンデーサイレンス」は基準比リフト1.212
新潟,直線長め・平坦型,芝,短距離(1000-1300),良,外枠(7-8),母父,サンデーサイレンス,99,10,28,0.101,0.2828,144.4,0.0,7.39,0.2335,0.0493,1.211,B,新潟芝短距離(1000-1300)・良・外枠(7-8)で母父「サンデーサイレンス」は基準比リフト1.211
東京,直線長め・持続型,芝,短中距離(1400-1600),良,内枠(1-2),母父,クロフネ,97,7,24,0.0722,0.2474,48.0,0.0,7.32,0.2047,0.0427,1.209,B,東京芝短中距離(1400-1600)・良・内枠(1-2)で母父「クロフネ」は基準比リフト1.209
中京,直線長め・持続型,芝,短中距離(1400-1600),良,中枠(3-6),母父,フレンチデピュティ,109,7,27,0.0642,0.2477,45.8,0.0,7.5,0.2051,0.0426,1.208,B,中京芝短中距離(1400-1600)・良・中枠(3-6)で母父「フレンチデピュティ」は基準比リフト1.208
小倉,小回り・機動型,芝,短距離(1000-1300),良,中枠(3-6),母父,クロフネ,102,14,24,0.1373,0.2353,162.6,0.0,7.87,0.1949,0.0404,1.207,B,小倉芝短距離(1000-1300)・良・中枠(3-6)で母父「クロフネ」は基準比リフト1.207
東京,直線長め・持続型,ダ,短中距離(1400-1600),不,中枠(3-6),母父,サンデーサイレンス,82,5,21,0.061,0.2561,58.4,0.0,7.39,0.2126,0.0435,1.205,B,東京ダ短中距離(1400-1600)・不・中枠(3-6)で母父「サンデーサイレンス」は基準比リフト1.205
東京,直線長め・持続型,芝,短中距離(1400-1600),良,中枠(3-6),母父,ダイワメジャー,86,7,21,0.0814,0.2442,94.3,0.0,7.79,0.2028,0.0414,1.204,B,東京芝短中距離(1400-1600)・良・中枠(3-6)で母父「ダイワメジャー」は基準比リフト1.204
京都,平坦・スピード型,芝,中距離(1700-2000),良,中枠(3-6),母父,キングカメハメハ,95,12,28,0.1263,0.2947,54.1,0.0,6.26,0.2454,0.0493,1.201,B,京都芝中距離(1700-2000)・良・中枠(3-6)で母父「キングカメハメハ」は基準比リフト1.201
東京,直線長め・持続型,ダ,中長距離(2100-2400),良,内枠(1-2),母父,サンデーサイレンス,82,6,18,0.0732,0.2195,45.2,0.0,6.39,0.183,0.0365,1.199,B,東京ダ中長距離(2100-2400)・良・内枠(1-2)で母父「サンデーサイレンス」は基準比リフト1.199
中山,坂あり・パワー型,芝,短距離(1000-1300),良,中枠(3-6),母父,フジキセキ,83,8,20,0.0964,0.241,67.0,0.0,8.94,0.2011,0.0399,1.198,B,中山芝短距離(1000-1300)・良・中枠(3-6)で母父「フジキセキ」は基準比リフト1.198
福島,小回り・機動型,芝,短距離(1000-1300),良,内枠(1-2),母父,サンデーサイレンス,114,8,30,0.0702,0.2632,40.4,0.0,6.83,0.2198,0.0434,1.197,B,福島芝短距離(1000-1300)・良・内枠(1-2)で母父「サンデーサイレンス」は基準比リフト1.197
小倉,小回り・機動型,芝,中距離(1700-2000),良,外枠(7-8),母父,トニービン,98,8,24,0.0816,0.2449,110.0,0.0,7.33,0.2048,0.0401,1.196,B,小倉芝中距離(1700-2000)・良・外枠(7-8)で母父「トニービン」は基準比リフト1.196
福島,小回り・機動型,芝,中距離(1700-2000),良,中枠(3-6),母父,ブライアンズタイム,92,10,24,0.1087,0.2609,140.4,0.0,7.57,0.2188,0.0421,1.192,B,福島芝中距離(1700-2000)・良・中枠(3-6)で母父「ブライアンズタイム」は基準比リフト1.192
中山,坂あり・パワー型,芝,中距離(1700-2000),良,外枠(7-8),母父,キングカメハメハ,93,10,23,0.1075,0.2473,68.0,0.0,7.96,0.2074,0.0399,1.192,B,中山芝中距離(1700-2000)・良・外枠(7-8)で母父「キングカメハメハ」は基準比リフト1.192
東京,直線長め・持続型,ダ,短中距離(1400-1600),良,中枠(3-6),母父,ダイワメジャー,101,6,24,0.0594,0.2376,26.1,0.0,7.69,0.1997,0.0379,1.19,B,東京ダ短中距離(1400-1600)・良・中枠(3-6)で母父「ダイワメジャー」は基準比リフト1.19
京都,平坦・スピード型,芝,中距離(1700-2000),良,中枠(3-6),母父,クロフネ,96,11,28,0.1146,0.2917,54.9,0.0,6.23,0.2454,0.0463,1.189,B,京都芝中距離(1700-2000)・良・中枠(3-6)で母父「クロフネ」は基準比リフト1.189
阪神,坂あり・パワー型,ダ,短中距離(1400-1600),良,外枠(7-8),母父,サンデーサイレンス,114,7,30,0.0614,0.2632,76.7,0.0,7.89,0.2213,0.0419,1.189,B,阪神ダ短中距離(1400-1600)・良・外枠(7-8)で母父「サンデーサイレンス」は基準比リフト1.189
東京,直線長め・持続型,ダ,短中距離(1400-1600),良,中枠(3-6),母父,ゴールドアリュール,123,9,29,0.0732,0.2358,73.3,0.0,8.4,0.1997,0.0361,1.181,B,東京ダ短中距離(1400-1600)・良・中枠(3-6)で母父「ゴールドアリュール」は基準比リフト1.181
東京,直線長め・持続型,ダ,短中距離(1400-1600),稍,外枠(7-8),母父,サンデーサイレンス,111,12,29,0.1081,0.2613,63.2,0.0,8.14,0.2227,0.0386,1.173,B,東京ダ短中距離(1400-1600)・稍・外枠(7-8)で母父「サンデーサイレンス」は基準比リフト1.173
京都,平坦・スピード型,ダ,中距離(1700-2000),良,中枠(3-6),母父,マンハッタンカフェ,86,6,22,0.0698,0.2558,44.0,0.0,6.83,0.2181,0.0377,1.173,B,京都ダ中距離(1700-2000)・良・中枠(3-6)で母父「マンハッタンカフェ」は基準比リフト1.173
東京,直線長め・持続型,芝,中距離(1700-2000),良,外枠(7-8),母父,キングカメハメハ,95,5,24,0.0526,0.2526,29.6,0.0,6.23,0.2154,0.0372,1.173,B,東京芝中距離(1700-2000)・良・外枠(7-8)で母父「キングカメハメハ」は基準比リフト1.173
阪神,坂あり・パワー型,ダ,短中距離(1400-1600),良,中枠(3-6),母父,スペシャルウィーク,80,7,19,0.0875,0.2375,112.4,0.0,8.02,0.2031,0.0344,1.169,B,阪神ダ短中距離(1400-1600)・良・中枠(3-6)で母父「スペシャルウィーク」は基準比リフト1.169
東京,直線長め・持続型,ダ,短中距離(1400-1600),良,内枠(1-2),母父,スペシャルウィーク,102,7,20,0.0686,0.1961,68.7,0.0,7.79,0.1677,0.0284,1.169,B,東京ダ短中距離(1400-1600)・良・内枠(1-2)で母父「スペシャルウィーク」は基準比リフト1.169
阪神,坂あり・パワー型,ダ,短距離(1000-1300),良,中枠(3-6),母父,ブライアンズタイム,87,7,21,0.0805,0.2414,95.4,0.0,7.54,0.2076,0.0338,1.163,B,阪神ダ短距離(1000-1300)・良・中枠(3-6)で母父「ブライアンズタイム」は基準比リフト1.163
中山,坂あり・パワー型,芝,短中距離(1400-1600),良,中枠(3-6),母父,フレンチデピュティ,94,10,22,0.1064,0.234,114.5,0.0,7.46,0.2014,0.0326,1.162,B,中山芝短中距離(1400-1600)・良・中枠(3-6)で母父「フレンチデピュティ」は基準比リフト1.162
東京,直線長め・持続型,芝,中距離(1700-2000),良,外枠(7-8),母父,ディープインパクト,92,7,23,0.0761,0.25,45.5,0.0,7.25,0.2154,0.0346,1.161,B,東京芝中距離(1700-2000)・良・外枠(7-8)で母父「ディープインパクト」は基準比リフト1.161
福島,小回り・機動型,芝,中距離(1700-2000),良,中枠(3-6),母父,アグネスタキオン,130,12,33,0.0923,0.2538,137.7,0.0,7.7,0.2188,0.035,1.16,B,福島芝中距離(1700-2000)・良・中枠(3-6)で母父「アグネスタキオン」は基準比リフト1.16
福島,小回り・機動型,ダ,短距離(1000-1300),良,中枠(3-6),母父,フジキセキ,87,4,19,0.046,0.2184,44.9,0.0,8.13,0.1882,0.0302,1.16,B,福島ダ短距離(1000-1300)・良・中枠(3-6)で母父「フジキセキ」は基準比リフト1.16
京都,平坦・スピード型,芝,中距離(1700-2000),良,外枠(7-8),母父,トニービン,103,9,27,0.0874,0.2621,51.7,0.0,6.64,0.2263,0.0358,1.158,B,京都芝中距離(1700-2000)・良・外枠(7-8)で母父「トニービン」は基準比リフト1.158
新潟,直線長め・平坦型,芝,中長距離(2100-2400),良,中枠(3-6),母父,サンデーサイレンス,91,6,24,0.0659,0.2637,92.0,0.0,7.82,0.229,0.0347,1.152,B,新潟芝中長距離(2100-2400)・良・中枠(3-6)で母父「サンデーサイレンス」は基準比リフト1.152
札幌,小回り・持続型,ダ,中距離(1700-2000),良,外枠(7-8),母父,サンデーサイレンス,126,8,33,0.0635,0.2619,55.3,0.0,6.56,0.2278,0.0341,1.15,B,札幌ダ中距離(1700-2000)・良・外枠(7-8)で母父「サンデーサイレンス」は基準比リフト1.15
阪神,坂あり・パワー型,ダ,短距離(1000-1300),良,中枠(3-6),母父,アグネスタキオン,84,8,20,0.0952,0.2381,42.4,0.0,7.89,0.2076,0.0305,1.147,B,阪神ダ短距離(1000-1300)・良・中枠(3-6)で母父「アグネスタキオン」は基準比リフト1.147
中山,坂あり・パワー型,ダ,短距離(1000-1300),良,外枠(7-8),母父,ダンスインザダーク,90,7,21,0.0778,0.2333,40.4,0.0,8.01,0.2034,0.0299,1.147,B,中山ダ短距離(1000-1300)・良・外枠(7-8)で母父「ダンスインザダーク」は基準比リフト1.147
阪神,坂あり・パワー型,ダ,短中距離(1400-1600),良,中枠(3-6),母父,フレンチデピュティ,103,9,24,0.0874,0.233,228.6,0.0,7.78,0.2031,0.0299,1.147,B,阪神ダ短中距離(1400-1600)・良・中枠(3-6)で母父「フレンチデピュティ」は基準比リフト1.147
京都,平坦・スピード型,ダ,中距離(1700-2000),良,中枠(3-6),母父,ノーザンテースト,88,6,22,0.0682,0.25,59.4,0.0,7.33,0.2181,0.0319,1.146,B,京都ダ中距離(1700-2000)・良・中枠(3-6)で母父「ノーザンテースト」は基準比リフト1.146
新潟,直線長め・平坦型,芝,短距離(1000-1300),良,内枠(1-2),母父,サンデーサイレンス,81,5,13,0.0617,0.1605,147.2,0.0,9.75,0.14,0.0205,1.146,B,新潟芝短距離(1000-1300)・良・内枠(1-2)で母父「サンデーサイレンス」は基準比リフト1.146
中京,直線長め・持続型,ダ,中距離(1700-2000),良,中枠(3-6),母父,アフリート,80,8,20,0.1,0.25,87.9,0.0,7.94,0.2184,0.0316,1.145,B,中京ダ中距離(1700-2000)・良・中枠(3-6)で母父「アフリート」は基準比リフト1.145
中京,直線長め・持続型,芝,短距離(1000-1300),良,中枠(3-6),母父,サンデーサイレンス,93,4,21,0.043,0.2258,27.6,0.0,8.61,0.1973,0.0285,1.144,B,中京芝短距離(1000-1300)・良・中枠(3-6)で母父「サンデーサイレンス」は基準比リフト1.144
阪神,坂あり・パワー型,芝,短中距離(1400-1600),良,中枠(3-6),母父,スペシャルウィーク,125,10,31,0.08,0.248,84.4,0.0,7.4,0.2169,0.0311,1.143,B,阪神芝短中距離(1400-1600)・良・中枠(3-6)で母父「スペシャルウィーク」は基準比リフト1.143
東京,直線長め・持続型,ダ,短中距離(1400-1600),重不良,外枠(7-8),母父,サンデーサイレンス,89,7,23,0.0787,0.2584,97.5,0.0,7.58,0.2265,0.0319,1.141,B,東京ダ短中距離(1400-1600)・重不良・外枠(7-8)で母父「サンデーサイレンス」は基準比リフト1.141
小倉,小回り・機動型,芝,中距離(1700-2000),良,中枠(3-6),母父,シンボリクリスエス,87,6,22,0.069,0.2529,38.9,0.0,6.83,0.2218,0.0311,1.14,B,小倉芝中距離(1700-2000)・良・中枠(3-6)で母父「シンボリクリスエス」は基準比リフト1.14
阪神,坂あり・パワー型,ダ,中距離(1700-2000),良,内枠(1-2),母父,スペシャルウィーク,81,6,19,0.0741,0.2346,23.0,0.0,6.78,0.206,0.0286,1.139,B,阪神ダ中距離(1700-2000)・良・内枠(1-2)で母父「スペシャルウィーク」は基準比リフト1.139
東京,直線長め・持続型,ダ,短中距離(1400-1600),良,外枠(7-8),母父,シンボリクリスエス,138,12,34,0.087,0.2464,75.6,0.0,7.69,0.2165,0.0299,1.138,B,東京ダ短中距離(1400-1600)・良・外枠(7-8)で母父「シンボリクリスエス」は基準比リフト1.138
小倉,小回り・機動型,芝,長距離(2500以上),良,中枠(3-6),母父,サンデーサイレンス,86,13,25,0.1512,0.2907,87.8,0.0,6.09,0.2556,0.0351,1.137,B,小倉芝長距離(2500以上)・良・中枠(3-6)で母父「サンデーサイレンス」は基準比リフト1.137
阪神,坂あり・パワー型,芝,中距離(1700-2000),良,中枠(3-6),母父,スペシャルウィーク,88,9,24,0.1023,0.2727,141.8,0.0,8.02,0.2399,0.0328,1.137,B,阪神芝中距離(1700-2000)・良・中枠(3-6)で母父「スペシャルウィーク」は基準比リフト1.137
中山,坂あり・パワー型,ダ,短距離(1000-1300),良,中枠(3-6),母父,フォーティナイナー,137,10,30,0.073,0.219,71.8,0.0,8.01,0.1927,0.0263,1.136,B,中山ダ短距離(1000-1300)・良・中枠(3-6)で母父「フォーティナイナー」は基準比リフト1.136
新潟,直線長め・平坦型,ダ,中距離(1700-2000),良,中枠(3-6),母父,アグネスタキオン,111,7,27,0.0631,0.2432,50.2,0.0,7.17,0.2144,0.0288,1.134,B,新潟ダ中距離(1700-2000)・良・中枠(3-6)で母父「アグネスタキオン」は基準比リフト1.134
小倉,小回り・機動型,芝,短距離(1000-1300),良,内枠(1-2),母父,フジキセキ,93,3,20,0.0323,0.2151,23.7,0.0,8.04,0.1897,0.0254,1.134,B,小倉芝短距離(1000-1300)・良・内枠(1-2)で母父「フジキセキ」は基準比リフト1.134
東京,直線長め・持続型,芝,中長距離(2100-2400),良,中枠(3-6),母父,キングカメハメハ,82,7,21,0.0854,0.2561,69.3,0.0,6.35,0.226,0.0301,1.133,B,東京芝中長距離(2100-2400)・良・中枠(3-6)で母父「キングカメハメハ」は基準比リフト1.133
福島,小回り・機動型,ダ,中距離(1700-2000),良,中枠(3-6),母父,アグネスタキオン,97,6,22,0.0619,0.2268,38.7,0.0,6.76,0.2003,0.0265,1.132,B,福島ダ中距離(1700-2000)・良・中枠(3-6)で母父「アグネスタキオン」は基準比リフト1.132
東京,直線長め・持続型,ダ,短中距離(1400-1600),稍,内枠(1-2),母父,サンデーサイレンス,91,6,18,0.0659,0.1978,65.3,0.0,8.89,0.1751,0.0227,1.13,B,東京ダ短中距離(1400-1600)・稍・内枠(1-2)で母父「サンデーサイレンス」は基準比リフト1.13
福島,小回り・機動型,芝,長距離(2500以上),良,外枠(7-8),母父,サンデーサイレンス,88,6,20,0.0682,0.2273,51.4,0.0,6.39,0.2014,0.0259,1.129,B,福島芝長距離(2500以上)・良・外枠(7-8)で母父「サンデーサイレンス」は基準比リフト1.129
東京,直線長め・持続型,ダ,短中距離(1400-1600),良,中枠(3-6),母父,ゼンノロブロイ,102,6,23,0.0588,0.2255,23.1,0.0,7.83,0.1997,0.0258,1.129,B,東京ダ短中距離(1400-1600)・良・中枠(3-6)で母父「ゼンノロブロイ」は基準比リフト1.129
阪神,坂あり・パワー型,芝,中距離(1700-2000),良,内枠(1-2),母父,トニービン,85,3,24,0.0353,0.2824,22.2,0.0,6.21,0.2505,0.0319,1.127,B,阪神芝中距離(1700-2000)・良・内枠(1-2)で母父「トニービン」は基準比リフト1.127
新潟,直線長め・平坦型,ダ,中距離(1700-2000),良,中枠(3-6),母父,フジキセキ,120,7,29,0.0583,0.2417,83.4,0.0,7.82,0.2144,0.0273,1.127,B,新潟ダ中距離(1700-2000)・良・中枠(3-6)で母父「フジキセキ」は基準比リフト1.127
阪神,坂あり・パワー型,芝,中距離(1700-2000),良,中枠(3-6),母父,フレンチデピュティ,104,11,28,0.1058,0.2692,45.9,0.0,6.52,0.2399,0.0293,1.122,B,阪神芝中距離(1700-2000)・良・中枠(3-6)で母父「フレンチデピュティ」は基準比リフト1.122
京都,平坦・スピード型,ダ,中距離(1700-2000),良,中枠(3-6),母父,クロフネ,143,14,35,0.0979,0.2448,53.0,0.0,7.63,0.2181,0.0267,1.122,B,京都ダ中距離(1700-2000)・良・中枠(3-6)で母父「クロフネ」は基準比リフト1.122
中山,坂あり・パワー型,芝,中距離(1700-2000),良,中枠(3-6),母父,トニービン,132,9,32,0.0682,0.2424,42.0,0.0,7.69,0.2165,0.0259,1.12,B,中山芝中距離(1700-2000)・良・中枠(3-6)で母父「トニービン」は基準比リフト1.12
東京,直線長め・持続型,ダ,短中距離(1400-1600),稍,中枠(3-6),母父,フジキセキ,118,6,25,0.0508,0.2119,53.8,0.0,8.32,0.1894,0.0225,1.119,B,東京ダ短中距離(1400-1600)・稍・中枠(3-6)で母父「フジキセキ」は基準比リフト1.119
中山,坂あり・パワー型,ダ,中距離(1700-2000),良,中枠(3-6),母父,マンハッタンカフェ,99,8,22,0.0808,0.2222,79.6,0.0,8.78,0.199,0.0232,1.117,B,中山ダ中距離(1700-2000)・良・中枠(3-6)で母父「マンハッタンカフェ」は基準比リフト1.117
京都,平坦・スピード型,芝,短中距離(1400-1600),良,中枠(3-6),母父,アグネスタキオン,113,10,27,0.0885,0.2389,82.2,0.0,8.12,0.2142,0.0247,1.115,B,京都芝短中距離(1400-1600)・良・中枠(3-6)で母父「アグネスタキオン」は基準比リフト1.115
東京,直線長め・持続型,芝,短中距離(1400-1600),良,中枠(3-6),母父,シンボリクリスエス,146,9,33,0.0616,0.226,31.8,0.0,7.31,0.2028,0.0232,1.114,B,東京芝短中距離(1400-1600)・良・中枠(3-6)で母父「シンボリクリスエス」は基準比リフト1.114
東京,直線長め・持続型,ダ,短中距離(1400-1600),良,中枠(3-6),母父,Kingmambo,81,9,18,0.1111,0.2222,122.5,0.0,8.12,0.1997,0.0225,1.113,B,東京ダ短中距離(1400-1600)・良・中枠(3-6)で母父「Kingmambo」は基準比リフト1.113
東京,直線長め・持続型,芝,中距離(1700-2000),良,中枠(3-6),母父,クロフネ,148,11,39,0.0743,0.2635,49.1,0.0,6.7,0.237,0.0265,1.112,B,東京芝中距離(1700-2000)・良・中枠(3-6)で母父「クロフネ」は基準比リフト1.112
東京,直線長め・持続型,芝,短中距離(1400-1600),良,中枠(3-6),母父,ホワイトマズル,89,9,20,0.1011,0.2247,255.8,0.0,7.79,0.2028,0.0219,1.108,B,東京芝短中距離(1400-1600)・良・中枠(3-6)で母父「ホワイトマズル」は基準比リフト1.108
阪神,坂あり・パワー型,芝,短中距離(1400-1600),良,外枠(7-8),母父,フレンチデピュティ,90,8,19,0.0889,0.2111,118.4,0.0,8.37,0.1907,0.0204,1.107,B,阪神芝短中距離(1400-1600)・良・外枠(7-8)で母父「フレンチデピュティ」は基準比リフト1.107
中山,坂あり・パワー型,ダ,中距離(1700-2000),良,内枠(1-2),母父,シンボリクリスエス,88,11,18,0.125,0.2045,181.9,0.0,7.16,0.1848,0.0197,1.107,B,中山ダ中距離(1700-2000)・良・内枠(1-2)で母父「シンボリクリスエス」は基準比リフト1.107
京都,平坦・スピード型,ダ,短距離(1000-1300),良,内枠(1-2),母父,サンデーサイレンス,94,8,22,0.0851,0.234,108.4,0.0,7.23,0.2115,0.0225,1.106,B,京都ダ短距離(1000-1300)・良・内枠(1-2)で母父「サンデーサイレンス」は基準比リフト1.106
中山,坂あり・パワー型,ダ,中距離(1700-2000),良,外枠(7-8),母父,ブライアンズタイム,114,11,28,0.0965,0.2456,65.8,0.0,7.69,0.2226,0.023,1.103,B,中山ダ中距離(1700-2000)・良・外枠(7-8)で母父「ブライアンズタイム」は基準比リフト1.103
京都,平坦・スピード型,芝,中長距離(2100-2400),良,外枠(7-8),母父,サンデーサイレンス,113,6,28,0.0531,0.2478,78.1,0.0,7.29,0.225,0.0228,1.101,B,京都芝中長距離(2100-2400)・良・外枠(7-8)で母父「サンデーサイレンス」は基準比リフト1.101
阪神,坂あり・パワー型,ダ,中距離(1700-2000),良,中枠(3-6),母父,シンボリクリスエス,100,10,25,0.1,0.25,76.4,0.0,7.22,0.2273,0.0227,1.1,B,阪神ダ中距離(1700-2000)・良・中枠(3-6)で母父「シンボリクリスエス」は基準比リフト1.1
小倉,小回り・機動型,芝,短距離(1000-1300),良,外枠(7-8),母父,ブライアンズタイム,101,10,22,0.099,0.2178,116.1,0.0,8.51,0.1981,0.0197,1.099,B,小倉芝短距離(1000-1300)・良・外枠(7-8)で母父「ブライアンズタイム」は基準比リフト1.099
函館,小回り・持続型,芝,短距離(1000-1300),良,中枠(3-6),母父,フジキセキ,90,6,23,0.0667,0.2556,59.7,0.0,7.59,0.2329,0.0227,1.097,B,函館芝短距離(1000-1300)・良・中枠(3-6)で母父「フジキセキ」は基準比リフト1.097
新潟,直線長め・平坦型,芝,中距離(1700-2000),良,中枠(3-6),母父,サンデーサイレンス,361,31,86,0.0859,0.2382,45.5,0.0,7.36,0.2171,0.0211,1.097,B,新潟芝中距離(1700-2000)・良・中枠(3-6)で母父「サンデーサイレンス」は基準比リフト1.097
新潟,直線長め・平坦型,芝,中距離(1700-2000),良,中枠(3-6),母父,アグネスタキオン,84,11,20,0.131,0.2381,86.8,0.0,7.19,0.2171,0.021,1.097,B,新潟芝中距離(1700-2000)・良・中枠(3-6)で母父「アグネスタキオン」は基準比リフト1.097
東京,直線長め・持続型,芝,短中距離(1400-1600),良,中枠(3-6),母父,トニービン,198,13,44,0.0657,0.2222,93.6,0.0,7.65,0.2028,0.0194,1.096,B,東京芝短中距離(1400-1600)・良・中枠(3-6)で母父「トニービン」は基準比リフト1.096
東京,直線長め・持続型,芝,中長距離(2100-2400),良,内枠(1-2),母父,サンデーサイレンス,105,12,30,0.1143,0.2857,77.5,0.0,7.22,0.261,0.0247,1.095,B,東京芝中長距離(2100-2400)・良・内枠(1-2)で母父「サンデーサイレンス」は基準比リフト1.095
新潟,直線長め・平坦型,ダ,中距離(1700-2000),良,中枠(3-6),母父,クロフネ,98,8,23,0.0816,0.2347,69.1,0.0,7.02,0.2144,0.0203,1.095,B,新潟ダ中距離(1700-2000)・良・中枠(3-6)で母父「クロフネ」は基準比リフト1.095
東京,直線長め・持続型,ダ,短中距離(1400-1600),良,内枠(1-2),母父,アフリート,98,7,18,0.0714,0.1837,27.2,0.0,8.06,0.1677,0.016,1.095,B,東京ダ短中距離(1400-1600)・良・内枠(1-2)で母父「アフリート」は基準比リフト1.095
東京,直線長め・持続型,ダ,短中距離(1400-1600),重不良,中枠(3-6),母父,フジキセキ,80,3,17,0.0375,0.2125,16.9,0.0,7.72,0.1943,0.0182,1.094,B,東京ダ短中距離(1400-1600)・重不良・中枠(3-6)で母父「フジキセキ」は基準比リフト1.094
東京,直線長め・持続型,ダ,短中距離(1400-1600),良,内枠(1-2),母父,キングカメハメハ,109,6,20,0.055,0.1835,65.9,0.0,7.26,0.1677,0.0158,1.094,B,東京ダ短中距離(1400-1600)・良・内枠(1-2)で母父「キングカメハメハ」は基準比リフト1.094
福島,小回り・機動型,ダ,中距離(1700-2000),良,中枠(3-6),母父,サンデーサイレンス,274,21,60,0.0766,0.219,39.1,0.0,6.95,0.2003,0.0187,1.093,B,福島ダ中距離(1700-2000)・良・中枠(3-6)で母父「サンデーサイレンス」は基準比リフト1.093
函館,小回り・持続型,芝,短距離(1000-1300),良,中枠(3-6),母父,サクラバクシンオー,122,12,31,0.0984,0.2541,93.3,0.0,6.77,0.2329,0.0212,1.091,B,函館芝短距離(1000-1300)・良・中枠(3-6)で母父「サクラバクシンオー」は基準比リフト1.091
札幌,小回り・持続型,ダ,中距離(1700-2000),良,中枠(3-6),母父,サンデーサイレンス,208,16,56,0.0769,0.2692,48.0,0.0,6.42,0.2469,0.0223,1.09,B,札幌ダ中距離(1700-2000)・良・中枠(3-6)で母父「サンデーサイレンス」は基準比リフト1.09
札幌,小回り・持続型,芝,中距離(1700-2000),良,中枠(3-6),母父,サンデーサイレンス,238,19,63,0.0798,0.2647,80.2,0.0,6.52,0.2428,0.0219,1.09,B,札幌芝中距離(1700-2000)・良・中枠(3-6)で母父「サンデーサイレンス」は基準比リフト1.09
阪神,坂あり・パワー型,芝,中距離(1700-2000),良,中枠(3-6),母父,サンデーサイレンス,536,53,140,0.0989,0.2612,91.8,0.0,6.46,0.2399,0.0213,1.089,B,阪神芝中距離(1700-2000)・良・中枠(3-6)で母父「サンデーサイレンス」は基準比リフト1.089
東京,直線長め・持続型,芝,中距離(1700-2000),良,中枠(3-6),母父,ディープインパクト,155,14,40,0.0903,0.2581,44.3,0.0,6.81,0.237,0.0211,1.089,B,東京芝中距離(1700-2000)・良・中枠(3-6)で母父「ディープインパクト」は基準比リフト1.089
阪神,坂あり・パワー型,芝,中長距離(2100-2400),良,外枠(7-8),母父,サンデーサイレンス,100,7,24,0.07,0.24,43.9,0.0,6.34,0.2204,0.0196,1.089,B,阪神芝中長距離(2100-2400)・良・外枠(7-8)で母父「サンデーサイレンス」は基準比リフト1.089
東京,直線長め・持続型,芝,中距離(1700-2000),良,外枠(7-8),母父,サンデーサイレンス,388,35,91,0.0902,0.2345,65.1,0.0,6.98,0.2154,0.0191,1.089,B,東京芝中距離(1700-2000)・良・外枠(7-8)で母父「サンデーサイレンス」は基準比リフト1.089
東京,直線長め・持続型,ダ,短中距離(1400-1600),良,中枠(3-6),母父,ブライアンズタイム,377,18,82,0.0477,0.2175,103.5,0.0,8.12,0.1997,0.0178,1.089,B,東京ダ短中距離(1400-1600)・良・中枠(3-6)で母父「ブライアンズタイム」は基準比リフト1.089
福島,小回り・機動型,芝,短距離(1000-1300),良,外枠(7-8),母父,サンデーサイレンス,131,8,28,0.0611,0.2137,56.5,0.0,7.32,0.1962,0.0175,1.089,B,福島芝短距離(1000-1300)・良・外枠(7-8)で母父「サンデーサイレンス」は基準比リフト1.089
阪神,坂あり・パワー型,ダ,短距離(1000-1300),良,中枠(3-6),母父,サンデーサイレンス,155,11,35,0.071,0.2258,75.7,0.0,8.1,0.2076,0.0182,1.088,B,阪神ダ短距離(1000-1300)・良・中枠(3-6)で母父「サンデーサイレンス」は基準比リフト1.088
福島,小回り・機動型,ダ,中距離(1700-2000),良,中枠(3-6),母父,フジキセキ,115,7,25,0.0609,0.2174,59.6,0.0,7.75,0.2003,0.0171,1.085,B,福島ダ中距離(1700-2000)・良・中枠(3-6)で母父「フジキセキ」は基準比リフト1.085
新潟,直線長め・平坦型,芝,短距離(1000-1300),良,中枠(3-6),母父,サクラバクシンオー,113,6,21,0.0531,0.1858,98.1,0.0,8.19,0.1712,0.0146,1.085,B,新潟芝短距離(1000-1300)・良・中枠(3-6)で母父「サクラバクシンオー」は基準比リフト1.085
京都,平坦・スピード型,ダ,短中距離(1400-1600),良,中枠(3-6),母父,ダンスインザダーク,97,8,21,0.0825,0.2165,33.0,0.0,8.43,0.2,0.0165,1.082,B,京都ダ短中距離(1400-1600)・良・中枠(3-6)で母父「ダンスインザダーク」は基準比リフト1.082
小倉,小回り・機動型,芝,短距離(1000-1300),良,中枠(3-6),母父,フジキセキ,223,12,47,0.0538,0.2108,40.5,0.0,8.39,0.1949,0.0159,1.082,B,小倉芝短距離(1000-1300)・良・中枠(3-6)で母父「フジキセキ」は基準比リフト1.082
阪神,坂あり・パワー型,ダ,短中距離(1400-1600),良,中枠(3-6),母父,フジキセキ,123,8,27,0.065,0.2195,82.1,0.0,7.81,0.2031,0.0164,1.081,B,阪神ダ短中距離(1400-1600)・良・中枠(3-6)で母父「フジキセキ」は基準比リフト1.081
福島,小回り・機動型,芝,短距離(1000-1300),良,中枠(3-6),母父,フジキセキ,152,10,31,0.0658,0.2039,70.3,0.0,7.62,0.1887,0.0152,1.081,B,福島芝短距離(1000-1300)・良・中枠(3-6)で母父「フジキセキ」は基準比リフト1.081
阪神,坂あり・パワー型,芝,中距離(1700-2000),良,中枠(3-6),母父,ダンスインザダーク,139,10,36,0.0719,0.259,50.4,0.0,7.48,0.2399,0.0191,1.08,B,阪神芝中距離(1700-2000)・良・中枠(3-6)で母父「ダンスインザダーク」は基準比リフト1.08
中京,直線長め・持続型,芝,中距離(1700-2000),良,中枠(3-6),母父,サンデーサイレンス,235,22,56,0.0936,0.2383,69.2,0.0,7.83,0.2207,0.0176,1.08,B,中京芝中距離(1700-2000)・良・中枠(3-6)で母父「サンデーサイレンス」は基準比リフト1.08
京都,平坦・スピード型,ダ,中距離(1700-2000),良,中枠(3-6),母父,フォーティナイナー,102,8,24,0.0784,0.2353,157.9,0.0,7.82,0.2181,0.0172,1.079,B,京都ダ中距離(1700-2000)・良・中枠(3-6)で母父「フォーティナイナー」は基準比リフト1.079
京都,平坦・スピード型,ダ,中距離(1700-2000),良,外枠(7-8),母父,ブライアンズタイム,148,12,33,0.0811,0.223,78.0,0.0,8.11,0.2066,0.0164,1.079,B,京都ダ中距離(1700-2000)・良・外枠(7-8)で母父「ブライアンズタイム」は基準比リフト1.079
中山,坂あり・パワー型,ダ,中距離(1700-2000),良,中枠(3-6),母父,ディープインパクト,126,9,27,0.0714,0.2143,56.0,0.0,7.25,0.199,0.0153,1.077,B,中山ダ中距離(1700-2000)・良・中枠(3-6)で母父「ディープインパクト」は基準比リフト1.077
東京,直線長め・持続型,ダ,短中距離(1400-1600),良,中枠(3-6),母父,スペシャルウィーク,219,10,47,0.0457,0.2146,26.6,0.0,8.29,0.1997,0.0149,1.075,B,東京ダ短中距離(1400-1600)・良・中枠(3-6)で母父「スペシャルウィーク」は基準比リフト1.075
阪神,坂あり・パワー型,ダ,中距離(1700-2000),稍,中枠(3-6),母父,サンデーサイレンス,169,15,38,0.0888,0.2249,62.3,0.0,6.76,0.2095,0.0154,1.074,B,阪神ダ中距離(1700-2000)・稍・中枠(3-6)で母父「サンデーサイレンス」は基準比リフト1.074
小倉,小回り・機動型,芝,短距離(1000-1300),良,中枠(3-6),母父,ディープインパクト,86,6,18,0.0698,0.2093,28.4,0.0,7.92,0.1949,0.0144,1.074,B,小倉芝短距離(1000-1300)・良・中枠(3-6)で母父「ディープインパクト」は基準比リフト1.074
中山,坂あり・パワー型,ダ,中距離(1700-2000),稍,中枠(3-6),母父,ブライアンズタイム,103,15,23,0.1456,0.2233,112.5,0.0,8.44,0.2081,0.0152,1.073,B,中山ダ中距離(1700-2000)・稍・中枠(3-6)で母父「ブライアンズタイム」は基準比リフト1.073
小倉,小回り・機動型,芝,中距離(1700-2000),良,外枠(7-8),母父,フジキセキ,91,6,20,0.0659,0.2198,113.1,0.0,7.92,0.2048,0.015,1.073,B,小倉芝中距離(1700-2000)・良・外枠(7-8)で母父「フジキセキ」は基準比リフト1.073
阪神,坂あり・パワー型,ダ,中距離(1700-2000),良,内枠(1-2),母父,サンデーサイレンス,172,12,38,0.0698,0.2209,111.3,0.0,6.37,0.206,0.0149,1.072,B,阪神ダ中距離(1700-2000)・良・内枠(1-2)で母父「サンデーサイレンス」は基準比リフト1.072
中山,坂あり・パワー型,芝,中距離(1700-2000),良,外枠(7-8),母父,アグネスタキオン,90,5,20,0.0556,0.2222,25.9,0.0,7.17,0.2074,0.0148,1.071,B,中山芝中距離(1700-2000)・良・外枠(7-8)で母父「アグネスタキオン」は基準比リフト1.071
函館,小回り・持続型,ダ,中距離(1700-2000),良,外枠(7-8),母父,サンデーサイレンス,109,7,28,0.0642,0.2569,27.1,0.0,5.68,0.2402,0.0167,1.07,B,函館ダ中距離(1700-2000)・良・外枠(7-8)で母父「サンデーサイレンス」は基準比リフト1.07
東京,直線長め・持続型,ダ,短中距離(1400-1600),良,中枠(3-6),母父,Storm Cat,103,7,22,0.068,0.2136,63.4,0.0,7.19,0.1997,0.0139,1.07,B,東京ダ短中距離(1400-1600)・良・中枠(3-6)で母父「Storm Cat」は基準比リフト1.07
中山,坂あり・パワー型,ダ,中距離(1700-2000),良,中枠(3-6),母父,フジキセキ,240,17,51,0.0708,0.2125,49.3,0.0,7.48,0.199,0.0135,1.068,B,中山ダ中距離(1700-2000)・良・中枠(3-6)で母父「フジキセキ」は基準比リフト1.068
京都,平坦・スピード型,芝,短中距離(1400-1600),良,中枠(3-6),母父,サンデーサイレンス,442,33,101,0.0747,0.2285,72.6,0.0,7.6,0.2142,0.0143,1.067,B,京都芝短中距離(1400-1600)・良・中枠(3-6)で母父「サンデーサイレンス」は基準比リフト1.067
東京,直線長め・持続型,芝,短中距離(1400-1600),良,外枠(7-8),母父,シンボリクリスエス,99,9,21,0.0909,0.2121,55.5,0.0,7.36,0.1988,0.0133,1.067,B,東京芝短中距離(1400-1600)・良・外枠(7-8)で母父「シンボリクリスエス」は基準比リフト1.067
中山,坂あり・パワー型,ダ,中距離(1700-2000),良,中枠(3-6),母父,アフリート,151,11,32,0.0728,0.2119,31.3,0.0,7.41,0.199,0.0129,1.065,B,中山ダ中距離(1700-2000)・良・中枠(3-6)で母父「アフリート」は基準比リフト1.065
中山,坂あり・パワー型,ダ,中距離(1700-2000),良,外枠(7-8),母父,フジキセキ,114,8,27,0.0702,0.2368,82.4,0.0,7.73,0.2226,0.0142,1.064,B,中山ダ中距離(1700-2000)・良・外枠(7-8)で母父「フジキセキ」は基準比リフト1.064
阪神,坂あり・パワー型,ダ,中距離(1700-2000),良,外枠(7-8),母父,シンボリクリスエス,84,5,21,0.0595,0.25,58.1,0.0,7.1,0.2351,0.0149,1.063,B,阪神ダ中距離(1700-2000)・良・外枠(7-8)で母父「シンボリクリスエス」は基準比リフト1.063
福島,小回り・機動型,芝,長距離(2500以上),良,中枠(3-6),母父,サンデーサイレンス,140,13,36,0.0929,0.2571,122.9,0.0,6.9,0.2423,0.0148,1.061,B,福島芝長距離(2500以上)・良・中枠(3-6)で母父「サンデーサイレンス」は基準比リフト1.061
阪神,坂あり・パワー型,ダ,短中距離(1400-1600),良,中枠(3-6),母父,ブライアンズタイム,116,9,25,0.0776,0.2155,69.1,0.0,7.67,0.2031,0.0124,1.061,B,阪神ダ短中距離(1400-1600)・良・中枠(3-6)で母父「ブライアンズタイム」は基準比リフト1.061
京都,平坦・スピード型,芝,中距離(1700-2000),良,中枠(3-6),母父,ダンスインザダーク,127,13,33,0.1024,0.2598,69.0,0.0,7.46,0.2454,0.0144,1.059,B,京都芝中距離(1700-2000)・良・中枠(3-6)で母父「ダンスインザダーク」は基準比リフト1.059
函館,小回り・持続型,芝,短距離(1000-1300),良,中枠(3-6),母父,サンデーサイレンス,223,20,55,0.0897,0.2466,114.1,0.0,7.07,0.2329,0.0137,1.059,B,函館芝短距離(1000-1300)・良・中枠(3-6)で母父「サンデーサイレンス」は基準比リフト1.059
新潟,直線長め・平坦型,芝,短中距離(1400-1600),良,中枠(3-6),母父,フレンチデピュティ,97,7,20,0.0722,0.2062,48.4,0.0,7.89,0.1947,0.0115,1.059,B,新潟芝短中距離(1400-1600)・良・中枠(3-6)で母父「フレンチデピュティ」は基準比リフト1.059
中山,坂あり・パワー型,ダ,中距離(1700-2000),良,内枠(1-2),母父,アグネスタキオン,92,6,18,0.0652,0.1957,80.9,0.0,7.92,0.1848,0.0109,1.059,B,中山ダ中距離(1700-2000)・良・内枠(1-2)で母父「アグネスタキオン」は基準比リフト1.059
東京,直線長め・持続型,ダ,短中距離(1400-1600),良,内枠(1-2),母父,ダンスインザダーク,152,6,27,0.0395,0.1776,18.3,0.0,8.42,0.1677,0.0099,1.059,B,東京ダ短中距離(1400-1600)・良・内枠(1-2)で母父「ダンスインザダーク」は基準比リフト1.059
京都,平坦・スピード型,ダ,中距離(1700-2000),良,中枠(3-6),母父,キングカメハメハ,117,9,27,0.0769,0.2308,76.1,0.0,7.51,0.2181,0.0127,1.058,B,京都ダ中距離(1700-2000)・良・中枠(3-6)で母父「キングカメハメハ」は基準比リフト1.058
小倉,小回り・機動型,ダ,中距離(1700-2000),稍,中枠(3-6),母父,サンデーサイレンス,101,12,22,0.1188,0.2178,53.1,0.0,6.89,0.2059,0.0119,1.058,B,小倉ダ中距離(1700-2000)・稍・中枠(3-6)で母父「サンデーサイレンス」は基準比リフト1.058
小倉,小回り・機動型,芝,短距離(1000-1300),良,中枠(3-6),母父,アグネスタキオン,126,4,26,0.0317,0.2063,26.9,0.0,8.48,0.1949,0.0114,1.058,B,小倉芝短距離(1000-1300)・良・中枠(3-6)で母父「アグネスタキオン」は基準比リフト1.058
福島,小回り・機動型,ダ,中距離(1700-2000),良,外枠(7-8),母父,サンデーサイレンス,130,16,30,0.1231,0.2308,170.2,0.0,7.88,0.2183,0.0125,1.057,B,福島ダ中距離(1700-2000)・良・外枠(7-8)で母父「サンデーサイレンス」は基準比リフト1.057
京都,平坦・スピード型,ダ,短距離(1000-1300),良,中枠(3-6),母父,ブライアンズタイム,131,12,27,0.0916,0.2061,243.6,0.0,8.18,0.1949,0.0112,1.057,B,京都ダ短距離(1000-1300)・良・中枠(3-6)で母父「ブライアンズタイム」は基準比リフト1.057
京都,平坦・スピード型,芝,短中距離(1400-1600),良,外枠(7-8),母父,トニービン,88,7,18,0.0795,0.2045,78.0,0.0,7.59,0.1935,0.011,1.057,B,京都芝短中距離(1400-1600)・良・外枠(7-8)で母父「トニービン」は基準比リフト1.057
東京,直線長め・持続型,ダ,短中距離(1400-1600),稍,中枠(3-6),母父,フレンチデピュティ,95,7,19,0.0737,0.2,104.5,0.0,8.15,0.1894,0.0106,1.056,B,東京ダ短中距離(1400-1600)・稍・中枠(3-6)で母父「フレンチデピュティ」は基準比リフト1.056
福島,小回り・機動型,芝,中距離(1700-2000),良,中枠(3-6),母父,フレンチデピュティ,91,8,21,0.0879,0.2308,97.9,0.0,7.32,0.2188,0.012,1.055,B,福島芝中距離(1700-2000)・良・中枠(3-6)で母父「フレンチデピュティ」は基準比リフト1.055
小倉,小回り・機動型,芝,短距離(1000-1300),良,中枠(3-6),母父,フレンチデピュティ,107,6,22,0.0561,0.2056,36.2,0.0,7.5,0.1949,0.0107,1.055,B,小倉芝短距離(1000-1300)・良・中枠(3-6)で母父「フレンチデピュティ」は基準比リフト1.055
函館,小回り・持続型,芝,中距離(1700-2000),良,中枠(3-6),母父,サンデーサイレンス,242,21,61,0.0868,0.2521,52.3,0.0,6.49,0.2397,0.0124,1.052,B,函館芝中距離(1700-2000)・良・中枠(3-6)で母父「サンデーサイレンス」は基準比リフト1.052
京都,平坦・スピード型,芝,短中距離(1400-1600),良,内枠(1-2),母父,フジキセキ,87,7,20,0.0805,0.2299,38.9,0.0,8.33,0.2185,0.0114,1.052,B,京都芝短中距離(1400-1600)・良・内枠(1-2)で母父「フジキセキ」は基準比リフト1.052
京都,平坦・スピード型,ダ,中距離(1700-2000),良,中枠(3-6),母父,トニービン,109,10,25,0.0917,0.2294,177.1,0.0,7.51,0.2181,0.0113,1.052,B,京都ダ中距離(1700-2000)・良・中枠(3-6)で母父「トニービン」は基準比リフト1.052
中京,直線長め・持続型,芝,短中距離(1400-1600),良,中枠(3-6),母父,ダンスインザダーク,102,5,22,0.049,0.2157,78.6,0.0,8.96,0.2051,0.0106,1.052,B,中京芝短中距離(1400-1600)・良・中枠(3-6)で母父「ダンスインザダーク」は基準比リフト1.052
東京,直線長め・持続型,ダ,短中距離(1400-1600),良,中枠(3-6),母父,アグネスタキオン,281,20,59,0.0712,0.21,94.4,0.0,8.09,0.1997,0.0103,1.052,B,東京ダ短中距離(1400-1600)・良・中枠(3-6)で母父「アグネスタキオン」は基準比リフト1.052
新潟,直線長め・平坦型,芝,長距離(2500以上),良,中枠(3-6),母父,サンデーサイレンス,114,11,27,0.0965,0.2368,64.0,0.0,6.75,0.2255,0.0113,1.05,B,新潟芝長距離(2500以上)・良・中枠(3-6)で母父「サンデーサイレンス」は基準比リフト1.05
福島,小回り・機動型,ダ,短距離(1000-1300),良,中枠(3-6),母父,サクラバクシンオー,86,5,17,0.0581,0.1977,34.8,0.0,8.35,0.1882,0.0095,1.05,B,福島ダ短距離(1000-1300)・良・中枠(3-6)で母父「サクラバクシンオー」は基準比リフト1.05
中山,坂あり・パワー型,ダ,短距離(1000-1300),良,内枠(1-2),母父,クロフネ,68,8,25,0.1176,0.3676,179.3,0.0,6.87,0.1768,0.1908,2.079,C,中山ダ短距離(1000-1300)・良・内枠(1-2)で母父「クロフネ」は基準比リフト2.079
京都,平坦・スピード型,ダ,短中距離(1400-1600),良,中枠(3-6),母父,ジェイドロバリー,59,5,22,0.0847,0.3729,130.5,0.0,6.73,0.2,0.1729,1.864,C,京都ダ短中距離(1400-1600)・良・中枠(3-6)で母父「ジェイドロバリー」は基準比リフト1.864
東京,直線長め・持続型,芝,中距離(1700-2000),良,外枠(7-8),母父,Storm Cat,53,8,21,0.1509,0.3962,49.4,0.0,4.94,0.2154,0.1808,1.839,C,東京芝中距離(1700-2000)・良・外枠(7-8)で母父「Storm Cat」は基準比リフト1.839
中山,坂あり・パワー型,芝,中距離(1700-2000),良,外枠(7-8),母父,シンボリクリスエス,77,8,29,0.1039,0.3766,113.9,0.0,7.26,0.2074,0.1692,1.816,C,中山芝中距離(1700-2000)・良・外枠(7-8)で母父「シンボリクリスエス」は基準比リフト1.816
福島,小回り・機動型,芝,短距離(1000-1300),良,中枠(3-6),母父,トニービン,72,6,24,0.0833,0.3333,43.6,0.0,7.1,0.1887,0.1446,1.766,C,福島芝短距離(1000-1300)・良・中枠(3-6)で母父「トニービン」は基準比リフト1.766
東京,直線長め・持続型,ダ,中長距離(2100-2400),良,中枠(3-6),母父,キングカメハメハ,57,8,22,0.1404,0.386,59.6,0.0,6.11,0.2214,0.1646,1.743,C,東京ダ中長距離(2100-2400)・良・中枠(3-6)で母父「キングカメハメハ」は基準比リフト1.743
中山,坂あり・パワー型,ダ,中距離(1700-2000),良,内枠(1-2),母父,キングカメハメハ,78,9,25,0.1154,0.3205,191.4,0.0,7.05,0.1848,0.1357,1.734,C,中山ダ中距離(1700-2000)・良・内枠(1-2)で母父「キングカメハメハ」は基準比リフト1.734
札幌,小回り・持続型,芝,短距離(1000-1300),良,中枠(3-6),母父,サクラバクシンオー,64,7,23,0.1094,0.3594,87.0,0.0,6.16,0.2078,0.1516,1.73,C,札幌芝短距離(1000-1300)・良・中枠(3-6)で母父「サクラバクシンオー」は基準比リフト1.73
中山,坂あり・パワー型,ダ,短距離(1000-1300),良,中枠(3-6),母父,サウスヴィグラス,57,7,19,0.1228,0.3333,55.6,0.0,7.0,0.1927,0.1406,1.73,C,中山ダ短距離(1000-1300)・良・中枠(3-6)で母父「サウスヴィグラス」は基準比リフト1.73
中京,直線長め・持続型,ダ,短距離(1000-1300),良,中枠(3-6),母父,サクラバクシンオー,54,4,17,0.0741,0.3148,30.0,0.0,8.02,0.182,0.1328,1.73,C,中京ダ短距離(1000-1300)・良・中枠(3-6)で母父「サクラバクシンオー」は基準比リフト1.73
東京,直線長め・持続型,芝,中距離(1700-2000),良,内枠(1-2),母父,ディープインパクト,67,11,27,0.1642,0.403,132.2,0.0,6.13,0.2345,0.1685,1.719,C,東京芝中距離(1700-2000)・良・内枠(1-2)で母父「ディープインパクト」は基準比リフト1.719
中山,坂あり・パワー型,芝,中距離(1700-2000),良,中枠(3-6),母父,Storm Cat,57,8,21,0.1404,0.3684,32.6,0.0,4.68,0.2165,0.1519,1.702,C,中山芝中距離(1700-2000)・良・中枠(3-6)で母父「Storm Cat」は基準比リフト1.702
京都,平坦・スピード型,芝,中距離(1700-2000),良,外枠(7-8),母父,ディープインパクト,58,7,22,0.1207,0.3793,36.7,0.0,5.52,0.2263,0.153,1.676,C,京都芝中距離(1700-2000)・良・外枠(7-8)で母父「ディープインパクト」は基準比リフト1.676
福島,小回り・機動型,芝,中距離(1700-2000),良,内枠(1-2),母父,トニービン,52,6,18,0.1154,0.3462,31.9,0.0,6.6,0.2066,0.1396,1.676,C,福島芝中距離(1700-2000)・良・内枠(1-2)で母父「トニービン」は基準比リフト1.676
京都,平坦・スピード型,芝,短中距離(1400-1600),良,中枠(3-6),母父,Caerleon,70,7,25,0.1,0.3571,52.0,0.0,7.96,0.2142,0.1429,1.667,C,京都芝短中距離(1400-1600)・良・中枠(3-6)で母父「Caerleon」は基準比リフト1.667
中京,直線長め・持続型,芝,短中距離(1400-1600),良,外枠(7-8),母父,ディープインパクト,61,10,20,0.1639,0.3279,153.9,0.0,6.34,0.1978,0.1301,1.658,C,中京芝短中距離(1400-1600)・良・外枠(7-8)で母父「ディープインパクト」は基準比リフト1.658
中京,直線長め・持続型,芝,短距離(1000-1300),良,中枠(3-6),母父,ブライアンズタイム,52,5,17,0.0962,0.3269,53.3,0.0,7.08,0.1973,0.1296,1.657,C,中京芝短距離(1000-1300)・良・中枠(3-6)で母父「ブライアンズタイム」は基準比リフト1.657
中山,坂あり・パワー型,ダ,短距離(1000-1300),良,中枠(3-6),母父,バブルガムフェロー,72,6,23,0.0833,0.3194,26.1,0.0,8.08,0.1927,0.1267,1.657,C,中山ダ短距離(1000-1300)・良・中枠(3-6)で母父「バブルガムフェロー」は基準比リフト1.657
小倉,小回り・機動型,芝,短距離(1000-1300),良,外枠(7-8),母父,ディープインパクト,55,8,18,0.1455,0.3273,99.1,0.0,7.84,0.1981,0.1292,1.652,C,小倉芝短距離(1000-1300)・良・外枠(7-8)で母父「ディープインパクト」は基準比リフト1.652
中京,直線長め・持続型,芝,短距離(1000-1300),良,外枠(7-8),母父,サンデーサイレンス,79,8,21,0.1013,0.2658,94.6,0.0,8.19,0.1628,0.103,1.633,C,中京芝短距離(1000-1300)・良・外枠(7-8)で母父「サンデーサイレンス」は基準比リフト1.633
京都,平坦・スピード型,ダ,中距離(1700-2000),良,内枠(1-2),母父,スペシャルウィーク,72,6,27,0.0833,0.375,263.6,0.0,7.11,0.2314,0.1436,1.621,C,京都ダ中距離(1700-2000)・良・内枠(1-2)で母父「スペシャルウィーク」は基準比リフト1.621
中京,直線長め・持続型,ダ,短距離(1000-1300),良,外枠(7-8),母父,サンデーサイレンス,59,9,19,0.1525,0.322,152.7,0.0,7.8,0.1988,0.1232,1.62,C,中京ダ短距離(1000-1300)・良・外枠(7-8)で母父「サンデーサイレンス」は基準比リフト1.62
阪神,坂あり・パワー型,ダ,中距離(1700-2000),良,中枠(3-6),母父,ゴールドアリュール,77,10,28,0.1299,0.3636,87.7,0.0,6.3,0.2273,0.1363,1.6,C,阪神ダ中距離(1700-2000)・良・中枠(3-6)で母父「ゴールドアリュール」は基準比リフト1.6
阪神,坂あり・パワー型,ダ,中距離(1700-2000),良,中枠(3-6),母父,ネオユニヴァース,77,9,28,0.1169,0.3636,162.3,0.0,7.25,0.2273,0.1363,1.6,C,阪神ダ中距離(1700-2000)・良・中枠(3-6)で母父「ネオユニヴァース」は基準比リフト1.6
阪神,坂あり・パワー型,芝,中距離(1700-2000),良,外枠(7-8),母父,クロフネ,78,11,29,0.141,0.3718,112.4,0.0,5.83,0.2332,0.1386,1.594,C,阪神芝中距離(1700-2000)・良・外枠(7-8)で母父「クロフネ」は基準比リフト1.594
京都,平坦・スピード型,芝,中距離(1700-2000),良,中枠(3-6),母父,シンボリクリスエス,72,13,28,0.1806,0.3889,55.6,0.0,6.22,0.2454,0.1435,1.585,C,京都芝中距離(1700-2000)・良・中枠(3-6)で母父「シンボリクリスエス」は基準比リフト1.585
中山,坂あり・パワー型,ダ,中距離(1700-2000),良,中枠(3-6),母父,Storm Cat,51,6,16,0.1176,0.3137,283.7,0.0,7.2,0.199,0.1147,1.576,C,中山ダ中距離(1700-2000)・良・中枠(3-6)で母父「Storm Cat」は基準比リフト1.576
新潟,直線長め・平坦型,芝,短中距離(1400-1600),良,中枠(3-6),母父,アグネスタキオン,75,11,23,0.1467,0.3067,178.1,0.0,7.25,0.1947,0.112,1.575,C,新潟芝短中距離(1400-1600)・良・中枠(3-6)で母父「アグネスタキオン」は基準比リフト1.575
東京,直線長め・持続型,ダ,短中距離(1400-1600),良,内枠(1-2),母父,Storm Cat,53,7,14,0.1321,0.2642,56.6,0.0,7.57,0.1677,0.0965,1.575,C,東京ダ短中距離(1400-1600)・良・内枠(1-2)で母父「Storm Cat」は基準比リフト1.575
東京,直線長め・持続型,ダ,短中距離(1400-1600),良,内枠(1-2),母父,ディープインパクト,65,3,17,0.0462,0.2615,23.2,0.0,7.65,0.1677,0.0938,1.559,C,東京ダ短中距離(1400-1600)・良・内枠(1-2)で母父「ディープインパクト」は基準比リフト1.559
東京,直線長め・持続型,ダ,中長距離(2100-2400),良,中枠(3-6),母父,スペシャルウィーク,58,7,20,0.1207,0.3448,150.2,0.0,6.88,0.2214,0.1234,1.557,C,東京ダ中長距離(2100-2400)・良・中枠(3-6)で母父「スペシャルウィーク」は基準比リフト1.557
中山,坂あり・パワー型,ダ,中距離(1700-2000),良,外枠(7-8),母父,スペシャルウィーク,78,13,27,0.1667,0.3462,236.9,0.0,7.06,0.2226,0.1236,1.555,C,中山ダ中距離(1700-2000)・良・外枠(7-8)で母父「スペシャルウィーク」は基準比リフト1.555
中山,坂あり・パワー型,ダ,短距離(1000-1300),良,外枠(7-8),母父,ネオユニヴァース,54,4,17,0.0741,0.3148,32.6,0.0,7.39,0.2034,0.1114,1.548,C,中山ダ短距離(1000-1300)・良・外枠(7-8)で母父「ネオユニヴァース」は基準比リフト1.548
東京,直線長め・持続型,芝,中距離(1700-2000),良,外枠(7-8),母父,フレンチデピュティ,57,7,19,0.1228,0.3333,210.0,0.0,7.39,0.2154,0.1179,1.547,C,東京芝中距離(1700-2000)・良・外枠(7-8)で母父「フレンチデピュティ」は基準比リフト1.547
福島,小回り・機動型,ダ,中距離(1700-2000),良,中枠(3-6),母父,アフリート,78,12,24,0.1538,0.3077,144.0,0.0,7.26,0.2003,0.1074,1.536,C,福島ダ中距離(1700-2000)・良・中枠(3-6)で母父「アフリート」は基準比リフト1.536
東京,直線長め・持続型,ダ,短中距離(1400-1600),良,中枠(3-6),母父,Fusaichi Pegasus,79,6,24,0.0759,0.3038,62.9,0.0,7.03,0.1997,0.1041,1.521,C,東京ダ短中距離(1400-1600)・良・中枠(3-6)で母父「Fusaichi Pegasus」は基準比リフト1.521
東京,直線長め・持続型,芝,短中距離(1400-1600),良,外枠(7-8),母父,ファルブラヴ,53,5,16,0.0943,0.3019,362.3,0.0,6.68,0.1988,0.1031,1.519,C,東京芝短中距離(1400-1600)・良・外枠(7-8)で母父「ファルブラヴ」は基準比リフト1.519
新潟,直線長め・平坦型,芝,短中距離(1400-1600),良,中枠(3-6),母父,ディープインパクト,75,9,22,0.12,0.2933,128.8,0.0,7.76,0.1947,0.0986,1.506,C,新潟芝短中距離(1400-1600)・良・中枠(3-6)で母父「ディープインパクト」は基準比リフト1.506
京都,平坦・スピード型,芝,中距離(1700-2000),良,中枠(3-6),母父,Storm Cat,65,7,24,0.1077,0.3692,34.9,0.0,5.85,0.2454,0.1238,1.504,C,京都芝中距離(1700-2000)・良・中枠(3-6)で母父「Storm Cat」は基準比リフト1.504
函館,小回り・持続型,ダ,中距離(1700-2000),良,中枠(3-6),母父,クロフネ,51,7,18,0.1373,0.3529,58.4,0.0,5.49,0.2356,0.1173,1.498,C,函館ダ中距離(1700-2000)・良・中枠(3-6)で母父「クロフネ」は基準比リフト1.498
中京,直線長め・持続型,芝,中距離(1700-2000),良,中枠(3-6),母父,キングカメハメハ,76,9,25,0.1184,0.3289,62.4,0.0,6.07,0.2207,0.1082,1.49,C,中京芝中距離(1700-2000)・良・中枠(3-6)で母父「キングカメハメハ」は基準比リフト1.49
東京,直線長め・持続型,芝,短中距離(1400-1600),良,中枠(3-6),母父,サクラユタカオー,53,5,16,0.0943,0.3019,61.3,0.0,7.62,0.2028,0.0991,1.489,C,東京芝短中距離(1400-1600)・良・中枠(3-6)で母父「サクラユタカオー」は基準比リフト1.489
中山,坂あり・パワー型,芝,中距離(1700-2000),良,外枠(7-8),母父,ディープインパクト,78,8,24,0.1026,0.3077,72.7,0.0,7.0,0.2074,0.1003,1.484,C,中山芝中距離(1700-2000)・良・外枠(7-8)で母父「ディープインパクト」は基準比リフト1.484
小倉,小回り・機動型,芝,短距離(1000-1300),良,中枠(3-6),母父,サクラユタカオー,52,7,15,0.1346,0.2885,129.6,0.0,7.29,0.1949,0.0936,1.48,C,小倉芝短距離(1000-1300)・良・中枠(3-6)で母父「サクラユタカオー」は基準比リフト1.48
小倉,小回り・機動型,ダ,短距離(1000-1300),良,中枠(3-6),母父,サンデーサイレンス,76,10,25,0.1316,0.3289,134.2,0.0,7.13,0.2229,0.106,1.476,C,小倉ダ短距離(1000-1300)・良・中枠(3-6)で母父「サンデーサイレンス」は基準比リフト1.476
新潟,直線長め・平坦型,ダ,短距離(1000-1300),稍,中枠(3-6),母父,サンデーサイレンス,68,5,20,0.0735,0.2941,60.1,0.0,6.97,0.1993,0.0948,1.476,C,新潟ダ短距離(1000-1300)・稍・中枠(3-6)で母父「サンデーサイレンス」は基準比リフト1.476
新潟,直線長め・平坦型,ダ,中距離(1700-2000),良,外枠(7-8),母父,ダンスインザダーク,66,3,22,0.0455,0.3333,19.2,0.0,7.29,0.226,0.1073,1.475,C,新潟ダ中距離(1700-2000)・良・外枠(7-8)で母父「ダンスインザダーク」は基準比リフト1.475
札幌,小回り・持続型,ダ,短距離(1000-1300),良,中枠(3-6),母父,サンデーサイレンス,61,4,23,0.0656,0.377,75.6,0.0,6.59,0.2558,0.1212,1.474,C,札幌ダ短距離(1000-1300)・良・中枠(3-6)で母父「サンデーサイレンス」は基準比リフト1.474
小倉,小回り・機動型,芝,中距離(1700-2000),良,中枠(3-6),母父,Storm Cat,52,7,17,0.1346,0.3269,85.0,0.0,6.63,0.2218,0.1051,1.474,C,小倉芝中距離(1700-2000)・良・中枠(3-6)で母父「Storm Cat」は基準比リフト1.474
中山,坂あり・パワー型,ダ,中距離(1700-2000),稍,中枠(3-6),母父,フレンチデピュティ,72,6,22,0.0833,0.3056,202.8,0.0,7.57,0.2081,0.0975,1.469,C,中山ダ中距離(1700-2000)・稍・中枠(3-6)で母父「フレンチデピュティ」は基準比リフト1.469
阪神,坂あり・パワー型,ダ,中距離(1700-2000),重不良,内枠(1-2),母父,サンデーサイレンス,51,6,15,0.1176,0.2941,52.5,0.0,6.37,0.2005,0.0936,1.467,C,阪神ダ中距離(1700-2000)・重不良・内枠(1-2)で母父「サンデーサイレンス」は基準比リフト1.467
中山,坂あり・パワー型,芝,短中距離(1400-1600),良,外枠(7-8),母父,キングカメハメハ,65,6,18,0.0923,0.2769,104.0,0.0,7.46,0.1887,0.0882,1.467,C,中山芝短中距離(1400-1600)・良・外枠(7-8)で母父「キングカメハメハ」は基準比リフト1.467
小倉,小回り・機動型,芝,短距離(1000-1300),良,内枠(1-2),母父,スペシャルウィーク,54,7,15,0.1296,0.2778,67.6,0.0,7.8,0.1897,0.0881,1.464,C,小倉芝短距離(1000-1300)・良・内枠(1-2)で母父「スペシャルウィーク」は基準比リフト1.464
京都,平坦・スピード型,芝,短距離(1000-1300),良,中枠(3-6),母父,トニービン,53,6,16,0.1132,0.3019,101.9,0.0,7.7,0.2064,0.0955,1.463,C,京都芝短距離(1000-1300)・良・中枠(3-6)で母父「トニービン」は基準比リフト1.463
小倉,小回り・機動型,ダ,中距離(1700-2000),稍,内枠(1-2),母父,サンデーサイレンス,61,6,18,0.0984,0.2951,150.8,0.0,7.75,0.2017,0.0934,1.463,C,小倉ダ中距離(1700-2000)・稍・内枠(1-2)で母父「サンデーサイレンス」は基準比リフト1.463
阪神,坂あり・パワー型,芝,中距離(1700-2000),良,内枠(1-2),母父,キングカメハメハ,71,7,26,0.0986,0.3662,49.7,0.0,6.39,0.2505,0.1157,1.462,C,阪神芝中距離(1700-2000)・良・内枠(1-2)で母父「キングカメハメハ」は基準比リフト1.462
小倉,小回り・機動型,芝,中距離(1700-2000),良,中枠(3-6),母父,エルコンドルパサー,71,4,23,0.0563,0.3239,170.6,0.0,5.96,0.2218,0.1021,1.46,C,小倉芝中距離(1700-2000)・良・中枠(3-6)で母父「エルコンドルパサー」は基準比リフト1.46
京都,平坦・スピード型,ダ,中距離(1700-2000),良,中枠(3-6),母父,Kingmambo,66,7,21,0.1061,0.3182,77.6,0.0,6.85,0.2181,0.1001,1.459,C,京都ダ中距離(1700-2000)・良・中枠(3-6)で母父「Kingmambo」は基準比リフト1.459
中京,直線長め・持続型,芝,短中距離(1400-1600),良,外枠(7-8),母父,スペシャルウィーク,52,5,15,0.0962,0.2885,404.4,0.0,8.4,0.1978,0.0907,1.459,C,中京芝短中距離(1400-1600)・良・外枠(7-8)で母父「スペシャルウィーク」は基準比リフト1.459
阪神,坂あり・パワー型,芝,短中距離(1400-1600),良,外枠(7-8),母父,Storm Cat,54,4,15,0.0741,0.2778,31.1,0.0,6.3,0.1907,0.0871,1.457,C,阪神芝短中距離(1400-1600)・良・外枠(7-8)で母父「Storm Cat」は基準比リフト1.457
中山,坂あり・パワー型,ダ,短距離(1000-1300),稍,中枠(3-6),母父,サクラバクシンオー,58,3,15,0.0517,0.2586,70.2,0.0,9.12,0.1775,0.0811,1.457,C,中山ダ短距離(1000-1300)・稍・中枠(3-6)で母父「サクラバクシンオー」は基準比リフト1.457
小倉,小回り・機動型,芝,中距離(1700-2000),良,外枠(7-8),母父,ディープインパクト,74,8,22,0.1081,0.2973,46.4,0.0,6.23,0.2048,0.0925,1.452,C,小倉芝中距離(1700-2000)・良・外枠(7-8)で母父「ディープインパクト」は基準比リフト1.452
福島,小回り・機動型,ダ,中距離(1700-2000),良,中枠(3-6),母父,ティンバーカントリー,55,4,16,0.0727,0.2909,36.7,0.0,7.85,0.2003,0.0906,1.452,C,福島ダ中距離(1700-2000)・良・中枠(3-6)で母父「ティンバーカントリー」は基準比リフト1.452
札幌,小回り・持続型,芝,中距離(1700-2000),良,中枠(3-6),母父,ディープインパクト,71,9,25,0.1268,0.3521,82.5,0.0,6.79,0.2428,0.1093,1.45,C,札幌芝中距離(1700-2000)・良・中枠(3-6)で母父「ディープインパクト」は基準比リフト1.45
中京,直線長め・持続型,ダ,中距離(1700-2000),良,中枠(3-6),母父,マンハッタンカフェ,60,9,19,0.15,0.3167,73.2,0.0,6.22,0.2184,0.0983,1.45,C,中京ダ中距離(1700-2000)・良・中枠(3-6)で母父「マンハッタンカフェ」は基準比リフト1.45
東京,直線長め・持続型,芝,中距離(1700-2000),良,内枠(1-2),母父,シンボリクリスエス,53,6,18,0.1132,0.3396,108.3,0.0,7.21,0.2345,0.1051,1.448,C,東京芝中距離(1700-2000)・良・内枠(1-2)で母父「シンボリクリスエス」は基準比リフト1.448
中山,坂あり・パワー型,ダ,中距離(1700-2000),良,中枠(3-6),母父,Giant's Causeway,59,5,17,0.0847,0.2881,96.4,0.0,7.19,0.199,0.0891,1.448,C,中山ダ中距離(1700-2000)・良・中枠(3-6)で母父「Giant's Causeway」は基準比リフト1.448
小倉,小回り・機動型,ダ,中距離(1700-2000),良,外枠(7-8),母父,ブライアンズタイム,70,4,20,0.0571,0.2857,248.9,0.0,8.44,0.1974,0.0883,1.447,C,小倉ダ中距離(1700-2000)・良・外枠(7-8)で母父「ブライアンズタイム」は基準比リフト1.447
福島,小回り・機動型,芝,短距離(1000-1300),良,外枠(7-8),母父,サクラバクシンオー,74,8,21,0.1081,0.2838,93.5,0.0,8.18,0.1962,0.0876,1.446,C,福島芝短距離(1000-1300)・良・外枠(7-8)で母父「サクラバクシンオー」は基準比リフト1.446
東京,直線長め・持続型,ダ,短中距離(1400-1600),稍,外枠(7-8),母父,フレンチデピュティ,53,5,17,0.0943,0.3208,32.3,0.0,6.7,0.2227,0.0981,1.441,C,東京ダ短中距離(1400-1600)・稍・外枠(7-8)で母父「フレンチデピュティ」は基準比リフト1.441
函館,小回り・持続型,ダ,中距離(1700-2000),良,中枠(3-6),母父,キングカメハメハ,56,5,19,0.0893,0.3393,56.2,0.0,5.84,0.2356,0.1037,1.44,C,函館ダ中距離(1700-2000)・良・中枠(3-6)で母父「キングカメハメハ」は基準比リフト1.44
小倉,小回り・機動型,芝,短距離(1000-1300),良,中枠(3-6),母父,ジャングルポケット,50,2,14,0.04,0.28,385.6,0.0,8.06,0.1949,0.0851,1.437,C,小倉芝短距離(1000-1300)・良・中枠(3-6)で母父「ジャングルポケット」は基準比リフト1.437
函館,小回り・持続型,芝,中距離(1700-2000),良,中枠(3-6),母父,キングカメハメハ,61,7,21,0.1148,0.3443,107.9,0.0,6.92,0.2397,0.1046,1.436,C,函館芝中距離(1700-2000)・良・中枠(3-6)で母父「キングカメハメハ」は基準比リフト1.436
京都,平坦・スピード型,ダ,短中距離(1400-1600),良,外枠(7-8),母父,ダンスインザダーク,61,5,17,0.082,0.2787,63.4,0.0,7.67,0.1942,0.0845,1.435,C,京都ダ短中距離(1400-1600)・良・外枠(7-8)で母父「ダンスインザダーク」は基準比リフト1.435
中山,坂あり・パワー型,ダ,短距離(1000-1300),稍,中枠(3-6),母父,クロフネ,63,5,16,0.0794,0.254,58.6,0.0,8.22,0.1775,0.0765,1.431,C,中山ダ短距離(1000-1300)・稍・中枠(3-6)で母父「クロフネ」は基準比リフト1.431
東京,直線長め・持続型,芝,中長距離(2100-2400),良,中枠(3-6),母父,ディープインパクト,59,8,19,0.1356,0.322,65.6,0.0,5.88,0.226,0.096,1.425,C,東京芝中長距離(2100-2400)・良・中枠(3-6)で母父「ディープインパクト」は基準比リフト1.425
阪神,坂あり・パワー型,芝,中距離(1700-2000),稍,外枠(7-8),母父,サンデーサイレンス,56,8,17,0.1429,0.3036,122.9,0.0,6.98,0.2149,0.0887,1.413,C,阪神芝中距離(1700-2000)・稍・外枠(7-8)で母父「サンデーサイレンス」は基準比リフト1.413
阪神,坂あり・パワー型,芝,短距離(1000-1300),良,中枠(3-6),母父,サクラバクシンオー,54,3,17,0.0556,0.3148,136.7,0.0,6.5,0.2234,0.0914,1.409,C,阪神芝短距離(1000-1300)・良・中枠(3-6)で母父「サクラバクシンオー」は基準比リフト1.409
阪神,坂あり・パワー型,芝,短中距離(1400-1600),良,内枠(1-2),母父,トニービン,51,5,16,0.098,0.3137,43.7,0.0,6.04,0.2227,0.091,1.409,C,阪神芝短中距離(1400-1600)・良・内枠(1-2)で母父「トニービン」は基準比リフト1.409
中京,直線長め・持続型,芝,短中距離(1400-1600),良,内枠(1-2),母父,ダンスインザダーク,51,5,15,0.098,0.2941,78.0,0.0,8.71,0.2091,0.085,1.407,C,中京芝短中距離(1400-1600)・良・内枠(1-2)で母父「ダンスインザダーク」は基準比リフト1.407
小倉,小回り・機動型,芝,短距離(1000-1300),良,外枠(7-8),母父,キングカメハメハ,61,4,17,0.0656,0.2787,82.8,0.0,7.89,0.1981,0.0806,1.407,C,小倉芝短距離(1000-1300)・良・外枠(7-8)で母父「キングカメハメハ」は基準比リフト1.407
新潟,直線長め・平坦型,芝,中長距離(2100-2400),良,外枠(7-8),母父,サンデーサイレンス,71,8,19,0.1127,0.2676,158.9,0.0,6.73,0.1903,0.0773,1.406,C,新潟芝中長距離(2100-2400)・良・外枠(7-8)で母父「サンデーサイレンス」は基準比リフト1.406
京都,平坦・スピード型,ダ,中距離(1700-2000),良,外枠(7-8),母父,スペシャルウィーク,76,5,22,0.0658,0.2895,22.8,0.0,6.51,0.2066,0.0829,1.401,C,京都ダ中距離(1700-2000)・良・外枠(7-8)で母父「スペシャルウィーク」は基準比リフト1.401
福島,小回り・機動型,芝,短距離(1000-1300),良,内枠(1-2),母父,ダンスインザダーク,65,5,20,0.0769,0.3077,89.2,0.0,7.26,0.2198,0.0879,1.4,C,福島芝短距離(1000-1300)・良・内枠(1-2)で母父「ダンスインザダーク」は基準比リフト1.4
中山,坂あり・パワー型,ダ,短距離(1000-1300),重不良,中枠(3-6),母父,ブライアンズタイム,56,4,15,0.0714,0.2679,45.7,0.0,7.88,0.1917,0.0762,1.397,C,中山ダ短距離(1000-1300)・重不良・中枠(3-6)で母父「ブライアンズタイム」は基準比リフト1.397
新潟,直線長め・平坦型,芝,中距離(1700-2000),稍,中枠(3-6),母父,サンデーサイレンス,66,4,20,0.0606,0.303,70.8,0.0,7.74,0.217,0.086,1.396,C,新潟芝中距離(1700-2000)・稍・中枠(3-6)で母父「サンデーサイレンス」は基準比リフト1.396
阪神,坂あり・パワー型,ダ,短中距離(1400-1600),良,中枠(3-6),母父,Storm Cat,53,4,15,0.0755,0.283,116.6,0.0,7.19,0.2031,0.0799,1.393,C,阪神ダ短中距離(1400-1600)・良・中枠(3-6)で母父「Storm Cat」は基準比リフト1.393
札幌,小回り・持続型,ダ,中距離(1700-2000),良,中枠(3-6),母父,キングカメハメハ,70,9,24,0.1286,0.3429,130.7,0.0,6.54,0.2469,0.096,1.389,C,札幌ダ中距離(1700-2000)・良・中枠(3-6)で母父「キングカメハメハ」は基準比リフト1.389
中山,坂あり・パワー型,芝,中距離(1700-2000),良,外枠(7-8),母父,フレンチデピュティ,59,5,17,0.0847,0.2881,32.5,0.0,7.49,0.2074,0.0807,1.389,C,中山芝中距離(1700-2000)・良・外枠(7-8)で母父「フレンチデピュティ」は基準比リフト1.389
小倉,小回り・機動型,芝,短距離(1000-1300),良,外枠(7-8),母父,スペシャルウィーク,73,5,20,0.0685,0.274,42.6,0.0,7.93,0.1981,0.0759,1.383,C,小倉芝短距離(1000-1300)・良・外枠(7-8)で母父「スペシャルウィーク」は基準比リフト1.383
新潟,直線長め・平坦型,芝,中距離(1700-2000),良,中枠(3-6),母父,クロフネ,70,5,21,0.0714,0.3,22.1,0.0,6.5,0.2171,0.0829,1.382,C,新潟芝中距離(1700-2000)・良・中枠(3-6)で母父「クロフネ」は基準比リフト1.382
阪神,坂あり・パワー型,ダ,短中距離(1400-1600),良,中枠(3-6),母父,ディープインパクト,57,3,16,0.0526,0.2807,28.6,0.0,8.46,0.2031,0.0776,1.382,C,阪神ダ短中距離(1400-1600)・良・中枠(3-6)で母父「ディープインパクト」は基準比リフト1.382
京都,平坦・スピード型,ダ,短距離(1000-1300),良,内枠(1-2),母父,フジキセキ,72,4,21,0.0556,0.2917,52.8,0.0,7.76,0.2115,0.0802,1.379,C,京都ダ短距離(1000-1300)・良・内枠(1-2)で母父「フジキセキ」は基準比リフト1.379
東京,直線長め・持続型,芝,短中距離(1400-1600),良,外枠(7-8),母父,ネオユニヴァース,62,5,17,0.0806,0.2742,63.5,0.0,7.56,0.1988,0.0754,1.379,C,東京芝短中距離(1400-1600)・良・外枠(7-8)で母父「ネオユニヴァース」は基準比リフト1.379
福島,小回り・機動型,芝,中距離(1700-2000),良,中枠(3-6),母父,シンボリクリスエス,63,11,19,0.1746,0.3016,252.7,0.0,7.81,0.2188,0.0828,1.378,C,福島芝中距離(1700-2000)・良・中枠(3-6)で母父「シンボリクリスエス」は基準比リフト1.378
阪神,坂あり・パワー型,ダ,短中距離(1400-1600),良,内枠(1-2),母父,ブライアンズタイム,64,6,15,0.0938,0.2344,37.5,0.0,7.83,0.1701,0.0643,1.378,C,阪神ダ短中距離(1400-1600)・良・内枠(1-2)で母父「ブライアンズタイム」は基準比リフト1.378
小倉,小回り・機動型,ダ,中距離(1700-2000),良,内枠(1-2),母父,ブライアンズタイム,72,8,21,0.1111,0.2917,69.3,0.0,7.93,0.2118,0.0799,1.377,C,小倉ダ中距離(1700-2000)・良・内枠(1-2)で母父「ブライアンズタイム」は基準比リフト1.377
新潟,直線長め・平坦型,芝,中距離(1700-2000),良,外枠(7-8),母父,トニービン,76,7,22,0.0921,0.2895,85.1,0.0,7.21,0.2107,0.0788,1.374,C,新潟芝中距離(1700-2000)・良・外枠(7-8)で母父「トニービン」は基準比リフト1.374
中京,直線長め・持続型,ダ,短距離(1000-1300),良,中枠(3-6),母父,キングカメハメハ,52,8,13,0.1538,0.25,83.7,0.0,8.73,0.182,0.068,1.374,C,中京ダ短距離(1000-1300)・良・中枠(3-6)で母父「キングカメハメハ」は基準比リフト1.374
中山,坂あり・パワー型,ダ,中距離(1700-2000),稍,中枠(3-6),母父,クロフネ,70,10,20,0.1429,0.2857,77.3,0.0,6.16,0.2081,0.0776,1.373,C,中山ダ中距離(1700-2000)・稍・中枠(3-6)で母父「クロフネ」は基準比リフト1.373
新潟,直線長め・平坦型,芝,中距離(1700-2000),良,中枠(3-6),母父,シンボリクリスエス,64,7,19,0.1094,0.2969,65.8,0.0,7.39,0.2171,0.0798,1.368,C,新潟芝中距離(1700-2000)・良・中枠(3-6)で母父「シンボリクリスエス」は基準比リフト1.368
中京,直線長め・持続型,ダ,中距離(1700-2000),重不良,中枠(3-6),母父,サンデーサイレンス,64,10,17,0.1562,0.2656,60.5,0.0,6.2,0.1943,0.0713,1.367,C,中京ダ中距離(1700-2000)・重不良・中枠(3-6)で母父「サンデーサイレンス」は基準比リフト1.367
新潟,直線長め・平坦型,ダ,短距離(1000-1300),良,内枠(1-2),母父,ブライアンズタイム,54,6,13,0.1111,0.2407,92.4,0.0,7.59,0.1762,0.0645,1.366,C,新潟ダ短距離(1000-1300)・良・内枠(1-2)で母父「ブライアンズタイム」は基準比リフト1.366
京都,平坦・スピード型,芝,中長距離(2100-2400),良,中枠(3-6),母父,トニービン,72,11,23,0.1528,0.3194,80.7,0.0,5.62,0.2341,0.0853,1.364,C,京都芝中長距離(2100-2400)・良・中枠(3-6)で母父「トニービン」は基準比リフト1.364
中山,坂あり・パワー型,ダ,短距離(1000-1300),良,中枠(3-6),母父,Seeking the Gold,61,3,16,0.0492,0.2623,17.2,0.0,6.97,0.1927,0.0696,1.361,C,中山ダ短距離(1000-1300)・良・中枠(3-6)で母父「Seeking the Gold」は基準比リフト1.361
函館,小回り・持続型,芝,短距離(1000-1300),良,外枠(7-8),母父,サクラバクシンオー,56,7,16,0.125,0.2857,47.5,0.0,6.89,0.21,0.0757,1.36,C,函館芝短距離(1000-1300)・良・外枠(7-8)で母父「サクラバクシンオー」は基準比リフト1.36
小倉,小回り・機動型,芝,中距離(1700-2000),良,内枠(1-2),母父,アグネスタキオン,53,4,16,0.0755,0.3019,55.8,0.0,7.23,0.2226,0.0793,1.356,C,小倉芝中距離(1700-2000)・良・内枠(1-2)で母父「アグネスタキオン」は基準比リフト1.356
中山,坂あり・パワー型,ダ,短距離(1000-1300),稍,中枠(3-6),母父,タイキシャトル,50,4,12,0.08,0.24,36.4,0.0,8.26,0.1775,0.0625,1.352,C,中山ダ短距離(1000-1300)・稍・中枠(3-6)で母父「タイキシャトル」は基準比リフト1.352
札幌,小回り・持続型,ダ,中距離(1700-2000),良,中枠(3-6),母父,クロフネ,57,9,19,0.1579,0.3333,143.9,0.0,5.93,0.2469,0.0864,1.35,C,札幌ダ中距離(1700-2000)・良・中枠(3-6)で母父「クロフネ」は基準比リフト1.35
阪神,坂あり・パワー型,ダ,中距離(1700-2000),良,外枠(7-8),母父,マンハッタンカフェ,63,10,20,0.1587,0.3175,66.5,0.0,5.71,0.2351,0.0824,1.35,C,阪神ダ中距離(1700-2000)・良・外枠(7-8)で母父「マンハッタンカフェ」は基準比リフト1.35
中山,坂あり・パワー型,ダ,中距離(1700-2000),良,外枠(7-8),母父,マンハッタンカフェ,60,6,18,0.1,0.3,57.5,0.0,7.08,0.2226,0.0774,1.348,C,中山ダ中距離(1700-2000)・良・外枠(7-8)で母父「マンハッタンカフェ」は基準比リフト1.348
中山,坂あり・パワー型,芝,短中距離(1400-1600),良,中枠(3-6),母父,シンボリクリスエス,70,5,19,0.0714,0.2714,41.4,0.0,7.33,0.2014,0.07,1.348,C,中山芝短中距離(1400-1600)・良・中枠(3-6)で母父「シンボリクリスエス」は基準比リフト1.348
函館,小回り・持続型,ダ,中距離(1700-2000),良,内枠(1-2),母父,サンデーサイレンス,66,7,24,0.1061,0.3636,85.0,0.0,5.92,0.2701,0.0935,1.346,C,函館ダ中距離(1700-2000)・良・内枠(1-2)で母父「サンデーサイレンス」は基準比リフト1.346
京都,平坦・スピード型,芝,短距離(1000-1300),良,中枠(3-6),母父,アグネスタキオン,54,1,15,0.0185,0.2778,10.2,0.0,7.67,0.2064,0.0714,1.346,C,京都芝短距離(1000-1300)・良・中枠(3-6)で母父「アグネスタキオン」は基準比リフト1.346
東京,直線長め・持続型,芝,中距離(1700-2000),良,中枠(3-6),母父,Sadler's Wells,66,8,21,0.1212,0.3182,104.7,0.0,6.73,0.237,0.0812,1.343,C,東京芝中距離(1700-2000)・良・中枠(3-6)で母父「Sadler's Wells」は基準比リフト1.343
阪神,坂あり・パワー型,ダ,中距離(1700-2000),良,中枠(3-6),母父,Storm Cat,59,6,18,0.1017,0.3051,94.4,0.0,6.53,0.2273,0.0778,1.342,C,阪神ダ中距離(1700-2000)・良・中枠(3-6)で母父「Storm Cat」は基準比リフト1.342
東京,直線長め・持続型,ダ,短中距離(1400-1600),良,中枠(3-6),母父,アジュディケーティング,75,5,20,0.0667,0.2667,36.7,0.0,7.76,0.1997,0.067,1.336,C,東京ダ短中距離(1400-1600)・良・中枠(3-6)で母父「アジュディケーティング」は基準比リフト1.336
新潟,直線長め・平坦型,芝,中距離(1700-2000),良,外枠(7-8),母父,ダンスインザダーク,64,6,18,0.0938,0.2812,77.8,0.0,8.09,0.2107,0.0705,1.335,C,新潟芝中距離(1700-2000)・良・外枠(7-8)で母父「ダンスインザダーク」は基準比リフト1.335
新潟,直線長め・平坦型,芝,短中距離(1400-1600),良,外枠(7-8),母父,キングカメハメハ,59,3,15,0.0508,0.2542,16.9,0.0,6.71,0.1905,0.0637,1.334,C,新潟芝短中距離(1400-1600)・良・外枠(7-8)で母父「キングカメハメハ」は基準比リフト1.334
中京,直線長め・持続型,芝,中長距離(2100-2400),良,外枠(7-8),母父,サンデーサイレンス,52,6,16,0.1154,0.3077,49.4,0.0,6.96,0.2308,0.0769,1.333,C,中京芝中長距離(2100-2400)・良・外枠(7-8)で母父「サンデーサイレンス」は基準比リフト1.333
中山,坂あり・パワー型,ダ,中距離(1700-2000),良,中枠(3-6),母父,マルゼンスキー,53,7,14,0.1321,0.2642,90.0,0.0,7.53,0.199,0.0652,1.328,C,中山ダ中距離(1700-2000)・良・中枠(3-6)で母父「マルゼンスキー」は基準比リフト1.328
中山,坂あり・パワー型,ダ,短距離(1000-1300),良,外枠(7-8),母父,クロフネ,63,3,17,0.0476,0.2698,12.4,0.0,7.06,0.2034,0.0664,1.326,C,中山ダ短距離(1000-1300)・良・外枠(7-8)で母父「クロフネ」は基準比リフト1.326
阪神,坂あり・パワー型,芝,中距離(1700-2000),良,外枠(7-8),母父,Storm Cat,55,5,17,0.0909,0.3091,25.3,0.0,5.73,0.2332,0.0759,1.325,C,阪神芝中距離(1700-2000)・良・外枠(7-8)で母父「Storm Cat」は基準比リフト1.325
京都,平坦・スピード型,芝,短中距離(1400-1600),良,外枠(7-8),母父,ブライアンズタイム,78,8,20,0.1026,0.2564,84.0,0.0,8.21,0.1935,0.0629,1.325,C,京都芝短中距離(1400-1600)・良・外枠(7-8)で母父「ブライアンズタイム」は基準比リフト1.325
東京,直線長め・持続型,ダ,短中距離(1400-1600),良,内枠(1-2),母父,ゴールドアリュール,54,4,12,0.0741,0.2222,160.9,0.0,8.56,0.1677,0.0545,1.325,C,東京ダ短中距離(1400-1600)・良・内枠(1-2)で母父「ゴールドアリュール」は基準比リフト1.325
福島,小回り・機動型,芝,中距離(1700-2000),良,中枠(3-6),母父,クロフネ,76,9,22,0.1184,0.2895,207.4,0.0,7.3,0.2188,0.0707,1.323,C,福島芝中距離(1700-2000)・良・中枠(3-6)で母父「クロフネ」は基準比リフト1.323
東京,直線長め・持続型,ダ,短中距離(1400-1600),良,中枠(3-6),母父,A.P. Indy,53,6,14,0.1132,0.2642,75.1,0.0,6.17,0.1997,0.0645,1.323,C,東京ダ短中距離(1400-1600)・良・中枠(3-6)で母父「A.P. Indy」は基準比リフト1.323
京都,平坦・スピード型,ダ,短中距離(1400-1600),良,内枠(1-2),母父,ブライアンズタイム,62,4,17,0.0645,0.2742,43.2,0.0,7.52,0.2074,0.0668,1.322,C,京都ダ短中距離(1400-1600)・良・内枠(1-2)で母父「ブライアンズタイム」は基準比リフト1.322
中京,直線長め・持続型,芝,短距離(1000-1300),良,内枠(1-2),母父,サンデーサイレンス,55,7,14,0.1273,0.2545,97.6,0.0,8.29,0.1925,0.062,1.322,C,中京芝短距離(1000-1300)・良・内枠(1-2)で母父「サンデーサイレンス」は基準比リフト1.322
阪神,坂あり・パワー型,芝,短中距離(1400-1600),良,内枠(1-2),母父,ディープインパクト,68,6,20,0.0882,0.2941,42.9,0.0,7.01,0.2227,0.0714,1.321,C,阪神芝短中距離(1400-1600)・良・内枠(1-2)で母父「ディープインパクト」は基準比リフト1.321
東京,直線長め・持続型,ダ,短中距離(1400-1600),良,中枠(3-6),母父,アグネスデジタル,72,4,19,0.0556,0.2639,53.2,0.0,7.61,0.1997,0.0642,1.321,C,東京ダ短中距離(1400-1600)・良・中枠(3-6)で母父「アグネスデジタル」は基準比リフト1.321
中山,坂あり・パワー型,芝,短中距離(1400-1600),稍,中枠(3-6),母父,サンデーサイレンス,55,5,15,0.0909,0.2727,42.7,0.0,7.02,0.2072,0.0655,1.316,C,中山芝短中距離(1400-1600)・稍・中枠(3-6)で母父「サンデーサイレンス」は基準比リフト1.316
中京,直線長め・持続型,ダ,短中距離(1400-1600),良,中枠(3-6),母父,キングカメハメハ,58,8,15,0.1379,0.2586,104.1,0.0,7.52,0.1973,0.0613,1.311,C,中京ダ短中距離(1400-1600)・良・中枠(3-6)で母父「キングカメハメハ」は基準比リフト1.311
阪神,坂あり・パワー型,ダ,短距離(1000-1300),良,内枠(1-2),母父,フジキセキ,51,7,12,0.1373,0.2353,306.1,0.0,7.47,0.1796,0.0557,1.31,C,阪神ダ短距離(1000-1300)・良・内枠(1-2)で母父「フジキセキ」は基準比リフト1.31
中山,坂あり・パワー型,芝,中距離(1700-2000),良,内枠(1-2),母父,ディープインパクト,62,9,18,0.1452,0.2903,98.9,0.0,6.24,0.2217,0.0686,1.309,C,中山芝中距離(1700-2000)・良・内枠(1-2)で母父「ディープインパクト」は基準比リフト1.309
中山,坂あり・パワー型,ダ,中距離(1700-2000),良,中枠(3-6),母父,Gone West,50,2,13,0.04,0.26,26.8,0.0,7.46,0.199,0.061,1.307,C,中山ダ中距離(1700-2000)・良・中枠(3-6)で母父「Gone West」は基準比リフト1.307
函館,小回り・持続型,芝,中距離(1700-2000),良,中枠(3-6),母父,ディープインパクト,64,4,20,0.0625,0.3125,16.7,0.0,7.11,0.2397,0.0728,1.304,C,函館芝中距離(1700-2000)・良・中枠(3-6)で母父「ディープインパクト」は基準比リフト1.304
京都,平坦・スピード型,芝,中距離(1700-2000),良,外枠(7-8),母父,キングカメハメハ,61,5,18,0.082,0.2951,43.3,0.0,6.21,0.2263,0.0688,1.304,C,京都芝中距離(1700-2000)・良・外枠(7-8)で母父「キングカメハメハ」は基準比リフト1.304
東京,直線長め・持続型,芝,短中距離(1400-1600),良,中枠(3-6),母父,ノーザンテースト,53,3,14,0.0566,0.2642,81.1,0.0,8.36,0.2028,0.0614,1.303,C,東京芝短中距離(1400-1600)・良・中枠(3-6)で母父「ノーザンテースト」は基準比リフト1.303
中山,坂あり・パワー型,ダ,中距離(1700-2000),良,中枠(3-6),母父,ジャングルポケット,58,3,15,0.0517,0.2586,25.2,0.0,8.53,0.199,0.0596,1.299,C,中山ダ中距離(1700-2000)・良・中枠(3-6)で母父「ジャングルポケット」は基準比リフト1.299
新潟,直線長め・平坦型,芝,短中距離(1400-1600),良,内枠(1-2),母父,フジキセキ,55,6,12,0.1091,0.2182,118.9,0.0,9.89,0.1682,0.05,1.297,C,新潟芝短中距離(1400-1600)・良・内枠(1-2)で母父「フジキセキ」は基準比リフト1.297
阪神,坂あり・パワー型,芝,短中距離(1400-1600),稍,外枠(7-8),母父,サンデーサイレンス,62,3,16,0.0484,0.2581,29.2,0.0,7.87,0.1993,0.0588,1.295,C,阪神芝短中距離(1400-1600)・稍・外枠(7-8)で母父「サンデーサイレンス」は基準比リフト1.295
札幌,小回り・持続型,芝,短中距離(1400-1600),良,外枠(7-8),母父,サンデーサイレンス,57,5,16,0.0877,0.2807,48.1,0.0,5.93,0.2171,0.0636,1.293,C,札幌芝短中距離(1400-1600)・良・外枠(7-8)で母父「サンデーサイレンス」は基準比リフト1.293
新潟,直線長め・平坦型,ダ,中距離(1700-2000),良,中枠(3-6),母父,ティンバーカントリー,65,5,18,0.0769,0.2769,23.7,0.0,7.29,0.2144,0.0625,1.292,C,新潟ダ中距離(1700-2000)・良・中枠(3-6)で母父「ティンバーカントリー」は基準比リフト1.292
京都,平坦・スピード型,芝,短距離(1000-1300),良,内枠(1-2),母父,サンデーサイレンス,60,9,18,0.15,0.3,174.2,0.0,7.18,0.2324,0.0676,1.291,C,京都芝短距離(1000-1300)・良・内枠(1-2)で母父「サンデーサイレンス」は基準比リフト1.291
福島,小回り・機動型,ダ,中距離(1700-2000),稍,中枠(3-6),母父,サンデーサイレンス,66,4,17,0.0606,0.2576,103.8,0.0,6.88,0.1998,0.0578,1.289,C,福島ダ中距離(1700-2000)・稍・中枠(3-6)で母父「サンデーサイレンス」は基準比リフト1.289
新潟,直線長め・平坦型,芝,中距離(1700-2000),良,内枠(1-2),母父,アグネスタキオン,54,4,13,0.0741,0.2407,99.4,0.0,8.33,0.1874,0.0533,1.284,C,新潟芝中距離(1700-2000)・良・内枠(1-2)で母父「アグネスタキオン」は基準比リフト1.284
京都,平坦・スピード型,芝,中距離(1700-2000),良,外枠(7-8),母父,フレンチデピュティ,62,7,18,0.1129,0.2903,97.1,0.0,5.89,0.2263,0.064,1.283,C,京都芝中距離(1700-2000)・良・外枠(7-8)で母父「フレンチデピュティ」は基準比リフト1.283
新潟,直線長め・平坦型,芝,中距離(1700-2000),良,内枠(1-2),母父,ブライアンズタイム,50,4,12,0.08,0.24,60.6,0.0,7.72,0.1874,0.0526,1.281,C,新潟芝中距離(1700-2000)・良・内枠(1-2)で母父「ブライアンズタイム」は基準比リフト1.281
新潟,直線長め・平坦型,ダ,中距離(1700-2000),稍,中枠(3-6),母父,ブライアンズタイム,58,5,17,0.0862,0.2931,28.6,0.0,7.29,0.2292,0.0639,1.279,C,新潟ダ中距離(1700-2000)・稍・中枠(3-6)で母父「ブライアンズタイム」は基準比リフト1.279
中山,坂あり・パワー型,ダ,中距離(1700-2000),良,中枠(3-6),母父,キングヘイロー,55,7,14,0.1273,0.2545,215.6,0.0,6.53,0.199,0.0555,1.279,C,中山ダ中距離(1700-2000)・良・中枠(3-6)で母父「キングヘイロー」は基準比リフト1.279
京都,平坦・スピード型,芝,短中距離(1400-1600),良,外枠(7-8),母父,スペシャルウィーク,69,7,17,0.1014,0.2464,74.8,0.0,8.2,0.1935,0.0529,1.273,C,京都芝短中距離(1400-1600)・良・外枠(7-8)で母父「スペシャルウィーク」は基準比リフト1.273
東京,直線長め・持続型,ダ,短中距離(1400-1600),良,中枠(3-6),母父,グラスワンダー,63,6,16,0.0952,0.254,74.1,0.0,9.14,0.1997,0.0543,1.272,C,東京ダ短中距離(1400-1600)・良・中枠(3-6)で母父「グラスワンダー」は基準比リフト1.272
阪神,坂あり・パワー型,ダ,短距離(1000-1300),良,中枠(3-6),母父,フレンチデピュティ,72,9,19,0.125,0.2639,67.8,0.0,6.69,0.2076,0.0563,1.271,C,阪神ダ短距離(1000-1300)・良・中枠(3-6)で母父「フレンチデピュティ」は基準比リフト1.271
阪神,坂あり・パワー型,ダ,短距離(1000-1300),良,中枠(3-6),母父,スペシャルウィーク,76,8,20,0.1053,0.2632,49.9,0.0,7.54,0.2076,0.0556,1.268,C,阪神ダ短距離(1000-1300)・良・中枠(3-6)で母父「スペシャルウィーク」は基準比リフト1.268
京都,平坦・スピード型,ダ,長距離(2500以上),良,中枠(3-6),母父,サンデーサイレンス,58,4,17,0.069,0.2931,69.1,0.0,5.98,0.2316,0.0615,1.266,C,京都ダ長距離(2500以上)・良・中枠(3-6)で母父「サンデーサイレンス」は基準比リフト1.266
中山,坂あり・パワー型,ダ,中距離(1700-2000),良,内枠(1-2),母父,フレンチデピュティ,77,7,18,0.0909,0.2338,63.0,0.0,7.65,0.1848,0.049,1.265,C,中山ダ中距離(1700-2000)・良・内枠(1-2)で母父「フレンチデピュティ」は基準比リフト1.265
新潟,直線長め・平坦型,芝,長距離(2500以上),良,外枠(7-8),母父,サンデーサイレンス,79,12,25,0.1519,0.3165,82.8,0.0,5.65,0.2503,0.0662,1.264,C,新潟芝長距離(2500以上)・良・外枠(7-8)で母父「サンデーサイレンス」は基準比リフト1.264
新潟,直線長め・平坦型,芝,短中距離(1400-1600),良,外枠(7-8),母父,フレンチデピュティ,54,3,13,0.0556,0.2407,86.3,0.0,8.04,0.1905,0.0502,1.264,C,新潟芝短中距離(1400-1600)・良・外枠(7-8)で母父「フレンチデピュティ」は基準比リフト1.264
京都,平坦・スピード型,芝,短中距離(1400-1600),良,中枠(3-6),母父,シンボリクリスエス,63,7,17,0.1111,0.2698,53.3,0.0,7.9,0.2142,0.0556,1.26,C,京都芝短中距離(1400-1600)・良・中枠(3-6)で母父「シンボリクリスエス」は基準比リフト1.26
中山,坂あり・パワー型,ダ,短距離(1000-1300),良,中枠(3-6),母父,ジェイドロバリー,62,4,15,0.0645,0.2419,53.9,0.0,8.11,0.1927,0.0492,1.255,C,中山ダ短距離(1000-1300)・良・中枠(3-6)で母父「ジェイドロバリー」は基準比リフト1.255
福島,小回り・機動型,芝,短距離(1000-1300),良,中枠(3-6),母父,クロフネ,76,4,18,0.0526,0.2368,42.6,0.0,7.66,0.1887,0.0481,1.255,C,福島芝短距離(1000-1300)・良・中枠(3-6)で母父「クロフネ」は基準比リフト1.255
函館,小回り・持続型,芝,短距離(1000-1300),良,内枠(1-2),母父,サンデーサイレンス,70,9,23,0.1286,0.3286,64.6,0.0,6.67,0.262,0.0666,1.254,C,函館芝短距離(1000-1300)・良・内枠(1-2)で母父「サンデーサイレンス」は基準比リフト1.254
京都,平坦・スピード型,芝,短中距離(1400-1600),良,外枠(7-8),母父,キングカメハメハ,66,4,16,0.0606,0.2424,45.2,0.0,7.82,0.1935,0.0489,1.253,C,京都芝短中距離(1400-1600)・良・外枠(7-8)で母父「キングカメハメハ」は基準比リフト1.253
阪神,坂あり・パワー型,芝,短中距離(1400-1600),良,中枠(3-6),母父,ジャングルポケット,59,9,16,0.1525,0.2712,136.4,0.0,6.75,0.2169,0.0543,1.25,C,阪神芝短中距離(1400-1600)・良・中枠(3-6)で母父「ジャングルポケット」は基準比リフト1.25
小倉,小回り・機動型,ダ,中距離(1700-2000),重不良,中枠(3-6),母父,サンデーサイレンス,65,6,17,0.0923,0.2615,117.4,0.0,7.25,0.2095,0.052,1.248,C,小倉ダ中距離(1700-2000)・重不良・中枠(3-6)で母父「サンデーサイレンス」は基準比リフト1.248
小倉,小回り・機動型,芝,短距離(1000-1300),良,内枠(1-2),母父,タイキシャトル,76,5,18,0.0658,0.2368,22.5,0.0,7.61,0.1897,0.0471,1.248,C,小倉芝短距離(1000-1300)・良・内枠(1-2)で母父「タイキシャトル」は基準比リフト1.248
福島,小回り・機動型,芝,短距離(1000-1300),良,中枠(3-6),母父,ネオユニヴァース,51,4,12,0.0784,0.2353,94.7,0.0,9.06,0.1887,0.0466,1.247,C,福島芝短距離(1000-1300)・良・中枠(3-6)で母父「ネオユニヴァース」は基準比リフト1.247
中山,坂あり・パワー型,芝,短中距離(1400-1600),良,中枠(3-6),母父,スペシャルウィーク,76,6,19,0.0789,0.25,57.1,0.0,7.7,0.2014,0.0486,1.241,C,中山芝短中距離(1400-1600)・良・中枠(3-6)で母父「スペシャルウィーク」は基準比リフト1.241
京都,平坦・スピード型,ダ,短距離(1000-1300),良,外枠(7-8),母父,ブライアンズタイム,79,5,20,0.0633,0.2532,82.3,0.0,7.8,0.2043,0.0489,1.239,C,京都ダ短距離(1000-1300)・良・外枠(7-8)で母父「ブライアンズタイム」は基準比リフト1.239
中山,坂あり・パワー型,ダ,中距離(1700-2000),良,中枠(3-6),母父,ホワイトマズル,73,8,18,0.1096,0.2466,42.7,0.0,7.86,0.199,0.0476,1.239,C,中山ダ中距離(1700-2000)・良・中枠(3-6)で母父「ホワイトマズル」は基準比リフト1.239
阪神,坂あり・パワー型,ダ,中距離(1700-2000),良,外枠(7-8),母父,ディープインパクト,55,4,16,0.0727,0.2909,82.2,0.0,6.82,0.2351,0.0558,1.237,C,阪神ダ中距離(1700-2000)・良・外枠(7-8)で母父「ディープインパクト」は基準比リフト1.237
阪神,坂あり・パワー型,芝,中距離(1700-2000),良,外枠(7-8),母父,スペシャルウィーク,66,4,19,0.0606,0.2879,43.0,0.0,7.39,0.2332,0.0547,1.235,C,阪神芝中距離(1700-2000)・良・外枠(7-8)で母父「スペシャルウィーク」は基準比リフト1.235
小倉,小回り・機動型,ダ,中距離(1700-2000),良,中枠(3-6),母父,フレンチデピュティ,75,8,18,0.1067,0.24,78.7,0.0,7.31,0.1947,0.0453,1.233,C,小倉ダ中距離(1700-2000)・良・中枠(3-6)で母父「フレンチデピュティ」は基準比リフト1.233
札幌,小回り・持続型,ダ,中距離(1700-2000),良,外枠(7-8),母父,フジキセキ,57,7,16,0.1228,0.2807,114.4,0.0,7.02,0.2278,0.0529,1.232,C,札幌ダ中距離(1700-2000)・良・外枠(7-8)で母父「フジキセキ」は基準比リフト1.232
京都,平坦・スピード型,芝,短距離(1000-1300),良,中枠(3-6),母父,ブライアンズタイム,59,3,15,0.0508,0.2542,52.9,0.0,8.36,0.2064,0.0478,1.232,C,京都芝短距離(1000-1300)・良・中枠(3-6)で母父「ブライアンズタイム」は基準比リフト1.232
阪神,坂あり・パワー型,ダ,短中距離(1400-1600),良,中枠(3-6),母父,タイキシャトル,68,4,17,0.0588,0.25,22.8,0.0,8.19,0.2031,0.0469,1.231,C,阪神ダ短中距離(1400-1600)・良・中枠(3-6)で母父「タイキシャトル」は基準比リフト1.231
東京,直線長め・持続型,ダ,短中距離(1400-1600),良,中枠(3-6),母父,アサティス,61,4,15,0.0656,0.2459,18.7,0.0,7.13,0.1997,0.0462,1.231,C,東京ダ短中距離(1400-1600)・良・中枠(3-6)で母父「アサティス」は基準比リフト1.231
函館,小回り・持続型,芝,中距離(1700-2000),良,中枠(3-6),母父,フレンチデピュティ,51,7,15,0.1373,0.2941,276.9,0.0,6.04,0.2397,0.0544,1.227,C,函館芝中距離(1700-2000)・良・中枠(3-6)で母父「フレンチデピュティ」は基準比リフト1.227
函館,小回り・持続型,芝,短距離(1000-1300),良,中枠(3-6),母父,タイキシャトル,77,8,22,0.1039,0.2857,47.8,0.0,7.06,0.2329,0.0528,1.227,C,函館芝短距離(1000-1300)・良・中枠(3-6)で母父「タイキシャトル」は基準比リフト1.227
函館,小回り・持続型,芝,短距離(1000-1300),良,中枠(3-6),母父,フレンチデピュティ,77,11,22,0.1429,0.2857,92.1,0.0,6.04,0.2329,0.0528,1.227,C,函館芝短距離(1000-1300)・良・中枠(3-6)で母父「フレンチデピュティ」は基準比リフト1.227
中京,直線長め・持続型,ダ,中距離(1700-2000),良,中枠(3-6),母父,ネオユニヴァース,56,7,15,0.125,0.2679,79.6,0.0,7.32,0.2184,0.0495,1.227,C,中京ダ中距離(1700-2000)・良・中枠(3-6)で母父「ネオユニヴァース」は基準比リフト1.227
阪神,坂あり・パワー型,芝,短中距離(1400-1600),良,内枠(1-2),母父,フジキセキ,77,7,21,0.0909,0.2727,46.0,0.0,8.08,0.2227,0.05,1.225,C,阪神芝短中距離(1400-1600)・良・内枠(1-2)で母父「フジキセキ」は基準比リフト1.225
東京,直線長め・持続型,ダ,短中距離(1400-1600),重不良,中枠(3-6),母父,フレンチデピュティ,63,7,15,0.1111,0.2381,64.6,0.0,7.06,0.1943,0.0438,1.225,C,東京ダ短中距離(1400-1600)・重不良・中枠(3-6)で母父「フレンチデピュティ」は基準比リフト1.225
阪神,坂あり・パワー型,ダ,短距離(1000-1300),良,内枠(1-2),母父,ブライアンズタイム,50,5,11,0.1,0.22,179.0,0.0,7.46,0.1796,0.0404,1.225,C,阪神ダ短距離(1000-1300)・良・内枠(1-2)で母父「ブライアンズタイム」は基準比リフト1.225
阪神,坂あり・パワー型,ダ,短距離(1000-1300),良,中枠(3-6),母父,タイキシャトル,63,6,16,0.0952,0.254,50.8,0.0,7.59,0.2076,0.0464,1.224,C,阪神ダ短距離(1000-1300)・良・中枠(3-6)で母父「タイキシャトル」は基準比リフト1.224
京都,平坦・スピード型,芝,短中距離(1400-1600),良,外枠(7-8),母父,クロフネ,55,4,13,0.0727,0.2364,22.4,0.0,7.8,0.1935,0.0429,1.222,C,京都芝短中距離(1400-1600)・良・外枠(7-8)で母父「クロフネ」は基準比リフト1.222
中山,坂あり・パワー型,ダ,短距離(1000-1300),良,中枠(3-6),母父,キングヘイロー,68,5,16,0.0735,0.2353,26.2,0.0,7.22,0.1927,0.0426,1.221,C,中山ダ短距離(1000-1300)・良・中枠(3-6)で母父「キングヘイロー」は基準比リフト1.221
阪神,坂あり・パワー型,ダ,中距離(1700-2000),稍,中枠(3-6),母父,キングカメハメハ,55,5,14,0.0909,0.2545,75.6,0.0,6.69,0.2095,0.045,1.215,C,阪神ダ中距離(1700-2000)・稍・中枠(3-6)で母父「キングカメハメハ」は基準比リフト1.215
小倉,小回り・機動型,芝,中距離(1700-2000),良,中枠(3-6),母父,ジェイドロバリー,52,3,14,0.0577,0.2692,46.9,0.0,8.6,0.2218,0.0474,1.214,C,小倉芝中距離(1700-2000)・良・中枠(3-6)で母父「ジェイドロバリー」は基準比リフト1.214
小倉,小回り・機動型,芝,中距離(1700-2000),良,中枠(3-6),母父,ダンシングブレーヴ,52,1,14,0.0192,0.2692,8.7,0.0,7.98,0.2218,0.0474,1.214,C,小倉芝中距離(1700-2000)・良・中枠(3-6)で母父「ダンシングブレーヴ」は基準比リフト1.214
東京,直線長め・持続型,芝,短中距離(1400-1600),良,中枠(3-6),母父,ファルブラヴ,61,8,15,0.1311,0.2459,74.8,0.0,5.84,0.2028,0.0431,1.213,C,東京芝短中距離(1400-1600)・良・中枠(3-6)で母父「ファルブラヴ」は基準比リフト1.213
中山,坂あり・パワー型,芝,中距離(1700-2000),良,内枠(1-2),母父,トニービン,67,4,18,0.0597,0.2687,97.2,0.0,7.09,0.2217,0.047,1.212,C,中山芝中距離(1700-2000)・良・内枠(1-2)で母父「トニービン」は基準比リフト1.212
中山,坂あり・パワー型,芝,中距離(1700-2000),良,中枠(3-6),母父,マンハッタンカフェ,61,4,16,0.0656,0.2623,15.2,0.0,7.93,0.2165,0.0458,1.212,C,中山芝中距離(1700-2000)・良・中枠(3-6)で母父「マンハッタンカフェ」は基準比リフト1.212
阪神,坂あり・パワー型,ダ,中距離(1700-2000),稍,中枠(3-6),母父,フジキセキ,71,9,18,0.1268,0.2535,233.2,0.0,8.2,0.2095,0.044,1.21,C,阪神ダ中距離(1700-2000)・稍・中枠(3-6)で母父「フジキセキ」は基準比リフト1.21
中山,坂あり・パワー型,ダ,中距離(1700-2000),良,外枠(7-8),母父,ティンバーカントリー,67,9,18,0.1343,0.2687,79.9,0.0,7.0,0.2226,0.0461,1.207,C,中山ダ中距離(1700-2000)・良・外枠(7-8)で母父「ティンバーカントリー」は基準比リフト1.207
京都,平坦・スピード型,芝,中距離(1700-2000),良,外枠(7-8),母父,スペシャルウィーク,55,5,15,0.0909,0.2727,108.2,0.0,7.22,0.2263,0.0464,1.205,C,京都芝中距離(1700-2000)・良・外枠(7-8)で母父「スペシャルウィーク」は基準比リフト1.205
京都,平坦・スピード型,ダ,短中距離(1400-1600),良,内枠(1-2),母父,フレンチデピュティ,52,6,13,0.1154,0.25,53.3,0.0,7.08,0.2074,0.0426,1.205,C,京都ダ短中距離(1400-1600)・良・内枠(1-2)で母父「フレンチデピュティ」は基準比リフト1.205
中山,坂あり・パワー型,芝,短中距離(1400-1600),良,内枠(1-2),母父,トニービン,52,6,15,0.1154,0.2885,71.2,0.0,7.65,0.2397,0.0488,1.204,C,中山芝短中距離(1400-1600)・良・内枠(1-2)で母父「トニービン」は基準比リフト1.204
東京,直線長め・持続型,ダ,短中距離(1400-1600),良,中枠(3-6),母父,フサイチコンコルド,50,2,12,0.04,0.24,21.0,0.0,9.2,0.1997,0.0403,1.202,C,東京ダ短中距離(1400-1600)・良・中枠(3-6)で母父「フサイチコンコルド」は基準比リフト1.202
小倉,小回り・機動型,芝,中距離(1700-2000),良,外枠(7-8),母父,フレンチデピュティ,61,4,15,0.0656,0.2459,71.6,0.0,7.84,0.2048,0.0411,1.201,C,小倉芝中距離(1700-2000)・良・外枠(7-8)で母父「フレンチデピュティ」は基準比リフト1.201
福島,小回り・機動型,ダ,中距離(1700-2000),良,中枠(3-6),母父,キングカメハメハ,79,5,19,0.0633,0.2405,51.3,0.0,8.15,0.2003,0.0402,1.201,C,福島ダ中距離(1700-2000)・良・中枠(3-6)で母父「キングカメハメハ」は基準比リフト1.201
阪神,坂あり・パワー型,ダ,短中距離(1400-1600),稍,中枠(3-6),母父,ブライアンズタイム,55,4,13,0.0727,0.2364,38.7,0.0,7.18,0.1968,0.0396,1.201,C,阪神ダ短中距離(1400-1600)・稍・中枠(3-6)で母父「ブライアンズタイム」は基準比リフト1.201
中山,坂あり・パワー型,芝,中距離(1700-2000),良,内枠(1-2),母父,アグネスタキオン,79,5,21,0.0633,0.2658,116.1,0.0,7.14,0.2217,0.0441,1.199,C,中山芝中距離(1700-2000)・良・内枠(1-2)で母父「アグネスタキオン」は基準比リフト1.199
中山,坂あり・パワー型,芝,短距離(1000-1300),良,内枠(1-2),母父,サンデーサイレンス,78,9,20,0.1154,0.2564,56.3,0.0,6.85,0.2138,0.0426,1.199,C,中山芝短距離(1000-1300)・良・内枠(1-2)で母父「サンデーサイレンス」は基準比リフト1.199
東京,直線長め・持続型,芝,中距離(1700-2000),良,外枠(7-8),母父,スペシャルウィーク,62,4,16,0.0645,0.2581,416.1,0.0,7.63,0.2154,0.0427,1.198,C,東京芝中距離(1700-2000)・良・外枠(7-8)で母父「スペシャルウィーク」は基準比リフト1.198
中京,直線長め・持続型,芝,短中距離(1400-1600),良,中枠(3-6),母父,シンボリクリスエス,57,5,14,0.0877,0.2456,40.0,0.0,7.53,0.2051,0.0405,1.197,C,中京芝短中距離(1400-1600)・良・中枠(3-6)で母父「シンボリクリスエス」は基準比リフト1.197
阪神,坂あり・パワー型,芝,短中距離(1400-1600),良,中枠(3-6),母父,ノーザンテースト,54,5,14,0.0926,0.2593,65.2,0.0,7.43,0.2169,0.0424,1.195,C,阪神芝短中距離(1400-1600)・良・中枠(3-6)で母父「ノーザンテースト」は基準比リフト1.195
東京,直線長め・持続型,芝,短中距離(1400-1600),良,中枠(3-6),母父,Caerleon,62,9,15,0.1452,0.2419,64.8,0.0,8.58,0.2028,0.0391,1.193,C,東京芝短中距離(1400-1600)・良・中枠(3-6)で母父「Caerleon」は基準比リフト1.193
福島,小回り・機動型,芝,中距離(1700-2000),良,外枠(7-8),母父,キングカメハメハ,58,5,13,0.0862,0.2241,64.8,0.0,7.71,0.1878,0.0363,1.193,C,福島芝中距離(1700-2000)・良・外枠(7-8)で母父「キングカメハメハ」は基準比リフト1.193
函館,小回り・持続型,芝,中距離(1700-2000),良,中枠(3-6),母父,アグネスタキオン,77,7,22,0.0909,0.2857,43.0,0.0,6.79,0.2397,0.046,1.192,C,函館芝中距離(1700-2000)・良・中枠(3-6)で母父「アグネスタキオン」は基準比リフト1.192
新潟,直線長め・平坦型,ダ,短距離(1000-1300),稍,中枠(3-6),母父,フジキセキ,59,2,14,0.0339,0.2373,14.4,0.0,6.64,0.1993,0.038,1.191,C,新潟ダ短距離(1000-1300)・稍・中枠(3-6)で母父「フジキセキ」は基準比リフト1.191
小倉,小回り・機動型,芝,短距離(1000-1300),良,外枠(7-8),母父,クロフネ,68,9,16,0.1324,0.2353,145.1,0.0,7.84,0.1981,0.0372,1.188,C,小倉芝短距離(1000-1300)・良・外枠(7-8)で母父「クロフネ」は基準比リフト1.188
小倉,小回り・機動型,芝,短距離(1000-1300),良,外枠(7-8),母父,トニービン,68,5,16,0.0735,0.2353,26.8,0.0,7.74,0.1981,0.0372,1.188,C,小倉芝短距離(1000-1300)・良・外枠(7-8)で母父「トニービン」は基準比リフト1.188
中山,坂あり・パワー型,芝,短中距離(1400-1600),良,外枠(7-8),母父,アグネスタキオン,67,3,15,0.0448,0.2239,22.7,0.0,8.37,0.1887,0.0352,1.187,C,中山芝短中距離(1400-1600)・良・外枠(7-8)で母父「アグネスタキオン」は基準比リフト1.187
小倉,小回り・機動型,芝,中距離(1700-2000),稍,中枠(3-6),母父,サンデーサイレンス,76,5,18,0.0658,0.2368,33.0,0.0,6.8,0.2,0.0368,1.184,C,小倉芝中距離(1700-2000)・稍・中枠(3-6)で母父「サンデーサイレンス」は基準比リフト1.184
京都,平坦・スピード型,芝,短中距離(1400-1600),良,中枠(3-6),母父,ノーザンテースト,75,9,19,0.12,0.2533,110.3,0.0,7.0,0.2142,0.0391,1.183,C,京都芝短中距離(1400-1600)・良・中枠(3-6)で母父「ノーザンテースト」は基準比リフト1.183
阪神,坂あり・パワー型,ダ,中距離(1700-2000),良,外枠(7-8),母父,スペシャルウィーク,72,8,20,0.1111,0.2778,253.1,0.0,6.99,0.2351,0.0427,1.182,C,阪神ダ中距離(1700-2000)・良・外枠(7-8)で母父「スペシャルウィーク」は基準比リフト1.182
京都,平坦・スピード型,ダ,短距離(1000-1300),良,内枠(1-2),母父,ブライアンズタイム,60,1,15,0.0167,0.25,85.7,0.0,7.13,0.2115,0.0385,1.182,C,京都ダ短距離(1000-1300)・良・内枠(1-2)で母父「ブライアンズタイム」は基準比リフト1.182
中京,直線長め・持続型,芝,短中距離(1400-1600),良,外枠(7-8),母父,キングカメハメハ,60,5,14,0.0833,0.2333,212.5,0.0,8.45,0.1978,0.0355,1.179,C,中京芝短中距離(1400-1600)・良・外枠(7-8)で母父「キングカメハメハ」は基準比リフト1.179
阪神,坂あり・パワー型,ダ,中距離(1700-2000),稍,中枠(3-6),母父,ブライアンズタイム,73,6,18,0.0822,0.2466,55.1,0.0,7.25,0.2095,0.0371,1.177,C,阪神ダ中距離(1700-2000)・稍・中枠(3-6)で母父「ブライアンズタイム」は基準比リフト1.177
阪神,坂あり・パワー型,ダ,短距離(1000-1300),良,外枠(7-8),母父,フジキセキ,74,4,18,0.0541,0.2432,32.8,0.0,8.22,0.2072,0.036,1.174,C,阪神ダ短距離(1000-1300)・良・外枠(7-8)で母父「フジキセキ」は基準比リフト1.174
函館,小回り・持続型,ダ,中距離(1700-2000),良,中枠(3-6),母父,スペシャルウィーク,76,6,21,0.0789,0.2763,91.1,0.0,6.0,0.2356,0.0407,1.173,C,函館ダ中距離(1700-2000)・良・中枠(3-6)で母父「スペシャルウィーク」は基準比リフト1.173
函館,小回り・持続型,芝,短距離(1000-1300),良,中枠(3-6),母父,ディープインパクト,55,4,15,0.0727,0.2727,86.4,0.0,7.76,0.2329,0.0398,1.171,C,函館芝短距離(1000-1300)・良・中枠(3-6)で母父「ディープインパクト」は基準比リフト1.171
福島,小回り・機動型,芝,長距離(2500以上),良,中枠(3-6),母父,ダンスインザダーク,67,7,19,0.1045,0.2836,123.3,0.0,7.54,0.2423,0.0413,1.17,C,福島芝長距離(2500以上)・良・中枠(3-6)で母父「ダンスインザダーク」は基準比リフト1.17
函館,小回り・持続型,芝,短距離(1000-1300),良,外枠(7-8),母父,タイキシャトル,53,6,13,0.1132,0.2453,43.2,0.0,6.45,0.21,0.0353,1.168,C,函館芝短距離(1000-1300)・良・外枠(7-8)で母父「タイキシャトル」は基準比リフト1.168
新潟,直線長め・平坦型,芝,短距離(1000-1300),良,中枠(3-6),母父,タイキシャトル,60,5,12,0.0833,0.2,65.7,0.0,9.15,0.1712,0.0288,1.168,C,新潟芝短距離(1000-1300)・良・中枠(3-6)で母父「タイキシャトル」は基準比リフト1.168
京都,平坦・スピード型,ダ,中距離(1700-2000),良,中枠(3-6),母父,ラムタラ,59,4,15,0.0678,0.2542,93.7,0.0,7.86,0.2181,0.0361,1.166,C,京都ダ中距離(1700-2000)・良・中枠(3-6)で母父「ラムタラ」は基準比リフト1.166
阪神,坂あり・パワー型,芝,短距離(1000-1300),良,外枠(7-8),母父,サンデーサイレンス,62,1,14,0.0161,0.2258,15.0,0.0,7.56,0.1938,0.032,1.165,C,阪神芝短距離(1000-1300)・良・外枠(7-8)で母父「サンデーサイレンス」は基準比リフト1.165
阪神,坂あり・パワー型,ダ,短中距離(1400-1600),良,中枠(3-6),母父,マンハッタンカフェ,55,3,13,0.0545,0.2364,16.4,0.0,7.89,0.2031,0.0333,1.164,C,阪神ダ短中距離(1400-1600)・良・中枠(3-6)で母父「マンハッタンカフェ」は基準比リフト1.164
京都,平坦・スピード型,ダ,短距離(1000-1300),良,中枠(3-6),母父,スキャン,53,5,12,0.0943,0.2264,279.6,0.0,7.75,0.1949,0.0315,1.162,C,京都ダ短距離(1000-1300)・良・中枠(3-6)で母父「スキャン」は基準比リフト1.162
小倉,小回り・機動型,ダ,短距離(1000-1300),良,中枠(3-6),母父,ブライアンズタイム,58,6,15,0.1034,0.2586,63.8,0.0,7.28,0.2229,0.0357,1.16,C,小倉ダ短距離(1000-1300)・良・中枠(3-6)で母父「ブライアンズタイム」は基準比リフト1.16
東京,直線長め・持続型,ダ,短中距離(1400-1600),稍,中枠(3-6),母父,シンボリクリスエス,73,5,16,0.0685,0.2192,90.3,0.0,7.62,0.1894,0.0298,1.157,C,東京ダ短中距離(1400-1600)・稍・中枠(3-6)で母父「シンボリクリスエス」は基準比リフト1.157
中京,直線長め・持続型,ダ,中距離(1700-2000),良,内枠(1-2),母父,アグネスタキオン,50,5,13,0.1,0.26,98.0,0.0,7.44,0.225,0.035,1.156,C,中京ダ中距離(1700-2000)・良・内枠(1-2)で母父「アグネスタキオン」は基準比リフト1.156
東京,直線長め・持続型,ダ,短中距離(1400-1600),良,外枠(7-8),母父,ティンバーカントリー,56,4,14,0.0714,0.25,542.3,0.0,9.14,0.2165,0.0335,1.155,C,東京ダ短中距離(1400-1600)・良・外枠(7-8)で母父「ティンバーカントリー」は基準比リフト1.155
福島,小回り・機動型,芝,短距離(1000-1300),良,内枠(1-2),母父,サクラバクシンオー,67,6,17,0.0896,0.2537,217.2,0.0,7.48,0.2198,0.0339,1.154,C,福島芝短距離(1000-1300)・良・内枠(1-2)で母父「サクラバクシンオー」は基準比リフト1.154
阪神,坂あり・パワー型,ダ,中距離(1700-2000),良,中枠(3-6),母父,Kingmambo,69,9,18,0.1304,0.2609,67.4,0.0,6.94,0.2273,0.0336,1.148,C,阪神ダ中距離(1700-2000)・良・中枠(3-6)で母父「Kingmambo」は基準比リフト1.148
東京,直線長め・持続型,芝,短中距離(1400-1600),良,中枠(3-6),母父,フォーティナイナー,73,4,17,0.0548,0.2329,25.9,0.0,9.1,0.2028,0.0301,1.148,C,東京芝短中距離(1400-1600)・良・中枠(3-6)で母父「フォーティナイナー」は基準比リフト1.148
中山,坂あり・パワー型,芝,短中距離(1400-1600),良,中枠(3-6),母父,クロフネ,65,3,15,0.0462,0.2308,10.2,0.0,7.77,0.2014,0.0294,1.146,C,中山芝短中距離(1400-1600)・良・中枠(3-6)で母父「クロフネ」は基準比リフト1.146
中京,直線長め・持続型,ダ,短距離(1000-1300),良,中枠(3-6),母父,ブライアンズタイム,72,9,15,0.125,0.2083,180.4,0.0,8.88,0.182,0.0263,1.145,C,中京ダ短距離(1000-1300)・良・中枠(3-6)で母父「ブライアンズタイム」は基準比リフト1.145
東京,直線長め・持続型,芝,中距離(1700-2000),良,中枠(3-6),母父,ホワイトマズル,59,5,16,0.0847,0.2712,52.7,0.0,7.71,0.237,0.0342,1.144,C,東京芝中距離(1700-2000)・良・中枠(3-6)で母父「ホワイトマズル」は基準比リフト1.144
京都,平坦・スピード型,ダ,短距離(1000-1300),良,中枠(3-6),母父,アフリート,63,6,14,0.0952,0.2222,65.2,0.0,8.25,0.1949,0.0273,1.14,C,京都ダ短距離(1000-1300)・良・中枠(3-6)で母父「アフリート」は基準比リフト1.14
小倉,小回り・機動型,芝,短距離(1000-1300),良,内枠(1-2),母父,サクラバクシンオー,74,6,16,0.0811,0.2162,49.7,0.0,7.99,0.1897,0.0265,1.14,C,小倉芝短距離(1000-1300)・良・内枠(1-2)で母父「サクラバクシンオー」は基準比リフト1.14
阪神,坂あり・パワー型,芝,中長距離(2100-2400),良,中枠(3-6),母父,トニービン,64,7,19,0.1094,0.2969,157.7,0.0,6.27,0.2609,0.036,1.138,C,阪神芝中長距離(2100-2400)・良・中枠(3-6)で母父「トニービン」は基準比リフト1.138
新潟,直線長め・平坦型,芝,短距離(1000-1300),良,外枠(7-8),母父,サクラバクシンオー,79,7,21,0.0886,0.2658,30.0,0.0,7.04,0.2335,0.0323,1.138,C,新潟芝短距離(1000-1300)・良・外枠(7-8)で母父「サクラバクシンオー」は基準比リフト1.138
中山,坂あり・パワー型,芝,中距離(1700-2000),稍,中枠(3-6),母父,サンデーサイレンス,79,3,20,0.038,0.2532,17.3,0.0,6.87,0.2225,0.0307,1.138,C,中山芝中距離(1700-2000)・稍・中枠(3-6)で母父「サンデーサイレンス」は基準比リフト1.138
函館,小回り・持続型,ダ,中距離(1700-2000),良,中枠(3-6),母父,ダンスインザダーク,71,6,19,0.0845,0.2676,52.5,0.0,6.59,0.2356,0.032,1.136,C,函館ダ中距離(1700-2000)・良・中枠(3-6)で母父「ダンスインザダーク」は基準比リフト1.136
新潟,直線長め・平坦型,芝,短距離(1000-1300),良,外枠(7-8),母父,フジキセキ,68,6,18,0.0882,0.2647,224.3,0.0,6.99,0.2335,0.0312,1.134,C,新潟芝短距離(1000-1300)・良・外枠(7-8)で母父「フジキセキ」は基準比リフト1.134
中京,直線長め・持続型,芝,中距離(1700-2000),良,中枠(3-6),母父,スペシャルウィーク,52,3,13,0.0577,0.25,23.3,0.0,7.06,0.2207,0.0293,1.133,C,中京芝中距離(1700-2000)・良・中枠(3-6)で母父「スペシャルウィーク」は基準比リフト1.133
東京,直線長め・持続型,ダ,短距離(1000-1300),良,中枠(3-6),母父,ブライアンズタイム,54,5,12,0.0926,0.2222,45.0,0.0,8.09,0.1967,0.0255,1.13,C,東京ダ短距離(1000-1300)・良・中枠(3-6)で母父「ブライアンズタイム」は基準比リフト1.13
新潟,直線長め・平坦型,ダ,中距離(1700-2000),良,外枠(7-8),母父,クロフネ,55,5,14,0.0909,0.2545,169.6,0.0,7.22,0.226,0.0285,1.126,C,新潟ダ中距離(1700-2000)・良・外枠(7-8)で母父「クロフネ」は基準比リフト1.126
京都,平坦・スピード型,ダ,短距離(1000-1300),良,外枠(7-8),母父,フジキセキ,74,10,17,0.1351,0.2297,216.5,0.0,8.81,0.2043,0.0254,1.124,C,京都ダ短距離(1000-1300)・良・外枠(7-8)で母父「フジキセキ」は基準比リフト1.124
阪神,坂あり・パワー型,芝,短中距離(1400-1600),良,内枠(1-2),母父,タイキシャトル,52,1,13,0.0192,0.25,61.7,0.0,7.94,0.2227,0.0273,1.123,C,阪神芝短中距離(1400-1600)・良・内枠(1-2)で母父「タイキシャトル」は基準比リフト1.123
阪神,坂あり・パワー型,ダ,中距離(1700-2000),稍,中枠(3-6),母父,スペシャルウィーク,51,6,12,0.1176,0.2353,184.7,0.0,7.14,0.2095,0.0258,1.123,C,阪神ダ中距離(1700-2000)・稍・中枠(3-6)で母父「スペシャルウィーク」は基準比リフト1.123
東京,直線長め・持続型,ダ,短中距離(1400-1600),良,内枠(1-2),母父,トニービン,69,5,13,0.0725,0.1884,43.0,0.0,8.22,0.1677,0.0207,1.123,C,東京ダ短中距離(1400-1600)・良・内枠(1-2)で母父「トニービン」は基準比リフト1.123
京都,平坦・スピード型,ダ,短中距離(1400-1600),良,中枠(3-6),母父,クロフネ,58,6,13,0.1034,0.2241,74.1,0.0,7.19,0.2,0.0241,1.12,C,京都ダ短中距離(1400-1600)・良・中枠(3-6)で母父「クロフネ」は基準比リフト1.12
東京,直線長め・持続型,ダ,短中距離(1400-1600),稍,中枠(3-6),母父,アフリート,66,6,14,0.0909,0.2121,35.9,0.0,8.36,0.1894,0.0227,1.12,C,東京ダ短中距離(1400-1600)・稍・中枠(3-6)で母父「アフリート」は基準比リフト1.12
阪神,坂あり・パワー型,芝,中距離(1700-2000),良,中枠(3-6),母父,エリシオ,56,4,15,0.0714,0.2679,43.2,0.0,7.45,0.2399,0.028,1.117,C,阪神芝中距離(1700-2000)・良・中枠(3-6)で母父「エリシオ」は基準比リフト1.117
阪神,坂あり・パワー型,ダ,長距離(2500以上),良,中枠(3-6),母父,サンデーサイレンス,63,4,18,0.0635,0.2857,45.6,0.0,5.49,0.256,0.0297,1.116,C,阪神ダ長距離(2500以上)・良・中枠(3-6)で母父「サンデーサイレンス」は基準比リフト1.116
阪神,坂あり・パワー型,ダ,短中距離(1400-1600),良,外枠(7-8),母父,ブライアンズタイム,73,3,18,0.0411,0.2466,17.7,0.0,7.51,0.2213,0.0253,1.114,C,阪神ダ短中距離(1400-1600)・良・外枠(7-8)で母父「ブライアンズタイム」は基準比リフト1.114
京都,平坦・スピード型,芝,短中距離(1400-1600),良,内枠(1-2),母父,トニービン,70,4,17,0.0571,0.2429,67.4,0.0,7.86,0.2185,0.0244,1.112,C,京都芝短中距離(1400-1600)・良・内枠(1-2)で母父「トニービン」は基準比リフト1.112
新潟,直線長め・平坦型,芝,中距離(1700-2000),良,中枠(3-6),母父,エルコンドルパサー,58,3,14,0.0517,0.2414,20.3,0.0,7.38,0.2171,0.0243,1.112,C,新潟芝中距離(1700-2000)・良・中枠(3-6)で母父「エルコンドルパサー」は基準比リフト1.112
東京,直線長め・持続型,ダ,短中距離(1400-1600),良,外枠(7-8),母父,Storm Cat,54,8,13,0.1481,0.2407,52.0,0.0,7.0,0.2165,0.0242,1.112,C,東京ダ短中距離(1400-1600)・良・外枠(7-8)で母父「Storm Cat」は基準比リフト1.112
中山,坂あり・パワー型,ダ,短距離(1000-1300),良,中枠(3-6),母父,ゴールドアリュール,70,8,15,0.1143,0.2143,150.4,0.0,8.23,0.1927,0.0216,1.112,C,中山ダ短距離(1000-1300)・良・中枠(3-6)で母父「ゴールドアリュール」は基準比リフト1.112
小倉,小回り・機動型,ダ,中距離(1700-2000),良,内枠(1-2),母父,フジキセキ,51,7,12,0.1373,0.2353,183.5,0.0,8.59,0.2118,0.0235,1.111,C,小倉ダ中距離(1700-2000)・良・内枠(1-2)で母父「フジキセキ」は基準比リフト1.111
中山,坂あり・パワー型,ダ,短距離(1000-1300),良,内枠(1-2),母父,キングカメハメハ,51,3,10,0.0588,0.1961,58.6,0.0,9.02,0.1768,0.0193,1.109,C,中山ダ短距離(1000-1300)・良・内枠(1-2)で母父「キングカメハメハ」は基準比リフト1.109
中山,坂あり・パワー型,ダ,短距離(1000-1300),稍,内枠(1-2),母父,サンデーサイレンス,50,6,10,0.12,0.2,348.6,0.0,7.62,0.1805,0.0195,1.108,C,中山ダ短距離(1000-1300)・稍・内枠(1-2)で母父「サンデーサイレンス」は基準比リフト1.108
京都,平坦・スピード型,ダ,短距離(1000-1300),良,中枠(3-6),母父,スペシャルウィーク,51,3,11,0.0588,0.2157,66.7,0.0,7.33,0.1949,0.0208,1.107,C,京都ダ短距離(1000-1300)・良・中枠(3-6)で母父「スペシャルウィーク」は基準比リフト1.107
福島,小回り・機動型,芝,短距離(1000-1300),良,外枠(7-8),母父,ブライアンズタイム,60,3,13,0.05,0.2167,35.8,0.0,8.68,0.1962,0.0205,1.104,C,福島芝短距離(1000-1300)・良・外枠(7-8)で母父「ブライアンズタイム」は基準比リフト1.104
東京,直線長め・持続型,ダ,短中距離(1400-1600),良,外枠(7-8),母父,ディープインパクト,63,4,15,0.0635,0.2381,139.5,0.0,7.57,0.2165,0.0216,1.1,C,東京ダ短中距離(1400-1600)・良・外枠(7-8)で母父「ディープインパクト」は基準比リフト1.1
東京,直線長め・持続型,芝,中距離(1700-2000),良,中枠(3-6),母父,ゼンノロブロイ,50,2,13,0.04,0.26,8.4,0.0,6.98,0.237,0.023,1.097,C,東京芝中距離(1700-2000)・良・中枠(3-6)で母父「ゼンノロブロイ」は基準比リフト1.097
福島,小回り・機動型,芝,短距離(1000-1300),良,外枠(7-8),母父,フジキセキ,79,7,17,0.0886,0.2152,106.8,0.0,7.92,0.1962,0.019,1.097,C,福島芝短距離(1000-1300)・良・外枠(7-8)で母父「フジキセキ」は基準比リフト1.097
新潟,直線長め・平坦型,芝,中距離(1700-2000),良,外枠(7-8),母父,ディープインパクト,65,4,15,0.0615,0.2308,35.1,0.0,6.46,0.2107,0.0201,1.095,C,新潟芝中距離(1700-2000)・良・外枠(7-8)で母父「ディープインパクト」は基準比リフト1.095
中山,坂あり・パワー型,芝,短中距離(1400-1600),良,外枠(7-8),母父,ディープインパクト,63,8,13,0.127,0.2063,109.5,0.0,6.49,0.1887,0.0176,1.093,C,中山芝短中距離(1400-1600)・良・外枠(7-8)で母父「ディープインパクト」は基準比リフト1.093
中京,直線長め・持続型,ダ,中距離(1700-2000),稍,中枠(3-6),母父,サンデーサイレンス,77,5,19,0.0649,0.2468,42.7,0.0,7.58,0.2261,0.0207,1.092,C,中京ダ中距離(1700-2000)・稍・中枠(3-6)で母父「サンデーサイレンス」は基準比リフト1.092
新潟,直線長め・平坦型,ダ,中距離(1700-2000),良,外枠(7-8),母父,ブライアンズタイム,77,4,19,0.0519,0.2468,32.1,0.0,7.69,0.226,0.0208,1.092,C,新潟ダ中距離(1700-2000)・良・外枠(7-8)で母父「ブライアンズタイム」は基準比リフト1.092
京都,平坦・スピード型,ダ,中距離(1700-2000),稍,外枠(7-8),母父,サンデーサイレンス,69,3,17,0.0435,0.2464,14.8,0.0,6.72,0.2257,0.0207,1.092,C,京都ダ中距離(1700-2000)・稍・外枠(7-8)で母父「サンデーサイレンス」は基準比リフト1.092
札幌,小回り・持続型,芝,中距離(1700-2000),良,中枠(3-6),母父,クロフネ,53,5,14,0.0943,0.2642,61.3,0.0,6.91,0.2428,0.0214,1.088,C,札幌芝中距離(1700-2000)・良・中枠(3-6)で母父「クロフネ」は基準比リフト1.088
京都,平坦・スピード型,芝,中距離(1700-2000),良,外枠(7-8),母父,クロフネ,65,7,16,0.1077,0.2462,171.2,0.0,7.11,0.2263,0.0199,1.088,C,京都芝中距離(1700-2000)・良・外枠(7-8)で母父「クロフネ」は基準比リフト1.088
阪神,坂あり・パワー型,芝,中長距離(2100-2400),良,内枠(1-2),母父,サンデーサイレンス,65,11,19,0.1692,0.2923,131.2,0.0,5.62,0.2691,0.0232,1.086,C,阪神芝中長距離(2100-2400)・良・内枠(1-2)で母父「サンデーサイレンス」は基準比リフト1.086
東京,直線長め・持続型,ダ,中長距離(2100-2400),良,中枠(3-6),母父,ブライアンズタイム,79,9,19,0.1139,0.2405,135.2,0.0,7.46,0.2214,0.0191,1.086,C,東京ダ中長距離(2100-2400)・良・中枠(3-6)で母父「ブライアンズタイム」は基準比リフト1.086
小倉,小回り・機動型,芝,中距離(1700-2000),良,中枠(3-6),母父,ジャングルポケット,54,3,13,0.0556,0.2407,184.8,0.0,6.93,0.2218,0.0189,1.085,C,小倉芝中距離(1700-2000)・良・中枠(3-6)で母父「ジャングルポケット」は基準比リフト1.085
中京,直線長め・持続型,芝,短中距離(1400-1600),良,外枠(7-8),母父,フジキセキ,70,4,15,0.0571,0.2143,73.6,0.0,8.14,0.1978,0.0165,1.083,C,中京芝短中距離(1400-1600)・良・外枠(7-8)で母父「フジキセキ」は基準比リフト1.083
京都,平坦・スピード型,ダ,中距離(1700-2000),稍,中枠(3-6),母父,フレンチデピュティ,53,5,13,0.0943,0.2453,74.2,0.0,7.3,0.2269,0.0184,1.081,C,京都ダ中距離(1700-2000)・稍・中枠(3-6)で母父「フレンチデピュティ」は基準比リフト1.081
京都,平坦・スピード型,ダ,中距離(1700-2000),良,内枠(1-2),母父,アフリート,56,3,14,0.0536,0.25,39.6,0.0,7.7,0.2314,0.0186,1.08,C,京都ダ中距離(1700-2000)・良・内枠(1-2)で母父「アフリート」は基準比リフト1.08
中京,直線長め・持続型,ダ,中距離(1700-2000),良,外枠(7-8),母父,フジキセキ,71,4,16,0.0563,0.2254,51.8,0.0,7.37,0.2087,0.0167,1.08,C,中京ダ中距離(1700-2000)・良・外枠(7-8)で母父「フジキセキ」は基準比リフト1.08
阪神,坂あり・パワー型,ダ,短距離(1000-1300),良,中枠(3-6),母父,キングカメハメハ,67,3,15,0.0448,0.2239,48.1,0.0,7.9,0.2076,0.0163,1.079,C,阪神ダ短距離(1000-1300)・良・中枠(3-6)で母父「キングカメハメハ」は基準比リフト1.079
東京,直線長め・持続型,芝,短中距離(1400-1600),良,中枠(3-6),母父,ダンシングブレーヴ,64,6,14,0.0938,0.2188,30.3,0.0,7.75,0.2028,0.016,1.079,C,東京芝短中距離(1400-1600)・良・中枠(3-6)で母父「ダンシングブレーヴ」は基準比リフト1.079
中山,坂あり・パワー型,ダ,長距離(2500以上),良,中枠(3-6),母父,サンデーサイレンス,73,6,18,0.0822,0.2466,88.5,0.0,6.15,0.2287,0.0179,1.078,C,中山ダ長距離(2500以上)・良・中枠(3-6)で母父「サンデーサイレンス」は基準比リフト1.078
東京,直線長め・持続型,ダ,短中距離(1400-1600),良,中枠(3-6),母父,Gone West,79,6,17,0.0759,0.2152,72.2,0.0,7.37,0.1997,0.0155,1.078,C,東京ダ短中距離(1400-1600)・良・中枠(3-6)で母父「Gone West」は基準比リフト1.078
東京,直線長め・持続型,芝,短中距離(1400-1600),良,外枠(7-8),母父,Storm Cat,56,7,12,0.125,0.2143,135.2,0.0,7.46,0.1988,0.0155,1.078,C,東京芝短中距離(1400-1600)・良・外枠(7-8)で母父「Storm Cat」は基準比リフト1.078
阪神,坂あり・パワー型,芝,中距離(1700-2000),良,内枠(1-2),母父,ダンスインザダーク,63,2,17,0.0317,0.2698,21.1,0.0,6.63,0.2505,0.0193,1.077,C,阪神芝中距離(1700-2000)・良・内枠(1-2)で母父「ダンスインザダーク」は基準比リフト1.077
小倉,小回り・機動型,ダ,中距離(1700-2000),稍,外枠(7-8),母父,サンデーサイレンス,54,3,11,0.0556,0.2037,95.9,0.0,7.37,0.1892,0.0145,1.077,C,小倉ダ中距離(1700-2000)・稍・外枠(7-8)で母父「サンデーサイレンス」は基準比リフト1.077
京都,平坦・スピード型,芝,中距離(1700-2000),良,内枠(1-2),母父,トニービン,74,3,19,0.0405,0.2568,27.7,0.0,7.5,0.239,0.0178,1.074,C,京都芝中距離(1700-2000)・良・内枠(1-2)で母父「トニービン」は基準比リフト1.074
函館,小回り・持続型,芝,短距離(1000-1300),良,中枠(3-6),母父,クロフネ,52,8,13,0.1538,0.25,139.0,0.0,6.96,0.2329,0.0171,1.073,C,函館芝短距離(1000-1300)・良・中枠(3-6)で母父「クロフネ」は基準比リフト1.073
中山,坂あり・パワー型,ダ,短距離(1000-1300),良,内枠(1-2),母父,フォーティナイナー,58,5,11,0.0862,0.1897,44.3,0.0,8.69,0.1768,0.0129,1.073,C,中山ダ短距離(1000-1300)・良・内枠(1-2)で母父「フォーティナイナー」は基準比リフト1.073
小倉,小回り・機動型,芝,短距離(1000-1300),良,内枠(1-2),母父,ブライアンズタイム,64,5,13,0.0781,0.2031,26.4,0.0,9.3,0.1897,0.0134,1.071,C,小倉芝短距離(1000-1300)・良・内枠(1-2)で母父「ブライアンズタイム」は基準比リフト1.071
中山,坂あり・パワー型,ダ,短距離(1000-1300),良,内枠(1-2),母父,ダンスインザダーク,74,4,14,0.0541,0.1892,43.2,0.0,8.49,0.1768,0.0124,1.07,C,中山ダ短距離(1000-1300)・良・内枠(1-2)で母父「ダンスインザダーク」は基準比リフト1.07
新潟,直線長め・平坦型,芝,短中距離(1400-1600),良,外枠(7-8),母父,サクラバクシンオー,54,5,11,0.0926,0.2037,36.9,0.0,8.65,0.1905,0.0132,1.069,C,新潟芝短中距離(1400-1600)・良・外枠(7-8)で母父「サクラバクシンオー」は基準比リフト1.069
東京,直線長め・持続型,ダ,短中距離(1400-1600),良,中枠(3-6),母父,メジロマックイーン,61,4,13,0.0656,0.2131,39.7,0.0,7.48,0.1997,0.0134,1.067,C,東京ダ短中距離(1400-1600)・良・中枠(3-6)で母父「メジロマックイーン」は基準比リフト1.067
東京,直線長め・持続型,芝,中距離(1700-2000),良,内枠(1-2),母父,ダンスインザダーク,68,4,17,0.0588,0.25,13.1,0.0,8.03,0.2345,0.0155,1.066,C,東京芝中距離(1700-2000)・良・内枠(1-2)で母父「ダンスインザダーク」は基準比リフト1.066
中京,直線長め・持続型,芝,中距離(1700-2000),良,中枠(3-6),母父,クロフネ,51,4,12,0.0784,0.2353,43.9,0.0,7.86,0.2207,0.0146,1.066,C,中京芝中距離(1700-2000)・良・中枠(3-6)で母父「クロフネ」は基準比リフト1.066
福島,小回り・機動型,芝,中距離(1700-2000),良,外枠(7-8),母父,ディープインパクト,50,4,10,0.08,0.2,87.0,0.0,7.46,0.1878,0.0122,1.065,C,福島芝中距離(1700-2000)・良・外枠(7-8)で母父「ディープインパクト」は基準比リフト1.065
中山,坂あり・パワー型,芝,中距離(1700-2000),良,外枠(7-8),母父,スペシャルウィーク,68,6,15,0.0882,0.2206,78.5,0.0,8.13,0.2074,0.0132,1.064,C,中山芝中距離(1700-2000)・良・外枠(7-8)で母父「スペシャルウィーク」は基準比リフト1.064
新潟,直線長め・平坦型,芝,中距離(1700-2000),良,外枠(7-8),母父,ブライアンズタイム,67,2,15,0.0299,0.2239,9.6,0.0,7.96,0.2107,0.0132,1.063,C,新潟芝中距離(1700-2000)・良・外枠(7-8)で母父「ブライアンズタイム」は基準比リフト1.063
中山,坂あり・パワー型,ダ,中距離(1700-2000),良,中枠(3-6),母父,ゴールドアリュール,71,6,15,0.0845,0.2113,40.7,0.0,8.06,0.199,0.0123,1.062,C,中山ダ中距離(1700-2000)・良・中枠(3-6)で母父「ゴールドアリュール」は基準比リフト1.062
中山,坂あり・パワー型,ダ,短距離(1000-1300),稍,中枠(3-6),母父,ブライアンズタイム,69,6,13,0.087,0.1884,45.4,0.0,8.26,0.1775,0.0109,1.061,C,中山ダ短距離(1000-1300)・稍・中枠(3-6)で母父「ブライアンズタイム」は基準比リフト1.061
中山,坂あり・パワー型,ダ,中距離(1700-2000),稍,中枠(3-6),母父,スペシャルウィーク,50,5,11,0.1,0.22,94.0,0.0,8.36,0.2081,0.0119,1.057,C,中山ダ中距離(1700-2000)・稍・中枠(3-6)で母父「スペシャルウィーク」は基準比リフト1.057
東京,直線長め・持続型,芝,中距離(1700-2000),良,中枠(3-6),母父,ノーザンテースト,72,9,18,0.125,0.25,102.8,0.0,7.03,0.237,0.013,1.055,C,東京芝中距離(1700-2000)・良・中枠(3-6)で母父「ノーザンテースト」は基準比リフト1.055
阪神,坂あり・パワー型,ダ,短中距離(1400-1600),稍,外枠(7-8),母父,サンデーサイレンス,53,3,12,0.0566,0.2264,21.9,0.0,8.28,0.2147,0.0117,1.054,C,阪神ダ短中距離(1400-1600)・稍・外枠(7-8)で母父「サンデーサイレンス」は基準比リフト1.054
新潟,直線長め・平坦型,芝,短距離(1000-1300),良,外枠(7-8),母父,ダンスインザダーク,61,7,15,0.1148,0.2459,75.2,0.0,7.31,0.2335,0.0124,1.053,C,新潟芝短距離(1000-1300)・良・外枠(7-8)で母父「ダンスインザダーク」は基準比リフト1.053
京都,平坦・スピード型,ダ,中距離(1700-2000),良,内枠(1-2),母父,フレンチデピュティ,78,9,19,0.1154,0.2436,146.0,0.0,7.63,0.2314,0.0122,1.053,C,京都ダ中距離(1700-2000)・良・内枠(1-2)で母父「フレンチデピュティ」は基準比リフト1.053
中京,直線長め・持続型,ダ,中距離(1700-2000),良,内枠(1-2),母父,ブライアンズタイム,76,10,18,0.1316,0.2368,74.2,0.0,7.7,0.225,0.0118,1.052,C,中京ダ中距離(1700-2000)・良・内枠(1-2)で母父「ブライアンズタイム」は基準比リフト1.052
福島,小回り・機動型,芝,中距離(1700-2000),良,外枠(7-8),母父,トニービン,66,3,13,0.0455,0.197,38.5,0.0,7.41,0.1878,0.0092,1.049,C,福島芝中距離(1700-2000)・良・外枠(7-8)で母父「トニービン」は基準比リフト1.049
阪神,坂あり・パワー型,芝,短中距離(1400-1600),良,中枠(3-6),母父,クロフネ,110,12,25,0.1091,0.2273,87.5,0.0,7.84,0.2169,0.0104,1.048,C,阪神芝短中距離(1400-1600)・良・中枠(3-6)で母父「クロフネ」は基準比リフト1.048
新潟,直線長め・平坦型,ダ,中距離(1700-2000),良,中枠(3-6),母父,ブライアンズタイム,138,6,31,0.0435,0.2246,24.7,0.0,7.43,0.2144,0.0102,1.048,C,新潟ダ中距離(1700-2000)・良・中枠(3-6)で母父「ブライアンズタイム」は基準比リフト1.048
中京,直線長め・持続型,ダ,中距離(1700-2000),良,外枠(7-8),母父,スペシャルウィーク,64,4,14,0.0625,0.2188,27.8,0.0,7.55,0.2087,0.0101,1.048,C,中京ダ中距離(1700-2000)・良・外枠(7-8)で母父「スペシャルウィーク」は基準比リフト1.048
阪神,坂あり・パワー型,ダ,中距離(1700-2000),良,内枠(1-2),母父,マンハッタンカフェ,51,5,11,0.098,0.2157,95.9,0.0,7.71,0.206,0.0097,1.047,C,阪神ダ中距離(1700-2000)・良・内枠(1-2)で母父「マンハッタンカフェ」は基準比リフト1.047
阪神,坂あり・パワー型,ダ,中距離(1700-2000),良,外枠(7-8),母父,アフリート,61,6,15,0.0984,0.2459,66.4,0.0,7.82,0.2351,0.0108,1.046,C,阪神ダ中距離(1700-2000)・良・外枠(7-8)で母父「アフリート」は基準比リフト1.046
阪神,坂あり・パワー型,ダ,中距離(1700-2000),良,中枠(3-6),母父,フジキセキ,185,13,44,0.0703,0.2378,47.8,0.0,7.54,0.2273,0.0105,1.046,C,阪神ダ中距離(1700-2000)・良・中枠(3-6)で母父「フジキセキ」は基準比リフト1.046
新潟,直線長め・平坦型,ダ,中距離(1700-2000),良,中枠(3-6),母父,ダンスインザダーク,116,9,26,0.0776,0.2241,37.5,0.0,7.34,0.2144,0.0097,1.045,C,新潟ダ中距離(1700-2000)・良・中枠(3-6)で母父「ダンスインザダーク」は基準比リフト1.045
京都,平坦・スピード型,ダ,短距離(1000-1300),良,中枠(3-6),母父,フレンチデピュティ,54,5,11,0.0926,0.2037,55.6,0.0,6.96,0.1949,0.0088,1.045,C,京都ダ短距離(1000-1300)・良・中枠(3-6)で母父「フレンチデピュティ」は基準比リフト1.045
中山,坂あり・パワー型,ダ,短距離(1000-1300),良,中枠(3-6),母父,ダンスインザダーク,144,9,29,0.0625,0.2014,49.7,0.0,8.1,0.1927,0.0087,1.045,C,中山ダ短距離(1000-1300)・良・中枠(3-6)で母父「ダンスインザダーク」は基準比リフト1.045
中京,直線長め・持続型,ダ,中距離(1700-2000),良,外枠(7-8),母父,ブライアンズタイム,78,5,17,0.0641,0.2179,33.5,0.0,7.31,0.2087,0.0092,1.044,C,中京ダ中距離(1700-2000)・良・外枠(7-8)で母父「ブライアンズタイム」は基準比リフト1.044
阪神,坂あり・パワー型,芝,中長距離(2100-2400),良,中枠(3-6),母父,サンデーサイレンス,169,18,46,0.1065,0.2722,58.0,0.0,6.73,0.2609,0.0113,1.043,C,阪神芝中長距離(2100-2400)・良・中枠(3-6)で母父「サンデーサイレンス」は基準比リフト1.043
東京,直線長め・持続型,ダ,短中距離(1400-1600),良,中枠(3-6),母父,エンドスウィープ,72,7,15,0.0972,0.2083,55.6,0.0,7.36,0.1997,0.0086,1.043,C,東京ダ短中距離(1400-1600)・良・中枠(3-6)で母父「エンドスウィープ」は基準比リフト1.043
東京,直線長め・持続型,芝,中距離(1700-2000),稍,中枠(3-6),母父,サンデーサイレンス,89,8,22,0.0899,0.2472,44.0,0.0,6.58,0.2372,0.01,1.042,C,東京芝中距離(1700-2000)・稍・中枠(3-6)で母父「サンデーサイレンス」は基準比リフト1.042
京都,平坦・スピード型,ダ,中距離(1700-2000),重不良,中枠(3-6),母父,サンデーサイレンス,90,8,21,0.0889,0.2333,48.7,0.0,6.82,0.2239,0.0094,1.042,C,京都ダ中距離(1700-2000)・重不良・中枠(3-6)で母父「サンデーサイレンス」は基準比リフト1.042
新潟,直線長め・平坦型,ダ,中距離(1700-2000),良,中枠(3-6),母父,サンデーサイレンス,273,16,61,0.0586,0.2234,42.7,0.0,7.01,0.2144,0.009,1.042,C,新潟ダ中距離(1700-2000)・良・中枠(3-6)で母父「サンデーサイレンス」は基準比リフト1.042
中山,坂あり・パワー型,ダ,中距離(1700-2000),良,中枠(3-6),母父,ブライアンズタイム,270,16,56,0.0593,0.2074,72.5,0.0,7.97,0.199,0.0084,1.042,C,中山ダ中距離(1700-2000)・良・中枠(3-6)で母父「ブライアンズタイム」は基準比リフト1.042
福島,小回り・機動型,芝,短距離(1000-1300),良,中枠(3-6),母父,ディープインパクト,61,5,12,0.082,0.1967,81.3,0.0,7.56,0.1887,0.008,1.042,C,福島芝短距離(1000-1300)・良・中枠(3-6)で母父「ディープインパクト」は基準比リフト1.042
東京,直線長め・持続型,芝,中距離(1700-2000),良,中枠(3-6),母父,タイキシャトル,77,3,19,0.039,0.2468,40.6,0.0,8.13,0.237,0.0098,1.041,C,東京芝中距離(1700-2000)・良・中枠(3-6)で母父「タイキシャトル」は基準比リフト1.041
新潟,直線長め・平坦型,芝,中距離(1700-2000),良,中枠(3-6),母父,トニービン,115,10,26,0.087,0.2261,57.9,0.0,7.56,0.2171,0.009,1.041,C,新潟芝中距離(1700-2000)・良・中枠(3-6)で母父「トニービン」は基準比リフト1.041
小倉,小回り・機動型,ダ,中距離(1700-2000),稍,中枠(3-6),母父,ブライアンズタイム,56,6,12,0.1071,0.2143,42.9,0.0,7.91,0.2059,0.0084,1.041,C,小倉ダ中距離(1700-2000)・稍・中枠(3-6)で母父「ブライアンズタイム」は基準比リフト1.041
東京,直線長め・持続型,芝,短中距離(1400-1600),良,外枠(7-8),母父,マンハッタンカフェ,87,2,18,0.023,0.2069,23.2,0.0,8.68,0.1988,0.0081,1.041,C,東京芝短中距離(1400-1600)・良・外枠(7-8)で母父「マンハッタンカフェ」は基準比リフト1.041
函館,小回り・持続型,ダ,中距離(1700-2000),良,中枠(3-6),母父,ブライアンズタイム,98,10,24,0.102,0.2449,138.8,0.0,7.79,0.2356,0.0093,1.039,C,函館ダ中距離(1700-2000)・良・中枠(3-6)で母父「ブライアンズタイム」は基準比リフト1.039
中京,直線長め・持続型,ダ,中距離(1700-2000),良,中枠(3-6),母父,クロフネ,141,7,32,0.0496,0.227,62.8,0.0,6.75,0.2184,0.0086,1.039,C,中京ダ中距離(1700-2000)・良・中枠(3-6)で母父「クロフネ」は基準比リフト1.039
新潟,直線長め・平坦型,芝,短中距離(1400-1600),良,内枠(1-2),母父,サンデーサイレンス,166,9,29,0.0542,0.1747,81.7,0.0,8.46,0.1682,0.0065,1.039,C,新潟芝短中距離(1400-1600)・良・内枠(1-2)で母父「サンデーサイレンス」は基準比リフト1.039
中山,坂あり・パワー型,ダ,短距離(1000-1300),良,中枠(3-6),母父,アジュディケーティング,55,3,11,0.0545,0.2,27.1,0.0,8.93,0.1927,0.0073,1.038,C,中山ダ短距離(1000-1300)・良・中枠(3-6)で母父「アジュディケーティング」は基準比リフト1.038
小倉,小回り・機動型,芝,短距離(1000-1300),良,外枠(7-8),母父,フレンチデピュティ,73,7,15,0.0959,0.2055,51.9,0.0,8.49,0.1981,0.0074,1.037,C,小倉芝短距離(1000-1300)・良・外枠(7-8)で母父「フレンチデピュティ」は基準比リフト1.037
中山,坂あり・パワー型,ダ,短距離(1000-1300),良,内枠(1-2),母父,アフリート,71,4,13,0.0563,0.1831,83.4,0.0,8.37,0.1768,0.0063,1.036,C,中山ダ短距離(1000-1300)・良・内枠(1-2)で母父「アフリート」は基準比リフト1.036
東京,直線長め・持続型,ダ,短中距離(1400-1600),良,外枠(7-8),母父,サクラバクシンオー,67,4,15,0.0597,0.2239,82.7,0.0,7.31,0.2165,0.0074,1.034,C,東京ダ短中距離(1400-1600)・良・外枠(7-8)で母父「サクラバクシンオー」は基準比リフト1.034
小倉,小回り・機動型,芝,中距離(1700-2000),良,外枠(7-8),母父,アグネスタキオン,85,7,18,0.0824,0.2118,66.5,0.0,8.54,0.2048,0.007,1.034,C,小倉芝中距離(1700-2000)・良・外枠(7-8)で母父「アグネスタキオン」は基準比リフト1.034
新潟,直線長め・平坦型,芝,短距離(1000-1300),良,中枠(3-6),母父,サンデーサイレンス,175,10,31,0.0571,0.1771,49.8,0.0,8.33,0.1712,0.0059,1.034,C,新潟芝短距離(1000-1300)・良・中枠(3-6)で母父「サンデーサイレンス」は基準比リフト1.034
阪神,坂あり・パワー型,芝,中距離(1700-2000),良,中枠(3-6),母父,クロフネ,109,10,27,0.0917,0.2477,60.0,0.0,6.77,0.2399,0.0078,1.033,C,阪神芝中距離(1700-2000)・良・中枠(3-6)で母父「クロフネ」は基準比リフト1.033
東京,直線長め・持続型,芝,短中距離(1400-1600),良,内枠(1-2),母父,ダンスインザダーク,104,5,22,0.0481,0.2115,49.1,0.0,8.69,0.2047,0.0068,1.033,C,東京芝短中距離(1400-1600)・良・内枠(1-2)で母父「ダンスインザダーク」は基準比リフト1.033
東京,直線長め・持続型,ダ,短中距離(1400-1600),良,中枠(3-6),母父,トワイニング,63,2,13,0.0317,0.2063,24.4,0.0,8.65,0.1997,0.0066,1.033,C,東京ダ短中距離(1400-1600)・良・中枠(3-6)で母父「トワイニング」は基準比リフト1.033
札幌,小回り・持続型,ダ,中距離(1700-2000),良,中枠(3-6),母父,シンボリクリスエス,51,6,13,0.1176,0.2549,106.7,0.0,7.39,0.2469,0.008,1.032,C,札幌ダ中距離(1700-2000)・良・中枠(3-6)で母父「シンボリクリスエス」は基準比リフト1.032
東京,直線長め・持続型,芝,中距離(1700-2000),良,中枠(3-6),母父,エルコンドルパサー,90,5,22,0.0556,0.2444,54.4,0.0,7.57,0.237,0.0074,1.031,C,東京芝中距離(1700-2000)・良・中枠(3-6)で母父「エルコンドルパサー」は基準比リフト1.031
京都,平坦・スピード型,芝,中距離(1700-2000),良,外枠(7-8),母父,アグネスタキオン,60,3,14,0.05,0.2333,28.7,0.0,7.58,0.2263,0.007,1.031,C,京都芝中距離(1700-2000)・良・外枠(7-8)で母父「アグネスタキオン」は基準比リフト1.031
小倉,小回り・機動型,芝,中距離(1700-2000),良,内枠(1-2),母父,ダンスインザダーク,61,4,14,0.0656,0.2295,18.2,0.0,6.28,0.2226,0.0069,1.031,C,小倉芝中距離(1700-2000)・良・内枠(1-2)で母父「ダンスインザダーク」は基準比リフト1.031
小倉,小回り・機動型,芝,中距離(1700-2000),良,内枠(1-2),母父,トニービン,61,4,14,0.0656,0.2295,86.2,0.0,6.03,0.2226,0.0069,1.031,C,小倉芝中距離(1700-2000)・良・内枠(1-2)で母父「トニービン」は基準比リフト1.031
中山,坂あり・パワー型,ダ,短距離(1000-1300),良,中枠(3-6),母父,サクラバクシンオー,156,11,31,0.0705,0.1987,64.7,0.0,8.23,0.1927,0.006,1.031,C,中山ダ短距離(1000-1300)・良・中枠(3-6)で母父「サクラバクシンオー」は基準比リフト1.031
東京,直線長め・持続型,ダ,長距離(2500以上),良,中枠(3-6),母父,サンデーサイレンス,66,7,16,0.1061,0.2424,52.0,0.0,6.53,0.2354,0.007,1.03,C,東京ダ長距離(2500以上)・良・中枠(3-6)で母父「サンデーサイレンス」は基準比リフト1.03
中京,直線長め・持続型,芝,短中距離(1400-1600),良,外枠(7-8),母父,クロフネ,54,4,11,0.0741,0.2037,39.8,0.0,7.91,0.1978,0.0059,1.03,C,中京芝短中距離(1400-1600)・良・外枠(7-8)で母父「クロフネ」は基準比リフト1.03
中京,直線長め・持続型,ダ,短距離(1000-1300),良,中枠(3-6),母父,フジキセキ,80,7,15,0.0875,0.1875,67.4,0.0,8.7,0.182,0.0055,1.03,C,中京ダ短距離(1000-1300)・良・中枠(3-6)で母父「フジキセキ」は基準比リフト1.03
阪神,坂あり・パワー型,芝,中距離(1700-2000),良,中枠(3-6),母父,Storm Cat,77,6,19,0.0779,0.2468,35.3,0.0,5.79,0.2399,0.0069,1.029,C,阪神芝中距離(1700-2000)・良・中枠(3-6)で母父「Storm Cat」は基準比リフト1.029
中京,直線長め・持続型,ダ,中距離(1700-2000),良,中枠(3-6),母父,スペシャルウィーク,89,6,20,0.0674,0.2247,47.4,0.0,7.65,0.2184,0.0063,1.029,C,中京ダ中距離(1700-2000)・良・中枠(3-6)で母父「スペシャルウィーク」は基準比リフト1.029
阪神,坂あり・パワー型,芝,短中距離(1400-1600),良,中枠(3-6),母父,アグネスタキオン,121,8,27,0.0661,0.2231,116.8,0.0,8.5,0.2169,0.0062,1.029,C,阪神芝短中距離(1400-1600)・良・中枠(3-6)で母父「アグネスタキオン」は基準比リフト1.029
福島,小回り・機動型,芝,短距離(1000-1300),良,中枠(3-6),母父,キングカメハメハ,67,7,13,0.1045,0.194,40.4,0.0,7.87,0.1887,0.0053,1.028,C,福島芝短距離(1000-1300)・良・中枠(3-6)で母父「キングカメハメハ」は基準比リフト1.028
中山,坂あり・パワー型,ダ,短距離(1000-1300),良,内枠(1-2),母父,サンデーサイレンス,154,9,28,0.0584,0.1818,46.0,0.0,8.48,0.1768,0.005,1.028,C,中山ダ短距離(1000-1300)・良・内枠(1-2)で母父「サンデーサイレンス」は基準比リフト1.028
中山,坂あり・パワー型,ダ,短距離(1000-1300),良,内枠(1-2),母父,フレンチデピュティ,88,5,16,0.0568,0.1818,136.1,0.0,8.07,0.1768,0.005,1.028,C,中山ダ短距離(1000-1300)・良・内枠(1-2)で母父「フレンチデピュティ」は基準比リフト1.028
函館,小回り・持続型,芝,短距離(1000-1300),良,外枠(7-8),母父,ダンスインザダーク,51,6,11,0.1176,0.2157,96.7,0.0,7.82,0.21,0.0057,1.027,C,函館芝短距離(1000-1300)・良・外枠(7-8)で母父「ダンスインザダーク」は基準比リフト1.027
阪神,坂あり・パワー型,芝,中距離(1700-2000),良,中枠(3-6),母父,アグネスタキオン,130,8,32,0.0615,0.2462,36.6,0.0,7.72,0.2399,0.0063,1.026,C,阪神芝中距離(1700-2000)・良・中枠(3-6)で母父「アグネスタキオン」は基準比リフト1.026
阪神,坂あり・パワー型,芝,短中距離(1400-1600),良,内枠(1-2),母父,キングカメハメハ,70,5,16,0.0714,0.2286,70.1,0.0,7.8,0.2227,0.0059,1.026,C,阪神芝短中距離(1400-1600)・良・内枠(1-2)で母父「キングカメハメハ」は基準比リフト1.026
京都,平坦・スピード型,ダ,中距離(1700-2000),良,中枠(3-6),母父,サクラバクシンオー,76,8,17,0.1053,0.2237,59.5,0.0,9.03,0.2181,0.0056,1.026,C,京都ダ中距離(1700-2000)・良・中枠(3-6)で母父「サクラバクシンオー」は基準比リフト1.026
東京,直線長め・持続型,芝,中距離(1700-2000),良,外枠(7-8),母父,ブライアンズタイム,86,5,19,0.0581,0.2209,144.0,0.0,7.47,0.2154,0.0055,1.026,C,東京芝中距離(1700-2000)・良・外枠(7-8)で母父「ブライアンズタイム」は基準比リフト1.026
阪神,坂あり・パワー型,芝,中距離(1700-2000),良,外枠(7-8),母父,ダンスインザダーク,92,6,22,0.0652,0.2391,29.2,0.0,7.95,0.2332,0.0059,1.025,C,阪神芝中距離(1700-2000)・良・外枠(7-8)で母父「ダンスインザダーク」は基準比リフト1.025
京都,平坦・スピード型,芝,短中距離(1400-1600),良,外枠(7-8),母父,フジキセキ,116,10,23,0.0862,0.1983,268.8,0.0,8.9,0.1935,0.0048,1.025,C,京都芝短中距離(1400-1600)・良・外枠(7-8)で母父「フジキセキ」は基準比リフト1.025
中山,坂あり・パワー型,芝,短距離(1000-1300),良,外枠(7-8),母父,サンデーサイレンス,86,4,17,0.0465,0.1977,39.2,0.0,8.29,0.1929,0.0048,1.025,C,中山芝短距離(1000-1300)・良・外枠(7-8)で母父「サンデーサイレンス」は基準比リフト1.025
新潟,直線長め・平坦型,ダ,中距離(1700-2000),良,内枠(1-2),母父,サンデーサイレンス,106,10,22,0.0943,0.2075,77.1,0.0,7.12,0.2028,0.0047,1.023,C,新潟ダ中距離(1700-2000)・良・内枠(1-2)で母父「サンデーサイレンス」は基準比リフト1.023
新潟,直線長め・平坦型,芝,短中距離(1400-1600),良,外枠(7-8),母父,フジキセキ,77,5,15,0.0649,0.1948,103.4,0.0,8.82,0.1905,0.0043,1.023,C,新潟芝短中距離(1400-1600)・良・外枠(7-8)で母父「フジキセキ」は基準比リフト1.023
東京,直線長め・持続型,ダ,短中距離(1400-1600),稍,中枠(3-6),母父,サンデーサイレンス,222,13,43,0.0586,0.1937,43.0,0.0,7.6,0.1894,0.0043,1.023,C,東京ダ短中距離(1400-1600)・稍・中枠(3-6)で母父「サンデーサイレンス」は基準比リフト1.023
中山,坂あり・パワー型,芝,短中距離(1400-1600),良,外枠(7-8),母父,フジキセキ,57,4,11,0.0702,0.193,38.9,0.0,8.89,0.1887,0.0043,1.023,C,中山芝短中距離(1400-1600)・良・外枠(7-8)で母父「フジキセキ」は基準比リフト1.023
函館,小回り・持続型,ダ,中距離(1700-2000),良,中枠(3-6),母父,アフリート,54,3,13,0.0556,0.2407,18.7,0.0,6.74,0.2356,0.0051,1.022,C,函館ダ中距離(1700-2000)・良・中枠(3-6)で母父「アフリート」は基準比リフト1.022
小倉,小回り・機動型,芝,中距離(1700-2000),良,中枠(3-6),母父,サンデーサイレンス,450,35,102,0.0778,0.2267,58.2,0.0,7.34,0.2218,0.0049,1.022,C,小倉芝中距離(1700-2000)・良・中枠(3-6)で母父「サンデーサイレンス」は基準比リフト1.022
札幌,小回り・持続型,芝,短距離(1000-1300),良,中枠(3-6),母父,サンデーサイレンス,146,12,31,0.0822,0.2123,55.3,0.0,6.99,0.2078,0.0045,1.022,C,札幌芝短距離(1000-1300)・良・中枠(3-6)で母父「サンデーサイレンス」は基準比リフト1.022
新潟,直線長め・平坦型,ダ,短距離(1000-1300),良,内枠(1-2),母父,フジキセキ,50,5,9,0.1,0.18,45.2,0.0,7.22,0.1762,0.0038,1.022,C,新潟ダ短距離(1000-1300)・良・内枠(1-2)で母父「フジキセキ」は基準比リフト1.022
中山,坂あり・パワー型,芝,中距離(1700-2000),良,内枠(1-2),母父,スペシャルウィーク,53,3,12,0.0566,0.2264,47.9,0.0,7.77,0.2217,0.0047,1.021,C,中山芝中距離(1700-2000)・良・内枠(1-2)で母父「スペシャルウィーク」は基準比リフト1.021
中京,直線長め・持続型,ダ,中距離(1700-2000),良,中枠(3-6),母父,サンデーサイレンス,269,19,60,0.0706,0.223,115.2,0.0,7.19,0.2184,0.0046,1.021,C,中京ダ中距離(1700-2000)・良・中枠(3-6)で母父「サンデーサイレンス」は基準比リフト1.021
福島,小回り・機動型,ダ,中距離(1700-2000),良,中枠(3-6),母父,フレンチデピュティ,93,4,19,0.043,0.2043,19.6,0.0,7.78,0.2003,0.004,1.02,C,福島ダ中距離(1700-2000)・良・中枠(3-6)で母父「フレンチデピュティ」は基準比リフト1.02
中山,坂あり・パワー型,ダ,短距離(1000-1300),良,中枠(3-6),母父,シンボリクリスエス,117,8,23,0.0684,0.1966,53.9,0.0,8.28,0.1927,0.0039,1.02,C,中山ダ短距離(1000-1300)・良・中枠(3-6)で母父「シンボリクリスエス」は基準比リフト1.02
函館,小回り・持続型,ダ,中距離(1700-2000),良,中枠(3-6),母父,アグネスタキオン,50,5,12,0.1,0.24,126.4,0.0,6.66,0.2356,0.0044,1.019,C,函館ダ中距離(1700-2000)・良・中枠(3-6)で母父「アグネスタキオン」は基準比リフト1.019
中山,坂あり・パワー型,ダ,中距離(1700-2000),良,外枠(7-8),母父,シンボリクリスエス,97,8,22,0.0825,0.2268,35.9,0.0,7.08,0.2226,0.0042,1.019,C,中山ダ中距離(1700-2000)・良・外枠(7-8)で母父「シンボリクリスエス」は基準比リフト1.019
京都,平坦・スピード型,ダ,中距離(1700-2000),良,中枠(3-6),母父,Seeking the Gold,63,3,14,0.0476,0.2222,44.4,0.0,7.46,0.2181,0.0041,1.019,C,京都ダ中距離(1700-2000)・良・中枠(3-6)で母父「Seeking the Gold」は基準比リフト1.019
新潟,直線長め・平坦型,芝,中距離(1700-2000),良,内枠(1-2),母父,サンデーサイレンス,152,13,29,0.0855,0.1908,56.5,0.0,7.89,0.1874,0.0034,1.018,C,新潟芝中距離(1700-2000)・良・内枠(1-2)で母父「サンデーサイレンス」は基準比リフト1.018
中京,直線長め・持続型,ダ,中距離(1700-2000),良,中枠(3-6),母父,ブライアンズタイム,153,14,34,0.0915,0.2222,80.7,0.0,8.08,0.2184,0.0038,1.017,C,中京ダ中距離(1700-2000)・良・中枠(3-6)で母父「ブライアンズタイム」は基準比リフト1.017
中山,坂あり・パワー型,芝,短中距離(1400-1600),良,中枠(3-6),母父,アグネスタキオン,127,8,26,0.063,0.2047,71.7,0.0,7.74,0.2014,0.0033,1.016,C,中山芝短中距離(1400-1600)・良・中枠(3-6)で母父「アグネスタキオン」は基準比リフト1.016
中山,坂あり・パワー型,ダ,中距離(1700-2000),良,中枠(3-6),母父,ネオユニヴァース,94,4,19,0.0426,0.2021,30.1,0.0,8.12,0.199,0.0031,1.016,C,中山ダ中距離(1700-2000)・良・中枠(3-6)で母父「ネオユニヴァース」は基準比リフト1.016
中京,直線長め・持続型,ダ,中距離(1700-2000),良,外枠(7-8),母父,サンデーサイレンス,170,14,36,0.0824,0.2118,39.8,0.0,8.03,0.2087,0.0031,1.015,C,中京ダ中距離(1700-2000)・良・外枠(7-8)で母父「サンデーサイレンス」は基準比リフト1.015
中山,坂あり・パワー型,芝,中距離(1700-2000),良,外枠(7-8),母父,クロフネ,57,6,12,0.1053,0.2105,77.0,0.0,6.53,0.2074,0.0031,1.015,C,中山芝中距離(1700-2000)・良・外枠(7-8)で母父「クロフネ」は基準比リフト1.015
中山,坂あり・パワー型,芝,中距離(1700-2000),良,外枠(7-8),母父,フジキセキ,57,2,12,0.0351,0.2105,10.9,0.0,8.44,0.2074,0.0031,1.015,C,中山芝中距離(1700-2000)・良・外枠(7-8)で母父「フジキセキ」は基準比リフト1.015
札幌,小回り・持続型,芝,中距離(1700-2000),良,中枠(3-6),母父,ブライアンズタイム,65,6,16,0.0923,0.2462,55.2,0.0,7.12,0.2428,0.0034,1.014,C,札幌芝中距離(1700-2000)・良・中枠(3-6)で母父「ブライアンズタイム」は基準比リフト1.014
小倉,小回り・機動型,芝,中距離(1700-2000),良,中枠(3-6),母父,ダンスインザダーク,169,7,38,0.0414,0.2249,47.9,0.0,7.57,0.2218,0.0031,1.014,C,小倉芝中距離(1700-2000)・良・中枠(3-6)で母父「ダンスインザダーク」は基準比リフト1.014
阪神,坂あり・パワー型,芝,短中距離(1400-1600),良,中枠(3-6),母父,Caerleon,50,3,11,0.06,0.22,31.8,0.0,8.0,0.2169,0.0031,1.014,C,阪神芝短中距離(1400-1600)・良・中枠(3-6)で母父「Caerleon」は基準比リフト1.014
東京,直線長め・持続型,芝,短中距離(1400-1600),良,内枠(1-2),母父,シンボリクリスエス,53,5,11,0.0943,0.2075,90.9,0.0,8.0,0.2047,0.0028,1.014,C,東京芝短中距離(1400-1600)・良・内枠(1-2)で母父「シンボリクリスエス」は基準比リフト1.014
中京,直線長め・持続型,ダ,短中距離(1400-1600),良,中枠(3-6),母父,アグネスタキオン,70,6,14,0.0857,0.2,100.9,0.0,8.51,0.1973,0.0027,1.014,C,中京ダ短中距離(1400-1600)・良・中枠(3-6)で母父「アグネスタキオン」は基準比リフト1.014
新潟,直線長め・平坦型,芝,短中距離(1400-1600),良,中枠(3-6),母父,サンデーサイレンス,309,20,61,0.0647,0.1974,36.1,0.0,7.62,0.1947,0.0027,1.014,C,新潟芝短中距離(1400-1600)・良・中枠(3-6)で母父「サンデーサイレンス」は基準比リフト1.014
中山,坂あり・パワー型,ダ,短距離(1000-1300),稍,中枠(3-6),母父,アフリート,50,1,9,0.02,0.18,4.0,0.0,9.06,0.1775,0.0025,1.014,C,中山ダ短距離(1000-1300)・稍・中枠(3-6)で母父「アフリート」は基準比リフト1.014
札幌,小回り・持続型,ダ,中距離(1700-2000),良,中枠(3-6),母父,フレンチデピュティ,76,5,19,0.0658,0.25,40.9,0.0,6.82,0.2469,0.0031,1.013,C,札幌ダ中距離(1700-2000)・良・中枠(3-6)で母父「フレンチデピュティ」は基準比リフト1.013
阪神,坂あり・パワー型,芝,短中距離(1400-1600),良,中枠(3-6),母父,フジキセキ,173,11,38,0.0636,0.2197,146.2,0.0,8.54,0.2169,0.0028,1.013,C,阪神芝短中距離(1400-1600)・良・中枠(3-6)で母父「フジキセキ」は基準比リフト1.013
札幌,小回り・持続型,芝,短距離(1000-1300),良,中枠(3-6),母父,フジキセキ,57,1,12,0.0175,0.2105,7.0,0.0,8.16,0.2078,0.0027,1.013,C,札幌芝短距離(1000-1300)・良・中枠(3-6)で母父「フジキセキ」は基準比リフト1.013
阪神,坂あり・パワー型,ダ,短距離(1000-1300),良,外枠(7-8),母父,ブライアンズタイム,62,5,13,0.0806,0.2097,264.4,0.0,8.71,0.2072,0.0025,1.012,C,阪神ダ短距離(1000-1300)・良・外枠(7-8)で母父「ブライアンズタイム」は基準比リフト1.012
中山,坂あり・パワー型,ダ,短距離(1000-1300),良,外枠(7-8),母父,アグネスタキオン,102,7,21,0.0686,0.2059,88.8,0.0,7.72,0.2034,0.0025,1.012,C,中山ダ短距離(1000-1300)・良・外枠(7-8)で母父「アグネスタキオン」は基準比リフト1.012
東京,直線長め・持続型,ダ,短中距離(1400-1600),良,外枠(7-8),母父,Seeking the Gold,64,6,14,0.0938,0.2188,86.4,0.0,7.41,0.2165,0.0023,1.011,C,東京ダ短中距離(1400-1600)・良・外枠(7-8)で母父「Seeking the Gold」は基準比リフト1.011
東京,直線長め・持続型,芝,短中距離(1400-1600),良,中枠(3-6),母父,タイキシャトル,156,10,32,0.0641,0.2051,44.1,0.0,8.74,0.2028,0.0023,1.011,C,東京芝短中距離(1400-1600)・良・中枠(3-6)で母父「タイキシャトル」は基準比リフト1.011
東京,直線長め・持続型,芝,短中距離(1400-1600),良,中枠(3-6),母父,クロフネ,161,15,33,0.0932,0.205,69.8,0.0,8.39,0.2028,0.0022,1.011,C,東京芝短中距離(1400-1600)・良・中枠(3-6)で母父「クロフネ」は基準比リフト1.011
中山,坂あり・パワー型,ダ,中距離(1700-2000),良,内枠(1-2),母父,フジキセキ,91,5,17,0.0549,0.1868,23.7,0.0,7.82,0.1848,0.002,1.011,C,中山ダ中距離(1700-2000)・良・内枠(1-2)で母父「フジキセキ」は基準比リフト1.011
新潟,直線長め・平坦型,ダ,中距離(1700-2000),良,中枠(3-6),母父,シンボリクリスエス,97,13,21,0.134,0.2165,88.5,0.0,7.79,0.2144,0.0021,1.01,C,新潟ダ中距離(1700-2000)・良・中枠(3-6)で母父「シンボリクリスエス」は基準比リフト1.01
中山,坂あり・パワー型,ダ,中距離(1700-2000),良,中枠(3-6),母父,ダンスインザダーク,229,7,46,0.0306,0.2009,35.9,0.0,8.3,0.199,0.0019,1.01,C,中山ダ中距離(1700-2000)・良・中枠(3-6)で母父「ダンスインザダーク」は基準比リフト1.01
小倉,小回り・機動型,芝,短距離(1000-1300),良,外枠(7-8),母父,シンボリクリスエス,50,1,10,0.02,0.2,13.6,0.0,7.68,0.1981,0.0019,1.01,C,小倉芝短距離(1000-1300)・良・外枠(7-8)で母父「シンボリクリスエス」は基準比リフト1.01
中山,坂あり・パワー型,ダ,中距離(1700-2000),良,外枠(7-8),母父,ダンスインザダーク,107,8,24,0.0748,0.2243,69.3,0.0,8.21,0.2226,0.0017,1.008,C,中山ダ中距離(1700-2000)・良・外枠(7-8)で母父「ダンスインザダーク」は基準比リフト1.008
中山,坂あり・パワー型,芝,中距離(1700-2000),良,中枠(3-6),母父,サクラバクシンオー,55,2,12,0.0364,0.2182,17.5,0.0,8.38,0.2165,0.0017,1.008,C,中山芝中距離(1700-2000)・良・中枠(3-6)で母父「サクラバクシンオー」は基準比リフト1.008
新潟,直線長め・平坦型,ダ,中距離(1700-2000),良,中枠(3-6),母父,アフリート,74,5,16,0.0676,0.2162,21.8,0.0,6.77,0.2144,0.0018,1.008,C,新潟ダ中距離(1700-2000)・良・中枠(3-6)で母父「アフリート」は基準比リフト1.008
阪神,坂あり・パワー型,芝,短中距離(1400-1600),良,外枠(7-8),母父,サンデーサイレンス,286,18,55,0.0629,0.1923,53.1,0.0,8.5,0.1907,0.0016,1.008,C,阪神芝短中距離(1400-1600)・良・外枠(7-8)で母父「サンデーサイレンス」は基準比リフト1.008
京都,平坦・スピード型,芝,短中距離(1400-1600),良,内枠(1-2),母父,キングカメハメハ,50,4,11,0.08,0.22,21.0,0.0,7.9,0.2185,0.0015,1.007,C,京都芝短中距離(1400-1600)・良・内枠(1-2)で母父「キングカメハメハ」は基準比リフト1.007
阪神,坂あり・パワー型,ダ,短距離(1000-1300),良,中枠(3-6),母父,フジキセキ,139,12,29,0.0863,0.2086,63.2,0.0,8.25,0.2076,0.001,1.005,C,阪神ダ短距離(1000-1300)・良・中枠(3-6)で母父「フジキセキ」は基準比リフト1.005
福島,小回り・機動型,芝,中距離(1700-2000),良,外枠(7-8),母父,ブライアンズタイム,53,2,10,0.0377,0.1887,11.3,0.0,7.19,0.1878,0.0009,1.005,C,福島芝中距離(1700-2000)・良・外枠(7-8)で母父「ブライアンズタイム」は基準比リフト1.005
中京,直線長め・持続型,ダ,短距離(1000-1300),良,中枠(3-6),母父,サンデーサイレンス,93,6,17,0.0645,0.1828,81.8,0.0,8.54,0.182,0.0008,1.004,C,中京ダ短距離(1000-1300)・良・中枠(3-6)で母父「サンデーサイレンス」は基準比リフト1.004
阪神,坂あり・パワー型,芝,短中距離(1400-1600),良,内枠(1-2),母父,サンデーサイレンス,206,15,46,0.0728,0.2233,83.8,0.0,7.41,0.2227,0.0006,1.003,C,阪神芝短中距離(1400-1600)・良・内枠(1-2)で母父「サンデーサイレンス」は基準比リフト1.003
京都,平坦・スピード型,ダ,中距離(1700-2000),良,外枠(7-8),母父,ダンスインザダーク,82,1,17,0.0122,0.2073,8.0,0.0,7.22,0.2066,0.0007,1.003,C,京都ダ中距離(1700-2000)・良・外枠(7-8)で母父「ダンスインザダーク」は基準比リフト1.003
東京,直線長め・持続型,芝,中距離(1700-2000),良,中枠(3-6),母父,マンハッタンカフェ,80,6,19,0.075,0.2375,117.1,0.0,8.18,0.237,0.0005,1.002,C,東京芝中距離(1700-2000)・良・中枠(3-6)で母父「マンハッタンカフェ」は基準比リフト1.002
福島,小回り・機動型,芝,中距離(1700-2000),良,中枠(3-6),母父,ディープインパクト,73,7,16,0.0959,0.2192,38.1,0.0,6.68,0.2188,0.0004,1.002,C,福島芝中距離(1700-2000)・良・中枠(3-6)で母父「ディープインパクト」は基準比リフト1.002
東京,直線長め・持続型,ダ,短中距離(1400-1600),良,中枠(3-6),母父,ティンバーカントリー,145,15,29,0.1034,0.2,157.6,0.0,8.7,0.1997,0.0003,1.002,C,東京ダ短中距離(1400-1600)・良・中枠(3-6)で母父「ティンバーカントリー」は基準比リフト1.002
中山,坂あり・パワー型,ダ,短距離(1000-1300),良,中枠(3-6),母父,ネオユニヴァース,114,5,22,0.0439,0.193,69.2,0.0,8.34,0.1927,0.0003,1.002,C,中山ダ短距離(1000-1300)・良・中枠(3-6)で母父「ネオユニヴァース」は基準比リフト1.002
阪神,坂あり・パワー型,芝,短中距離(1400-1600),良,外枠(7-8),母父,キングカメハメハ,89,7,17,0.0787,0.191,235.5,0.0,7.93,0.1907,0.0003,1.002,C,阪神芝短中距離(1400-1600)・良・外枠(7-8)で母父「キングカメハメハ」は基準比リフト1.002
中山,坂あり・パワー型,ダ,中距離(1700-2000),良,内枠(1-2),母父,ティンバーカントリー,54,4,10,0.0741,0.1852,15.2,0.0,8.07,0.1848,0.0004,1.002,C,中山ダ中距離(1700-2000)・良・内枠(1-2)で母父「ティンバーカントリー」は基準比リフト1.002
阪神,坂あり・パワー型,ダ,中距離(1700-2000),稍,中枠(3-6),母父,クロフネ,62,3,13,0.0484,0.2097,15.6,0.0,6.97,0.2095,0.0002,1.001,C,阪神ダ中距離(1700-2000)・稍・中枠(3-6)で母父「クロフネ」は基準比リフト1.001
阪神,坂あり・パワー型,ダ,中距離(1700-2000),稍,内枠(1-2),母父,サンデーサイレンス,79,6,18,0.0759,0.2278,116.5,0.0,6.82,0.2278,0.0,1.0,C,阪神ダ中距離(1700-2000)・稍・内枠(1-2)で母父「サンデーサイレンス」は基準比リフト1.0
京都,平坦・スピード型,ダ,中距離(1700-2000),良,中枠(3-6),母父,ネオユニヴァース,55,2,12,0.0364,0.2182,12.0,0.0,7.6,0.2181,0.0001,1.0,C,京都ダ中距離(1700-2000)・良・中枠(3-6)で母父「ネオユニヴァース」は基準比リフト1.0
中山,坂あり・パワー型,芝,短中距離(1400-1600),良,外枠(7-8),母父,フレンチデピュティ,53,6,10,0.1132,0.1887,60.6,0.0,7.38,0.1887,0.0,1.0,C,中山芝短中距離(1400-1600)・良・外枠(7-8)で母父「フレンチデピュティ」は基準比リフト1.0
東京,直線長め・持続型,芝,中長距離(2100-2400),良,中枠(3-6),母父,ダンスインザダーク,62,0,14,0.0,0.2258,0.0,0.0,8.34,0.226,-0.0002,0.999,参考,東京芝中長距離(2100-2400)・良・中枠(3-6)で母父「ダンスインザダーク」は基準比リフト0.999
中山,坂あり・パワー型,ダ,短距離(1000-1300),良,外枠(7-8),母父,フォーティナイナー,64,5,13,0.0781,0.2031,101.9,0.0,8.3,0.2034,-0.0003,0.999,参考,中山ダ短距離(1000-1300)・良・外枠(7-8)で母父「フォーティナイナー」は基準比リフト0.999
福島,小回り・機動型,ダ,中距離(1700-2000),良,中枠(3-6),母父,マンハッタンカフェ,55,6,11,0.1091,0.2,68.4,0.0,7.47,0.2003,-0.0003,0.999,参考,福島ダ中距離(1700-2000)・良・中枠(3-6)で母父「マンハッタンカフェ」は基準比リフト0.999
東京,直線長め・持続型,ダ,短中距離(1400-1600),稍,中枠(3-6),母父,ダンスインザダーク,74,3,14,0.0405,0.1892,36.1,0.0,8.16,0.1894,-0.0002,0.999,参考,東京ダ短中距離(1400-1600)・稍・中枠(3-6)で母父「ダンスインザダーク」は基準比リフト0.999
小倉,小回り・機動型,芝,中距離(1700-2000),良,中枠(3-6),母父,フジキセキ,140,12,31,0.0857,0.2214,55.7,0.0,8.04,0.2218,-0.0004,0.998,参考,小倉芝中距離(1700-2000)・良・中枠(3-6)で母父「フジキセキ」は基準比リフト0.998
小倉,小回り・機動型,芝,短距離(1000-1300),良,外枠(7-8),母父,アグネスタキオン,91,9,18,0.0989,0.1978,109.0,0.0,8.46,0.1981,-0.0003,0.998,参考,小倉芝短距離(1000-1300)・良・外枠(7-8)で母父「アグネスタキオン」は基準比リフト0.998
京都,平坦・スピード型,ダ,短距離(1000-1300),良,中枠(3-6),母父,フジキセキ,144,7,28,0.0486,0.1944,18.5,0.0,8.15,0.1949,-0.0005,0.997,参考,京都ダ短距離(1000-1300)・良・中枠(3-6)で母父「フジキセキ」は基準比リフト0.997
阪神,坂あり・パワー型,ダ,短中距離(1400-1600),良,外枠(7-8),母父,フジキセキ,59,4,13,0.0678,0.2203,182.9,0.0,8.31,0.2213,-0.001,0.995,参考,阪神ダ短中距離(1400-1600)・良・外枠(7-8)で母父「フジキセキ」は基準比リフト0.995
中山,坂あり・パワー型,ダ,中距離(1700-2000),稍,中枠(3-6),母父,サンデーサイレンス,169,13,35,0.0769,0.2071,100.9,0.0,7.79,0.2081,-0.001,0.995,参考,中山ダ中距離(1700-2000)・稍・中枠(3-6)で母父「サンデーサイレンス」は基準比リフト0.995
京都,平坦・スピード型,芝,中距離(1700-2000),良,中枠(3-6),母父,スペシャルウィーク,82,6,20,0.0732,0.2439,36.3,0.0,6.79,0.2454,-0.0015,0.994,参考,京都芝中距離(1700-2000)・良・中枠(3-6)で母父「スペシャルウィーク」は基準比リフト0.994
中山,坂あり・パワー型,芝,長距離(2500以上),良,中枠(3-6),母父,サンデーサイレンス,87,6,21,0.069,0.2414,77.4,0.0,7.33,0.2429,-0.0015,0.994,参考,中山芝長距離(2500以上)・良・中枠(3-6)で母父「サンデーサイレンス」は基準比リフト0.994
阪神,坂あり・パワー型,ダ,中距離(1700-2000),良,中枠(3-6),母父,ダンスインザダーク,177,14,40,0.0791,0.226,76.8,0.0,7.33,0.2273,-0.0013,0.994,参考,阪神ダ中距離(1700-2000)・良・中枠(3-6)で母父「ダンスインザダーク」は基準比リフト0.994
福島,小回り・機動型,芝,中距離(1700-2000),良,中枠(3-6),母父,スペシャルウィーク,92,4,20,0.0435,0.2174,22.0,0.0,7.39,0.2188,-0.0014,0.994,参考,福島芝中距離(1700-2000)・良・中枠(3-6)で母父「スペシャルウィーク」は基準比リフト0.994
函館,小回り・持続型,ダ,中距離(1700-2000),良,中枠(3-6),母父,サンデーサイレンス,171,13,40,0.076,0.2339,106.7,0.0,6.16,0.2356,-0.0017,0.993,参考,函館ダ中距離(1700-2000)・良・中枠(3-6)で母父「サンデーサイレンス」は基準比リフト0.993
函館,小回り・持続型,芝,中距離(1700-2000),良,外枠(7-8),母父,サンデーサイレンス,142,13,29,0.0915,0.2042,52.4,0.0,6.32,0.2056,-0.0014,0.993,参考,函館芝中距離(1700-2000)・良・外枠(7-8)で母父「サンデーサイレンス」は基準比リフト0.993
東京,直線長め・持続型,芝,短中距離(1400-1600),良,中枠(3-6),母父,スペシャルウィーク,154,13,31,0.0844,0.2013,62.4,0.0,8.49,0.2028,-0.0015,0.993,参考,東京芝短中距離(1400-1600)・良・中枠(3-6)で母父「スペシャルウィーク」は基準比リフト0.993
中山,坂あり・パワー型,芝,短中距離(1400-1600),良,中枠(3-6),母父,トニービン,95,5,19,0.0526,0.2,61.3,0.0,7.74,0.2014,-0.0014,0.993,参考,中山芝短中距離(1400-1600)・良・中枠(3-6)で母父「トニービン」は基準比リフト0.993
京都,平坦・スピード型,ダ,短距離(1000-1300),良,中枠(3-6),母父,クロフネ,62,4,12,0.0645,0.1935,213.9,0.0,8.1,0.1949,-0.0014,0.993,参考,京都ダ短距離(1000-1300)・良・中枠(3-6)で母父「クロフネ」は基準比リフト0.993
京都,平坦・スピード型,芝,短中距離(1400-1600),良,中枠(3-6),母父,クロフネ,113,5,24,0.0442,0.2124,23.5,0.0,7.73,0.2142,-0.0018,0.992,参考,京都芝短中距離(1400-1600)・良・中枠(3-6)で母父「クロフネ」は基準比リフト0.992
東京,直線長め・持続型,ダ,短中距離(1400-1600),良,中枠(3-6),母父,キングカメハメハ,222,11,44,0.0495,0.1982,20.3,0.0,7.52,0.1997,-0.0015,0.992,参考,東京ダ短中距離(1400-1600)・良・中枠(3-6)で母父「キングカメハメハ」は基準比リフト0.992
小倉,小回り・機動型,芝,中距離(1700-2000),良,中枠(3-6),母父,アグネスタキオン,141,15,31,0.1064,0.2199,82.3,0.0,7.5,0.2218,-0.0019,0.991,参考,小倉芝中距離(1700-2000)・良・中枠(3-6)で母父「アグネスタキオン」は基準比リフト0.991
中山,坂あり・パワー型,ダ,中距離(1700-2000),稍,内枠(1-2),母父,サンデーサイレンス,88,7,16,0.0795,0.1818,62.2,0.0,7.57,0.1835,-0.0017,0.991,参考,中山ダ中距離(1700-2000)・稍・内枠(1-2)で母父「サンデーサイレンス」は基準比リフト0.991
東京,直線長め・持続型,ダ,短中距離(1400-1600),良,外枠(7-8),母父,ジェイドロバリー,56,2,12,0.0357,0.2143,21.4,0.0,8.38,0.2165,-0.0022,0.99,参考,東京ダ短中距離(1400-1600)・良・外枠(7-8)で母父「ジェイドロバリー」は基準比リフト0.99
東京,直線長め・持続型,ダ,短中距離(1400-1600),良,中枠(3-6),母父,ホワイトマズル,91,6,18,0.0659,0.1978,39.5,0.0,8.3,0.1997,-0.0019,0.99,参考,東京ダ短中距離(1400-1600)・良・中枠(3-6)で母父「ホワイトマズル」は基準比リフト0.99
東京,直線長め・持続型,芝,短中距離(1400-1600),良,外枠(7-8),母父,フレンチデピュティ,117,8,23,0.0684,0.1966,53.2,0.0,7.83,0.1988,-0.0022,0.989,参考,東京芝短中距離(1400-1600)・良・外枠(7-8)で母父「フレンチデピュティ」は基準比リフト0.989
新潟,直線長め・平坦型,芝,中距離(1700-2000),良,外枠(7-8),母父,サンデーサイレンス,221,21,46,0.095,0.2081,83.3,0.0,7.44,0.2107,-0.0026,0.988,参考,新潟芝中距離(1700-2000)・良・外枠(7-8)で母父「サンデーサイレンス」は基準比リフト0.988
東京,直線長め・持続型,芝,短中距離(1400-1600),良,外枠(7-8),母父,ダイワメジャー,56,7,11,0.125,0.1964,211.1,0.0,7.14,0.1988,-0.0024,0.988,参考,東京芝短中距離(1400-1600)・良・外枠(7-8)で母父「ダイワメジャー」は基準比リフト0.988
京都,平坦・スピード型,芝,短中距離(1400-1600),良,内枠(1-2),母父,アグネスタキオン,51,4,11,0.0784,0.2157,69.6,0.0,7.49,0.2185,-0.0028,0.987,参考,京都芝短中距離(1400-1600)・良・内枠(1-2)で母父「アグネスタキオン」は基準比リフト0.987
東京,直線長め・持続型,芝,短中距離(1400-1600),良,内枠(1-2),母父,キングカメハメハ,99,8,20,0.0808,0.202,51.3,0.0,7.55,0.2047,-0.0027,0.987,参考,東京芝短中距離(1400-1600)・良・内枠(1-2)で母父「キングカメハメハ」は基準比リフト0.987
東京,直線長め・持続型,ダ,短中距離(1400-1600),良,中枠(3-6),母父,ワイルドラッシュ,71,5,14,0.0704,0.1972,59.0,0.0,7.79,0.1997,-0.0025,0.987,参考,東京ダ短中距離(1400-1600)・良・中枠(3-6)で母父「ワイルドラッシュ」は基準比リフト0.987
中山,坂あり・パワー型,ダ,短距離(1000-1300),良,中枠(3-6),母父,サンデーサイレンス,347,21,66,0.0605,0.1902,63.0,0.0,8.36,0.1927,-0.0025,0.987,参考,中山ダ短距離(1000-1300)・良・中枠(3-6)で母父「サンデーサイレンス」は基準比リフト0.987
京都,平坦・スピード型,ダ,中距離(1700-2000),良,内枠(1-2),母父,ダンスインザダーク,57,3,13,0.0526,0.2281,68.1,0.0,8.21,0.2314,-0.0033,0.986,参考,京都ダ中距離(1700-2000)・良・内枠(1-2)で母父「ダンスインザダーク」は基準比リフト0.986
東京,直線長め・持続型,芝,短中距離(1400-1600),良,中枠(3-6),母父,アドマイヤベガ,70,4,14,0.0571,0.2,250.9,0.0,9.0,0.2028,-0.0028,0.986,参考,東京芝短中距離(1400-1600)・良・中枠(3-6)で母父「アドマイヤベガ」は基準比リフト0.986
札幌,小回り・持続型,芝,長距離(2500以上),良,中枠(3-6),母父,サンデーサイレンス,61,4,14,0.0656,0.2295,26.1,0.0,5.59,0.233,-0.0035,0.985,参考,札幌芝長距離(2500以上)・良・中枠(3-6)で母父「サンデーサイレンス」は基準比リフト0.985
東京,直線長め・持続型,ダ,短中距離(1400-1600),良,外枠(7-8),母父,タイキシャトル,75,8,16,0.1067,0.2133,362.4,0.0,9.33,0.2165,-0.0032,0.985,参考,東京ダ短中距離(1400-1600)・良・外枠(7-8)で母父「タイキシャトル」は基準比リフト0.985
福島,小回り・機動型,芝,中距離(1700-2000),良,内枠(1-2),母父,アグネスタキオン,59,4,12,0.0678,0.2034,55.4,0.0,7.41,0.2066,-0.0032,0.985,参考,福島芝中距離(1700-2000)・良・内枠(1-2)で母父「アグネスタキオン」は基準比リフト0.985
京都,平坦・スピード型,芝,短距離(1000-1300),良,中枠(3-6),母父,サンデーサイレンス,123,7,25,0.0569,0.2033,42.8,0.0,7.21,0.2064,-0.0031,0.985,参考,京都芝短距離(1000-1300)・良・中枠(3-6)で母父「サンデーサイレンス」は基準比リフト0.985
小倉,小回り・機動型,芝,中距離(1700-2000),良,外枠(7-8),母父,サンデーサイレンス,238,19,48,0.0798,0.2017,48.9,0.0,7.4,0.2048,-0.0031,0.985,参考,小倉芝中距離(1700-2000)・良・外枠(7-8)で母父「サンデーサイレンス」は基準比リフト0.985
東京,直線長め・持続型,ダ,短中距離(1400-1600),良,中枠(3-6),母父,シンボリクリスエス,244,17,48,0.0697,0.1967,108.6,0.0,7.87,0.1997,-0.003,0.985,参考,東京ダ短中距離(1400-1600)・良・中枠(3-6)で母父「シンボリクリスエス」は基準比リフト0.985
中京,直線長め・持続型,ダ,短中距離(1400-1600),良,中枠(3-6),母父,フレンチデピュティ,72,4,14,0.0556,0.1944,31.2,0.0,6.92,0.1973,-0.0029,0.985,参考,中京ダ短中距離(1400-1600)・良・中枠(3-6)で母父「フレンチデピュティ」は基準比リフト0.985
京都,平坦・スピード型,芝,短中距離(1400-1600),良,内枠(1-2),母父,サンデーサイレンス,214,12,46,0.0561,0.215,44.3,0.0,7.76,0.2185,-0.0035,0.984,参考,京都芝短中距離(1400-1600)・良・内枠(1-2)で母父「サンデーサイレンス」は基準比リフト0.984
中山,坂あり・パワー型,ダ,短距離(1000-1300),良,内枠(1-2),母父,スペシャルウィーク,69,7,12,0.1014,0.1739,146.8,0.0,8.9,0.1768,-0.0029,0.984,参考,中山ダ短距離(1000-1300)・良・内枠(1-2)で母父「スペシャルウィーク」は基準比リフト0.984
新潟,直線長め・平坦型,ダ,中距離(1700-2000),良,外枠(7-8),母父,アグネスタキオン,63,5,14,0.0794,0.2222,35.2,0.0,7.83,0.226,-0.0038,0.983,参考,新潟ダ中距離(1700-2000)・良・外枠(7-8)で母父「アグネスタキオン」は基準比リフト0.983
京都,平坦・スピード型,ダ,中距離(1700-2000),良,中枠(3-6),母父,ジェイドロバリー,70,8,15,0.1143,0.2143,152.3,0.0,7.5,0.2181,-0.0038,0.983,参考,京都ダ中距離(1700-2000)・良・中枠(3-6)で母父「ジェイドロバリー」は基準比リフト0.983
京都,平坦・スピード型,芝,短中距離(1400-1600),良,中枠(3-6),母父,タイキシャトル,114,9,24,0.0789,0.2105,40.3,0.0,7.88,0.2142,-0.0037,0.983,参考,京都芝短中距離(1400-1600)・良・中枠(3-6)で母父「タイキシャトル」は基準比リフト0.983
京都,平坦・スピード型,芝,短中距離(1400-1600),良,中枠(3-6),母父,ディープインパクト,114,6,24,0.0526,0.2105,34.4,0.0,6.99,0.2142,-0.0037,0.983,参考,京都芝短中距離(1400-1600)・良・中枠(3-6)で母父「ディープインパクト」は基準比リフト0.983
京都,平坦・スピード型,ダ,中距離(1700-2000),良,外枠(7-8),母父,フォーティナイナー,64,5,13,0.0781,0.2031,26.9,0.0,7.83,0.2066,-0.0035,0.983,参考,京都ダ中距離(1700-2000)・良・外枠(7-8)で母父「フォーティナイナー」は基準比リフト0.983
東京,直線長め・持続型,ダ,短中距離(1400-1600),稍,外枠(7-8),母父,ブライアンズタイム,64,5,14,0.0781,0.2188,169.1,0.0,8.91,0.2227,-0.0039,0.982,参考,東京ダ短中距離(1400-1600)・稍・外枠(7-8)で母父「ブライアンズタイム」は基準比リフト0.982
京都,平坦・スピード型,ダ,中距離(1700-2000),良,外枠(7-8),母父,トニービン,69,5,14,0.0725,0.2029,21.7,0.0,6.57,0.2066,-0.0037,0.982,参考,京都ダ中距離(1700-2000)・良・外枠(7-8)で母父「トニービン」は基準比リフト0.982
阪神,坂あり・パワー型,ダ,中距離(1700-2000),良,内枠(1-2),母父,ブライアンズタイム,89,6,18,0.0674,0.2022,40.7,0.0,7.44,0.206,-0.0038,0.982,参考,阪神ダ中距離(1700-2000)・良・内枠(1-2)で母父「ブライアンズタイム」は基準比リフト0.982
東京,直線長め・持続型,芝,短中距離(1400-1600),良,外枠(7-8),母父,トニービン,128,9,25,0.0703,0.1953,37.6,0.0,8.32,0.1988,-0.0035,0.982,参考,東京芝短中距離(1400-1600)・良・外枠(7-8)で母父「トニービン」は基準比リフト0.982
新潟,直線長め・平坦型,芝,短中距離(1400-1600),良,中枠(3-6),母父,タイキシャトル,68,4,13,0.0588,0.1912,86.2,0.0,9.54,0.1947,-0.0035,0.982,参考,新潟芝短中距離(1400-1600)・良・中枠(3-6)で母父「タイキシャトル」は基準比リフト0.982
京都,平坦・スピード型,芝,短中距離(1400-1600),良,内枠(1-2),母父,ダンスインザダーク,70,4,15,0.0571,0.2143,38.0,0.0,7.97,0.2185,-0.0042,0.981,参考,京都芝短中距離(1400-1600)・良・内枠(1-2)で母父「ダンスインザダーク」は基準比リフト0.981
京都,平坦・スピード型,ダ,中距離(1700-2000),良,中枠(3-6),母父,フジキセキ,173,10,37,0.0578,0.2139,23.7,0.0,7.31,0.2181,-0.0042,0.981,参考,京都ダ中距離(1700-2000)・良・中枠(3-6)で母父「フジキセキ」は基準比リフト0.981
中山,坂あり・パワー型,ダ,短距離(1000-1300),良,中枠(3-6),母父,スペシャルウィーク,106,8,20,0.0755,0.1887,34.4,0.0,7.93,0.1927,-0.004,0.979,参考,中山ダ短距離(1000-1300)・良・中枠(3-6)で母父「スペシャルウィーク」は基準比リフト0.979
中山,坂あり・パワー型,ダ,中距離(1700-2000),良,外枠(7-8),母父,キングカメハメハ,101,12,22,0.1188,0.2178,156.5,0.0,8.31,0.2226,-0.0048,0.978,参考,中山ダ中距離(1700-2000)・良・外枠(7-8)で母父「キングカメハメハ」は基準比リフト0.978
中山,坂あり・パワー型,ダ,短距離(1000-1300),良,外枠(7-8),母父,サンデーサイレンス,191,14,38,0.0733,0.199,41.4,0.0,8.19,0.2034,-0.0044,0.978,参考,中山ダ短距離(1000-1300)・良・外枠(7-8)で母父「サンデーサイレンス」は基準比リフト0.978
小倉,小回り・機動型,芝,中距離(1700-2000),良,中枠(3-6),母父,Sadler's Wells,60,2,13,0.0333,0.2167,13.7,0.0,8.2,0.2218,-0.0051,0.977,参考,小倉芝中距離(1700-2000)・良・中枠(3-6)で母父「Sadler's Wells」は基準比リフト0.977
新潟,直線長め・平坦型,芝,中距離(1700-2000),良,中枠(3-6),母父,フレンチデピュティ,66,5,14,0.0758,0.2121,65.0,0.0,7.27,0.2171,-0.005,0.977,参考,新潟芝中距離(1700-2000)・良・中枠(3-6)で母父「フレンチデピュティ」は基準比リフト0.977
中山,坂あり・パワー型,芝,中距離(1700-2000),良,中枠(3-6),母父,ジャングルポケット,52,1,11,0.0192,0.2115,11.9,0.0,8.79,0.2165,-0.005,0.977,参考,中山芝中距離(1700-2000)・良・中枠(3-6)で母父「ジャングルポケット」は基準比リフト0.977
福島,小回り・機動型,ダ,短距離(1000-1300),良,中枠(3-6),母父,サンデーサイレンス,98,6,18,0.0612,0.1837,67.1,0.0,7.4,0.1882,-0.0045,0.976,参考,福島ダ短距離(1000-1300)・良・中枠(3-6)で母父「サンデーサイレンス」は基準比リフト0.976
中山,坂あり・パワー型,芝,中距離(1700-2000),良,内枠(1-2),母父,キングカメハメハ,74,3,16,0.0405,0.2162,8.2,0.0,6.84,0.2217,-0.0055,0.975,参考,中山芝中距離(1700-2000)・良・内枠(1-2)で母父「キングカメハメハ」は基準比リフト0.975
京都,平坦・スピード型,ダ,中距離(1700-2000),良,中枠(3-6),母父,スペシャルウィーク,127,8,27,0.063,0.2126,182.8,0.0,7.77,0.2181,-0.0055,0.975,参考,京都ダ中距離(1700-2000)・良・中枠(3-6)で母父「スペシャルウィーク」は基準比リフト0.975
阪神,坂あり・パワー型,芝,短中距離(1400-1600),良,中枠(3-6),母父,タイキシャトル,123,8,26,0.065,0.2114,66.3,0.0,8.48,0.2169,-0.0055,0.975,参考,阪神芝短中距離(1400-1600)・良・中枠(3-6)で母父「タイキシャトル」は基準比リフト0.975
中京,直線長め・持続型,ダ,中距離(1700-2000),良,外枠(7-8),母父,キングカメハメハ,59,5,12,0.0847,0.2034,60.7,0.0,6.86,0.2087,-0.0053,0.975,参考,中京ダ中距離(1700-2000)・良・外枠(7-8)で母父「キングカメハメハ」は基準比リフト0.975
中京,直線長め・持続型,芝,短中距離(1400-1600),良,中枠(3-6),母父,マンハッタンカフェ,55,4,11,0.0727,0.2,35.8,0.0,8.6,0.2051,-0.0051,0.975,参考,中京芝短中距離(1400-1600)・良・中枠(3-6)で母父「マンハッタンカフェ」は基準比リフト0.975
新潟,直線長め・平坦型,ダ,短距離(1000-1300),良,中枠(3-6),母父,サクラバクシンオー,96,8,19,0.0833,0.1979,184.7,0.0,7.6,0.2029,-0.005,0.975,参考,新潟ダ短距離(1000-1300)・良・中枠(3-6)で母父「サクラバクシンオー」は基準比リフト0.975
東京,直線長め・持続型,ダ,短中距離(1400-1600),良,中枠(3-6),母父,ダンシングブレーヴ,77,2,15,0.026,0.1948,6.5,0.0,8.66,0.1997,-0.0049,0.975,参考,東京ダ短中距離(1400-1600)・良・中枠(3-6)で母父「ダンシングブレーヴ」は基準比リフト0.975
新潟,直線長め・平坦型,芝,短中距離(1400-1600),良,中枠(3-6),母父,クロフネ,79,4,15,0.0506,0.1899,112.7,0.0,7.57,0.1947,-0.0048,0.975,参考,新潟芝短中距離(1400-1600)・良・中枠(3-6)で母父「クロフネ」は基準比リフト0.975
東京,直線長め・持続型,芝,中距離(1700-2000),良,中枠(3-6),母父,アグネスデジタル,52,3,12,0.0577,0.2308,97.1,0.0,8.02,0.237,-0.0062,0.974,参考,東京芝中距離(1700-2000)・良・中枠(3-6)で母父「アグネスデジタル」は基準比リフト0.974
中山,坂あり・パワー型,芝,短中距離(1400-1600),良,中枠(3-6),母父,キングカメハメハ,102,9,20,0.0882,0.1961,76.8,0.0,7.87,0.2014,-0.0053,0.974,参考,中山芝短中距離(1400-1600)・良・中枠(3-6)で母父「キングカメハメハ」は基準比リフト0.974
東京,直線長め・持続型,ダ,短中距離(1400-1600),良,内枠(1-2),母父,フレンチデピュティ,153,10,25,0.0654,0.1634,42.8,0.0,8.29,0.1677,-0.0043,0.974,参考,東京ダ短中距離(1400-1600)・良・内枠(1-2)で母父「フレンチデピュティ」は基準比リフト0.974
東京,直線長め・持続型,ダ,短中距離(1400-1600),良,中枠(3-6),母父,マンハッタンカフェ,144,11,28,0.0764,0.1944,72.6,0.0,8.18,0.1997,-0.0053,0.973,参考,東京ダ短中距離(1400-1600)・良・中枠(3-6)で母父「マンハッタンカフェ」は基準比リフト0.973
中山,坂あり・パワー型,ダ,短距離(1000-1300),良,中枠(3-6),母父,ダイワメジャー,64,5,12,0.0781,0.1875,25.0,0.0,7.48,0.1927,-0.0052,0.973,参考,中山ダ短距離(1000-1300)・良・中枠(3-6)で母父「ダイワメジャー」は基準比リフト0.973
中京,直線長め・持続型,芝,短中距離(1400-1600),良,中枠(3-6),母父,サンデーサイレンス,261,12,52,0.046,0.1992,48.0,0.0,7.78,0.2051,-0.0059,0.971,参考,中京芝短中距離(1400-1600)・良・中枠(3-6)で母父「サンデーサイレンス」は基準比リフト0.971
小倉,小回り・機動型,芝,短距離(1000-1300),良,外枠(7-8),母父,フジキセキ,130,7,25,0.0538,0.1923,94.4,0.0,8.78,0.1981,-0.0058,0.971,参考,小倉芝短距離(1000-1300)・良・外枠(7-8)で母父「フジキセキ」は基準比リフト0.971
阪神,坂あり・パワー型,芝,短中距離(1400-1600),良,中枠(3-6),母父,マンハッタンカフェ,57,4,12,0.0702,0.2105,52.5,0.0,7.89,0.2169,-0.0064,0.97,参考,阪神芝短中距離(1400-1600)・良・中枠(3-6)で母父「マンハッタンカフェ」は基準比リフト0.97
京都,平坦・スピード型,芝,短中距離(1400-1600),良,中枠(3-6),母父,フジキセキ,183,13,38,0.071,0.2077,62.6,0.0,8.62,0.2142,-0.0065,0.97,参考,京都芝短中距離(1400-1600)・良・中枠(3-6)で母父「フジキセキ」は基準比リフト0.97
東京,直線長め・持続型,芝,中距離(1700-2000),良,中枠(3-6),母父,スペシャルウィーク,135,6,31,0.0444,0.2296,42.5,0.0,7.76,0.237,-0.0074,0.969,参考,東京芝中距離(1700-2000)・良・中枠(3-6)で母父「スペシャルウィーク」は基準比リフト0.969
京都,平坦・スピード型,ダ,中距離(1700-2000),良,中枠(3-6),母父,フレンチデピュティ,175,20,37,0.1143,0.2114,99.6,0.0,7.54,0.2181,-0.0067,0.969,参考,京都ダ中距離(1700-2000)・良・中枠(3-6)で母父「フレンチデピュティ」は基準比リフト0.969
京都,平坦・スピード型,芝,短距離(1000-1300),良,中枠(3-6),母父,サクラバクシンオー,65,4,13,0.0615,0.2,26.5,0.0,7.78,0.2064,-0.0064,0.969,参考,京都芝短距離(1000-1300)・良・中枠(3-6)で母父「サクラバクシンオー」は基準比リフト0.969
新潟,直線長め・平坦型,ダ,短距離(1000-1300),良,中枠(3-6),母父,キングカメハメハ,56,4,11,0.0714,0.1964,69.3,0.0,7.66,0.2029,-0.0065,0.968,参考,新潟ダ短距離(1000-1300)・良・中枠(3-6)で母父「キングカメハメハ」は基準比リフト0.968
中京,直線長め・持続型,ダ,短距離(1000-1300),良,外枠(7-8),母父,フジキセキ,52,4,10,0.0769,0.1923,46.2,0.0,8.38,0.1988,-0.0065,0.967,参考,中京ダ短距離(1000-1300)・良・外枠(7-8)で母父「フジキセキ」は基準比リフト0.967
新潟,直線長め・平坦型,芝,中長距離(2100-2400),良,内枠(1-2),母父,サンデーサイレンス,50,1,11,0.02,0.22,4.0,0.0,7.42,0.2278,-0.0078,0.966,参考,新潟芝中長距離(2100-2400)・良・内枠(1-2)で母父「サンデーサイレンス」は基準比リフト0.966
福島,小回り・機動型,芝,中距離(1700-2000),良,中枠(3-6),母父,サンデーサイレンス,355,24,75,0.0676,0.2113,83.2,0.0,7.72,0.2188,-0.0075,0.966,参考,福島芝中距離(1700-2000)・良・中枠(3-6)で母父「サンデーサイレンス」は基準比リフト0.966
東京,直線長め・持続型,ダ,中長距離(2100-2400),良,外枠(7-8),母父,サンデーサイレンス,105,7,20,0.0667,0.1905,41.3,0.0,7.69,0.1973,-0.0068,0.966,参考,東京ダ中長距離(2100-2400)・良・外枠(7-8)で母父「サンデーサイレンス」は基準比リフト0.966
阪神,坂あり・パワー型,ダ,中距離(1700-2000),良,外枠(7-8),母父,アグネスタキオン,97,5,22,0.0515,0.2268,54.8,0.0,7.19,0.2351,-0.0083,0.965,参考,阪神ダ中距離(1700-2000)・良・外枠(7-8)で母父「アグネスタキオン」は基準比リフト0.965
東京,直線長め・持続型,ダ,短中距離(1400-1600),重不良,中枠(3-6),母父,ダンスインザダーク,64,7,12,0.1094,0.1875,90.6,0.0,8.05,0.1943,-0.0068,0.965,参考,東京ダ短中距離(1400-1600)・重不良・中枠(3-6)で母父「ダンスインザダーク」は基準比リフト0.965
中京,直線長め・持続型,芝,中長距離(2100-2400),良,中枠(3-6),母父,サンデーサイレンス,72,5,16,0.0694,0.2222,61.0,0.0,8.11,0.2304,-0.0082,0.964,参考,中京芝中長距離(2100-2400)・良・中枠(3-6)で母父「サンデーサイレンス」は基準比リフト0.964
阪神,坂あり・パワー型,ダ,中距離(1700-2000),良,中枠(3-6),母父,サンデーサイレンス,461,36,101,0.0781,0.2191,60.4,0.0,6.96,0.2273,-0.0082,0.964,参考,阪神ダ中距離(1700-2000)・良・中枠(3-6)で母父「サンデーサイレンス」は基準比リフト0.964
中京,直線長め・持続型,ダ,中距離(1700-2000),良,中枠(3-6),母父,ディープインパクト,57,1,12,0.0175,0.2105,42.1,0.0,6.93,0.2184,-0.0079,0.964,参考,中京ダ中距離(1700-2000)・良・中枠(3-6)で母父「ディープインパクト」は基準比リフト0.964
新潟,直線長め・平坦型,芝,中距離(1700-2000),良,中枠(3-6),母父,フジキセキ,86,5,18,0.0581,0.2093,23.3,0.0,8.74,0.2171,-0.0078,0.964,参考,新潟芝中距離(1700-2000)・良・中枠(3-6)で母父「フジキセキ」は基準比リフト0.964
中山,坂あり・パワー型,芝,中距離(1700-2000),良,中枠(3-6),母父,エルコンドルパサー,91,8,19,0.0879,0.2088,53.8,0.0,7.36,0.2165,-0.0077,0.964,参考,中山芝中距離(1700-2000)・良・中枠(3-6)で母父「エルコンドルパサー」は基準比リフト0.964
京都,平坦・スピード型,芝,短中距離(1400-1600),良,中枠(3-6),母父,ブライアンズタイム,155,9,32,0.0581,0.2065,61.7,0.0,8.32,0.2142,-0.0077,0.964,参考,京都芝短中距離(1400-1600)・良・中枠(3-6)で母父「ブライアンズタイム」は基準比リフト0.964
福島,小回り・機動型,芝,長距離(2500以上),良,内枠(1-2),母父,サンデーサイレンス,66,6,16,0.0909,0.2424,72.1,0.0,6.36,0.2516,-0.0092,0.963,参考,福島芝長距離(2500以上)・良・内枠(1-2)で母父「サンデーサイレンス」は基準比リフト0.963
阪神,坂あり・パワー型,芝,短中距離(1400-1600),良,外枠(7-8),母父,トニービン,98,6,18,0.0612,0.1837,36.0,0.0,7.89,0.1907,-0.007,0.963,参考,阪神芝短中距離(1400-1600)・良・外枠(7-8)で母父「トニービン」は基準比リフト0.963
東京,直線長め・持続型,芝,短中距離(1400-1600),良,中枠(3-6),母父,Kingmambo,77,5,15,0.0649,0.1948,37.1,0.0,7.29,0.2028,-0.008,0.961,参考,東京芝短中距離(1400-1600)・良・中枠(3-6)で母父「Kingmambo」は基準比リフト0.961
中京,直線長め・持続型,ダ,短中距離(1400-1600),良,中枠(3-6),母父,クロフネ,58,5,11,0.0862,0.1897,94.8,0.0,7.88,0.1973,-0.0076,0.961,参考,中京ダ短中距離(1400-1600)・良・中枠(3-6)で母父「クロフネ」は基準比リフト0.961
札幌,小回り・持続型,ダ,中距離(1700-2000),良,外枠(7-8),母父,ブライアンズタイム,64,4,14,0.0625,0.2188,32.8,0.0,6.78,0.2278,-0.009,0.96,参考,札幌ダ中距離(1700-2000)・良・外枠(7-8)で母父「ブライアンズタイム」は基準比リフト0.96
新潟,直線長め・平坦型,ダ,短距離(1000-1300),良,中枠(3-6),母父,クロフネ,77,5,15,0.0649,0.1948,73.0,0.0,8.44,0.2029,-0.0081,0.96,参考,新潟ダ短距離(1000-1300)・良・中枠(3-6)で母父「クロフネ」は基準比リフト0.96
京都,平坦・スピード型,芝,短距離(1000-1300),良,外枠(7-8),母父,サンデーサイレンス,78,7,13,0.0897,0.1667,60.6,0.0,7.04,0.1739,-0.0072,0.959,参考,京都芝短距離(1000-1300)・良・外枠(7-8)で母父「サンデーサイレンス」は基準比リフト0.959
阪神,坂あり・パワー型,ダ,中距離(1700-2000),良,中枠(3-6),母父,アグネスタキオン,147,8,32,0.0544,0.2177,34.2,0.0,7.01,0.2273,-0.0096,0.958,参考,阪神ダ中距離(1700-2000)・良・中枠(3-6)で母父「アグネスタキオン」は基準比リフト0.958
函館,小回り・持続型,芝,中距離(1700-2000),良,中枠(3-6),母父,ダンスインザダーク,61,5,14,0.082,0.2295,74.3,0.0,6.77,0.2397,-0.0102,0.957,参考,函館芝中距離(1700-2000)・良・中枠(3-6)で母父「ダンスインザダーク」は基準比リフト0.957
中山,坂あり・パワー型,芝,中距離(1700-2000),良,中枠(3-6),母父,クロフネ,111,7,23,0.0631,0.2072,25.9,0.0,7.75,0.2165,-0.0093,0.957,参考,中山芝中距離(1700-2000)・良・中枠(3-6)で母父「クロフネ」は基準比リフト0.957
小倉,小回り・機動型,芝,短距離(1000-1300),良,外枠(7-8),母父,サクラバクシンオー,95,9,18,0.0947,0.1895,90.1,0.0,8.88,0.1981,-0.0086,0.957,参考,小倉芝短距離(1000-1300)・良・外枠(7-8)で母父「サクラバクシンオー」は基準比リフト0.957
京都,平坦・スピード型,芝,短中距離(1400-1600),良,外枠(7-8),母父,タイキシャトル,81,2,15,0.0247,0.1852,47.0,0.0,8.49,0.1935,-0.0083,0.957,参考,京都芝短中距離(1400-1600)・良・外枠(7-8)で母父「タイキシャトル」は基準比リフト0.957
阪神,坂あり・パワー型,ダ,短中距離(1400-1600),良,外枠(7-8),母父,キングカメハメハ,52,5,11,0.0962,0.2115,63.3,0.0,6.81,0.2213,-0.0098,0.956,参考,阪神ダ短中距離(1400-1600)・良・外枠(7-8)で母父「キングカメハメハ」は基準比リフト0.956
中京,直線長め・持続型,芝,長距離(2500以上),良,中枠(3-6),母父,サンデーサイレンス,86,6,18,0.0698,0.2093,41.9,0.0,6.38,0.219,-0.0097,0.956,参考,中京芝長距離(2500以上)・良・中枠(3-6)で母父「サンデーサイレンス」は基準比リフト0.956
東京,直線長め・持続型,ダ,短中距離(1400-1600),良,外枠(7-8),母父,コマンダーインチーフ,58,7,12,0.1207,0.2069,177.6,0.0,7.98,0.2165,-0.0096,0.956,参考,東京ダ短中距離(1400-1600)・良・外枠(7-8)で母父「コマンダーインチーフ」は基準比リフト0.956
京都,平坦・スピード型,芝,短中距離(1400-1600),良,中枠(3-6),母父,ダンスインザダーク,171,8,35,0.0468,0.2047,75.9,0.0,7.67,0.2142,-0.0095,0.956,参考,京都芝短中距離(1400-1600)・良・中枠(3-6)で母父「ダンスインザダーク」は基準比リフト0.956
東京,直線長め・持続型,ダ,中長距離(2100-2400),良,中枠(3-6),母父,フジキセキ,52,2,11,0.0385,0.2115,26.2,0.0,7.94,0.2214,-0.0099,0.955,参考,東京ダ中長距離(2100-2400)・良・中枠(3-6)で母父「フジキセキ」は基準比リフト0.955
阪神,坂あり・パワー型,ダ,中距離(1700-2000),稍,中枠(3-6),母父,アグネスタキオン,50,2,10,0.04,0.2,9.8,0.0,6.16,0.2095,-0.0095,0.955,参考,阪神ダ中距離(1700-2000)・稍・中枠(3-6)で母父「アグネスタキオン」は基準比リフト0.955
中山,坂あり・パワー型,芝,短中距離(1400-1600),良,中枠(3-6),母父,ホワイトマズル,52,7,10,0.1346,0.1923,71.2,0.0,8.58,0.2014,-0.0091,0.955,参考,中山芝短中距離(1400-1600)・良・中枠(3-6)で母父「ホワイトマズル」は基準比リフト0.955
新潟,直線長め・平坦型,ダ,短距離(1000-1300),良,中枠(3-6),母父,スペシャルウィーク,62,6,12,0.0968,0.1935,37.1,0.0,7.65,0.2029,-0.0094,0.954,参考,新潟ダ短距離(1000-1300)・良・中枠(3-6)で母父「スペシャルウィーク」は基準比リフト0.954
中山,坂あり・パワー型,ダ,中距離(1700-2000),良,中枠(3-6),母父,トニービン,137,9,26,0.0657,0.1898,31.8,0.0,7.69,0.199,-0.0092,0.954,参考,中山ダ中距離(1700-2000)・良・中枠(3-6)で母父「トニービン」は基準比リフト0.954
新潟,直線長め・平坦型,芝,短中距離(1400-1600),良,中枠(3-6),母父,トニービン,113,6,21,0.0531,0.1858,27.9,0.0,8.5,0.1947,-0.0089,0.954,参考,新潟芝短中距離(1400-1600)・良・中枠(3-6)で母父「トニービン」は基準比リフト0.954
小倉,小回り・機動型,芝,短距離(1000-1300),良,中枠(3-6),母父,キングカメハメハ,113,5,21,0.0442,0.1858,56.5,0.0,7.91,0.1949,-0.0091,0.953,参考,小倉芝短距離(1000-1300)・良・中枠(3-6)で母父「キングカメハメハ」は基準比リフト0.953
札幌,小回り・持続型,ダ,中距離(1700-2000),良,内枠(1-2),母父,サンデーサイレンス,60,5,12,0.0833,0.2,114.2,0.0,6.5,0.21,-0.01,0.952,参考,札幌ダ中距離(1700-2000)・良・内枠(1-2)で母父「サンデーサイレンス」は基準比リフト0.952
中京,直線長め・持続型,芝,短中距離(1400-1600),良,中枠(3-6),母父,スペシャルウィーク,82,9,16,0.1098,0.1951,111.8,0.0,8.37,0.2051,-0.01,0.951,参考,中京芝短中距離(1400-1600)・良・中枠(3-6)で母父「スペシャルウィーク」は基準比リフト0.951
阪神,坂あり・パワー型,芝,中距離(1700-2000),良,中枠(3-6),母父,シンボリクリスエス,79,9,18,0.1139,0.2278,63.2,0.0,7.0,0.2399,-0.0121,0.95,参考,阪神芝中距離(1700-2000)・良・中枠(3-6)で母父「シンボリクリスエス」は基準比リフト0.95
中京,直線長め・持続型,芝,短中距離(1400-1600),良,中枠(3-6),母父,トニービン,77,6,15,0.0779,0.1948,85.2,0.0,7.88,0.2051,-0.0103,0.95,参考,中京芝短中距離(1400-1600)・良・中枠(3-6)で母父「トニービン」は基準比リフト0.95
阪神,坂あり・パワー型,ダ,短中距離(1400-1600),良,中枠(3-6),母父,シンボリクリスエス,57,4,11,0.0702,0.193,26.7,0.0,7.93,0.2031,-0.0101,0.95,参考,阪神ダ短中距離(1400-1600)・良・中枠(3-6)で母父「シンボリクリスエス」は基準比リフト0.95
東京,直線長め・持続型,芝,短中距離(1400-1600),良,中枠(3-6),母父,フジキセキ,218,12,42,0.055,0.1927,43.6,0.0,8.63,0.2028,-0.0101,0.95,参考,東京芝短中距離(1400-1600)・良・中枠(3-6)で母父「フジキセキ」は基準比リフト0.95
阪神,坂あり・パワー型,ダ,短距離(1000-1300),良,中枠(3-6),母父,クロフネ,66,2,13,0.0303,0.197,21.8,0.0,7.71,0.2076,-0.0106,0.949,参考,阪神ダ短距離(1000-1300)・良・中枠(3-6)で母父「クロフネ」は基準比リフト0.949
中山,坂あり・パワー型,ダ,短距離(1000-1300),良,外枠(7-8),母父,ブライアンズタイム,114,8,22,0.0702,0.193,103.3,0.0,8.71,0.2034,-0.0104,0.949,参考,中山ダ短距離(1000-1300)・良・外枠(7-8)で母父「ブライアンズタイム」は基準比リフト0.949
京都,平坦・スピード型,ダ,短距離(1000-1300),良,中枠(3-6),母父,サンデーサイレンス,200,15,37,0.075,0.185,100.7,0.0,7.74,0.1949,-0.0099,0.949,参考,京都ダ短距離(1000-1300)・良・中枠(3-6)で母父「サンデーサイレンス」は基準比リフト0.949
中山,坂あり・パワー型,ダ,短距離(1000-1300),良,中枠(3-6),母父,ブライアンズタイム,257,17,47,0.0661,0.1829,60.0,0.0,8.81,0.1927,-0.0098,0.949,参考,中山ダ短距離(1000-1300)・良・中枠(3-6)で母父「ブライアンズタイム」は基準比リフト0.949
京都,平坦・スピード型,芝,中距離(1700-2000),良,中枠(3-6),母父,ブライアンズタイム,129,8,30,0.062,0.2326,355.9,0.0,7.85,0.2454,-0.0128,0.948,参考,京都芝中距離(1700-2000)・良・中枠(3-6)で母父「ブライアンズタイム」は基準比リフト0.948
阪神,坂あり・パワー型,ダ,中距離(1700-2000),良,中枠(3-6),母父,スペシャルウィーク,130,11,28,0.0846,0.2154,62.0,0.0,7.34,0.2273,-0.0119,0.948,参考,阪神ダ中距離(1700-2000)・良・中枠(3-6)で母父「スペシャルウィーク」は基準比リフト0.948
東京,直線長め・持続型,ダ,短中距離(1400-1600),稍,中枠(3-6),母父,クロフネ,78,2,14,0.0256,0.1795,15.5,0.0,7.69,0.1894,-0.0099,0.948,参考,東京ダ短中距離(1400-1600)・稍・中枠(3-6)で母父「クロフネ」は基準比リフト0.948
京都,平坦・スピード型,芝,中距離(1700-2000),良,内枠(1-2),母父,ブライアンズタイム,53,0,12,0.0,0.2264,0.0,0.0,7.57,0.239,-0.0126,0.947,参考,京都芝中距離(1700-2000)・良・内枠(1-2)で母父「ブライアンズタイム」は基準比リフト0.947
阪神,坂あり・パワー型,ダ,中距離(1700-2000),良,中枠(3-6),母父,サクラバクシンオー,79,7,17,0.0886,0.2152,53.2,0.0,7.87,0.2273,-0.0121,0.947,参考,阪神ダ中距離(1700-2000)・良・中枠(3-6)で母父「サクラバクシンオー」は基準比リフト0.947
福島,小回り・機動型,芝,中距離(1700-2000),良,中枠(3-6),母父,ダンスインザダーク,116,5,24,0.0431,0.2069,55.5,0.0,7.58,0.2188,-0.0119,0.946,参考,福島芝中距離(1700-2000)・良・中枠(3-6)で母父「ダンスインザダーク」は基準比リフト0.946
福島,小回り・機動型,芝,中距離(1700-2000),良,中枠(3-6),母父,タイキシャトル,58,6,12,0.1034,0.2069,189.3,0.0,8.4,0.2188,-0.0119,0.946,参考,福島芝中距離(1700-2000)・良・中枠(3-6)で母父「タイキシャトル」は基準比リフト0.946
東京,直線長め・持続型,芝,中距離(1700-2000),良,外枠(7-8),母父,トニービン,113,6,23,0.0531,0.2035,32.1,0.0,6.99,0.2154,-0.0119,0.945,参考,東京芝中距離(1700-2000)・良・外枠(7-8)で母父「トニービン」は基準比リフト0.945
東京,直線長め・持続型,芝,短中距離(1400-1600),良,内枠(1-2),母父,トニービン,93,9,18,0.0968,0.1935,64.7,0.0,7.82,0.2047,-0.0112,0.945,参考,東京芝短中距離(1400-1600)・良・内枠(1-2)で母父「トニービン」は基準比リフト0.945
阪神,坂あり・パワー型,芝,中距離(1700-2000),良,中枠(3-6),母父,フジキセキ,115,0,26,0.0,0.2261,0.0,0.0,7.66,0.2399,-0.0138,0.942,参考,阪神芝中距離(1700-2000)・良・中枠(3-6)で母父「フジキセキ」は基準比リフト0.942
東京,直線長め・持続型,芝,中距離(1700-2000),良,内枠(1-2),母父,アグネスタキオン,68,4,15,0.0588,0.2206,81.5,0.0,7.26,0.2345,-0.0139,0.941,参考,東京芝中距離(1700-2000)・良・内枠(1-2)で母父「アグネスタキオン」は基準比リフト0.941
阪神,坂あり・パワー型,芝,中距離(1700-2000),良,外枠(7-8),母父,アグネスタキオン,82,6,18,0.0732,0.2195,39.0,0.0,7.15,0.2332,-0.0137,0.941,参考,阪神芝中距離(1700-2000)・良・外枠(7-8)で母父「アグネスタキオン」は基準比リフト0.941
阪神,坂あり・パワー型,ダ,中距離(1700-2000),良,中枠(3-6),母父,ブライアンズタイム,229,21,49,0.0917,0.214,95.7,0.0,7.38,0.2273,-0.0133,0.941,参考,阪神ダ中距離(1700-2000)・良・中枠(3-6)で母父「ブライアンズタイム」は基準比リフト0.941
東京,直線長め・持続型,ダ,短中距離(1400-1600),良,外枠(7-8),母父,ゼンノロブロイ,54,7,11,0.1296,0.2037,247.6,0.0,8.28,0.2165,-0.0128,0.941,参考,東京ダ短中距離(1400-1600)・良・外枠(7-8)で母父「ゼンノロブロイ」は基準比リフト0.941
小倉,小回り・機動型,芝,短距離(1000-1300),良,内枠(1-2),母父,アグネスタキオン,56,3,10,0.0536,0.1786,25.0,0.0,7.91,0.1897,-0.0111,0.941,参考,小倉芝短距離(1000-1300)・良・内枠(1-2)で母父「アグネスタキオン」は基準比リフト0.941
中山,坂あり・パワー型,ダ,中距離(1700-2000),良,内枠(1-2),母父,スペシャルウィーク,69,3,12,0.0435,0.1739,19.3,0.0,7.68,0.1848,-0.0109,0.941,参考,中山ダ中距離(1700-2000)・良・内枠(1-2)で母父「スペシャルウィーク」は基準比リフト0.941
新潟,直線長め・平坦型,ダ,短距離(1000-1300),良,中枠(3-6),母父,ダンスインザダーク,63,5,12,0.0794,0.1905,34.8,0.0,7.4,0.2029,-0.0124,0.939,参考,新潟ダ短距離(1000-1300)・良・中枠(3-6)で母父「ダンスインザダーク」は基準比リフト0.939
東京,直線長め・持続型,芝,短中距離(1400-1600),良,外枠(7-8),母父,ダンスインザダーク,134,8,25,0.0597,0.1866,56.2,0.0,8.79,0.1988,-0.0122,0.939,参考,東京芝短中距離(1400-1600)・良・外枠(7-8)で母父「ダンスインザダーク」は基準比リフト0.939
阪神,坂あり・パワー型,芝,短中距離(1400-1600),良,中枠(3-6),母父,フォーティナイナー,59,2,12,0.0339,0.2034,260.3,0.0,8.59,0.2169,-0.0135,0.938,参考,阪神芝短中距離(1400-1600)・良・中枠(3-6)で母父「フォーティナイナー」は基準比リフト0.938
京都,平坦・スピード型,ダ,短中距離(1400-1600),良,中枠(3-6),母父,アフリート,80,1,15,0.0125,0.1875,46.6,0.0,8.39,0.2,-0.0125,0.938,参考,京都ダ短中距離(1400-1600)・良・中枠(3-6)で母父「アフリート」は基準比リフト0.938
小倉,小回り・機動型,ダ,中距離(1700-2000),良,外枠(7-8),母父,ダンスインザダーク,54,3,10,0.0556,0.1852,108.7,0.0,8.98,0.1974,-0.0122,0.938,参考,小倉ダ中距離(1700-2000)・良・外枠(7-8)で母父「ダンスインザダーク」は基準比リフト0.938
小倉,小回り・機動型,ダ,中距離(1700-2000),良,中枠(3-6),母父,サンデーサイレンス,241,10,44,0.0415,0.1826,21.5,0.0,7.98,0.1947,-0.0121,0.938,参考,小倉ダ中距離(1700-2000)・良・中枠(3-6)で母父「サンデーサイレンス」は基準比リフト0.938
京都,平坦・スピード型,ダ,中距離(1700-2000),稍,中枠(3-6),母父,サンデーサイレンス,127,8,27,0.063,0.2126,32.1,0.0,7.17,0.2269,-0.0143,0.937,参考,京都ダ中距離(1700-2000)・稍・中枠(3-6)で母父「サンデーサイレンス」は基準比リフト0.937
中山,坂あり・パワー型,ダ,短距離(1000-1300),良,外枠(7-8),母父,サクラバクシンオー,84,4,16,0.0476,0.1905,58.9,0.0,8.08,0.2034,-0.0129,0.937,参考,中山ダ短距離(1000-1300)・良・外枠(7-8)で母父「サクラバクシンオー」は基準比リフト0.937
福島,小回り・機動型,ダ,中距離(1700-2000),良,中枠(3-6),母父,スペシャルウィーク,80,4,15,0.05,0.1875,38.2,0.0,7.59,0.2003,-0.0128,0.936,参考,福島ダ中距離(1700-2000)・良・中枠(3-6)で母父「スペシャルウィーク」は基準比リフト0.936
小倉,小回り・機動型,芝,中距離(1700-2000),良,中枠(3-6),母父,スペシャルウィーク,82,5,17,0.061,0.2073,206.2,0.0,7.85,0.2218,-0.0145,0.935,参考,小倉芝中距離(1700-2000)・良・中枠(3-6)で母父「スペシャルウィーク」は基準比リフト0.935
東京,直線長め・持続型,ダ,短中距離(1400-1600),良,中枠(3-6),母父,タニノギムレット,75,1,14,0.0133,0.1867,20.7,0.0,8.59,0.1997,-0.013,0.935,参考,東京ダ短中距離(1400-1600)・良・中枠(3-6)で母父「タニノギムレット」は基準比リフト0.935
中京,直線長め・持続型,ダ,中距離(1700-2000),良,中枠(3-6),母父,ダンスインザダーク,118,5,24,0.0424,0.2034,28.6,0.0,7.86,0.2184,-0.015,0.931,参考,中京ダ中距離(1700-2000)・良・中枠(3-6)で母父「ダンスインザダーク」は基準比リフト0.931
中京,直線長め・持続型,芝,短中距離(1400-1600),稍,中枠(3-6),母父,サンデーサイレンス,56,6,11,0.1071,0.1964,74.5,0.0,8.5,0.211,-0.0146,0.931,参考,中京芝短中距離(1400-1600)・稍・中枠(3-6)で母父「サンデーサイレンス」は基準比リフト0.931
阪神,坂あり・パワー型,芝,短中距離(1400-1600),良,外枠(7-8),母父,ブライアンズタイム,107,7,19,0.0654,0.1776,44.9,0.0,8.39,0.1907,-0.0131,0.931,参考,阪神芝短中距離(1400-1600)・良・外枠(7-8)で母父「ブライアンズタイム」は基準比リフト0.931
阪神,坂あり・パワー型,芝,短中距離(1400-1600),良,外枠(7-8),母父,シンボリクリスエス,62,4,11,0.0645,0.1774,69.2,0.0,8.34,0.1907,-0.0133,0.93,参考,阪神芝短中距離(1400-1600)・良・外枠(7-8)で母父「シンボリクリスエス」は基準比リフト0.93
阪神,坂あり・パワー型,芝,中距離(1700-2000),良,外枠(7-8),母父,サンデーサイレンス,300,28,65,0.0933,0.2167,51.8,0.0,7.21,0.2332,-0.0165,0.929,参考,阪神芝中距離(1700-2000)・良・外枠(7-8)で母父「サンデーサイレンス」は基準比リフト0.929
東京,直線長め・持続型,ダ,短中距離(1400-1600),稍,外枠(7-8),母父,フジキセキ,58,7,12,0.1207,0.2069,106.7,0.0,7.79,0.2227,-0.0158,0.929,参考,東京ダ短中距離(1400-1600)・稍・外枠(7-8)で母父「フジキセキ」は基準比リフト0.929
東京,直線長め・持続型,ダ,短中距離(1400-1600),稍,中枠(3-6),母父,ブライアンズタイム,108,8,19,0.0741,0.1759,23.9,0.0,7.85,0.1894,-0.0135,0.929,参考,東京ダ短中距離(1400-1600)・稍・中枠(3-6)で母父「ブライアンズタイム」は基準比リフト0.929
京都,平坦・スピード型,芝,中距離(1700-2000),稍,中枠(3-6),母父,サンデーサイレンス,50,5,11,0.1,0.22,61.6,0.0,6.7,0.237,-0.017,0.928,参考,京都芝中距離(1700-2000)・稍・中枠(3-6)で母父「サンデーサイレンス」は基準比リフト0.928
中山,坂あり・パワー型,芝,短中距離(1400-1600),良,内枠(1-2),母父,フレンチデピュティ,54,4,12,0.0741,0.2222,48.0,0.0,6.04,0.2397,-0.0175,0.927,参考,中山芝短中距離(1400-1600)・良・内枠(1-2)で母父「フレンチデピュティ」は基準比リフト0.927
中山,坂あり・パワー型,芝,短距離(1000-1300),良,中枠(3-6),母父,アグネスタキオン,59,2,11,0.0339,0.1864,28.0,0.0,8.39,0.2011,-0.0147,0.927,参考,中山芝短距離(1000-1300)・良・中枠(3-6)で母父「アグネスタキオン」は基準比リフト0.927
小倉,小回り・機動型,芝,短距離(1000-1300),良,中枠(3-6),母父,シンボリクリスエス,72,6,13,0.0833,0.1806,74.9,0.0,7.47,0.1949,-0.0143,0.927,参考,小倉芝短距離(1000-1300)・良・中枠(3-6)で母父「シンボリクリスエス」は基準比リフト0.927
新潟,直線長め・平坦型,芝,短距離(1000-1300),良,内枠(1-2),母父,フジキセキ,54,1,7,0.0185,0.1296,8.5,0.0,9.83,0.14,-0.0104,0.926,参考,新潟芝短距離(1000-1300)・良・内枠(1-2)で母父「フジキセキ」は基準比リフト0.926
福島,小回り・機動型,芝,長距離(2500以上),良,中枠(3-6),母父,ブライアンズタイム,58,4,13,0.069,0.2241,55.0,0.0,8.14,0.2423,-0.0182,0.925,参考,福島芝長距離(2500以上)・良・中枠(3-6)で母父「ブライアンズタイム」は基準比リフト0.925
中山,坂あり・パワー型,芝,中距離(1700-2000),良,外枠(7-8),母父,ブライアンズタイム,73,4,14,0.0548,0.1918,183.7,0.0,8.7,0.2074,-0.0156,0.925,参考,中山芝中距離(1700-2000)・良・外枠(7-8)で母父「ブライアンズタイム」は基準比リフト0.925
福島,小回り・機動型,ダ,中距離(1700-2000),良,中枠(3-6),母父,シンボリクリスエス,81,9,15,0.1111,0.1852,215.9,0.0,7.95,0.2003,-0.0151,0.925,参考,福島ダ中距離(1700-2000)・良・中枠(3-6)で母父「シンボリクリスエス」は基準比リフト0.925
東京,直線長め・持続型,ダ,短中距離(1400-1600),良,外枠(7-8),母父,ブライアンズタイム,215,9,43,0.0419,0.2,38.1,0.0,8.02,0.2165,-0.0165,0.924,参考,東京ダ短中距離(1400-1600)・良・外枠(7-8)で母父「ブライアンズタイム」は基準比リフト0.924
東京,直線長め・持続型,ダ,短中距離(1400-1600),良,外枠(7-8),母父,アグネスタキオン,160,10,32,0.0625,0.2,52.5,0.0,8.23,0.2165,-0.0165,0.924,参考,東京ダ短中距離(1400-1600)・良・外枠(7-8)で母父「アグネスタキオン」は基準比リフト0.924
京都,平坦・スピード型,ダ,短距離(1000-1300),良,外枠(7-8),母父,サンデーサイレンス,106,6,20,0.0566,0.1887,36.5,0.0,7.52,0.2043,-0.0156,0.924,参考,京都ダ短距離(1000-1300)・良・外枠(7-8)で母父「サンデーサイレンス」は基準比リフト0.924
京都,平坦・スピード型,芝,中長距離(2100-2400),良,中枠(3-6),母父,ブライアンズタイム,51,2,11,0.0392,0.2157,21.8,0.0,7.08,0.2341,-0.0184,0.921,参考,京都芝中長距離(2100-2400)・良・中枠(3-6)で母父「ブライアンズタイム」は基準比リフト0.921
阪神,坂あり・パワー型,芝,短中距離(1400-1600),良,外枠(7-8),母父,サクラバクシンオー,74,2,13,0.027,0.1757,30.0,0.0,9.31,0.1907,-0.015,0.921,参考,阪神芝短中距離(1400-1600)・良・外枠(7-8)で母父「サクラバクシンオー」は基準比リフト0.921
新潟,直線長め・平坦型,芝,短中距離(1400-1600),良,外枠(7-8),母父,ブライアンズタイム,57,4,10,0.0702,0.1754,87.7,0.0,10.05,0.1905,-0.0151,0.921,参考,新潟芝短中距離(1400-1600)・良・外枠(7-8)で母父「ブライアンズタイム」は基準比リフト0.921
小倉,小回り・機動型,ダ,中距離(1700-2000),良,中枠(3-6),母父,ノーザンテースト,67,1,12,0.0149,0.1791,3.4,0.0,7.76,0.1947,-0.0156,0.92,参考,小倉ダ中距離(1700-2000)・良・中枠(3-6)で母父「ノーザンテースト」は基準比リフト0.92
阪神,坂あり・パワー型,ダ,短中距離(1400-1600),良,中枠(3-6),母父,アフリート,75,6,14,0.08,0.1867,232.5,0.0,7.69,0.2031,-0.0164,0.919,参考,阪神ダ短中距離(1400-1600)・良・中枠(3-6)で母父「アフリート」は基準比リフト0.919
小倉,小回り・機動型,ダ,中距離(1700-2000),不,中枠(3-6),母父,サンデーサイレンス,54,3,10,0.0556,0.1852,44.3,0.0,8.33,0.2015,-0.0163,0.919,参考,小倉ダ中距離(1700-2000)・不・中枠(3-6)で母父「サンデーサイレンス」は基準比リフト0.919
中京,直線長め・持続型,芝,短中距離(1400-1600),良,外枠(7-8),母父,ダンスインザダーク,55,3,10,0.0545,0.1818,16.0,0.0,8.16,0.1978,-0.016,0.919,参考,中京芝短中距離(1400-1600)・良・外枠(7-8)で母父「ダンスインザダーク」は基準比リフト0.919
新潟,直線長め・平坦型,芝,中距離(1700-2000),良,外枠(7-8),母父,アグネスタキオン,62,7,12,0.1129,0.1935,215.2,0.0,7.66,0.2107,-0.0172,0.918,参考,新潟芝中距離(1700-2000)・良・外枠(7-8)で母父「アグネスタキオン」は基準比リフト0.918
新潟,直線長め・平坦型,芝,短中距離(1400-1600),稍,中枠(3-6),母父,サンデーサイレンス,53,2,9,0.0377,0.1698,80.8,0.0,8.51,0.1849,-0.0151,0.918,参考,新潟芝短中距離(1400-1600)・稍・中枠(3-6)で母父「サンデーサイレンス」は基準比リフト0.918
京都,平坦・スピード型,ダ,中距離(1700-2000),良,中枠(3-6),母父,Woodman,50,3,10,0.06,0.2,44.2,0.0,7.78,0.2181,-0.0181,0.917,参考,京都ダ中距離(1700-2000)・良・中枠(3-6)で母父「Woodman」は基準比リフト0.917
小倉,小回り・機動型,芝,短距離(1000-1300),良,中枠(3-6),母父,ブライアンズタイム,151,5,27,0.0331,0.1788,12.8,0.0,9.19,0.1949,-0.0161,0.917,参考,小倉芝短距離(1000-1300)・良・中枠(3-6)で母父「ブライアンズタイム」は基準比リフト0.917
小倉,小回り・機動型,芝,短距離(1000-1300),良,内枠(1-2),母父,ダンスインザダーク,69,4,12,0.058,0.1739,67.2,0.0,8.3,0.1897,-0.0158,0.917,参考,小倉芝短距離(1000-1300)・良・内枠(1-2)で母父「ダンスインザダーク」は基準比リフト0.917
中山,坂あり・パワー型,芝,短中距離(1400-1600),良,外枠(7-8),母父,スペシャルウィーク,52,3,9,0.0577,0.1731,72.3,0.0,8.56,0.1887,-0.0156,0.917,参考,中山芝短中距離(1400-1600)・良・外枠(7-8)で母父「スペシャルウィーク」は基準比リフト0.917
中山,坂あり・パワー型,ダ,短距離(1000-1300),稍,中枠(3-6),母父,フジキセキ,86,3,14,0.0349,0.1628,56.7,0.0,8.85,0.1775,-0.0147,0.917,参考,中山ダ短距離(1000-1300)・稍・中枠(3-6)で母父「フジキセキ」は基準比リフト0.917
東京,直線長め・持続型,ダ,短中距離(1400-1600),良,中枠(3-6),母父,ネオユニヴァース,153,7,28,0.0458,0.183,19.0,0.0,8.72,0.1997,-0.0167,0.916,参考,東京ダ短中距離(1400-1600)・良・中枠(3-6)で母父「ネオユニヴァース」は基準比リフト0.916
中山,坂あり・パワー型,ダ,短距離(1000-1300),良,中枠(3-6),母父,エルコンドルパサー,51,2,9,0.0392,0.1765,54.5,0.0,8.57,0.1927,-0.0162,0.916,参考,中山ダ短距離(1000-1300)・良・中枠(3-6)で母父「エルコンドルパサー」は基準比リフト0.916
福島,小回り・機動型,ダ,短距離(1000-1300),良,中枠(3-6),母父,フレンチデピュティ,58,1,10,0.0172,0.1724,6.4,0.0,8.71,0.1882,-0.0158,0.916,参考,福島ダ短距離(1000-1300)・良・中枠(3-6)で母父「フレンチデピュティ」は基準比リフト0.916
阪神,坂あり・パワー型,芝,中距離(1700-2000),良,内枠(1-2),母父,サンデーサイレンス,205,18,47,0.0878,0.2293,64.2,0.0,7.02,0.2505,-0.0212,0.915,参考,阪神芝中距離(1700-2000)・良・内枠(1-2)で母父「サンデーサイレンス」は基準比リフト0.915
中京,直線長め・持続型,ダ,中距離(1700-2000),良,内枠(1-2),母父,サンデーサイレンス,102,6,21,0.0588,0.2059,115.2,0.0,7.54,0.225,-0.0191,0.915,参考,中京ダ中距離(1700-2000)・良・内枠(1-2)で母父「サンデーサイレンス」は基準比リフト0.915
中山,坂あり・パワー型,ダ,中距離(1700-2000),良,外枠(7-8),母父,フォーティナイナー,54,4,11,0.0741,0.2037,73.1,0.0,7.93,0.2226,-0.0189,0.915,参考,中山ダ中距離(1700-2000)・良・外枠(7-8)で母父「フォーティナイナー」は基準比リフト0.915
京都,平坦・スピード型,芝,短中距離(1400-1600),良,中枠(3-6),母父,ダンシングブレーヴ,51,4,10,0.0784,0.1961,19.8,0.0,8.39,0.2142,-0.0181,0.915,参考,京都芝短中距離(1400-1600)・良・中枠(3-6)で母父「ダンシングブレーヴ」は基準比リフト0.915
中山,坂あり・パワー型,ダ,短距離(1000-1300),良,外枠(7-8),母父,タイキシャトル,86,7,16,0.0814,0.186,153.8,0.0,8.63,0.2034,-0.0174,0.914,参考,中山ダ短距離(1000-1300)・良・外枠(7-8)で母父「タイキシャトル」は基準比リフト0.914
東京,直線長め・持続型,芝,中距離(1700-2000),良,外枠(7-8),母父,アグネスタキオン,117,6,23,0.0513,0.1966,20.2,0.0,7.77,0.2154,-0.0188,0.913,参考,東京芝中距離(1700-2000)・良・外枠(7-8)で母父「アグネスタキオン」は基準比リフト0.913
小倉,小回り・機動型,芝,短距離(1000-1300),良,中枠(3-6),母父,トニービン,118,4,21,0.0339,0.178,25.8,0.0,7.97,0.1949,-0.0169,0.913,参考,小倉芝短距離(1000-1300)・良・中枠(3-6)で母父「トニービン」は基準比リフト0.913
小倉,小回り・機動型,芝,中距離(1700-2000),良,外枠(7-8),母父,ブライアンズタイム,75,4,14,0.0533,0.1867,101.5,0.0,8.07,0.2048,-0.0181,0.912,参考,小倉芝中距離(1700-2000)・良・外枠(7-8)で母父「ブライアンズタイム」は基準比リフト0.912
阪神,坂あり・パワー型,ダ,短中距離(1400-1600),良,中枠(3-6),母父,サンデーサイレンス,200,6,37,0.03,0.185,18.2,0.0,8.48,0.2031,-0.0181,0.911,参考,阪神ダ短中距離(1400-1600)・良・中枠(3-6)で母父「サンデーサイレンス」は基準比リフト0.911
阪神,坂あり・パワー型,芝,中距離(1700-2000),良,中枠(3-6),母父,ジャングルポケット,55,4,12,0.0727,0.2182,28.0,0.0,7.58,0.2399,-0.0217,0.91,参考,阪神芝中距離(1700-2000)・良・中枠(3-6)で母父「ジャングルポケット」は基準比リフト0.91
東京,直線長め・持続型,芝,中距離(1700-2000),良,中枠(3-6),母父,ハーツクライ,51,6,11,0.1176,0.2157,42.2,0.0,7.22,0.237,-0.0213,0.91,参考,東京芝中距離(1700-2000)・良・中枠(3-6)で母父「ハーツクライ」は基準比リフト0.91
京都,平坦・スピード型,ダ,中距離(1700-2000),良,内枠(1-2),母父,クロフネ,57,1,12,0.0175,0.2105,5.6,0.0,7.14,0.2314,-0.0209,0.91,参考,京都ダ中距離(1700-2000)・良・内枠(1-2)で母父「クロフネ」は基準比リフト0.91
東京,直線長め・持続型,芝,短中距離(1400-1600),良,中枠(3-6),母父,アグネスデジタル,65,3,12,0.0462,0.1846,28.9,0.0,8.83,0.2028,-0.0182,0.91,参考,東京芝短中距離(1400-1600)・良・中枠(3-6)で母父「アグネスデジタル」は基準比リフト0.91
新潟,直線長め・平坦型,芝,短中距離(1400-1600),良,外枠(7-8),母父,ダンスインザダーク,75,5,13,0.0667,0.1733,135.2,0.0,8.47,0.1905,-0.0172,0.91,参考,新潟芝短中距離(1400-1600)・良・外枠(7-8)で母父「ダンスインザダーク」は基準比リフト0.91
中京,直線長め・持続型,ダ,中距離(1700-2000),良,外枠(7-8),母父,ダンスインザダーク,58,3,11,0.0517,0.1897,52.8,0.0,7.38,0.2087,-0.019,0.909,参考,中京ダ中距離(1700-2000)・良・外枠(7-8)で母父「ダンスインザダーク」は基準比リフト0.909
札幌,小回り・持続型,ダ,中距離(1700-2000),良,中枠(3-6),母父,トニービン,58,3,13,0.0517,0.2241,45.0,0.0,6.72,0.2469,-0.0228,0.908,参考,札幌ダ中距離(1700-2000)・良・中枠(3-6)で母父「トニービン」は基準比リフト0.908
東京,直線長め・持続型,ダ,短中距離(1400-1600),重不良,中枠(3-6),母父,ブライアンズタイム,68,4,12,0.0588,0.1765,48.1,0.0,8.18,0.1943,-0.0178,0.908,参考,東京ダ短中距離(1400-1600)・重不良・中枠(3-6)で母父「ブライアンズタイム」は基準比リフト0.908
新潟,直線長め・平坦型,ダ,中距離(1700-2000),稍,中枠(3-6),母父,サンデーサイレンス,101,5,21,0.0495,0.2079,28.0,0.0,7.34,0.2292,-0.0213,0.907,参考,新潟ダ中距離(1700-2000)・稍・中枠(3-6)で母父「サンデーサイレンス」は基準比リフト0.907
東京,直線長め・持続型,ダ,短中距離(1400-1600),良,外枠(7-8),母父,ダイワメジャー,56,5,11,0.0893,0.1964,112.5,0.0,7.8,0.2165,-0.0201,0.907,参考,東京ダ短中距離(1400-1600)・良・外枠(7-8)で母父「ダイワメジャー」は基準比リフト0.907
新潟,直線長め・平坦型,ダ,短距離(1000-1300),良,中枠(3-6),母父,フレンチデピュティ,87,3,16,0.0345,0.1839,40.8,0.0,8.41,0.2029,-0.019,0.906,参考,新潟ダ短距離(1000-1300)・良・中枠(3-6)で母父「フレンチデピュティ」は基準比リフト0.906
東京,直線長め・持続型,芝,短中距離(1400-1600),良,中枠(3-6),母父,ブライアンズタイム,234,14,43,0.0598,0.1838,85.9,0.0,9.21,0.2028,-0.019,0.906,参考,東京芝短中距離(1400-1600)・良・中枠(3-6)で母父「ブライアンズタイム」は基準比リフト0.906
東京,直線長め・持続型,芝,短中距離(1400-1600),良,内枠(1-2),母父,タイキシャトル,54,4,10,0.0741,0.1852,151.1,0.0,9.11,0.2047,-0.0195,0.905,参考,東京芝短中距離(1400-1600)・良・内枠(1-2)で母父「タイキシャトル」は基準比リフト0.905
東京,直線長め・持続型,ダ,短中距離(1400-1600),稍,中枠(3-6),母父,スペシャルウィーク,70,3,12,0.0429,0.1714,19.6,0.0,7.67,0.1894,-0.018,0.905,参考,東京ダ短中距離(1400-1600)・稍・中枠(3-6)で母父「スペシャルウィーク」は基準比リフト0.905
東京,直線長め・持続型,ダ,短中距離(1400-1600),良,外枠(7-8),母父,マンハッタンカフェ,92,6,18,0.0652,0.1957,43.7,0.0,8.21,0.2165,-0.0208,0.904,参考,東京ダ短中距離(1400-1600)・良・外枠(7-8)で母父「マンハッタンカフェ」は基準比リフト0.904
中山,坂あり・パワー型,芝,中距離(1700-2000),良,外枠(7-8),母父,トニービン,96,5,18,0.0521,0.1875,278.1,0.0,7.2,0.2074,-0.0199,0.904,参考,中山芝中距離(1700-2000)・良・外枠(7-8)で母父「トニービン」は基準比リフト0.904
中京,直線長め・持続型,ダ,中距離(1700-2000),良,内枠(1-2),母父,キングカメハメハ,64,3,13,0.0469,0.2031,14.2,0.0,7.02,0.225,-0.0219,0.903,参考,中京ダ中距離(1700-2000)・良・内枠(1-2)で母父「キングカメハメハ」は基準比リフト0.903
阪神,坂あり・パワー型,芝,短中距離(1400-1600),良,中枠(3-6),母父,サンデーサイレンス,429,25,84,0.0583,0.1958,46.4,0.0,7.9,0.2169,-0.0211,0.903,参考,阪神芝短中距離(1400-1600)・良・中枠(3-6)で母父「サンデーサイレンス」は基準比リフト0.903
阪神,坂あり・パワー型,ダ,中距離(1700-2000),稍,中枠(3-6),母父,フレンチデピュティ,74,4,14,0.0541,0.1892,33.2,0.0,7.66,0.2095,-0.0203,0.903,参考,阪神ダ中距離(1700-2000)・稍・中枠(3-6)で母父「フレンチデピュティ」は基準比リフト0.903
阪神,坂あり・パワー型,ダ,短距離(1000-1300),良,中枠(3-6),母父,サクラバクシンオー,80,5,15,0.0625,0.1875,59.1,0.0,8.06,0.2076,-0.0201,0.903,参考,阪神ダ短距離(1000-1300)・良・中枠(3-6)で母父「サクラバクシンオー」は基準比リフト0.903
中山,坂あり・パワー型,芝,短中距離(1400-1600),良,中枠(3-6),母父,タイキシャトル,66,5,12,0.0758,0.1818,25.6,0.0,7.8,0.2014,-0.0196,0.903,参考,中山芝短中距離(1400-1600)・良・中枠(3-6)で母父「タイキシャトル」は基準比リフト0.903
中山,坂あり・パワー型,ダ,中距離(1700-2000),稍,中枠(3-6),母父,ダンスインザダーク,80,1,15,0.0125,0.1875,4.8,0.0,7.76,0.2081,-0.0206,0.901,参考,中山ダ中距離(1700-2000)・稍・中枠(3-6)で母父「ダンスインザダーク」は基準比リフト0.901
新潟,直線長め・平坦型,芝,中距離(1700-2000),良,中枠(3-6),母父,ダンスインザダーク,128,7,25,0.0547,0.1953,45.7,0.0,7.91,0.2171,-0.0218,0.9,参考,新潟芝中距離(1700-2000)・良・中枠(3-6)で母父「ダンスインザダーク」は基準比リフト0.9
小倉,小回り・機動型,芝,中距離(1700-2000),稍,外枠(7-8),母父,サンデーサイレンス,56,3,11,0.0536,0.1964,11.2,0.0,8.11,0.2184,-0.022,0.899,参考,小倉芝中距離(1700-2000)・稍・外枠(7-8)で母父「サンデーサイレンス」は基準比リフト0.899
新潟,直線長め・平坦型,ダ,中距離(1700-2000),良,中枠(3-6),母父,スペシャルウィーク,83,7,16,0.0843,0.1928,33.7,0.0,6.88,0.2144,-0.0216,0.899,参考,新潟ダ中距離(1700-2000)・良・中枠(3-6)で母父「スペシャルウィーク」は基準比リフト0.899
中山,坂あり・パワー型,ダ,短距離(1000-1300),重不良,中枠(3-6),母父,サンデーサイレンス,58,5,10,0.0862,0.1724,43.1,0.0,8.24,0.1917,-0.0193,0.899,参考,中山ダ短距離(1000-1300)・重不良・中枠(3-6)で母父「サンデーサイレンス」は基準比リフト0.899
中山,坂あり・パワー型,ダ,中距離(1700-2000),良,外枠(7-8),母父,トニービン,80,5,16,0.0625,0.2,58.5,0.0,8.1,0.2226,-0.0226,0.898,参考,中山ダ中距離(1700-2000)・良・外枠(7-8)で母父「トニービン」は基準比リフト0.898
中京,直線長め・持続型,芝,短中距離(1400-1600),良,中枠(3-6),母父,フジキセキ,114,5,21,0.0439,0.1842,84.3,0.0,7.87,0.2051,-0.0209,0.898,参考,中京芝短中距離(1400-1600)・良・中枠(3-6)で母父「フジキセキ」は基準比リフト0.898
中山,坂あり・パワー型,芝,短距離(1000-1300),良,中枠(3-6),母父,ダンスインザダーク,72,5,13,0.0694,0.1806,80.7,0.0,8.29,0.2011,-0.0205,0.898,参考,中山芝短距離(1000-1300)・良・中枠(3-6)で母父「ダンスインザダーク」は基準比リフト0.898
東京,直線長め・持続型,ダ,短中距離(1400-1600),良,中枠(3-6),母父,ダンスインザダーク,329,12,59,0.0365,0.1793,50.6,0.0,8.14,0.1997,-0.0204,0.898,参考,東京ダ短中距離(1400-1600)・良・中枠(3-6)で母父「ダンスインザダーク」は基準比リフト0.898
福島,小回り・機動型,芝,短距離(1000-1300),良,中枠(3-6),母父,タイキシャトル,118,9,20,0.0763,0.1695,74.2,0.0,7.19,0.1887,-0.0192,0.898,参考,福島芝短距離(1000-1300)・良・中枠(3-6)で母父「タイキシャトル」は基準比リフト0.898
阪神,坂あり・パワー型,ダ,中距離(1700-2000),良,中枠(3-6),母父,ディープインパクト,103,9,21,0.0874,0.2039,124.8,0.0,7.28,0.2273,-0.0234,0.897,参考,阪神ダ中距離(1700-2000)・良・中枠(3-6)で母父「ディープインパクト」は基準比リフト0.897
小倉,小回り・機動型,ダ,短距離(1000-1300),良,中枠(3-6),母父,フジキセキ,50,1,10,0.02,0.2,11.4,0.0,7.94,0.2229,-0.0229,0.897,参考,小倉ダ短距離(1000-1300)・良・中枠(3-6)で母父「フジキセキ」は基準比リフト0.897
福島,小回り・機動型,芝,短距離(1000-1300),良,中枠(3-6),母父,ダンスインザダーク,130,10,22,0.0769,0.1692,60.7,0.0,8.38,0.1887,-0.0195,0.897,参考,福島芝短距離(1000-1300)・良・中枠(3-6)で母父「ダンスインザダーク」は基準比リフト0.897
新潟,直線長め・平坦型,芝,短中距離(1400-1600),良,内枠(1-2),母父,アグネスタキオン,53,2,8,0.0377,0.1509,23.4,0.0,8.17,0.1682,-0.0173,0.897,参考,新潟芝短中距離(1400-1600)・良・内枠(1-2)で母父「アグネスタキオン」は基準比リフト0.897
福島,小回り・機動型,芝,短距離(1000-1300),良,内枠(1-2),母父,フジキセキ,66,5,13,0.0758,0.197,57.4,0.0,8.18,0.2198,-0.0228,0.896,参考,福島芝短距離(1000-1300)・良・内枠(1-2)で母父「フジキセキ」は基準比リフト0.896
新潟,直線長め・平坦型,芝,中距離(1700-2000),良,外枠(7-8),母父,キングカメハメハ,53,4,10,0.0755,0.1887,80.0,0.0,7.04,0.2107,-0.022,0.896,参考,新潟芝中距離(1700-2000)・良・外枠(7-8)で母父「キングカメハメハ」は基準比リフト0.896
京都,平坦・スピード型,芝,中距離(1700-2000),良,中枠(3-6),母父,トニービン,164,18,36,0.1098,0.2195,60.2,0.0,6.34,0.2454,-0.0259,0.894,参考,京都芝中距離(1700-2000)・良・中枠(3-6)で母父「トニービン」は基準比リフト0.894
東京,直線長め・持続型,ダ,短中距離(1400-1600),良,内枠(1-2),母父,ホワイトマズル,60,2,9,0.0333,0.15,92.3,0.0,8.48,0.1677,-0.0177,0.894,参考,東京ダ短中距離(1400-1600)・良・内枠(1-2)で母父「ホワイトマズル」は基準比リフト0.894
中山,坂あり・パワー型,芝,中距離(1700-2000),良,外枠(7-8),母父,タイキシャトル,54,1,10,0.0185,0.1852,13.0,0.0,7.74,0.2074,-0.0222,0.893,参考,中山芝中距離(1700-2000)・良・外枠(7-8)で母父「タイキシャトル」は基準比リフト0.893
中山,坂あり・パワー型,芝,短距離(1000-1300),良,中枠(3-6),母父,ブライアンズタイム,78,5,14,0.0641,0.1795,111.8,0.0,8.87,0.2011,-0.0216,0.893,参考,中山芝短距離(1000-1300)・良・中枠(3-6)で母父「ブライアンズタイム」は基準比リフト0.893
新潟,直線長め・平坦型,芝,短中距離(1400-1600),良,中枠(3-6),母父,ダンスインザダーク,121,9,21,0.0744,0.1736,44.3,0.0,8.88,0.1947,-0.0211,0.892,参考,新潟芝短中距離(1400-1600)・良・中枠(3-6)で母父「ダンスインザダーク」は基準比リフト0.892
新潟,直線長め・平坦型,芝,短中距離(1400-1600),良,外枠(7-8),母父,クロフネ,53,2,9,0.0377,0.1698,24.9,0.0,9.04,0.1905,-0.0207,0.891,参考,新潟芝短中距離(1400-1600)・良・外枠(7-8)で母父「クロフネ」は基準比リフト0.891
阪神,坂あり・パワー型,ダ,中距離(1700-2000),良,中枠(3-6),母父,キングカメハメハ,183,14,37,0.0765,0.2022,53.1,0.0,6.88,0.2273,-0.0251,0.89,参考,阪神ダ中距離(1700-2000)・良・中枠(3-6)で母父「キングカメハメハ」は基準比リフト0.89
京都,平坦・スピード型,ダ,中距離(1700-2000),良,中枠(3-6),母父,ダンスインザダーク,170,10,33,0.0588,0.1941,44.1,0.0,7.95,0.2181,-0.024,0.89,参考,京都ダ中距離(1700-2000)・良・中枠(3-6)で母父「ダンスインザダーク」は基準比リフト0.89
中山,坂あり・パワー型,ダ,中距離(1700-2000),良,中枠(3-6),母父,ティンバーカントリー,96,5,17,0.0521,0.1771,139.6,0.0,8.17,0.199,-0.0219,0.89,参考,中山ダ中距離(1700-2000)・良・中枠(3-6)で母父「ティンバーカントリー」は基準比リフト0.89
中山,坂あり・パワー型,ダ,短距離(1000-1300),良,外枠(7-8),母父,フレンチデピュティ,94,8,17,0.0851,0.1809,49.5,0.0,7.15,0.2034,-0.0225,0.889,参考,中山ダ短距離(1000-1300)・良・外枠(7-8)で母父「フレンチデピュティ」は基準比リフト0.889
阪神,坂あり・パワー型,ダ,中距離(1700-2000),不,中枠(3-6),母父,サンデーサイレンス,64,3,13,0.0469,0.2031,17.8,0.0,7.59,0.2288,-0.0257,0.888,参考,阪神ダ中距離(1700-2000)・不・中枠(3-6)で母父「サンデーサイレンス」は基準比リフト0.888
阪神,坂あり・パワー型,芝,中距離(1700-2000),良,外枠(7-8),母父,フジキセキ,58,8,12,0.1379,0.2069,265.7,0.0,8.16,0.2332,-0.0263,0.887,参考,阪神芝中距離(1700-2000)・良・外枠(7-8)で母父「フジキセキ」は基準比リフト0.887
阪神,坂あり・パワー型,芝,短中距離(1400-1600),良,中枠(3-6),母父,ディープインパクト,130,10,25,0.0769,0.1923,113.8,0.0,7.05,0.2169,-0.0246,0.887,参考,阪神芝短中距離(1400-1600)・良・中枠(3-6)で母父「ディープインパクト」は基準比リフト0.887
東京,直線長め・持続型,ダ,短中距離(1400-1600),良,外枠(7-8),母父,ダンスインザダーク,151,10,29,0.0662,0.1921,58.5,0.0,8.58,0.2165,-0.0244,0.887,参考,東京ダ短中距離(1400-1600)・良・外枠(7-8)で母父「ダンスインザダーク」は基準比リフト0.887
中山,坂あり・パワー型,芝,中距離(1700-2000),良,内枠(1-2),母父,フジキセキ,51,4,10,0.0784,0.1961,39.2,0.0,7.92,0.2217,-0.0256,0.885,参考,中山芝中距離(1700-2000)・良・内枠(1-2)で母父「フジキセキ」は基準比リフト0.885
東京,直線長め・持続型,ダ,短中距離(1400-1600),良,中枠(3-6),母父,サクラバクシンオー,164,11,29,0.0671,0.1768,47.1,0.0,8.01,0.1997,-0.0229,0.885,参考,東京ダ短中距離(1400-1600)・良・中枠(3-6)で母父「サクラバクシンオー」は基準比リフト0.885
東京,直線長め・持続型,芝,中距離(1700-2000),良,外枠(7-8),母父,シンボリクリスエス,84,4,16,0.0476,0.1905,91.0,0.0,7.35,0.2154,-0.0249,0.884,参考,東京芝中距離(1700-2000)・良・外枠(7-8)で母父「シンボリクリスエス」は基準比リフト0.884
札幌,小回り・持続型,芝,中距離(1700-2000),良,外枠(7-8),母父,サンデーサイレンス,136,10,25,0.0735,0.1838,55.3,0.0,6.69,0.2079,-0.0241,0.884,参考,札幌芝中距離(1700-2000)・良・外枠(7-8)で母父「サンデーサイレンス」は基準比リフト0.884
中山,坂あり・パワー型,ダ,短距離(1000-1300),稍,中枠(3-6),母父,キングカメハメハ,51,4,8,0.0784,0.1569,24.7,0.0,8.31,0.1775,-0.0206,0.884,参考,中山ダ短距離(1000-1300)・稍・中枠(3-6)で母父「キングカメハメハ」は基準比リフト0.884
函館,小回り・持続型,芝,中距離(1700-2000),良,中枠(3-6),母父,クロフネ,52,2,11,0.0385,0.2115,11.9,0.0,6.85,0.2397,-0.0282,0.882,参考,函館芝中距離(1700-2000)・良・中枠(3-6)で母父「クロフネ」は基準比リフト0.882
阪神,坂あり・パワー型,芝,中距離(1700-2000),稍,中枠(3-6),母父,サンデーサイレンス,92,5,19,0.0543,0.2065,23.4,0.0,7.28,0.2342,-0.0277,0.882,参考,阪神芝中距離(1700-2000)・稍・中枠(3-6)で母父「サンデーサイレンス」は基準比リフト0.882
京都,平坦・スピード型,ダ,中距離(1700-2000),良,中枠(3-6),母父,Sadler's Wells,52,4,10,0.0769,0.1923,20.6,0.0,7.92,0.2181,-0.0258,0.882,参考,京都ダ中距離(1700-2000)・良・中枠(3-6)で母父「Sadler's Wells」は基準比リフト0.882
東京,直線長め・持続型,芝,短中距離(1400-1600),稍,外枠(7-8),母父,サンデーサイレンス,71,2,13,0.0282,0.1831,20.1,0.0,7.03,0.2077,-0.0246,0.882,参考,東京芝短中距離(1400-1600)・稍・外枠(7-8)で母父「サンデーサイレンス」は基準比リフト0.882
中京,直線長め・持続型,芝,短中距離(1400-1600),良,中枠(3-6),母父,キングカメハメハ,94,7,17,0.0745,0.1809,57.6,0.0,7.39,0.2051,-0.0242,0.882,参考,中京芝短中距離(1400-1600)・良・中枠(3-6)で母父「キングカメハメハ」は基準比リフト0.882
東京,直線長め・持続型,芝,短中距離(1400-1600),良,外枠(7-8),母父,ホワイトマズル,57,3,10,0.0526,0.1754,43.5,0.0,8.02,0.1988,-0.0234,0.882,参考,東京芝短中距離(1400-1600)・良・外枠(7-8)で母父「ホワイトマズル」は基準比リフト0.882
中京,直線長め・持続型,芝,中距離(1700-2000),良,外枠(7-8),母父,ダンスインザダーク,52,3,9,0.0577,0.1731,29.8,0.0,8.04,0.1964,-0.0233,0.881,参考,中京芝中距離(1700-2000)・良・外枠(7-8)で母父「ダンスインザダーク」は基準比リフト0.881
中山,坂あり・パワー型,ダ,短距離(1000-1300),良,中枠(3-6),母父,ティンバーカントリー,53,2,9,0.0377,0.1698,102.3,0.0,10.02,0.1927,-0.0229,0.881,参考,中山ダ短距離(1000-1300)・良・中枠(3-6)で母父「ティンバーカントリー」は基準比リフト0.881
東京,直線長め・持続型,ダ,短中距離(1400-1600),良,外枠(7-8),母父,ネオユニヴァース,84,7,16,0.0833,0.1905,85.2,0.0,8.96,0.2165,-0.026,0.88,参考,東京ダ短中距離(1400-1600)・良・外枠(7-8)で母父「ネオユニヴァース」は基準比リフト0.88
札幌,小回り・持続型,芝,中距離(1700-2000),良,中枠(3-6),母父,トニービン,75,5,16,0.0667,0.2133,69.9,0.0,7.16,0.2428,-0.0295,0.879,参考,札幌芝中距離(1700-2000)・良・中枠(3-6)で母父「トニービン」は基準比リフト0.879
中山,坂あり・パワー型,芝,中距離(1700-2000),良,内枠(1-2),母父,ダンスインザダーク,77,6,15,0.0779,0.1948,58.1,0.0,7.94,0.2217,-0.0269,0.879,参考,中山芝中距離(1700-2000)・良・内枠(1-2)で母父「ダンスインザダーク」は基準比リフト0.879
福島,小回り・機動型,芝,中距離(1700-2000),良,中枠(3-6),母父,コマンダーインチーフ,52,6,10,0.1154,0.1923,266.9,0.0,8.4,0.2188,-0.0265,0.879,参考,福島芝中距離(1700-2000)・良・中枠(3-6)で母父「コマンダーインチーフ」は基準比リフト0.879
京都,平坦・スピード型,芝,短中距離(1400-1600),良,中枠(3-6),母父,スペシャルウィーク,101,5,19,0.0495,0.1881,14.3,0.0,8.11,0.2142,-0.0261,0.878,参考,京都芝短中距離(1400-1600)・良・中枠(3-6)で母父「スペシャルウィーク」は基準比リフト0.878
京都,平坦・スピード型,芝,短中距離(1400-1600),良,中枠(3-6),母父,キングカメハメハ,117,12,22,0.1026,0.188,101.6,0.0,8.13,0.2142,-0.0262,0.878,参考,京都芝短中距離(1400-1600)・良・中枠(3-6)で母父「キングカメハメハ」は基準比リフト0.878
阪神,坂あり・パワー型,ダ,中距離(1700-2000),良,外枠(7-8),母父,ブライアンズタイム,126,7,26,0.0556,0.2063,39.8,0.0,6.89,0.2351,-0.0288,0.877,参考,阪神ダ中距離(1700-2000)・良・外枠(7-8)で母父「ブライアンズタイム」は基準比リフト0.877
阪神,坂あり・パワー型,芝,短中距離(1400-1600),良,中枠(3-6),母父,ダンスインザダーク,184,16,35,0.087,0.1902,51.8,0.0,8.09,0.2169,-0.0267,0.877,参考,阪神芝短中距離(1400-1600)・良・中枠(3-6)で母父「ダンスインザダーク」は基準比リフト0.877
京都,平坦・スピード型,ダ,短中距離(1400-1600),良,中枠(3-6),母父,スペシャルウィーク,57,3,10,0.0526,0.1754,61.1,0.0,8.0,0.2,-0.0246,0.877,参考,京都ダ短中距離(1400-1600)・良・中枠(3-6)で母父「スペシャルウィーク」は基準比リフト0.877
中山,坂あり・パワー型,芝,中距離(1700-2000),良,中枠(3-6),母父,ステイゴールド,58,2,11,0.0345,0.1897,11.2,0.0,8.41,0.2165,-0.0268,0.876,参考,中山芝中距離(1700-2000)・良・中枠(3-6)で母父「ステイゴールド」は基準比リフト0.876
新潟,直線長め・平坦型,芝,短中距離(1400-1600),良,中枠(3-6),母父,スペシャルウィーク,88,4,15,0.0455,0.1705,40.5,0.0,9.02,0.1947,-0.0242,0.876,参考,新潟芝短中距離(1400-1600)・良・中枠(3-6)で母父「スペシャルウィーク」は基準比リフト0.876
新潟,直線長め・平坦型,ダ,中距離(1700-2000),良,中枠(3-6),母父,ネオユニヴァース,64,3,12,0.0469,0.1875,20.0,0.0,8.08,0.2144,-0.0269,0.875,参考,新潟ダ中距離(1700-2000)・良・中枠(3-6)で母父「ネオユニヴァース」は基準比リフト0.875
東京,直線長め・持続型,芝,短中距離(1400-1600),良,内枠(1-2),母父,ディープインパクト,106,8,19,0.0755,0.1792,38.4,0.0,7.34,0.2047,-0.0255,0.875,参考,東京芝短中距離(1400-1600)・良・内枠(1-2)で母父「ディープインパクト」は基準比リフト0.875
札幌,小回り・持続型,ダ,中距離(1700-2000),良,中枠(3-6),母父,アグネスタキオン,51,2,11,0.0392,0.2157,9.2,0.0,7.51,0.2469,-0.0312,0.874,参考,札幌ダ中距離(1700-2000)・良・中枠(3-6)で母父「アグネスタキオン」は基準比リフト0.874
東京,直線長め・持続型,芝,短中距離(1400-1600),良,中枠(3-6),母父,ジェイドロバリー,79,8,14,0.1013,0.1772,471.5,0.0,9.37,0.2028,-0.0256,0.874,参考,東京芝短中距離(1400-1600)・良・中枠(3-6)で母父「ジェイドロバリー」は基準比リフト0.874
中山,坂あり・パワー型,ダ,中距離(1700-2000),良,中枠(3-6),母父,シンボリクリスエス,184,15,32,0.0815,0.1739,84.0,0.0,7.46,0.199,-0.0251,0.874,参考,中山ダ中距離(1700-2000)・良・中枠(3-6)で母父「シンボリクリスエス」は基準比リフト0.874
東京,直線長め・持続型,ダ,短中距離(1400-1600),良,外枠(7-8),母父,Kingmambo,53,7,10,0.1321,0.1887,88.5,0.0,7.7,0.2165,-0.0278,0.872,参考,東京ダ短中距離(1400-1600)・良・外枠(7-8)で母父「Kingmambo」は基準比リフト0.872
京都,平坦・スピード型,芝,短中距離(1400-1600),良,中枠(3-6),母父,フォーティナイナー,75,8,14,0.1067,0.1867,70.8,0.0,9.11,0.2142,-0.0275,0.872,参考,京都芝短中距離(1400-1600)・良・中枠(3-6)で母父「フォーティナイナー」は基準比リフト0.872
阪神,坂あり・パワー型,ダ,中距離(1700-2000),重不良,外枠(7-8),母父,サンデーサイレンス,60,2,11,0.0333,0.1833,6.5,0.0,6.42,0.2101,-0.0268,0.872,参考,阪神ダ中距離(1700-2000)・重不良・外枠(7-8)で母父「サンデーサイレンス」は基準比リフト0.872
中京,直線長め・持続型,ダ,短中距離(1400-1600),良,外枠(7-8),母父,サンデーサイレンス,71,4,12,0.0563,0.169,65.8,0.0,8.87,0.1938,-0.0248,0.872,参考,中京ダ短中距離(1400-1600)・良・外枠(7-8)で母父「サンデーサイレンス」は基準比リフト0.872
阪神,坂あり・パワー型,芝,短中距離(1400-1600),良,内枠(1-2),母父,ダンスインザダーク,98,6,19,0.0612,0.1939,62.9,0.0,7.91,0.2227,-0.0288,0.871,参考,阪神芝短中距離(1400-1600)・良・内枠(1-2)で母父「ダンスインザダーク」は基準比リフト0.871
東京,直線長め・持続型,芝,短中距離(1400-1600),良,外枠(7-8),母父,アグネスタキオン,127,7,22,0.0551,0.1732,32.0,0.0,8.12,0.1988,-0.0256,0.871,参考,東京芝短中距離(1400-1600)・良・外枠(7-8)で母父「アグネスタキオン」は基準比リフト0.871
京都,平坦・スピード型,芝,中長距離(2100-2400),良,中枠(3-6),母父,ダンスインザダーク,54,8,11,0.1481,0.2037,96.7,0.0,7.96,0.2341,-0.0304,0.87,参考,京都芝中長距離(2100-2400)・良・中枠(3-6)で母父「ダンスインザダーク」は基準比リフト0.87
京都,平坦・スピード型,ダ,中距離(1700-2000),良,中枠(3-6),母父,シンボリクリスエス,58,5,11,0.0862,0.1897,32.4,0.0,7.41,0.2181,-0.0284,0.87,参考,京都ダ中距離(1700-2000)・良・中枠(3-6)で母父「シンボリクリスエス」は基準比リフト0.87
阪神,坂あり・パワー型,芝,短中距離(1400-1600),良,内枠(1-2),母父,フレンチデピュティ,62,5,12,0.0806,0.1935,40.6,0.0,7.24,0.2227,-0.0292,0.869,参考,阪神芝短中距離(1400-1600)・良・内枠(1-2)で母父「フレンチデピュティ」は基準比リフト0.869
小倉,小回り・機動型,芝,短距離(1000-1300),良,中枠(3-6),母父,ダンスインザダーク,160,12,27,0.075,0.1688,65.4,0.0,8.19,0.1949,-0.0261,0.866,参考,小倉芝短距離(1000-1300)・良・中枠(3-6)で母父「ダンスインザダーク」は基準比リフト0.866
中山,坂あり・パワー型,ダ,短距離(1000-1300),稍,中枠(3-6),母父,アグネスタキオン,65,3,10,0.0462,0.1538,26.5,0.0,8.65,0.1775,-0.0237,0.866,参考,中山ダ短距離(1000-1300)・稍・中枠(3-6)で母父「アグネスタキオン」は基準比リフト0.866
中山,坂あり・パワー型,芝,短距離(1000-1300),良,中枠(3-6),母父,サンデーサイレンス,138,10,24,0.0725,0.1739,72.8,0.0,7.49,0.2011,-0.0272,0.865,参考,中山芝短距離(1000-1300)・良・中枠(3-6)で母父「サンデーサイレンス」は基準比リフト0.865
福島,小回り・機動型,ダ,中距離(1700-2000),良,中枠(3-6),母父,ブライアンズタイム,127,4,22,0.0315,0.1732,21.9,0.0,7.83,0.2003,-0.0271,0.865,参考,福島ダ中距離(1700-2000)・良・中枠(3-6)で母父「ブライアンズタイム」は基準比リフト0.865
札幌,小回り・持続型,芝,中距離(1700-2000),良,中枠(3-6),母父,ダンスインザダーク,62,6,13,0.0968,0.2097,90.6,0.0,7.48,0.2428,-0.0331,0.864,参考,札幌芝中距離(1700-2000)・良・中枠(3-6)で母父「ダンスインザダーク」は基準比リフト0.864
中山,坂あり・パワー型,ダ,中距離(1700-2000),良,外枠(7-8),母父,アフリート,78,5,15,0.0641,0.1923,56.0,0.0,9.08,0.2226,-0.0303,0.864,参考,中山ダ中距離(1700-2000)・良・外枠(7-8)で母父「アフリート」は基準比リフト0.864
中山,坂あり・パワー型,ダ,中距離(1700-2000),良,外枠(7-8),母父,サクラバクシンオー,52,1,10,0.0192,0.1923,39.2,0.0,7.62,0.2226,-0.0303,0.864,参考,中山ダ中距離(1700-2000)・良・外枠(7-8)で母父「サクラバクシンオー」は基準比リフト0.864
小倉,小回り・機動型,芝,中距離(1700-2000),良,内枠(1-2),母父,ディープインパクト,52,3,10,0.0577,0.1923,38.5,0.0,7.0,0.2226,-0.0303,0.864,参考,小倉芝中距離(1700-2000)・良・内枠(1-2)で母父「ディープインパクト」は基準比リフト0.864
京都,平坦・スピード型,芝,短中距離(1400-1600),良,内枠(1-2),母父,サクラバクシンオー,53,2,10,0.0377,0.1887,76.4,0.0,9.17,0.2185,-0.0298,0.864,参考,京都芝短中距離(1400-1600)・良・内枠(1-2)で母父「サクラバクシンオー」は基準比リフト0.864
東京,直線長め・持続型,ダ,短中距離(1400-1600),良,中枠(3-6),母父,トニービン,168,10,29,0.0595,0.1726,33.2,0.0,8.12,0.1997,-0.0271,0.864,参考,東京ダ短中距離(1400-1600)・良・中枠(3-6)で母父「トニービン」は基準比リフト0.864
東京,直線長め・持続型,芝,短中距離(1400-1600),良,中枠(3-6),母父,ダンスインザダーク,217,12,38,0.0553,0.1751,73.1,0.0,8.81,0.2028,-0.0277,0.863,参考,東京芝短中距離(1400-1600)・良・中枠(3-6)で母父「ダンスインザダーク」は基準比リフト0.863
東京,直線長め・持続型,芝,短中距離(1400-1600),良,内枠(1-2),母父,スペシャルウィーク,68,5,12,0.0735,0.1765,92.6,0.0,8.51,0.2047,-0.0282,0.862,参考,東京芝短中距離(1400-1600)・良・内枠(1-2)で母父「スペシャルウィーク」は基準比リフト0.862
東京,直線長め・持続型,芝,短中距離(1400-1600),良,内枠(1-2),母父,マンハッタンカフェ,51,2,9,0.0392,0.1765,46.3,0.0,9.12,0.2047,-0.0282,0.862,参考,東京芝短中距離(1400-1600)・良・内枠(1-2)で母父「マンハッタンカフェ」は基準比リフト0.862
中京,直線長め・持続型,ダ,中距離(1700-2000),良,中枠(3-6),母父,アグネスタキオン,133,9,25,0.0677,0.188,54.4,0.0,7.01,0.2184,-0.0304,0.861,参考,中京ダ中距離(1700-2000)・良・中枠(3-6)で母父「アグネスタキオン」は基準比リフト0.861
東京,直線長め・持続型,ダ,短中距離(1400-1600),良,外枠(7-8),母父,スペシャルウィーク,118,8,22,0.0678,0.1864,24.0,0.0,8.13,0.2165,-0.0301,0.861,参考,東京ダ短中距離(1400-1600)・良・外枠(7-8)で母父「スペシャルウィーク」は基準比リフト0.861
京都,平坦・スピード型,芝,短中距離(1400-1600),良,外枠(7-8),母父,ダンスインザダーク,96,6,16,0.0625,0.1667,97.9,0.0,8.9,0.1935,-0.0268,0.861,参考,京都芝短中距離(1400-1600)・良・外枠(7-8)で母父「ダンスインザダーク」は基準比リフト0.861
中山,坂あり・パワー型,ダ,中距離(1700-2000),良,中枠(3-6),母父,スペシャルウィーク,152,11,26,0.0724,0.1711,73.0,0.0,8.18,0.199,-0.0279,0.86,参考,中山ダ中距離(1700-2000)・良・中枠(3-6)で母父「スペシャルウィーク」は基準比リフト0.86
東京,直線長め・持続型,ダ,短中距離(1400-1600),良,内枠(1-2),母父,クロフネ,97,4,14,0.0412,0.1443,37.8,0.0,8.33,0.1677,-0.0234,0.86,参考,東京ダ短中距離(1400-1600)・良・内枠(1-2)で母父「クロフネ」は基準比リフト0.86
東京,直線長め・持続型,芝,中距離(1700-2000),良,中枠(3-6),母父,トニービン,162,8,33,0.0494,0.2037,72.0,0.0,7.65,0.237,-0.0333,0.859,参考,東京芝中距離(1700-2000)・良・中枠(3-6)で母父「トニービン」は基準比リフト0.859
函館,小回り・持続型,芝,短距離(1000-1300),良,中枠(3-6),母父,ブライアンズタイム,85,4,17,0.0471,0.2,41.6,0.0,7.39,0.2329,-0.0329,0.859,参考,函館芝短距離(1000-1300)・良・中枠(3-6)で母父「ブライアンズタイム」は基準比リフト0.859
新潟,直線長め・平坦型,ダ,短距離(1000-1300),良,外枠(7-8),母父,サンデーサイレンス,92,6,18,0.0652,0.1957,59.7,0.0,7.75,0.2279,-0.0322,0.859,参考,新潟ダ短距離(1000-1300)・良・外枠(7-8)で母父「サンデーサイレンス」は基準比リフト0.859
中山,坂あり・パワー型,ダ,中距離(1700-2000),良,外枠(7-8),母父,アグネスタキオン,115,7,22,0.0609,0.1913,52.9,0.0,8.18,0.2226,-0.0313,0.859,参考,中山ダ中距離(1700-2000)・良・外枠(7-8)で母父「アグネスタキオン」は基準比リフト0.859
中山,坂あり・パワー型,芝,中距離(1700-2000),良,外枠(7-8),母父,ダンスインザダーク,101,0,18,0.0,0.1782,0.0,0.0,8.33,0.2074,-0.0292,0.859,参考,中山芝中距離(1700-2000)・良・外枠(7-8)で母父「ダンスインザダーク」は基準比リフト0.859
中山,坂あり・パワー型,ダ,中距離(1700-2000),不,中枠(3-6),母父,サンデーサイレンス,66,1,11,0.0152,0.1667,3.0,0.0,8.33,0.1941,-0.0274,0.859,参考,中山ダ中距離(1700-2000)・不・中枠(3-6)で母父「サンデーサイレンス」は基準比リフト0.859
中山,坂あり・パワー型,ダ,短距離(1000-1300),良,中枠(3-6),母父,アグネスタキオン,157,10,26,0.0637,0.1656,103.0,0.0,7.94,0.1927,-0.0271,0.859,参考,中山ダ短距離(1000-1300)・良・中枠(3-6)で母父「アグネスタキオン」は基準比リフト0.859
東京,直線長め・持続型,芝,中長距離(2100-2400),良,中枠(3-6),母父,サンデーサイレンス,165,12,32,0.0727,0.1939,37.2,0.0,7.62,0.226,-0.0321,0.858,参考,東京芝中長距離(2100-2400)・良・中枠(3-6)で母父「サンデーサイレンス」は基準比リフト0.858
東京,直線長め・持続型,ダ,短中距離(1400-1600),良,内枠(1-2),母父,アグネスタキオン,139,7,20,0.0504,0.1439,56.5,0.0,8.03,0.1677,-0.0238,0.858,参考,東京ダ短中距離(1400-1600)・良・内枠(1-2)で母父「アグネスタキオン」は基準比リフト0.858
中京,直線長め・持続型,ダ,短中距離(1400-1600),良,中枠(3-6),母父,ダンスインザダーク,71,5,12,0.0704,0.169,44.2,0.0,7.92,0.1973,-0.0283,0.857,参考,中京ダ短中距離(1400-1600)・良・中枠(3-6)で母父「ダンスインザダーク」は基準比リフト0.857
新潟,直線長め・平坦型,芝,中距離(1700-2000),良,外枠(7-8),母父,フジキセキ,61,1,11,0.0164,0.1803,3.1,0.0,7.85,0.2107,-0.0304,0.856,参考,新潟芝中距離(1700-2000)・良・外枠(7-8)で母父「フジキセキ」は基準比リフト0.856
中京,直線長め・持続型,ダ,中距離(1700-2000),良,外枠(7-8),母父,シンボリクリスエス,56,2,10,0.0357,0.1786,112.1,0.0,6.91,0.2087,-0.0301,0.856,参考,中京ダ中距離(1700-2000)・良・外枠(7-8)で母父「シンボリクリスエス」は基準比リフト0.856
小倉,小回り・機動型,ダ,中距離(1700-2000),良,中枠(3-6),母父,スペシャルウィーク,72,7,12,0.0972,0.1667,80.3,0.0,7.65,0.1947,-0.028,0.856,参考,小倉ダ中距離(1700-2000)・良・中枠(3-6)で母父「スペシャルウィーク」は基準比リフト0.856
京都,平坦・スピード型,ダ,短距離(1000-1300),良,中枠(3-6),母父,タイキシャトル,66,2,11,0.0303,0.1667,53.9,0.0,8.67,0.1949,-0.0282,0.855,参考,京都ダ短距離(1000-1300)・良・中枠(3-6)で母父「タイキシャトル」は基準比リフト0.855
東京,直線長め・持続型,芝,中距離(1700-2000),良,中枠(3-6),母父,アグネスタキオン,163,12,33,0.0736,0.2025,111.0,0.0,7.23,0.237,-0.0345,0.854,参考,東京芝中距離(1700-2000)・良・中枠(3-6)で母父「アグネスタキオン」は基準比リフト0.854
東京,直線長め・持続型,ダ,短中距離(1400-1600),稍,中枠(3-6),母父,キングカメハメハ,68,4,11,0.0588,0.1618,53.1,0.0,9.41,0.1894,-0.0276,0.854,参考,東京ダ短中距離(1400-1600)・稍・中枠(3-6)で母父「キングカメハメハ」は基準比リフト0.854
中山,坂あり・パワー型,ダ,短距離(1000-1300),稍,中枠(3-6),母父,ダンスインザダーク,66,5,10,0.0758,0.1515,20.3,0.0,7.39,0.1775,-0.026,0.854,参考,中山ダ短距離(1000-1300)・稍・中枠(3-6)で母父「ダンスインザダーク」は基準比リフト0.854
阪神,坂あり・パワー型,ダ,短中距離(1400-1600),良,外枠(7-8),母父,アグネスタキオン,53,6,10,0.1132,0.1887,53.8,0.0,7.34,0.2213,-0.0326,0.853,参考,阪神ダ短中距離(1400-1600)・良・外枠(7-8)で母父「アグネスタキオン」は基準比リフト0.853
中京,直線長め・持続型,ダ,中距離(1700-2000),良,外枠(7-8),母父,フレンチデピュティ,73,2,13,0.0274,0.1781,78.8,0.0,7.05,0.2087,-0.0306,0.853,参考,中京ダ中距離(1700-2000)・良・外枠(7-8)で母父「フレンチデピュティ」は基準比リフト0.853
新潟,直線長め・平坦型,ダ,短距離(1000-1300),良,中枠(3-6),母父,タイキシャトル,52,4,9,0.0769,0.1731,93.8,0.0,8.9,0.2029,-0.0298,0.853,参考,新潟ダ短距離(1000-1300)・良・中枠(3-6)で母父「タイキシャトル」は基準比リフト0.853
中山,坂あり・パワー型,ダ,中距離(1700-2000),良,中枠(3-6),母父,ヘクタープロテクター,53,5,9,0.0943,0.1698,62.1,0.0,8.49,0.199,-0.0292,0.853,参考,中山ダ中距離(1700-2000)・良・中枠(3-6)で母父「ヘクタープロテクター」は基準比リフト0.853
東京,直線長め・持続型,芝,短中距離(1400-1600),良,外枠(7-8),母父,アフリート,59,3,10,0.0508,0.1695,26.4,0.0,10.1,0.1988,-0.0293,0.853,参考,東京芝短中距離(1400-1600)・良・外枠(7-8)で母父「アフリート」は基準比リフト0.853
東京,直線長め・持続型,芝,短中距離(1400-1600),良,中枠(3-6),母父,アグネスタキオン,249,16,43,0.0643,0.1727,46.7,0.0,7.94,0.2028,-0.0301,0.852,参考,東京芝短中距離(1400-1600)・良・中枠(3-6)で母父「アグネスタキオン」は基準比リフト0.852
東京,直線長め・持続型,ダ,短中距離(1400-1600),良,中枠(3-6),母父,クロフネ,282,18,48,0.0638,0.1702,43.5,0.0,7.99,0.1997,-0.0295,0.852,参考,東京ダ短中距離(1400-1600)・良・中枠(3-6)で母父「クロフネ」は基準比リフト0.852
中山,坂あり・パワー型,芝,中距離(1700-2000),良,中枠(3-6),母父,スペシャルウィーク,114,8,21,0.0702,0.1842,118.5,0.0,7.87,0.2165,-0.0323,0.851,参考,中山芝中距離(1700-2000)・良・中枠(3-6)で母父「スペシャルウィーク」は基準比リフト0.851
小倉,小回り・機動型,芝,長距離(2500以上),良,外枠(7-8),母父,サンデーサイレンス,55,3,11,0.0545,0.2,25.8,0.0,6.35,0.2352,-0.0352,0.85,参考,小倉芝長距離(2500以上)・良・外枠(7-8)で母父「サンデーサイレンス」は基準比リフト0.85
中山,坂あり・パワー型,ダ,中距離(1700-2000),良,中枠(3-6),母父,サクラバクシンオー,65,5,11,0.0769,0.1692,593.1,0.0,8.94,0.199,-0.0298,0.85,参考,中山ダ中距離(1700-2000)・良・中枠(3-6)で母父「サクラバクシンオー」は基準比リフト0.85
新潟,直線長め・平坦型,ダ,短距離(1000-1300),良,外枠(7-8),母父,フジキセキ,62,1,12,0.0161,0.1935,10.3,0.0,7.65,0.2279,-0.0344,0.849,参考,新潟ダ短距離(1000-1300)・良・外枠(7-8)で母父「フジキセキ」は基準比リフト0.849
福島,小回り・機動型,ダ,中距離(1700-2000),良,内枠(1-2),母父,フジキセキ,50,4,9,0.08,0.18,70.6,0.0,7.48,0.2121,-0.0321,0.849,参考,福島ダ中距離(1700-2000)・良・内枠(1-2)で母父「フジキセキ」は基準比リフト0.849
東京,直線長め・持続型,芝,短中距離(1400-1600),良,中枠(3-6),母父,ジャングルポケット,64,4,11,0.0625,0.1719,41.9,0.0,8.8,0.2028,-0.0309,0.848,参考,東京芝短中距離(1400-1600)・良・中枠(3-6)で母父「ジャングルポケット」は基準比リフト0.848
東京,直線長め・持続型,ダ,短中距離(1400-1600),良,中枠(3-6),母父,ハーツクライ,65,7,11,0.1077,0.1692,108.6,0.0,8.68,0.1997,-0.0305,0.847,参考,東京ダ短中距離(1400-1600)・良・中枠(3-6)で母父「ハーツクライ」は基準比リフト0.847
新潟,直線長め・平坦型,芝,短中距離(1400-1600),良,外枠(7-8),母父,アグネスタキオン,62,3,10,0.0484,0.1613,66.0,0.0,8.58,0.1905,-0.0292,0.847,参考,新潟芝短中距離(1400-1600)・良・外枠(7-8)で母父「アグネスタキオン」は基準比リフト0.847
阪神,坂あり・パワー型,芝,中距離(1700-2000),良,外枠(7-8),母父,フレンチデピュティ,66,1,13,0.0152,0.197,3.6,0.0,5.98,0.2332,-0.0362,0.845,参考,阪神芝中距離(1700-2000)・良・外枠(7-8)で母父「フレンチデピュティ」は基準比リフト0.845
東京,直線長め・持続型,ダ,短中距離(1400-1600),良,中枠(3-6),母父,エルコンドルパサー,77,2,13,0.026,0.1688,9.6,0.0,9.01,0.1997,-0.0309,0.845,参考,東京ダ短中距離(1400-1600)・良・中枠(3-6)で母父「エルコンドルパサー」は基準比リフト0.845
新潟,直線長め・平坦型,ダ,中距離(1700-2000),良,外枠(7-8),母父,フジキセキ,63,8,12,0.127,0.1905,63.8,0.0,7.13,0.226,-0.0355,0.843,参考,新潟ダ中距離(1700-2000)・良・外枠(7-8)で母父「フジキセキ」は基準比リフト0.843
小倉,小回り・機動型,芝,中距離(1700-2000),良,中枠(3-6),母父,ブライアンズタイム,123,6,23,0.0488,0.187,79.8,0.0,8.07,0.2218,-0.0348,0.843,参考,小倉芝中距離(1700-2000)・良・中枠(3-6)で母父「ブライアンズタイム」は基準比リフト0.843
阪神,坂あり・パワー型,芝,短中距離(1400-1600),稍,中枠(3-6),母父,サンデーサイレンス,92,2,16,0.0217,0.1739,16.5,0.0,7.72,0.2062,-0.0323,0.843,参考,阪神芝短中距離(1400-1600)・稍・中枠(3-6)で母父「サンデーサイレンス」は基準比リフト0.843
小倉,小回り・機動型,芝,中距離(1700-2000),良,外枠(7-8),母父,クロフネ,58,4,10,0.069,0.1724,26.4,0.0,7.26,0.2048,-0.0324,0.842,参考,小倉芝中距離(1700-2000)・良・外枠(7-8)で母父「クロフネ」は基準比リフト0.842
新潟,直線長め・平坦型,芝,短中距離(1400-1600),良,中枠(3-6),母父,シンボリクリスエス,61,2,10,0.0328,0.1639,93.3,0.0,8.49,0.1947,-0.0308,0.842,参考,新潟芝短中距離(1400-1600)・良・中枠(3-6)で母父「シンボリクリスエス」は基準比リフト0.842
中山,坂あり・パワー型,ダ,短距離(1000-1300),良,中枠(3-6),母父,キングカメハメハ,111,8,18,0.0721,0.1622,117.7,0.0,9.36,0.1927,-0.0305,0.842,参考,中山ダ短距離(1000-1300)・良・中枠(3-6)で母父「キングカメハメハ」は基準比リフト0.842
阪神,坂あり・パワー型,ダ,中距離(1700-2000),良,外枠(7-8),母父,ダンスインザダーク,91,7,18,0.0769,0.1978,22.5,0.0,7.75,0.2351,-0.0373,0.841,参考,阪神ダ中距離(1700-2000)・良・外枠(7-8)で母父「ダンスインザダーク」は基準比リフト0.841
新潟,直線長め・平坦型,芝,短中距離(1400-1600),良,外枠(7-8),母父,ディープインパクト,50,1,8,0.02,0.16,12.2,0.0,7.42,0.1905,-0.0305,0.84,参考,新潟芝短中距離(1400-1600)・良・外枠(7-8)で母父「ディープインパクト」は基準比リフト0.84
阪神,坂あり・パワー型,ダ,中距離(1700-2000),良,内枠(1-2),母父,フジキセキ,87,6,15,0.069,0.1724,121.5,0.0,7.33,0.206,-0.0336,0.837,参考,阪神ダ中距離(1700-2000)・良・内枠(1-2)で母父「フジキセキ」は基準比リフト0.837
中山,坂あり・パワー型,ダ,短距離(1000-1300),良,中枠(3-6),母父,タニノギムレット,62,5,10,0.0806,0.1613,74.5,0.0,8.65,0.1927,-0.0314,0.837,参考,中山ダ短距離(1000-1300)・良・中枠(3-6)で母父「タニノギムレット」は基準比リフト0.837
阪神,坂あり・パワー型,芝,短中距離(1400-1600),良,外枠(7-8),母父,フジキセキ,119,3,19,0.0252,0.1597,19.2,0.0,8.29,0.1907,-0.031,0.837,参考,阪神芝短中距離(1400-1600)・良・外枠(7-8)で母父「フジキセキ」は基準比リフト0.837
札幌,小回り・持続型,ダ,中距離(1700-2000),良,中枠(3-6),母父,ダンスインザダーク,63,3,13,0.0476,0.2063,132.1,0.0,7.05,0.2469,-0.0406,0.836,参考,札幌ダ中距離(1700-2000)・良・中枠(3-6)で母父「ダンスインザダーク」は基準比リフト0.836
中京,直線長め・持続型,ダ,短中距離(1400-1600),良,中枠(3-6),母父,ブライアンズタイム,103,7,17,0.068,0.165,38.6,0.0,8.73,0.1973,-0.0323,0.836,参考,中京ダ短中距離(1400-1600)・良・中枠(3-6)で母父「ブライアンズタイム」は基準比リフト0.836
京都,平坦・スピード型,芝,短距離(1000-1300),良,中枠(3-6),母父,ダンスインザダーク,58,5,10,0.0862,0.1724,84.1,0.0,9.07,0.2064,-0.034,0.835,参考,京都芝短距離(1000-1300)・良・中枠(3-6)で母父「ダンスインザダーク」は基準比リフト0.835
東京,直線長め・持続型,ダ,短中距離(1400-1600),良,中枠(3-6),母父,ラムタラ,60,1,10,0.0167,0.1667,8.0,0.0,8.67,0.1997,-0.033,0.835,参考,東京ダ短中距離(1400-1600)・良・中枠(3-6)で母父「ラムタラ」は基準比リフト0.835
新潟,直線長め・平坦型,芝,短距離(1000-1300),良,中枠(3-6),母父,フレンチデピュティ,70,2,10,0.0286,0.1429,10.6,0.0,8.44,0.1712,-0.0283,0.835,参考,新潟芝短距離(1000-1300)・良・中枠(3-6)で母父「フレンチデピュティ」は基準比リフト0.835
函館,小回り・持続型,芝,中距離(1700-2000),良,中枠(3-6),母父,ブライアンズタイム,55,2,11,0.0364,0.2,14.5,0.0,7.78,0.2397,-0.0397,0.834,参考,函館芝中距離(1700-2000)・良・中枠(3-6)で母父「ブライアンズタイム」は基準比リフト0.834
京都,平坦・スピード型,ダ,中距離(1700-2000),良,中枠(3-6),母父,ティンバーカントリー,88,4,16,0.0455,0.1818,49.3,0.0,8.65,0.2181,-0.0363,0.834,参考,京都ダ中距離(1700-2000)・良・中枠(3-6)で母父「ティンバーカントリー」は基準比リフト0.834
新潟,直線長め・平坦型,ダ,短距離(1000-1300),良,中枠(3-6),母父,フォーティナイナー,65,2,11,0.0308,0.1692,39.2,0.0,8.55,0.2029,-0.0337,0.834,参考,新潟ダ短距離(1000-1300)・良・中枠(3-6)で母父「フォーティナイナー」は基準比リフト0.834
阪神,坂あり・パワー型,ダ,中距離(1700-2000),稍,中枠(3-6),母父,ダンスインザダーク,63,3,11,0.0476,0.1746,22.9,0.0,7.33,0.2095,-0.0349,0.833,参考,阪神ダ中距離(1700-2000)・稍・中枠(3-6)で母父「ダンスインザダーク」は基準比リフト0.833
京都,平坦・スピード型,ダ,短中距離(1400-1600),良,中枠(3-6),母父,サクラバクシンオー,54,2,9,0.037,0.1667,26.9,0.0,8.37,0.2,-0.0333,0.833,参考,京都ダ短中距離(1400-1600)・良・中枠(3-6)で母父「サクラバクシンオー」は基準比リフト0.833
新潟,直線長め・平坦型,芝,中距離(1700-2000),良,外枠(7-8),母父,シンボリクリスエス,57,3,10,0.0526,0.1754,50.4,0.0,7.6,0.2107,-0.0353,0.832,参考,新潟芝中距離(1700-2000)・良・外枠(7-8)で母父「シンボリクリスエス」は基準比リフト0.832
福島,小回り・機動型,ダ,中距離(1700-2000),良,中枠(3-6),母父,ネオユニヴァース,60,3,10,0.05,0.1667,22.7,0.0,8.48,0.2003,-0.0336,0.832,参考,福島ダ中距離(1700-2000)・良・中枠(3-6)で母父「ネオユニヴァース」は基準比リフト0.832
中山,坂あり・パワー型,芝,中距離(1700-2000),良,中枠(3-6),母父,キングカメハメハ,139,10,25,0.0719,0.1799,142.4,0.0,8.19,0.2165,-0.0366,0.831,参考,中山芝中距離(1700-2000)・良・中枠(3-6)で母父「キングカメハメハ」は基準比リフト0.831
小倉,小回り・機動型,ダ,中距離(1700-2000),良,中枠(3-6),母父,キングカメハメハ,68,6,11,0.0882,0.1618,53.8,0.0,7.13,0.1947,-0.0329,0.831,参考,小倉ダ中距離(1700-2000)・良・中枠(3-6)で母父「キングカメハメハ」は基準比リフト0.831
阪神,坂あり・パワー型,ダ,短距離(1000-1300),良,中枠(3-6),母父,アフリート,58,5,10,0.0862,0.1724,232.4,0.0,8.62,0.2076,-0.0352,0.83,参考,阪神ダ短距離(1000-1300)・良・中枠(3-6)で母父「アフリート」は基準比リフト0.83
中山,坂あり・パワー型,ダ,短距離(1000-1300),良,内枠(1-2),母父,ブライアンズタイム,109,9,16,0.0826,0.1468,144.1,0.0,8.5,0.1768,-0.03,0.83,参考,中山ダ短距離(1000-1300)・良・内枠(1-2)で母父「ブライアンズタイム」は基準比リフト0.83
小倉,小回り・機動型,ダ,中距離(1700-2000),良,外枠(7-8),母父,サンデーサイレンス,110,3,18,0.0273,0.1636,25.6,0.0,8.25,0.1974,-0.0338,0.829,参考,小倉ダ中距離(1700-2000)・良・外枠(7-8)で母父「サンデーサイレンス」は基準比リフト0.829
小倉,小回り・機動型,芝,短距離(1000-1300),良,中枠(3-6),母父,スペシャルウィーク,99,3,16,0.0303,0.1616,35.5,0.0,8.58,0.1949,-0.0333,0.829,参考,小倉芝短距離(1000-1300)・良・中枠(3-6)で母父「スペシャルウィーク」は基準比リフト0.829
東京,直線長め・持続型,ダ,短中距離(1400-1600),良,中枠(3-6),母父,ディープインパクト,176,10,29,0.0568,0.1648,58.9,0.0,8.08,0.1997,-0.0349,0.825,参考,東京ダ短中距離(1400-1600)・良・中枠(3-6)で母父「ディープインパクト」は基準比リフト0.825
小倉,小回り・機動型,ダ,中距離(1700-2000),良,中枠(3-6),母父,トニービン,56,3,9,0.0536,0.1607,41.1,0.0,8.43,0.1947,-0.034,0.825,参考,小倉ダ中距離(1700-2000)・良・中枠(3-6)で母父「トニービン」は基準比リフト0.825
京都,平坦・スピード型,ダ,短中距離(1400-1600),良,中枠(3-6),母父,フレンチデピュティ,91,4,15,0.044,0.1648,54.8,0.0,7.78,0.2,-0.0352,0.824,参考,京都ダ短中距離(1400-1600)・良・中枠(3-6)で母父「フレンチデピュティ」は基準比リフト0.824
中山,坂あり・パワー型,ダ,中距離(1700-2000),良,中枠(3-6),母父,ジェイドロバリー,61,0,10,0.0,0.1639,0.0,0.0,9.23,0.199,-0.0351,0.824,参考,中山ダ中距離(1700-2000)・良・中枠(3-6)で母父「ジェイドロバリー」は基準比リフト0.824
東京,直線長め・持続型,芝,短中距離(1400-1600),良,内枠(1-2),母父,サクラバクシンオー,89,3,15,0.0337,0.1685,104.5,0.0,8.92,0.2047,-0.0362,0.823,参考,東京芝短中距離(1400-1600)・良・内枠(1-2)で母父「サクラバクシンオー」は基準比リフト0.823
中山,坂あり・パワー型,芝,中距離(1700-2000),良,中枠(3-6),母父,シンボリクリスエス,118,9,21,0.0763,0.178,143.7,0.0,7.42,0.2165,-0.0385,0.822,参考,中山芝中距離(1700-2000)・良・中枠(3-6)で母父「シンボリクリスエス」は基準比リフト0.822
京都,平坦・スピード型,ダ,中距離(1700-2000),良,外枠(7-8),母父,アグネスタキオン,53,2,9,0.0377,0.1698,16.0,0.0,7.47,0.2066,-0.0368,0.822,参考,京都ダ中距離(1700-2000)・良・外枠(7-8)で母父「アグネスタキオン」は基準比リフト0.822
京都,平坦・スピード型,ダ,中距離(1700-2000),良,外枠(7-8),母父,ノーザンテースト,53,2,9,0.0377,0.1698,14.9,0.0,7.3,0.2066,-0.0368,0.822,参考,京都ダ中距離(1700-2000)・良・外枠(7-8)で母父「ノーザンテースト」は基準比リフト0.822
東京,直線長め・持続型,芝,短中距離(1400-1600),良,中枠(3-6),母父,オペラハウス,54,4,9,0.0741,0.1667,344.3,0.0,9.13,0.2028,-0.0361,0.822,参考,東京芝短中距離(1400-1600)・良・中枠(3-6)で母父「オペラハウス」は基準比リフト0.822
小倉,小回り・機動型,芝,短距離(1000-1300),良,外枠(7-8),母父,サンデーサイレンス,221,12,36,0.0543,0.1629,53.7,0.0,8.75,0.1981,-0.0352,0.822,参考,小倉芝短距離(1000-1300)・良・外枠(7-8)で母父「サンデーサイレンス」は基準比リフト0.822
京都,平坦・スピード型,芝,短中距離(1400-1600),良,外枠(7-8),母父,アグネスタキオン,88,3,14,0.0341,0.1591,129.7,0.0,8.32,0.1935,-0.0344,0.822,参考,京都芝短中距離(1400-1600)・良・外枠(7-8)で母父「アグネスタキオン」は基準比リフト0.822
東京,直線長め・持続型,ダ,短中距離(1400-1600),良,内枠(1-2),母父,ティンバーカントリー,58,5,8,0.0862,0.1379,36.4,0.0,7.86,0.1677,-0.0298,0.822,参考,東京ダ短中距離(1400-1600)・良・内枠(1-2)で母父「ティンバーカントリー」は基準比リフト0.822
阪神,坂あり・パワー型,ダ,中距離(1700-2000),良,内枠(1-2),母父,ダンスインザダーク,65,4,11,0.0615,0.1692,93.7,0.0,8.09,0.206,-0.0368,0.821,参考,阪神ダ中距離(1700-2000)・良・内枠(1-2)で母父「ダンスインザダーク」は基準比リフト0.821
中山,坂あり・パワー型,ダ,短距離(1000-1300),良,内枠(1-2),母父,タイキシャトル,62,3,9,0.0484,0.1452,22.4,0.0,8.61,0.1768,-0.0316,0.821,参考,中山ダ短距離(1000-1300)・良・内枠(1-2)で母父「タイキシャトル」は基準比リフト0.821
福島,小回り・機動型,芝,中距離(1700-2000),良,中枠(3-6),母父,フジキセキ,78,3,14,0.0385,0.1795,27.3,0.0,9.33,0.2188,-0.0393,0.82,参考,福島芝中距離(1700-2000)・良・中枠(3-6)で母父「フジキセキ」は基準比リフト0.82
東京,直線長め・持続型,ダ,短中距離(1400-1600),良,内枠(1-2),母父,シンボリクリスエス,102,6,14,0.0588,0.1373,40.1,0.0,8.43,0.1677,-0.0304,0.819,参考,東京ダ短中距離(1400-1600)・良・内枠(1-2)で母父「シンボリクリスエス」は基準比リフト0.819
中京,直線長め・持続型,芝,短中距離(1400-1600),良,外枠(7-8),母父,フレンチデピュティ,68,3,11,0.0441,0.1618,50.4,0.0,8.21,0.1978,-0.036,0.818,参考,中京芝短中距離(1400-1600)・良・外枠(7-8)で母父「フレンチデピュティ」は基準比リフト0.818
新潟,直線長め・平坦型,芝,短距離(1000-1300),良,中枠(3-6),母父,ブライアンズタイム,86,1,12,0.0116,0.1395,8.6,0.0,9.45,0.1712,-0.0317,0.815,参考,新潟芝短距離(1000-1300)・良・中枠(3-6)で母父「ブライアンズタイム」は基準比リフト0.815
中京,直線長め・持続型,ダ,短中距離(1400-1600),良,中枠(3-6),母父,スペシャルウィーク,56,2,9,0.0357,0.1607,25.5,0.0,8.89,0.1973,-0.0366,0.814,参考,中京ダ短中距離(1400-1600)・良・中枠(3-6)で母父「スペシャルウィーク」は基準比リフト0.814
中京,直線長め・持続型,芝,短中距離(1400-1600),良,中枠(3-6),母父,サクラバクシンオー,84,3,14,0.0357,0.1667,20.5,0.0,8.38,0.2051,-0.0384,0.813,参考,中京芝短中距離(1400-1600)・良・中枠(3-6)で母父「サクラバクシンオー」は基準比リフト0.813
京都,平坦・スピード型,ダ,短中距離(1400-1600),良,外枠(7-8),母父,ブライアンズタイム,76,2,12,0.0263,0.1579,12.2,0.0,9.04,0.1942,-0.0363,0.813,参考,京都ダ短中距離(1400-1600)・良・外枠(7-8)で母父「ブライアンズタイム」は基準比リフト0.813
京都,平坦・スピード型,ダ,中距離(1700-2000),良,中枠(3-6),母父,アグネスタキオン,113,7,20,0.0619,0.177,49.8,0.0,7.17,0.2181,-0.0411,0.812,参考,京都ダ中距離(1700-2000)・良・中枠(3-6)で母父「アグネスタキオン」は基準比リフト0.812
中京,直線長め・持続型,芝,短中距離(1400-1600),良,外枠(7-8),母父,ブライアンズタイム,56,3,9,0.0536,0.1607,33.9,0.0,9.57,0.1978,-0.0371,0.812,参考,中京芝短中距離(1400-1600)・良・外枠(7-8)で母父「ブライアンズタイム」は基準比リフト0.812
中山,坂あり・パワー型,ダ,短距離(1000-1300),良,中枠(3-6),母父,タイキシャトル,115,5,18,0.0435,0.1565,35.8,0.0,9.0,0.1927,-0.0362,0.812,参考,中山ダ短距離(1000-1300)・良・中枠(3-6)で母父「タイキシャトル」は基準比リフト0.812
阪神,坂あり・パワー型,芝,短中距離(1400-1600),良,中枠(3-6),母父,サクラバクシンオー,125,5,22,0.04,0.176,28.6,0.0,8.27,0.2169,-0.0409,0.811,参考,阪神芝短中距離(1400-1600)・良・中枠(3-6)で母父「サクラバクシンオー」は基準比リフト0.811
新潟,直線長め・平坦型,ダ,短距離(1000-1300),良,内枠(1-2),母父,サンデーサイレンス,63,3,9,0.0476,0.1429,22.5,0.0,8.41,0.1762,-0.0333,0.811,参考,新潟ダ短距離(1000-1300)・良・内枠(1-2)で母父「サンデーサイレンス」は基準比リフト0.811
東京,直線長め・持続型,ダ,短中距離(1400-1600),良,外枠(7-8),母父,ゴールドアリュール,57,1,10,0.0175,0.1754,4.0,0.0,7.72,0.2165,-0.0411,0.81,参考,東京ダ短中距離(1400-1600)・良・外枠(7-8)で母父「ゴールドアリュール」は基準比リフト0.81
東京,直線長め・持続型,芝,中距離(1700-2000),稍,外枠(7-8),母父,サンデーサイレンス,50,2,8,0.04,0.16,68.6,0.0,7.14,0.1978,-0.0378,0.809,参考,東京芝中距離(1700-2000)・稍・外枠(7-8)で母父「サンデーサイレンス」は基準比リフト0.809
東京,直線長め・持続型,芝,短中距離(1400-1600),良,中枠(3-6),母父,サクラバクシンオー,183,15,30,0.082,0.1639,77.5,0.0,8.33,0.2028,-0.0389,0.808,参考,東京芝短中距離(1400-1600)・良・中枠(3-6)で母父「サクラバクシンオー」は基準比リフト0.808
東京,直線長め・持続型,ダ,短中距離(1400-1600),良,中枠(3-6),母父,マルゼンスキー,62,5,10,0.0806,0.1613,48.5,0.0,8.76,0.1997,-0.0384,0.808,参考,東京ダ短中距離(1400-1600)・良・中枠(3-6)で母父「マルゼンスキー」は基準比リフト0.808
東京,直線長め・持続型,芝,短中距離(1400-1600),良,中枠(3-6),母父,エリシオ,55,4,9,0.0727,0.1636,32.2,0.0,7.18,0.2028,-0.0392,0.807,参考,東京芝短中距離(1400-1600)・良・中枠(3-6)で母父「エリシオ」は基準比リフト0.807
阪神,坂あり・パワー型,芝,短中距離(1400-1600),良,外枠(7-8),母父,ダンスインザダーク,117,4,18,0.0342,0.1538,30.0,0.0,9.01,0.1907,-0.0369,0.807,参考,阪神芝短中距離(1400-1600)・良・外枠(7-8)で母父「ダンスインザダーク」は基準比リフト0.807
中京,直線長め・持続型,ダ,中距離(1700-2000),良,中枠(3-6),母父,フジキセキ,125,6,22,0.048,0.176,25.7,0.0,8.34,0.2184,-0.0424,0.806,参考,中京ダ中距離(1700-2000)・良・中枠(3-6)で母父「フジキセキ」は基準比リフト0.806
中山,坂あり・パワー型,芝,中距離(1700-2000),良,中枠(3-6),母父,ブライアンズタイム,149,16,26,0.1074,0.1745,63.3,0.0,8.01,0.2165,-0.042,0.806,参考,中山芝中距離(1700-2000)・良・中枠(3-6)で母父「ブライアンズタイム」は基準比リフト0.806
東京,直線長め・持続型,芝,中距離(1700-2000),良,中枠(3-6),母父,フレンチデピュティ,110,5,21,0.0455,0.1909,10.5,0.0,7.41,0.237,-0.0461,0.805,参考,東京芝中距離(1700-2000)・良・中枠(3-6)で母父「フレンチデピュティ」は基準比リフト0.805
東京,直線長め・持続型,芝,中距離(1700-2000),良,中枠(3-6),母父,ジャングルポケット,63,4,12,0.0635,0.1905,53.7,0.0,7.13,0.237,-0.0465,0.804,参考,東京芝中距離(1700-2000)・良・中枠(3-6)で母父「ジャングルポケット」は基準比リフト0.804
福島,小回り・機動型,芝,短距離(1000-1300),良,中枠(3-6),母父,サクラバクシンオー,145,7,22,0.0483,0.1517,435.6,0.0,7.84,0.1887,-0.037,0.804,参考,福島芝短距離(1000-1300)・良・中枠(3-6)で母父「サクラバクシンオー」は基準比リフト0.804
中京,直線長め・持続型,芝,中距離(1700-2000),良,内枠(1-2),母父,サンデーサイレンス,83,7,15,0.0843,0.1807,53.5,0.0,7.2,0.2251,-0.0444,0.803,参考,中京芝中距離(1700-2000)・良・内枠(1-2)で母父「サンデーサイレンス」は基準比リフト0.803
京都,平坦・スピード型,ダ,中距離(1700-2000),良,中枠(3-6),母父,ディープインパクト,63,1,11,0.0159,0.1746,2.9,0.0,8.0,0.2181,-0.0435,0.801,参考,京都ダ中距離(1700-2000)・良・中枠(3-6)で母父「ディープインパクト」は基準比リフト0.801
中京,直線長め・持続型,芝,短中距離(1400-1600),良,中枠(3-6),母父,タイキシャトル,67,2,11,0.0299,0.1642,10.0,0.0,7.91,0.2051,-0.0409,0.801,参考,中京芝短中距離(1400-1600)・良・中枠(3-6)で母父「タイキシャトル」は基準比リフト0.801
東京,直線長め・持続型,芝,短中距離(1400-1600),良,中枠(3-6),母父,マンハッタンカフェ,117,7,19,0.0598,0.1624,52.0,0.0,7.88,0.2028,-0.0404,0.801,参考,東京芝短中距離(1400-1600)・良・中枠(3-6)で母父「マンハッタンカフェ」は基準比リフト0.801
東京,直線長め・持続型,芝,中距離(1700-2000),良,内枠(1-2),母父,フジキセキ,80,5,15,0.0625,0.1875,69.6,0.0,7.82,0.2345,-0.047,0.8,参考,東京芝中距離(1700-2000)・良・内枠(1-2)で母父「フジキセキ」は基準比リフト0.8
中京,直線長め・持続型,ダ,中距離(1700-2000),良,内枠(1-2),母父,フジキセキ,50,4,9,0.08,0.18,52.4,0.0,7.96,0.225,-0.045,0.8,参考,中京ダ中距離(1700-2000)・良・内枠(1-2)で母父「フジキセキ」は基準比リフト0.8
東京,直線長め・持続型,ダ,短中距離(1400-1600),良,中枠(3-6),母父,タイキシャトル,144,11,23,0.0764,0.1597,74.1,0.0,8.76,0.1997,-0.04,0.8,参考,東京ダ短中距離(1400-1600)・良・中枠(3-6)で母父「タイキシャトル」は基準比リフト0.8
阪神,坂あり・パワー型,ダ,短中距離(1400-1600),良,中枠(3-6),母父,クロフネ,74,3,12,0.0405,0.1622,21.9,0.0,8.74,0.2031,-0.0409,0.799,参考,阪神ダ短中距離(1400-1600)・良・中枠(3-6)で母父「クロフネ」は基準比リフト0.799
小倉,小回り・機動型,ダ,中距離(1700-2000),良,中枠(3-6),母父,フジキセキ,90,3,14,0.0333,0.1556,24.9,0.0,8.87,0.1947,-0.0391,0.799,参考,小倉ダ中距離(1700-2000)・良・中枠(3-6)で母父「フジキセキ」は基準比リフト0.799
中山,坂あり・パワー型,ダ,短距離(1000-1300),良,内枠(1-2),母父,アグネスタキオン,92,5,13,0.0543,0.1413,25.9,0.0,8.49,0.1768,-0.0355,0.799,参考,中山ダ短距離(1000-1300)・良・内枠(1-2)で母父「アグネスタキオン」は基準比リフト0.799
新潟,直線長め・平坦型,ダ,短距離(1000-1300),良,外枠(7-8),母父,ブライアンズタイム,66,1,12,0.0152,0.1818,3.3,0.0,8.06,0.2279,-0.0461,0.798,参考,新潟ダ短距離(1000-1300)・良・外枠(7-8)で母父「ブライアンズタイム」は基準比リフト0.798
中京,直線長め・持続型,芝,短中距離(1400-1600),良,外枠(7-8),母父,サンデーサイレンス,133,5,21,0.0376,0.1579,12.9,0.0,8.74,0.1978,-0.0399,0.798,参考,中京芝短中距離(1400-1600)・良・外枠(7-8)で母父「サンデーサイレンス」は基準比リフト0.798
阪神,坂あり・パワー型,芝,中距離(1700-2000),良,中枠(3-6),母父,ブライアンズタイム,136,10,26,0.0735,0.1912,50.4,0.0,7.78,0.2399,-0.0487,0.797,参考,阪神芝中距離(1700-2000)・良・中枠(3-6)で母父「ブライアンズタイム」は基準比リフト0.797
阪神,坂あり・パワー型,ダ,中距離(1700-2000),良,内枠(1-2),母父,キングカメハメハ,67,4,11,0.0597,0.1642,94.9,0.0,7.78,0.206,-0.0418,0.797,参考,阪神ダ中距離(1700-2000)・良・内枠(1-2)で母父「キングカメハメハ」は基準比リフト0.797
中京,直線長め・持続型,ダ,中距離(1700-2000),良,中枠(3-6),母父,シンボリクリスエス,92,4,16,0.0435,0.1739,57.7,0.0,7.68,0.2184,-0.0445,0.796,参考,中京ダ中距離(1700-2000)・良・中枠(3-6)で母父「シンボリクリスエス」は基準比リフト0.796
中山,坂あり・パワー型,ダ,短距離(1000-1300),稍,中枠(3-6),母父,サンデーサイレンス,92,2,13,0.0217,0.1413,8.0,0.0,8.52,0.1775,-0.0362,0.796,参考,中山ダ短距離(1000-1300)・稍・中枠(3-6)で母父「サンデーサイレンス」は基準比リフト0.796
阪神,坂あり・パワー型,ダ,中距離(1700-2000),良,外枠(7-8),母父,フレンチデピュティ,107,8,20,0.0748,0.1869,229.8,0.0,7.0,0.2351,-0.0482,0.795,参考,阪神ダ中距離(1700-2000)・良・外枠(7-8)で母父「フレンチデピュティ」は基準比リフト0.795
小倉,小回り・機動型,芝,中距離(1700-2000),良,内枠(1-2),母父,キングカメハメハ,51,6,9,0.1176,0.1765,56.5,0.0,7.75,0.2226,-0.0461,0.793,参考,小倉芝中距離(1700-2000)・良・内枠(1-2)で母父「キングカメハメハ」は基準比リフト0.793
京都,平坦・スピード型,ダ,中距離(1700-2000),良,外枠(7-8),母父,シンボリクリスエス,61,2,10,0.0328,0.1639,140.3,0.0,7.21,0.2066,-0.0427,0.793,参考,京都ダ中距離(1700-2000)・良・外枠(7-8)で母父「シンボリクリスエス」は基準比リフト0.793
中山,坂あり・パワー型,ダ,短距離(1000-1300),良,中枠(3-6),母父,コマンダーインチーフ,72,4,11,0.0556,0.1528,61.3,0.0,9.71,0.1927,-0.0399,0.793,参考,中山ダ短距離(1000-1300)・良・中枠(3-6)で母父「コマンダーインチーフ」は基準比リフト0.793
新潟,直線長め・平坦型,芝,短距離(1000-1300),良,中枠(3-6),母父,スペシャルウィーク,59,4,8,0.0678,0.1356,43.6,0.0,9.03,0.1712,-0.0356,0.792,参考,新潟芝短距離(1000-1300)・良・中枠(3-6)で母父「スペシャルウィーク」は基準比リフト0.792
東京,直線長め・持続型,芝,短中距離(1400-1600),良,外枠(7-8),母父,タイキシャトル,89,5,14,0.0562,0.1573,42.4,0.0,9.58,0.1988,-0.0415,0.791,参考,東京芝短中距離(1400-1600)・良・外枠(7-8)で母父「タイキシャトル」は基準比リフト0.791
中山,坂あり・パワー型,ダ,短距離(1000-1300),稍,中枠(3-6),母父,ネオユニヴァース,57,3,8,0.0526,0.1404,63.9,0.0,7.84,0.1775,-0.0371,0.791,参考,中山ダ短距離(1000-1300)・稍・中枠(3-6)で母父「ネオユニヴァース」は基準比リフト0.791
中京,直線長め・持続型,芝,短中距離(1400-1600),良,内枠(1-2),母父,サンデーサイレンス,115,7,19,0.0609,0.1652,88.9,0.0,8.04,0.2091,-0.0439,0.79,参考,中京芝短中距離(1400-1600)・良・内枠(1-2)で母父「サンデーサイレンス」は基準比リフト0.79
京都,平坦・スピード型,ダ,短中距離(1400-1600),良,中枠(3-6),母父,キングカメハメハ,57,3,9,0.0526,0.1579,16.3,0.0,9.04,0.2,-0.0421,0.79,参考,京都ダ短中距離(1400-1600)・良・中枠(3-6)で母父「キングカメハメハ」は基準比リフト0.79
新潟,直線長め・平坦型,芝,短中距離(1400-1600),良,中枠(3-6),母父,アフリート,52,3,8,0.0577,0.1538,49.8,0.0,8.96,0.1947,-0.0409,0.79,参考,新潟芝短中距離(1400-1600)・良・中枠(3-6)で母父「アフリート」は基準比リフト0.79
中京,直線長め・持続型,ダ,中距離(1700-2000),良,中枠(3-6),母父,トニービン,58,2,10,0.0345,0.1724,6.2,0.0,7.53,0.2184,-0.046,0.789,参考,中京ダ中距離(1700-2000)・良・中枠(3-6)で母父「トニービン」は基準比リフト0.789
東京,直線長め・持続型,芝,短中距離(1400-1600),良,中枠(3-6),母父,キングヘイロー,50,3,8,0.06,0.16,49.8,0.0,7.94,0.2028,-0.0428,0.789,参考,東京芝短中距離(1400-1600)・良・中枠(3-6)で母父「キングヘイロー」は基準比リフト0.789
中山,坂あり・パワー型,ダ,中距離(1700-2000),良,中枠(3-6),母父,アグネスデジタル,51,1,8,0.0196,0.1569,3.5,0.0,8.43,0.199,-0.0421,0.788,参考,中山ダ中距離(1700-2000)・良・中枠(3-6)で母父「アグネスデジタル」は基準比リフト0.788
中山,坂あり・パワー型,ダ,中距離(1700-2000),良,中枠(3-6),母父,エルコンドルパサー,51,2,8,0.0392,0.1569,27.5,0.0,8.22,0.199,-0.0421,0.788,参考,中山ダ中距離(1700-2000)・良・中枠(3-6)で母父「エルコンドルパサー」は基準比リフト0.788
中山,坂あり・パワー型,ダ,短距離(1000-1300),良,中枠(3-6),母父,アフリート,132,8,20,0.0606,0.1515,117.3,0.0,9.4,0.1927,-0.0412,0.786,参考,中山ダ短距離(1000-1300)・良・中枠(3-6)で母父「アフリート」は基準比リフト0.786
新潟,直線長め・平坦型,芝,短距離(1000-1300),良,中枠(3-6),母父,トニービン,52,1,7,0.0192,0.1346,9.0,0.0,7.02,0.1712,-0.0366,0.786,参考,新潟芝短距離(1000-1300)・良・中枠(3-6)で母父「トニービン」は基準比リフト0.786
札幌,小回り・持続型,ダ,中距離(1700-2000),良,中枠(3-6),母父,スペシャルウィーク,62,4,12,0.0645,0.1935,85.6,0.0,6.68,0.2469,-0.0534,0.784,参考,札幌ダ中距離(1700-2000)・良・中枠(3-6)で母父「スペシャルウィーク」は基準比リフト0.784
阪神,坂あり・パワー型,ダ,中距離(1700-2000),良,中枠(3-6),母父,ティンバーカントリー,73,3,13,0.0411,0.1781,16.7,0.0,8.58,0.2273,-0.0492,0.784,参考,阪神ダ中距離(1700-2000)・良・中枠(3-6)で母父「ティンバーカントリー」は基準比リフト0.784
中京,直線長め・持続型,ダ,短中距離(1400-1600),良,中枠(3-6),母父,フジキセキ,97,5,15,0.0515,0.1546,116.3,0.0,8.39,0.1973,-0.0427,0.784,参考,中京ダ短中距離(1400-1600)・良・中枠(3-6)で母父「フジキセキ」は基準比リフト0.784
京都,平坦・スピード型,ダ,短距離(1000-1300),良,中枠(3-6),母父,ダンスインザダーク,72,4,11,0.0556,0.1528,32.2,0.0,8.11,0.1949,-0.0421,0.784,参考,京都ダ短距離(1000-1300)・良・中枠(3-6)で母父「ダンスインザダーク」は基準比リフト0.784
阪神,坂あり・パワー型,ダ,短距離(1000-1300),良,内枠(1-2),母父,サンデーサイレンス,57,4,8,0.0702,0.1404,130.9,0.0,9.35,0.1796,-0.0392,0.782,参考,阪神ダ短距離(1000-1300)・良・内枠(1-2)で母父「サンデーサイレンス」は基準比リフト0.782
小倉,小回り・機動型,芝,中距離(1700-2000),良,中枠(3-6),母父,タイキシャトル,52,2,9,0.0385,0.1731,29.2,0.0,8.37,0.2218,-0.0487,0.78,参考,小倉芝中距離(1700-2000)・良・中枠(3-6)で母父「タイキシャトル」は基準比リフト0.78
中山,坂あり・パワー型,ダ,中距離(1700-2000),良,中枠(3-6),母父,ダイワメジャー,58,1,9,0.0172,0.1552,11.9,0.0,8.19,0.199,-0.0438,0.78,参考,中山ダ中距離(1700-2000)・良・中枠(3-6)で母父「ダイワメジャー」は基準比リフト0.78
東京,直線長め・持続型,芝,短中距離(1400-1600),良,外枠(7-8),母父,フジキセキ,142,4,22,0.0282,0.1549,45.0,0.0,8.74,0.1988,-0.0439,0.779,参考,東京芝短中距離(1400-1600)・良・外枠(7-8)で母父「フジキセキ」は基準比リフト0.779
函館,小回り・持続型,ダ,中距離(1700-2000),良,中枠(3-6),母父,フジキセキ,60,6,11,0.1,0.1833,68.5,0.0,6.48,0.2356,-0.0523,0.778,参考,函館ダ中距離(1700-2000)・良・中枠(3-6)で母父「フジキセキ」は基準比リフト0.778
中山,坂あり・パワー型,芝,中距離(1700-2000),良,中枠(3-6),母父,フレンチデピュティ,95,5,16,0.0526,0.1684,42.3,0.0,7.55,0.2165,-0.0481,0.778,参考,中山芝中距離(1700-2000)・良・中枠(3-6)で母父「フレンチデピュティ」は基準比リフト0.778
京都,平坦・スピード型,芝,短中距離(1400-1600),良,中枠(3-6),母父,Kingmambo,72,3,12,0.0417,0.1667,34.3,0.0,7.39,0.2142,-0.0475,0.778,参考,京都芝短中距離(1400-1600)・良・中枠(3-6)で母父「Kingmambo」は基準比リフト0.778
中山,坂あり・パワー型,ダ,短距離(1000-1300),良,中枠(3-6),母父,ジャングルポケット,60,2,9,0.0333,0.15,21.0,0.0,8.72,0.1927,-0.0427,0.778,参考,中山ダ短距離(1000-1300)・良・中枠(3-6)で母父「ジャングルポケット」は基準比リフト0.778
札幌,小回り・持続型,ダ,中距離(1700-2000),良,中枠(3-6),母父,ブライアンズタイム,99,4,19,0.0404,0.1919,44.8,0.0,7.37,0.2469,-0.055,0.777,参考,札幌ダ中距離(1700-2000)・良・中枠(3-6)で母父「ブライアンズタイム」は基準比リフト0.777
函館,小回り・持続型,ダ,短距離(1000-1300),良,中枠(3-6),母父,サンデーサイレンス,50,4,10,0.08,0.2,30.2,0.0,5.78,0.2579,-0.0579,0.775,参考,函館ダ短距離(1000-1300)・良・中枠(3-6)で母父「サンデーサイレンス」は基準比リフト0.775
阪神,坂あり・パワー型,芝,短距離(1000-1300),良,中枠(3-6),母父,ダンスインザダーク,52,4,9,0.0769,0.1731,71.9,0.0,8.96,0.2234,-0.0503,0.775,参考,阪神芝短距離(1000-1300)・良・中枠(3-6)で母父「ダンスインザダーク」は基準比リフト0.775
東京,直線長め・持続型,ダ,短中距離(1400-1600),重不良,内枠(1-2),母父,サンデーサイレンス,62,1,8,0.0161,0.129,20.8,0.0,8.26,0.1665,-0.0375,0.775,参考,東京ダ短中距離(1400-1600)・重不良・内枠(1-2)で母父「サンデーサイレンス」は基準比リフト0.775
京都,平坦・スピード型,ダ,中距離(1700-2000),稍,中枠(3-6),母父,ブライアンズタイム,57,4,10,0.0702,0.1754,22.3,0.0,6.89,0.2269,-0.0515,0.773,参考,京都ダ中距離(1700-2000)・稍・中枠(3-6)で母父「ブライアンズタイム」は基準比リフト0.773
中山,坂あり・パワー型,ダ,中距離(1700-2000),良,中枠(3-6),母父,ゼンノロブロイ,65,2,10,0.0308,0.1538,18.8,0.0,8.49,0.199,-0.0452,0.773,参考,中山ダ中距離(1700-2000)・良・中枠(3-6)で母父「ゼンノロブロイ」は基準比リフト0.773
阪神,坂あり・パワー型,芝,短中距離(1400-1600),良,外枠(7-8),母父,アグネスタキオン,95,4,14,0.0421,0.1474,80.5,0.0,8.24,0.1907,-0.0433,0.773,参考,阪神芝短中距離(1400-1600)・良・外枠(7-8)で母父「アグネスタキオン」は基準比リフト0.773
福島,小回り・機動型,芝,短距離(1000-1300),良,中枠(3-6),母父,シンボリクリスエス,55,1,8,0.0182,0.1455,6.9,0.0,8.24,0.1887,-0.0432,0.771,参考,福島芝短距離(1000-1300)・良・中枠(3-6)で母父「シンボリクリスエス」は基準比リフト0.771
東京,直線長め・持続型,芝,中距離(1700-2000),良,内枠(1-2),母父,トニービン,72,1,13,0.0139,0.1806,5.8,0.0,7.15,0.2345,-0.0539,0.77,参考,東京芝中距離(1700-2000)・良・内枠(1-2)で母父「トニービン」は基準比リフト0.77
中京,直線長め・持続型,ダ,中距離(1700-2000),良,外枠(7-8),母父,アグネスタキオン,56,3,9,0.0536,0.1607,18.6,0.0,8.38,0.2087,-0.048,0.77,参考,中京ダ中距離(1700-2000)・良・外枠(7-8)で母父「アグネスタキオン」は基準比リフト0.77
東京,直線長め・持続型,芝,中距離(1700-2000),良,内枠(1-2),母父,ブライアンズタイム,61,4,11,0.0656,0.1803,40.0,0.0,7.84,0.2345,-0.0542,0.769,参考,東京芝中距離(1700-2000)・良・内枠(1-2)で母父「ブライアンズタイム」は基準比リフト0.769
阪神,坂あり・パワー型,芝,短中距離(1400-1600),良,中枠(3-6),母父,Kingmambo,66,5,11,0.0758,0.1667,27.0,0.0,7.48,0.2169,-0.0502,0.769,参考,阪神芝短中距離(1400-1600)・良・中枠(3-6)で母父「Kingmambo」は基準比リフト0.769
福島,小回り・機動型,芝,短距離(1000-1300),良,中枠(3-6),母父,ブライアンズタイム,124,4,18,0.0323,0.1452,23.9,0.0,8.48,0.1887,-0.0435,0.769,参考,福島芝短距離(1000-1300)・良・中枠(3-6)で母父「ブライアンズタイム」は基準比リフト0.769
東京,直線長め・持続型,芝,中距離(1700-2000),良,内枠(1-2),母父,スペシャルウィーク,50,2,9,0.04,0.18,10.8,0.0,8.18,0.2345,-0.0545,0.768,参考,東京芝中距離(1700-2000)・良・内枠(1-2)で母父「スペシャルウィーク」は基準比リフト0.768
京都,平坦・スピード型,ダ,中距離(1700-2000),良,内枠(1-2),母父,フジキセキ,62,2,11,0.0323,0.1774,21.6,0.0,7.74,0.2314,-0.054,0.767,参考,京都ダ中距離(1700-2000)・良・内枠(1-2)で母父「フジキセキ」は基準比リフト0.767
中山,坂あり・パワー型,芝,中距離(1700-2000),良,内枠(1-2),母父,シンボリクリスエス,53,3,9,0.0566,0.1698,15.8,0.0,7.89,0.2217,-0.0519,0.766,参考,中山芝中距離(1700-2000)・良・内枠(1-2)で母父「シンボリクリスエス」は基準比リフト0.766
函館,小回り・持続型,芝,短距離(1000-1300),良,中枠(3-6),母父,ダンスインザダーク,73,4,13,0.0548,0.1781,77.9,0.0,7.26,0.2329,-0.0548,0.765,参考,函館芝短距離(1000-1300)・良・中枠(3-6)で母父「ダンスインザダーク」は基準比リフト0.765
中京,直線長め・持続型,芝,中距離(1700-2000),良,中枠(3-6),母父,ブライアンズタイム,77,3,13,0.039,0.1688,30.5,0.0,9.21,0.2207,-0.0519,0.765,参考,中京芝中距離(1700-2000)・良・中枠(3-6)で母父「ブライアンズタイム」は基準比リフト0.765
東京,直線長め・持続型,芝,中距離(1700-2000),良,外枠(7-8),母父,フジキセキ,73,3,12,0.0411,0.1644,15.6,0.0,7.44,0.2154,-0.051,0.763,参考,東京芝中距離(1700-2000)・良・外枠(7-8)で母父「フジキセキ」は基準比リフト0.763
小倉,小回り・機動型,芝,中距離(1700-2000),良,外枠(7-8),母父,キングカメハメハ,64,1,10,0.0156,0.1562,2.8,0.0,7.05,0.2048,-0.0486,0.763,参考,小倉芝中距離(1700-2000)・良・外枠(7-8)で母父「キングカメハメハ」は基準比リフト0.763
東京,直線長め・持続型,芝,短中距離(1400-1600),良,中枠(3-6),母父,ヘクタープロテクター,84,4,13,0.0476,0.1548,104.8,0.0,8.54,0.2028,-0.048,0.763,参考,東京芝短中距離(1400-1600)・良・中枠(3-6)で母父「ヘクタープロテクター」は基準比リフト0.763
中山,坂あり・パワー型,ダ,中距離(1700-2000),稍,中枠(3-6),母父,アグネスタキオン,82,5,13,0.061,0.1585,34.0,0.0,8.17,0.2081,-0.0496,0.762,参考,中山ダ中距離(1700-2000)・稍・中枠(3-6)で母父「アグネスタキオン」は基準比リフト0.762
東京,直線長め・持続型,芝,中距離(1700-2000),良,中枠(3-6),母父,フジキセキ,122,5,22,0.041,0.1803,170.7,0.0,7.76,0.237,-0.0567,0.761,参考,東京芝中距離(1700-2000)・良・中枠(3-6)で母父「フジキセキ」は基準比リフト0.761
東京,直線長め・持続型,芝,中距離(1700-2000),良,外枠(7-8),母父,タイキシャトル,61,3,10,0.0492,0.1639,48.5,0.0,8.54,0.2154,-0.0515,0.761,参考,東京芝中距離(1700-2000)・良・外枠(7-8)で母父「タイキシャトル」は基準比リフト0.761
京都,平坦・スピード型,ダ,短中距離(1400-1600),良,内枠(1-2),母父,ダンスインザダーク,57,2,9,0.0351,0.1579,14.0,0.0,8.32,0.2074,-0.0495,0.761,参考,京都ダ短中距離(1400-1600)・良・内枠(1-2)で母父「ダンスインザダーク」は基準比リフト0.761
中京,直線長め・持続型,ダ,短中距離(1400-1600),良,中枠(3-6),母父,サンデーサイレンス,140,8,21,0.0571,0.15,48.2,0.0,9.08,0.1973,-0.0473,0.76,参考,中京ダ短中距離(1400-1600)・良・中枠(3-6)で母父「サンデーサイレンス」は基準比リフト0.76
小倉,小回り・機動型,ダ,中距離(1700-2000),良,中枠(3-6),母父,アフリート,61,4,9,0.0656,0.1475,43.1,0.0,7.82,0.1947,-0.0472,0.758,参考,小倉ダ中距離(1700-2000)・良・中枠(3-6)で母父「アフリート」は基準比リフト0.758
中山,坂あり・パワー型,ダ,短距離(1000-1300),良,外枠(7-8),母父,スペシャルウィーク,65,4,10,0.0615,0.1538,32.6,0.0,8.35,0.2034,-0.0496,0.756,参考,中山ダ短距離(1000-1300)・良・外枠(7-8)で母父「スペシャルウィーク」は基準比リフト0.756
中山,坂あり・パワー型,ダ,短距離(1000-1300),良,外枠(7-8),母父,キングカメハメハ,52,3,8,0.0577,0.1538,201.5,0.0,7.69,0.2034,-0.0496,0.756,参考,中山ダ短距離(1000-1300)・良・外枠(7-8)で母父「キングカメハメハ」は基準比リフト0.756
中山,坂あり・パワー型,ダ,中距離(1700-2000),良,内枠(1-2),母父,ダンスインザダーク,93,2,13,0.0215,0.1398,46.7,0.0,8.39,0.1848,-0.045,0.756,参考,中山ダ中距離(1700-2000)・良・内枠(1-2)で母父「ダンスインザダーク」は基準比リフト0.756
京都,平坦・スピード型,芝,中距離(1700-2000),良,中枠(3-6),母父,フジキセキ,81,6,15,0.0741,0.1852,72.7,0.0,7.59,0.2454,-0.0602,0.755,参考,京都芝中距離(1700-2000)・良・中枠(3-6)で母父「フジキセキ」は基準比リフト0.755
阪神,坂あり・パワー型,ダ,中距離(1700-2000),良,中枠(3-6),母父,アフリート,99,6,17,0.0606,0.1717,119.4,0.0,8.2,0.2273,-0.0556,0.755,参考,阪神ダ中距離(1700-2000)・良・中枠(3-6)で母父「アフリート」は基準比リフト0.755
東京,直線長め・持続型,ダ,短中距離(1400-1600),稍,中枠(3-6),母父,トニービン,56,4,8,0.0714,0.1429,32.9,0.0,8.32,0.1894,-0.0465,0.754,参考,東京ダ短中距離(1400-1600)・稍・中枠(3-6)で母父「トニービン」は基準比リフト0.754
東京,直線長め・持続型,ダ,短中距離(1400-1600),良,外枠(7-8),母父,フォーティナイナー,92,6,15,0.0652,0.163,103.8,0.0,9.25,0.2165,-0.0535,0.753,参考,東京ダ短中距離(1400-1600)・良・外枠(7-8)で母父「フォーティナイナー」は基準比リフト0.753
新潟,直線長め・平坦型,ダ,短距離(1000-1300),良,中枠(3-6),母父,アグネスタキオン,72,4,11,0.0556,0.1528,31.7,0.0,8.47,0.2029,-0.0501,0.753,参考,新潟ダ短距離(1000-1300)・良・中枠(3-6)で母父「アグネスタキオン」は基準比リフト0.753
阪神,坂あり・パワー型,ダ,中距離(1700-2000),良,外枠(7-8),母父,キングカメハメハ,102,4,18,0.0392,0.1765,18.0,0.0,7.26,0.2351,-0.0586,0.751,参考,阪神ダ中距離(1700-2000)・良・外枠(7-8)で母父「キングカメハメハ」は基準比リフト0.751
東京,直線長め・持続型,ダ,短中距離(1400-1600),良,中枠(3-6),母父,フォーティナイナー,180,7,27,0.0389,0.15,15.6,0.0,8.22,0.1997,-0.0497,0.751,参考,東京ダ短中距離(1400-1600)・良・中枠(3-6)で母父「フォーティナイナー」は基準比リフト0.751
阪神,坂あり・パワー型,ダ,中距離(1700-2000),稍,外枠(7-8),母父,サンデーサイレンス,88,7,16,0.0795,0.1818,60.1,0.0,7.2,0.2427,-0.0609,0.749,参考,阪神ダ中距離(1700-2000)・稍・外枠(7-8)で母父「サンデーサイレンス」は基準比リフト0.749
小倉,小回り・機動型,芝,中距離(1700-2000),良,内枠(1-2),母父,ブライアンズタイム,54,3,9,0.0556,0.1667,34.4,0.0,7.85,0.2226,-0.0559,0.749,参考,小倉芝中距離(1700-2000)・良・内枠(1-2)で母父「ブライアンズタイム」は基準比リフト0.749
新潟,直線長め・平坦型,芝,中距離(1700-2000),良,外枠(7-8),母父,クロフネ,57,6,9,0.1053,0.1579,30.2,0.0,7.37,0.2107,-0.0528,0.749,参考,新潟芝中距離(1700-2000)・良・外枠(7-8)で母父「クロフネ」は基準比リフト0.749
福島,小回り・機動型,ダ,中距離(1700-2000),良,中枠(3-6),母父,クロフネ,80,6,12,0.075,0.15,473.0,0.0,7.7,0.2003,-0.0503,0.749,参考,福島ダ中距離(1700-2000)・良・中枠(3-6)で母父「クロフネ」は基準比リフト0.749
東京,直線長め・持続型,ダ,短中距離(1400-1600),重不良,中枠(3-6),母父,アグネスタキオン,55,2,8,0.0364,0.1455,18.4,0.0,7.58,0.1943,-0.0488,0.749,参考,東京ダ短中距離(1400-1600)・重不良・中枠(3-6)で母父「アグネスタキオン」は基準比リフト0.749
京都,平坦・スピード型,芝,中距離(1700-2000),良,中枠(3-6),母父,タイキシャトル,60,3,11,0.05,0.1833,34.5,0.0,9.25,0.2454,-0.0621,0.747,参考,京都芝中距離(1700-2000)・良・中枠(3-6)で母父「タイキシャトル」は基準比リフト0.747
阪神,坂あり・パワー型,ダ,短中距離(1400-1600),良,中枠(3-6),母父,ダンスインザダーク,99,5,15,0.0505,0.1515,71.0,0.0,7.57,0.2031,-0.0516,0.746,参考,阪神ダ短中距離(1400-1600)・良・中枠(3-6)で母父「ダンスインザダーク」は基準比リフト0.746
東京,直線長め・持続型,芝,短中距離(1400-1600),良,中枠(3-6),母父,エルコンドルパサー,86,5,13,0.0581,0.1512,48.0,0.0,7.91,0.2028,-0.0516,0.746,参考,東京芝短中距離(1400-1600)・良・中枠(3-6)で母父「エルコンドルパサー」は基準比リフト0.746
東京,直線長め・持続型,芝,短中距離(1400-1600),良,内枠(1-2),母父,フジキセキ,105,2,16,0.019,0.1524,15.4,0.0,9.21,0.2047,-0.0523,0.745,参考,東京芝短中距離(1400-1600)・良・内枠(1-2)で母父「フジキセキ」は基準比リフト0.745
中山,坂あり・パワー型,ダ,中距離(1700-2000),良,中枠(3-6),母父,アグネスタキオン,216,5,32,0.0231,0.1481,16.3,0.0,8.28,0.199,-0.0509,0.744,参考,中山ダ中距離(1700-2000)・良・中枠(3-6)で母父「アグネスタキオン」は基準比リフト0.744
新潟,直線長め・平坦型,芝,短中距離(1400-1600),良,内枠(1-2),母父,ダンスインザダーク,56,3,7,0.0536,0.125,71.8,0.0,8.93,0.1682,-0.0432,0.743,参考,新潟芝短中距離(1400-1600)・良・内枠(1-2)で母父「ダンスインザダーク」は基準比リフト0.743
東京,直線長め・持続型,ダ,短中距離(1400-1600),良,外枠(7-8),母父,タニノギムレット,56,3,9,0.0536,0.1607,25.9,0.0,7.25,0.2165,-0.0558,0.742,参考,東京ダ短中距離(1400-1600)・良・外枠(7-8)で母父「タニノギムレット」は基準比リフト0.742
中山,坂あり・パワー型,ダ,短距離(1000-1300),良,中枠(3-6),母父,トニービン,77,5,11,0.0649,0.1429,60.1,0.0,8.96,0.1927,-0.0498,0.742,参考,中山ダ短距離(1000-1300)・良・中枠(3-6)で母父「トニービン」は基準比リフト0.742
小倉,小回り・機動型,芝,短距離(1000-1300),稍,中枠(3-6),母父,サンデーサイレンス,63,4,9,0.0635,0.1429,34.0,0.0,9.08,0.1925,-0.0496,0.742,参考,小倉芝短距離(1000-1300)・稍・中枠(3-6)で母父「サンデーサイレンス」は基準比リフト0.742
京都,平坦・スピード型,芝,短距離(1000-1300),良,中枠(3-6),母父,フジキセキ,59,2,9,0.0339,0.1525,17.8,0.0,8.02,0.2064,-0.0539,0.739,参考,京都芝短距離(1000-1300)・良・中枠(3-6)で母父「フジキセキ」は基準比リフト0.739
京都,平坦・スピード型,芝,短中距離(1400-1600),良,外枠(7-8),母父,ディープインパクト,56,4,8,0.0714,0.1429,69.8,0.0,8.2,0.1935,-0.0506,0.739,参考,京都芝短中距離(1400-1600)・良・外枠(7-8)で母父「ディープインパクト」は基準比リフト0.739
阪神,坂あり・パワー型,芝,短中距離(1400-1600),良,内枠(1-2),母父,アグネスタキオン,67,2,11,0.0299,0.1642,323.9,0.0,9.1,0.2227,-0.0585,0.737,参考,阪神芝短中距離(1400-1600)・良・内枠(1-2)で母父「アグネスタキオン」は基準比リフト0.737
東京,直線長め・持続型,ダ,短中距離(1400-1600),稍,中枠(3-6),母父,アグネスタキオン,86,7,12,0.0814,0.1395,67.4,0.0,9.38,0.1894,-0.0499,0.737,参考,東京ダ短中距離(1400-1600)・稍・中枠(3-6)で母父「アグネスタキオン」は基準比リフト0.737
阪神,坂あり・パワー型,芝,中距離(1700-2000),良,中枠(3-6),母父,タイキシャトル,68,2,12,0.0294,0.1765,17.8,0.0,8.25,0.2399,-0.0634,0.736,参考,阪神芝中距離(1700-2000)・良・中枠(3-6)で母父「タイキシャトル」は基準比リフト0.736
阪神,坂あり・パワー型,ダ,中距離(1700-2000),良,内枠(1-2),母父,アグネスタキオン,66,3,10,0.0455,0.1515,19.8,0.0,7.38,0.206,-0.0545,0.735,参考,阪神ダ中距離(1700-2000)・良・内枠(1-2)で母父「アグネスタキオン」は基準比リフト0.735
東京,直線長め・持続型,ダ,短中距離(1400-1600),良,中枠(3-6),母父,ジェイドロバリー,109,4,16,0.0367,0.1468,55.0,0.0,8.48,0.1997,-0.0529,0.735,参考,東京ダ短中距離(1400-1600)・良・中枠(3-6)で母父「ジェイドロバリー」は基準比リフト0.735
小倉,小回り・機動型,ダ,中距離(1700-2000),良,中枠(3-6),母父,フォーティナイナー,56,1,8,0.0179,0.1429,16.6,0.0,8.95,0.1947,-0.0518,0.734,参考,小倉ダ中距離(1700-2000)・良・中枠(3-6)で母父「フォーティナイナー」は基準比リフト0.734
新潟,直線長め・平坦型,芝,中距離(1700-2000),良,中枠(3-6),母父,ブライアンズタイム,107,8,17,0.0748,0.1589,98.5,0.0,8.79,0.2171,-0.0582,0.732,参考,新潟芝中距離(1700-2000)・良・中枠(3-6)で母父「ブライアンズタイム」は基準比リフト0.732
京都,平坦・スピード型,芝,短中距離(1400-1600),良,中枠(3-6),母父,エルコンドルパサー,51,2,8,0.0392,0.1569,59.0,0.0,8.25,0.2142,-0.0573,0.732,参考,京都芝短中距離(1400-1600)・良・中枠(3-6)で母父「エルコンドルパサー」は基準比リフト0.732
京都,平坦・スピード型,ダ,中距離(1700-2000),良,中枠(3-6),母父,ダンシングブレーヴ,69,4,11,0.058,0.1594,37.8,0.0,8.23,0.2181,-0.0587,0.731,参考,京都ダ中距離(1700-2000)・良・中枠(3-6)で母父「ダンシングブレーヴ」は基準比リフト0.731
新潟,直線長め・平坦型,ダ,中距離(1700-2000),良,中枠(3-6),母父,トニービン,64,3,10,0.0469,0.1562,30.2,0.0,8.84,0.2144,-0.0582,0.729,参考,新潟ダ中距離(1700-2000)・良・中枠(3-6)で母父「トニービン」は基準比リフト0.729
中京,直線長め・持続型,芝,中距離(1700-2000),良,外枠(7-8),母父,サンデーサイレンス,126,5,18,0.0397,0.1429,45.4,0.0,8.9,0.1964,-0.0535,0.728,参考,中京芝中距離(1700-2000)・良・外枠(7-8)で母父「サンデーサイレンス」は基準比リフト0.728
東京,直線長め・持続型,ダ,短中距離(1400-1600),良,中枠(3-6),母父,ヘクタープロテクター,69,4,10,0.058,0.1449,70.9,0.0,8.62,0.1997,-0.0548,0.726,参考,東京ダ短中距離(1400-1600)・良・中枠(3-6)で母父「ヘクタープロテクター」は基準比リフト0.726
阪神,坂あり・パワー型,ダ,短中距離(1400-1600),稍,中枠(3-6),母父,アグネスタキオン,56,2,8,0.0357,0.1429,13.0,0.0,7.45,0.1968,-0.0539,0.726,参考,阪神ダ短中距離(1400-1600)・稍・中枠(3-6)で母父「アグネスタキオン」は基準比リフト0.726
阪神,坂あり・パワー型,芝,短中距離(1400-1600),良,外枠(7-8),母父,タイキシャトル,65,2,9,0.0308,0.1385,30.8,0.0,8.82,0.1907,-0.0522,0.726,参考,阪神芝短中距離(1400-1600)・良・外枠(7-8)で母父「タイキシャトル」は基準比リフト0.726
中京,直線長め・持続型,芝,中距離(1700-2000),良,中枠(3-6),母父,フジキセキ,50,4,8,0.08,0.16,130.8,0.0,8.42,0.2207,-0.0607,0.725,参考,中京芝中距離(1700-2000)・良・中枠(3-6)で母父「フジキセキ」は基準比リフト0.725
京都,平坦・スピード型,ダ,中距離(1700-2000),良,中枠(3-6),母父,タイキシャトル,76,4,12,0.0526,0.1579,137.5,0.0,8.41,0.2181,-0.0602,0.724,参考,京都ダ中距離(1700-2000)・良・中枠(3-6)で母父「タイキシャトル」は基準比リフト0.724
新潟,直線長め・平坦型,芝,短中距離(1400-1600),良,中枠(3-6),母父,フジキセキ,135,4,19,0.0296,0.1407,13.6,0.0,9.41,0.1947,-0.054,0.723,参考,新潟芝短中距離(1400-1600)・良・中枠(3-6)で母父「フジキセキ」は基準比リフト0.723
阪神,坂あり・パワー型,ダ,短中距離(1400-1600),良,内枠(1-2),母父,フジキセキ,57,2,7,0.0351,0.1228,7.7,0.0,7.95,0.1701,-0.0473,0.722,参考,阪神ダ短中距離(1400-1600)・良・内枠(1-2)で母父「フジキセキ」は基準比リフト0.722
阪神,坂あり・パワー型,ダ,短距離(1000-1300),良,外枠(7-8),母父,サンデーサイレンス,67,2,10,0.0299,0.1493,17.5,0.0,7.49,0.2072,-0.0579,0.721,参考,阪神ダ短距離(1000-1300)・良・外枠(7-8)で母父「サンデーサイレンス」は基準比リフト0.721
中山,坂あり・パワー型,芝,短中距離(1400-1600),良,中枠(3-6),母父,ダンスインザダーク,117,6,17,0.0513,0.1453,44.2,0.0,8.38,0.2014,-0.0561,0.721,参考,中山芝短中距離(1400-1600)・良・中枠(3-6)で母父「ダンスインザダーク」は基準比リフト0.721
東京,直線長め・持続型,芝,短中距離(1400-1600),良,外枠(7-8),母父,サクラバクシンオー,119,4,17,0.0336,0.1429,31.0,0.0,8.82,0.1988,-0.0559,0.719,参考,東京芝短中距離(1400-1600)・良・外枠(7-8)で母父「サクラバクシンオー」は基準比リフト0.719
東京,直線長め・持続型,芝,短中距離(1400-1600),良,外枠(7-8),母父,スペシャルウィーク,98,5,14,0.051,0.1429,60.8,0.0,8.71,0.1988,-0.0559,0.719,参考,東京芝短中距離(1400-1600)・良・外枠(7-8)で母父「スペシャルウィーク」は基準比リフト0.719
中山,坂あり・パワー型,芝,短距離(1000-1300),良,中枠(3-6),母父,サクラバクシンオー,90,4,13,0.0444,0.1444,31.7,0.0,8.21,0.2011,-0.0567,0.718,参考,中山芝短距離(1000-1300)・良・中枠(3-6)で母父「サクラバクシンオー」は基準比リフト0.718
中山,坂あり・パワー型,ダ,中距離(1700-2000),良,中枠(3-6),母父,ラムタラ,63,2,9,0.0317,0.1429,15.2,0.0,9.65,0.199,-0.0561,0.718,参考,中山ダ中距離(1700-2000)・良・中枠(3-6)で母父「ラムタラ」は基準比リフト0.718
新潟,直線長め・平坦型,ダ,中距離(1700-2000),稍,外枠(7-8),母父,サンデーサイレンス,56,3,9,0.0536,0.1607,74.5,0.0,7.62,0.2244,-0.0637,0.716,参考,新潟ダ中距離(1700-2000)・稍・外枠(7-8)で母父「サンデーサイレンス」は基準比リフト0.716
東京,直線長め・持続型,ダ,短中距離(1400-1600),良,中枠(3-6),母父,エリシオ,56,3,8,0.0536,0.1429,23.6,0.0,8.32,0.1997,-0.0568,0.716,参考,東京ダ短中距離(1400-1600)・良・中枠(3-6)で母父「エリシオ」は基準比リフト0.716
札幌,小回り・持続型,芝,短距離(1000-1300),良,外枠(7-8),母父,サンデーサイレンス,70,3,11,0.0429,0.1571,89.1,0.0,7.9,0.2201,-0.063,0.714,参考,札幌芝短距離(1000-1300)・良・外枠(7-8)で母父「サンデーサイレンス」は基準比リフト0.714
函館,小回り・持続型,芝,短距離(1000-1300),良,外枠(7-8),母父,サンデーサイレンス,100,7,15,0.07,0.15,31.2,0.0,6.79,0.21,-0.06,0.714,参考,函館芝短距離(1000-1300)・良・外枠(7-8)で母父「サンデーサイレンス」は基準比リフト0.714
中山,坂あり・パワー型,ダ,中距離(1700-2000),稍,中枠(3-6),母父,シンボリクリスエス,74,4,11,0.0541,0.1486,54.2,0.0,8.65,0.2081,-0.0595,0.714,参考,中山ダ中距離(1700-2000)・稍・中枠(3-6)で母父「シンボリクリスエス」は基準比リフト0.714
中山,坂あり・パワー型,芝,中距離(1700-2000),良,中枠(3-6),母父,ダンスインザダーク,149,9,23,0.0604,0.1544,176.8,0.0,8.21,0.2165,-0.0621,0.713,参考,中山芝中距離(1700-2000)・良・中枠(3-6)で母父「ダンスインザダーク」は基準比リフト0.713
京都,平坦・スピード型,芝,中距離(1700-2000),良,中枠(3-6),母父,アグネスタキオン,103,6,18,0.0583,0.1748,31.2,0.0,8.13,0.2454,-0.0706,0.712,参考,京都芝中距離(1700-2000)・良・中枠(3-6)で母父「アグネスタキオン」は基準比リフト0.712
京都,平坦・スピード型,芝,中距離(1700-2000),良,中枠(3-6),母父,Sadler's Wells,63,5,11,0.0794,0.1746,60.6,0.0,6.56,0.2454,-0.0708,0.711,参考,京都芝中距離(1700-2000)・良・中枠(3-6)で母父「Sadler's Wells」は基準比リフト0.711
新潟,直線長め・平坦型,ダ,中距離(1700-2000),良,外枠(7-8),母父,フレンチデピュティ,56,6,9,0.1071,0.1607,72.1,0.0,8.05,0.226,-0.0653,0.711,参考,新潟ダ中距離(1700-2000)・良・外枠(7-8)で母父「フレンチデピュティ」は基準比リフト0.711
中京,直線長め・持続型,芝,中距離(1700-2000),良,中枠(3-6),母父,ダンスインザダーク,83,4,13,0.0482,0.1566,63.9,0.0,7.69,0.2207,-0.0641,0.71,参考,中京芝中距離(1700-2000)・良・中枠(3-6)で母父「ダンスインザダーク」は基準比リフト0.71
中山,坂あり・パワー型,芝,短中距離(1400-1600),良,中枠(3-6),母父,マンハッタンカフェ,56,2,8,0.0357,0.1429,28.4,0.0,8.79,0.2014,-0.0585,0.71,参考,中山芝短中距離(1400-1600)・良・中枠(3-6)で母父「マンハッタンカフェ」は基準比リフト0.71
小倉,小回り・機動型,芝,中距離(1700-2000),良,外枠(7-8),母父,スペシャルウィーク,62,2,9,0.0323,0.1452,17.6,0.0,7.87,0.2048,-0.0596,0.709,参考,小倉芝中距離(1700-2000)・良・外枠(7-8)で母父「スペシャルウィーク」は基準比リフト0.709
中山,坂あり・パワー型,ダ,短距離(1000-1300),良,中枠(3-6),母父,マンハッタンカフェ,88,1,12,0.0114,0.1364,15.2,0.0,8.89,0.1927,-0.0563,0.708,参考,中山ダ短距離(1000-1300)・良・中枠(3-6)で母父「マンハッタンカフェ」は基準比リフト0.708
阪神,坂あり・パワー型,ダ,短中距離(1400-1600),良,内枠(1-2),母父,サンデーサイレンス,83,3,10,0.0361,0.1205,38.6,0.0,7.77,0.1701,-0.0496,0.708,参考,阪神ダ短中距離(1400-1600)・良・内枠(1-2)で母父「サンデーサイレンス」は基準比リフト0.708
京都,平坦・スピード型,ダ,中距離(1700-2000),良,外枠(7-8),母父,フジキセキ,89,3,13,0.0337,0.1461,10.4,0.0,7.64,0.2066,-0.0605,0.707,参考,京都ダ中距離(1700-2000)・良・外枠(7-8)で母父「フジキセキ」は基準比リフト0.707
阪神,坂あり・パワー型,芝,中距離(1700-2000),良,外枠(7-8),母父,ブライアンズタイム,85,3,14,0.0353,0.1647,38.1,0.0,7.86,0.2332,-0.0685,0.706,参考,阪神芝中距離(1700-2000)・良・外枠(7-8)で母父「ブライアンズタイム」は基準比リフト0.706
中山,坂あり・パワー型,芝,中長距離(2100-2400),良,外枠(7-8),母父,サンデーサイレンス,53,2,8,0.0377,0.1509,45.3,0.0,7.53,0.2138,-0.0629,0.706,参考,中山芝中長距離(2100-2400)・良・外枠(7-8)で母父「サンデーサイレンス」は基準比リフト0.706
阪神,坂あり・パワー型,ダ,中距離(1700-2000),良,中枠(3-6),母父,タイキシャトル,75,3,12,0.04,0.16,20.5,0.0,9.0,0.2273,-0.0673,0.704,参考,阪神ダ中距離(1700-2000)・良・中枠(3-6)で母父「タイキシャトル」は基準比リフト0.704
阪神,坂あり・パワー型,ダ,短距離(1000-1300),重不良,中枠(3-6),母父,サンデーサイレンス,56,3,8,0.0536,0.1429,81.8,0.0,8.36,0.203,-0.0601,0.704,参考,阪神ダ短距離(1000-1300)・重不良・中枠(3-6)で母父「サンデーサイレンス」は基準比リフト0.704
東京,直線長め・持続型,ダ,短中距離(1400-1600),重不良,中枠(3-6),母父,サンデーサイレンス,125,8,17,0.064,0.136,62.2,0.0,7.3,0.1943,-0.0583,0.7,参考,東京ダ短中距離(1400-1600)・重不良・中枠(3-6)で母父「サンデーサイレンス」は基準比リフト0.7
新潟,直線長め・平坦型,芝,短中距離(1400-1600),良,内枠(1-2),母父,ブライアンズタイム,68,3,8,0.0441,0.1176,46.0,0.0,10.12,0.1682,-0.0506,0.699,参考,新潟芝短中距離(1400-1600)・良・内枠(1-2)で母父「ブライアンズタイム」は基準比リフト0.699
中山,坂あり・パワー型,ダ,短距離(1000-1300),稍,外枠(7-8),母父,サンデーサイレンス,51,2,8,0.0392,0.1569,7.3,0.0,7.75,0.2257,-0.0688,0.695,参考,中山ダ短距離(1000-1300)・稍・外枠(7-8)で母父「サンデーサイレンス」は基準比リフト0.695
東京,直線長め・持続型,芝,短中距離(1400-1600),良,外枠(7-8),母父,エルコンドルパサー,58,5,8,0.0862,0.1379,70.7,0.0,9.0,0.1988,-0.0609,0.694,参考,東京芝短中距離(1400-1600)・良・外枠(7-8)で母父「エルコンドルパサー」は基準比リフト0.694
京都,平坦・スピード型,ダ,短中距離(1400-1600),良,外枠(7-8),母父,サンデーサイレンス,141,8,19,0.0567,0.1348,77.7,0.0,7.97,0.1942,-0.0594,0.694,参考,京都ダ短中距離(1400-1600)・良・外枠(7-8)で母父「サンデーサイレンス」は基準比リフト0.694
阪神,坂あり・パワー型,ダ,中距離(1700-2000),良,中枠(3-6),母父,トニービン,89,4,14,0.0449,0.1573,13.4,0.0,7.93,0.2273,-0.07,0.692,参考,阪神ダ中距離(1700-2000)・良・中枠(3-6)で母父「トニービン」は基準比リフト0.692
京都,平坦・スピード型,ダ,中距離(1700-2000),良,中枠(3-6),母父,コマンダーインチーフ,53,2,8,0.0377,0.1509,78.3,0.0,8.75,0.2181,-0.0672,0.692,参考,京都ダ中距離(1700-2000)・良・中枠(3-6)で母父「コマンダーインチーフ」は基準比リフト0.692
京都,平坦・スピード型,ダ,中距離(1700-2000),良,外枠(7-8),母父,アフリート,70,3,10,0.0429,0.1429,28.9,0.0,7.61,0.2066,-0.0637,0.692,参考,京都ダ中距離(1700-2000)・良・外枠(7-8)で母父「アフリート」は基準比リフト0.692
新潟,直線長め・平坦型,ダ,短距離(1000-1300),良,中枠(3-6),母父,アフリート,57,1,8,0.0175,0.1404,4.6,0.0,8.75,0.2029,-0.0625,0.692,参考,新潟ダ短距離(1000-1300)・良・中枠(3-6)で母父「アフリート」は基準比リフト0.692
阪神,坂あり・パワー型,芝,中距離(1700-2000),良,内枠(1-2),母父,クロフネ,52,3,9,0.0577,0.1731,20.6,0.0,7.4,0.2505,-0.0774,0.691,参考,阪神芝中距離(1700-2000)・良・内枠(1-2)で母父「クロフネ」は基準比リフト0.691
新潟,直線長め・平坦型,芝,短中距離(1400-1600),良,中枠(3-6),母父,エルコンドルパサー,52,2,7,0.0385,0.1346,23.5,0.0,9.1,0.1947,-0.0601,0.691,参考,新潟芝短中距離(1400-1600)・良・中枠(3-6)で母父「エルコンドルパサー」は基準比リフト0.691
福島,小回り・機動型,ダ,中距離(1700-2000),良,中枠(3-6),母父,タイキシャトル,58,2,8,0.0345,0.1379,38.3,0.0,8.6,0.2003,-0.0624,0.688,参考,福島ダ中距離(1700-2000)・良・中枠(3-6)で母父「タイキシャトル」は基準比リフト0.688
東京,直線長め・持続型,ダ,短中距離(1400-1600),良,中枠(3-6),母父,オペラハウス,51,2,7,0.0392,0.1373,80.8,0.0,10.31,0.1997,-0.0624,0.688,参考,東京ダ短中距離(1400-1600)・良・中枠(3-6)で母父「オペラハウス」は基準比リフト0.688
札幌,小回り・持続型,芝,中距離(1700-2000),良,中枠(3-6),母父,アグネスタキオン,60,5,10,0.0833,0.1667,99.0,0.0,7.92,0.2428,-0.0761,0.687,参考,札幌芝中距離(1700-2000)・良・中枠(3-6)で母父「アグネスタキオン」は基準比リフト0.687
新潟,直線長め・平坦型,芝,短中距離(1400-1600),良,中枠(3-6),母父,ブライアンズタイム,120,6,16,0.05,0.1333,48.2,0.0,9.07,0.1947,-0.0614,0.685,参考,新潟芝短中距離(1400-1600)・良・中枠(3-6)で母父「ブライアンズタイム」は基準比リフト0.685
阪神,坂あり・パワー型,芝,中距離(1700-2000),良,中枠(3-6),母父,Kingmambo,61,2,10,0.0328,0.1639,13.0,0.0,6.21,0.2399,-0.076,0.683,参考,阪神芝中距離(1700-2000)・良・中枠(3-6)で母父「Kingmambo」は基準比リフト0.683
阪神,坂あり・パワー型,芝,中距離(1700-2000),良,中枠(3-6),母父,Sadler's Wells,61,5,10,0.082,0.1639,30.2,0.0,7.28,0.2399,-0.076,0.683,参考,阪神芝中距離(1700-2000)・良・中枠(3-6)で母父「Sadler's Wells」は基準比リフト0.683
中山,坂あり・パワー型,芝,短距離(1000-1300),良,中枠(3-6),母父,タイキシャトル,51,1,7,0.0196,0.1373,4.9,0.0,9.49,0.2011,-0.0638,0.683,参考,中山芝短距離(1000-1300)・良・中枠(3-6)で母父「タイキシャトル」は基準比リフト0.683
阪神,坂あり・パワー型,ダ,短距離(1000-1300),稍,中枠(3-6),母父,サンデーサイレンス,52,2,7,0.0385,0.1346,36.9,0.0,7.79,0.1971,-0.0625,0.683,参考,阪神ダ短距離(1000-1300)・稍・中枠(3-6)で母父「サンデーサイレンス」は基準比リフト0.683
京都,平坦・スピード型,ダ,短中距離(1400-1600),良,外枠(7-8),母父,フジキセキ,53,1,7,0.0189,0.1321,10.0,0.0,8.28,0.1942,-0.0621,0.68,参考,京都ダ短中距離(1400-1600)・良・外枠(7-8)で母父「フジキセキ」は基準比リフト0.68
函館,小回り・持続型,ダ,中距離(1700-2000),良,中枠(3-6),母父,フレンチデピュティ,50,3,8,0.06,0.16,26.2,0.0,7.0,0.2356,-0.0756,0.679,参考,函館ダ中距離(1700-2000)・良・中枠(3-6)で母父「フレンチデピュティ」は基準比リフト0.679
京都,平坦・スピード型,ダ,中距離(1700-2000),良,中枠(3-6),母父,アフリート,135,7,20,0.0519,0.1481,57.4,0.0,7.76,0.2181,-0.07,0.679,参考,京都ダ中距離(1700-2000)・良・中枠(3-6)で母父「アフリート」は基準比リフト0.679
東京,直線長め・持続型,芝,中距離(1700-2000),良,外枠(7-8),母父,ダンスインザダーク,82,8,12,0.0976,0.1463,85.5,0.0,7.99,0.2154,-0.0691,0.679,参考,東京芝中距離(1700-2000)・良・外枠(7-8)で母父「ダンスインザダーク」は基準比リフト0.679
中山,坂あり・パワー型,ダ,短距離(1000-1300),良,内枠(1-2),母父,シンボリクリスエス,50,3,6,0.06,0.12,175.4,0.0,8.7,0.1768,-0.0568,0.679,参考,中山ダ短距離(1000-1300)・良・内枠(1-2)で母父「シンボリクリスエス」は基準比リフト0.679
中山,坂あり・パワー型,ダ,短距離(1000-1300),良,内枠(1-2),母父,ネオユニヴァース,50,5,6,0.1,0.12,97.8,0.0,8.94,0.1768,-0.0568,0.679,参考,中山ダ短距離(1000-1300)・良・内枠(1-2)で母父「ネオユニヴァース」は基準比リフト0.679
福島,小回り・機動型,芝,中距離(1700-2000),良,内枠(1-2),母父,フジキセキ,50,1,7,0.02,0.14,28.0,0.0,9.12,0.2066,-0.0666,0.678,参考,福島芝中距離(1700-2000)・良・内枠(1-2)で母父「フジキセキ」は基準比リフト0.678
京都,平坦・スピード型,ダ,中距離(1700-2000),良,外枠(7-8),母父,フレンチデピュティ,93,7,13,0.0753,0.1398,40.3,0.0,7.94,0.2066,-0.0668,0.677,参考,京都ダ中距離(1700-2000)・良・外枠(7-8)で母父「フレンチデピュティ」は基準比リフト0.677
阪神,坂あり・パワー型,ダ,短距離(1000-1300),良,中枠(3-6),母父,フォーティナイナー,50,2,7,0.04,0.14,154.6,0.0,8.62,0.2076,-0.0676,0.674,参考,阪神ダ短距離(1000-1300)・良・中枠(3-6)で母父「フォーティナイナー」は基準比リフト0.674
京都,平坦・スピード型,芝,中距離(1700-2000),良,内枠(1-2),母父,ダンスインザダーク,56,1,9,0.0179,0.1607,6.2,0.0,7.79,0.239,-0.0783,0.672,参考,京都芝中距離(1700-2000)・良・内枠(1-2)で母父「ダンスインザダーク」は基準比リフト0.672
阪神,坂あり・パワー型,ダ,中距離(1700-2000),良,外枠(7-8),母父,タイキシャトル,57,2,9,0.0351,0.1579,13.3,0.0,8.88,0.2351,-0.0772,0.672,参考,阪神ダ中距離(1700-2000)・良・外枠(7-8)で母父「タイキシャトル」は基準比リフト0.672
東京,直線長め・持続型,ダ,短距離(1000-1300),良,中枠(3-6),母父,ダンスインザダーク,53,1,7,0.0189,0.1321,11.1,0.0,8.6,0.1967,-0.0646,0.672,参考,東京ダ短距離(1000-1300)・良・中枠(3-6)で母父「ダンスインザダーク」は基準比リフト0.672
東京,直線長め・持続型,ダ,短中距離(1400-1600),稍,内枠(1-2),母父,ブライアンズタイム,51,1,6,0.0196,0.1176,2.9,0.0,9.67,0.1751,-0.0575,0.672,参考,東京ダ短中距離(1400-1600)・稍・内枠(1-2)で母父「ブライアンズタイム」は基準比リフト0.672
東京,直線長め・持続型,ダ,短中距離(1400-1600),良,内枠(1-2),母父,タイキシャトル,71,2,8,0.0282,0.1127,46.1,0.0,9.35,0.1677,-0.055,0.672,参考,東京ダ短中距離(1400-1600)・良・内枠(1-2)で母父「タイキシャトル」は基準比リフト0.672
京都,平坦・スピード型,ダ,中距離(1700-2000),良,内枠(1-2),母父,キングカメハメハ,58,7,9,0.1207,0.1552,99.1,0.0,7.95,0.2314,-0.0762,0.671,参考,京都ダ中距離(1700-2000)・良・内枠(1-2)で母父「キングカメハメハ」は基準比リフト0.671
東京,直線長め・持続型,芝,中距離(1700-2000),良,中枠(3-6),母父,ネオユニヴァース,63,5,10,0.0794,0.1587,17.6,0.0,7.78,0.237,-0.0783,0.67,参考,東京芝中距離(1700-2000)・良・中枠(3-6)で母父「ネオユニヴァース」は基準比リフト0.67
中山,坂あり・パワー型,ダ,中距離(1700-2000),良,内枠(1-2),母父,アフリート,73,3,9,0.0411,0.1233,44.4,0.0,8.1,0.1848,-0.0615,0.667,参考,中山ダ中距離(1700-2000)・良・内枠(1-2)で母父「アフリート」は基準比リフト0.667
東京,直線長め・持続型,ダ,短中距離(1400-1600),良,中枠(3-6),母父,マヤノトップガン,68,4,9,0.0588,0.1324,65.4,0.0,8.72,0.1997,-0.0673,0.663,参考,東京ダ短中距離(1400-1600)・良・中枠(3-6)で母父「マヤノトップガン」は基準比リフト0.663
京都,平坦・スピード型,芝,短中距離(1400-1600),良,中枠(3-6),母父,サクラバクシンオー,106,5,15,0.0472,0.1415,57.3,0.0,9.13,0.2142,-0.0727,0.661,参考,京都芝短中距離(1400-1600)・良・中枠(3-6)で母父「サクラバクシンオー」は基準比リフト0.661
京都,平坦・スピード型,ダ,短中距離(1400-1600),良,中枠(3-6),母父,フジキセキ,129,7,17,0.0543,0.1318,33.9,0.0,8.34,0.2,-0.0682,0.659,参考,京都ダ短中距離(1400-1600)・良・中枠(3-6)で母父「フジキセキ」は基準比リフト0.659
新潟,直線長め・平坦型,芝,中距離(1700-2000),良,中枠(3-6),母父,スペシャルウィーク,63,4,9,0.0635,0.1429,51.7,0.0,7.6,0.2171,-0.0742,0.658,参考,新潟芝中距離(1700-2000)・良・中枠(3-6)で母父「スペシャルウィーク」は基準比リフト0.658
東京,直線長め・持続型,ダ,短中距離(1400-1600),良,中枠(3-6),母父,アドマイヤベガ,61,0,8,0.0,0.1311,0.0,0.0,8.59,0.1997,-0.0686,0.656,参考,東京ダ短中距離(1400-1600)・良・中枠(3-6)で母父「アドマイヤベガ」は基準比リフト0.656
東京,直線長め・持続型,芝,中長距離(2100-2400),良,中枠(3-6),母父,トニービン,54,4,8,0.0741,0.1481,51.7,0.0,8.06,0.226,-0.0779,0.655,参考,東京芝中長距離(2100-2400)・良・中枠(3-6)で母父「トニービン」は基準比リフト0.655
阪神,坂あり・パワー型,ダ,中距離(1700-2000),良,中枠(3-6),母父,ノーザンテースト,54,0,8,0.0,0.1481,0.0,0.0,8.19,0.2273,-0.0792,0.652,参考,阪神ダ中距離(1700-2000)・良・中枠(3-6)で母父「ノーザンテースト」は基準比リフト0.652
京都,平坦・スピード型,ダ,短中距離(1400-1600),良,中枠(3-6),母父,アグネスタキオン,69,4,9,0.058,0.1304,43.3,0.0,8.45,0.2,-0.0696,0.652,参考,京都ダ短中距離(1400-1600)・良・中枠(3-6)で母父「アグネスタキオン」は基準比リフト0.652
東京,直線長め・持続型,ダ,短中距離(1400-1600),良,外枠(7-8),母父,トニービン,78,2,11,0.0256,0.141,6.9,0.0,7.47,0.2165,-0.0755,0.651,参考,東京ダ短中距離(1400-1600)・良・外枠(7-8)で母父「トニービン」は基準比リフト0.651
東京,直線長め・持続型,芝,短中距離(1400-1600),良,中枠(3-6),母父,グラスワンダー,53,2,7,0.0377,0.1321,51.1,0.0,8.62,0.2028,-0.0707,0.651,参考,東京芝短中距離(1400-1600)・良・中枠(3-6)で母父「グラスワンダー」は基準比リフト0.651
東京,直線長め・持続型,芝,短中距離(1400-1600),良,外枠(7-8),母父,ゼンノロブロイ,62,4,8,0.0645,0.129,238.2,0.0,8.81,0.1988,-0.0698,0.649,参考,東京芝短中距離(1400-1600)・良・外枠(7-8)で母父「ゼンノロブロイ」は基準比リフト0.649
新潟,直線長め・平坦型,芝,短距離(1000-1300),良,中枠(3-6),母父,アグネスタキオン,72,2,8,0.0278,0.1111,75.3,0.0,11.12,0.1712,-0.0601,0.649,参考,新潟芝短距離(1000-1300)・良・中枠(3-6)で母父「アグネスタキオン」は基準比リフト0.649
阪神,坂あり・パワー型,ダ,短中距離(1400-1600),稍,中枠(3-6),母父,フジキセキ,55,3,7,0.0545,0.1273,218.2,0.0,8.62,0.1968,-0.0695,0.647,参考,阪神ダ短中距離(1400-1600)・稍・中枠(3-6)で母父「フジキセキ」は基準比リフト0.647
阪神,坂あり・パワー型,芝,短距離(1000-1300),良,中枠(3-6),母父,サンデーサイレンス,97,6,14,0.0619,0.1443,32.6,0.0,7.78,0.2234,-0.0791,0.646,参考,阪神芝短距離(1000-1300)・良・中枠(3-6)で母父「サンデーサイレンス」は基準比リフト0.646
阪神,坂あり・パワー型,芝,短中距離(1400-1600),良,中枠(3-6),母父,ブライアンズタイム,129,6,18,0.0465,0.1395,16.1,0.0,8.2,0.2169,-0.0774,0.643,参考,阪神芝短中距離(1400-1600)・良・中枠(3-6)で母父「ブライアンズタイム」は基準比リフト0.643
京都,平坦・スピード型,ダ,短距離(1000-1300),良,中枠(3-6),母父,アグネスタキオン,80,1,10,0.0125,0.125,2.5,0.0,8.1,0.1949,-0.0699,0.641,参考,京都ダ短距離(1000-1300)・良・中枠(3-6)で母父「アグネスタキオン」は基準比リフト0.641
福島,小回り・機動型,芝,中距離(1700-2000),良,中枠(3-6),母父,マンハッタンカフェ,50,1,7,0.02,0.14,5.2,0.0,9.52,0.2188,-0.0788,0.64,参考,福島芝中距離(1700-2000)・良・中枠(3-6)で母父「マンハッタンカフェ」は基準比リフト0.64
中京,直線長め・持続型,ダ,短距離(1000-1300),良,内枠(1-2),母父,サンデーサイレンス,52,4,7,0.0769,0.1346,46.9,0.0,8.46,0.2103,-0.0757,0.64,参考,中京ダ短距離(1000-1300)・良・内枠(1-2)で母父「サンデーサイレンス」は基準比リフト0.64
中京,直線長め・持続型,芝,短中距離(1400-1600),良,中枠(3-6),母父,アグネスタキオン,99,2,13,0.0202,0.1313,8.2,0.0,8.68,0.2051,-0.0738,0.64,参考,中京芝短中距離(1400-1600)・良・中枠(3-6)で母父「アグネスタキオン」は基準比リフト0.64
福島,小回り・機動型,ダ,短距離(1000-1300),良,中枠(3-6),母父,ブライアンズタイム,75,4,9,0.0533,0.12,53.3,0.0,9.28,0.1882,-0.0682,0.638,参考,福島ダ短距離(1000-1300)・良・中枠(3-6)で母父「ブライアンズタイム」は基準比リフト0.638
中山,坂あり・パワー型,ダ,短距離(1000-1300),稍,中枠(3-6),母父,フレンチデピュティ,62,2,7,0.0323,0.1129,11.5,0.0,8.37,0.1775,-0.0646,0.636,参考,中山ダ短距離(1000-1300)・稍・中枠(3-6)で母父「フレンチデピュティ」は基準比リフト0.636
小倉,小回り・機動型,ダ,中距離(1700-2000),良,中枠(3-6),母父,クロフネ,89,6,11,0.0674,0.1236,33.9,0.0,8.01,0.1947,-0.0711,0.635,参考,小倉ダ中距離(1700-2000)・良・中枠(3-6)で母父「クロフネ」は基準比リフト0.635
東京,直線長め・持続型,芝,中距離(1700-2000),良,中枠(3-6),母父,ダンスインザダーク,160,11,24,0.0688,0.15,123.4,0.0,8.83,0.237,-0.087,0.633,参考,東京芝中距離(1700-2000)・良・中枠(3-6)で母父「ダンスインザダーク」は基準比リフト0.633
東京,直線長め・持続型,ダ,中長距離(2100-2400),良,中枠(3-6),母父,アフリート,50,3,7,0.06,0.14,111.2,0.0,9.24,0.2214,-0.0814,0.632,参考,東京ダ中長距離(2100-2400)・良・中枠(3-6)で母父「アフリート」は基準比リフト0.632
福島,小回り・機動型,ダ,中距離(1700-2000),良,中枠(3-6),母父,ダンスインザダーク,79,4,10,0.0506,0.1266,29.6,0.0,7.51,0.2003,-0.0737,0.632,参考,福島ダ中距離(1700-2000)・良・中枠(3-6)で母父「ダンスインザダーク」は基準比リフト0.632
京都,平坦・スピード型,芝,中距離(1700-2000),良,外枠(7-8),母父,ダンスインザダーク,84,4,12,0.0476,0.1429,34.9,0.0,7.5,0.2263,-0.0834,0.631,参考,京都芝中距離(1700-2000)・良・外枠(7-8)で母父「ダンスインザダーク」は基準比リフト0.631
京都,平坦・スピード型,ダ,中距離(1700-2000),良,中枠(3-6),母父,エルコンドルパサー,51,1,7,0.0196,0.1373,217.6,0.0,8.08,0.2181,-0.0808,0.63,参考,京都ダ中距離(1700-2000)・良・中枠(3-6)で母父「エルコンドルパサー」は基準比リフト0.63
福島,小回り・機動型,ダ,中距離(1700-2000),良,外枠(7-8),母父,ブライアンズタイム,73,5,10,0.0685,0.137,111.4,0.0,8.12,0.2183,-0.0813,0.628,参考,福島ダ中距離(1700-2000)・良・外枠(7-8)で母父「ブライアンズタイム」は基準比リフト0.628
京都,平坦・スピード型,芝,短中距離(1400-1600),良,外枠(7-8),母父,サクラバクシンオー,74,2,9,0.027,0.1216,30.0,0.0,9.19,0.1935,-0.0719,0.628,参考,京都芝短中距離(1400-1600)・良・外枠(7-8)で母父「サクラバクシンオー」は基準比リフト0.628
京都,平坦・スピード型,芝,中距離(1700-2000),良,中枠(3-6),母父,ノーザンテースト,52,2,8,0.0385,0.1538,31.0,0.0,7.54,0.2454,-0.0916,0.627,参考,京都芝中距離(1700-2000)・良・中枠(3-6)で母父「ノーザンテースト」は基準比リフト0.627
東京,直線長め・持続型,ダ,短中距離(1400-1600),良,中枠(3-6),母父,Sadler's Wells,64,2,8,0.0312,0.125,17.5,0.0,9.38,0.1997,-0.0747,0.626,参考,東京ダ短中距離(1400-1600)・良・中枠(3-6)で母父「Sadler's Wells」は基準比リフト0.626
京都,平坦・スピード型,ダ,短中距離(1400-1600),良,中枠(3-6),母父,フォーティナイナー,64,2,8,0.0312,0.125,20.8,0.0,8.94,0.2,-0.075,0.625,参考,京都ダ短中距離(1400-1600)・良・中枠(3-6)で母父「フォーティナイナー」は基準比リフト0.625
東京,直線長め・持続型,芝,短中距離(1400-1600),良,外枠(7-8),母父,ブライアンズタイム,153,4,19,0.0261,0.1242,21.1,0.0,8.73,0.1988,-0.0746,0.625,参考,東京芝短中距離(1400-1600)・良・外枠(7-8)で母父「ブライアンズタイム」は基準比リフト0.625
東京,直線長め・持続型,芝,中距離(1700-2000),良,中枠(3-6),母父,ブライアンズタイム,149,8,22,0.0537,0.1477,63.9,0.0,8.44,0.237,-0.0893,0.623,参考,東京芝中距離(1700-2000)・良・中枠(3-6)で母父「ブライアンズタイム」は基準比リフト0.623
中山,坂あり・パワー型,ダ,短距離(1000-1300),良,中枠(3-6),母父,ディープインパクト,75,4,9,0.0533,0.12,71.3,0.0,8.55,0.1927,-0.0727,0.623,参考,中山ダ短距離(1000-1300)・良・中枠(3-6)で母父「ディープインパクト」は基準比リフト0.623
中山,坂あり・パワー型,芝,短中距離(1400-1600),良,外枠(7-8),母父,トニービン,51,2,6,0.0392,0.1176,15.3,0.0,7.65,0.1887,-0.0711,0.623,参考,中山芝短中距離(1400-1600)・良・外枠(7-8)で母父「トニービン」は基準比リフト0.623
新潟,直線長め・平坦型,芝,短距離(1000-1300),良,外枠(7-8),母父,ブライアンズタイム,62,2,9,0.0323,0.1452,15.3,0.0,9.26,0.2335,-0.0883,0.622,参考,新潟芝短距離(1000-1300)・良・外枠(7-8)で母父「ブライアンズタイム」は基準比リフト0.622
小倉,小回り・機動型,芝,中距離(1700-2000),良,中枠(3-6),母父,マンハッタンカフェ,58,2,8,0.0345,0.1379,13.4,0.0,8.67,0.2218,-0.0839,0.622,参考,小倉芝中距離(1700-2000)・良・中枠(3-6)で母父「マンハッタンカフェ」は基準比リフト0.622
東京,直線長め・持続型,芝,短中距離(1400-1600),良,外枠(7-8),母父,フォーティナイナー,57,1,7,0.0175,0.1228,8.4,0.0,8.96,0.1988,-0.076,0.618,参考,東京芝短中距離(1400-1600)・良・外枠(7-8)で母父「フォーティナイナー」は基準比リフト0.618
中山,坂あり・パワー型,ダ,中距離(1700-2000),良,外枠(7-8),母父,コマンダーインチーフ,51,1,7,0.0196,0.1373,365.3,0.0,9.71,0.2226,-0.0853,0.617,参考,中山ダ中距離(1700-2000)・良・外枠(7-8)で母父「コマンダーインチーフ」は基準比リフト0.617
新潟,直線長め・平坦型,ダ,短距離(1000-1300),良,中枠(3-6),母父,ブライアンズタイム,136,7,17,0.0515,0.125,23.3,0.0,8.6,0.2029,-0.0779,0.616,参考,新潟ダ短距離(1000-1300)・良・中枠(3-6)で母父「ブライアンズタイム」は基準比リフト0.616
東京,直線長め・持続型,ダ,短中距離(1400-1600),良,中枠(3-6),母父,ノーザンテースト,57,2,7,0.0351,0.1228,15.8,0.0,8.72,0.1997,-0.0769,0.615,参考,東京ダ短中距離(1400-1600)・良・中枠(3-6)で母父「ノーザンテースト」は基準比リフト0.615
東京,直線長め・持続型,ダ,短中距離(1400-1600),良,中枠(3-6),母父,キングヘイロー,82,3,10,0.0366,0.122,10.6,0.0,8.7,0.1997,-0.0777,0.611,参考,東京ダ短中距離(1400-1600)・良・中枠(3-6)で母父「キングヘイロー」は基準比リフト0.611
中京,直線長め・持続型,ダ,短距離(1000-1300),良,中枠(3-6),母父,アグネスタキオン,72,4,8,0.0556,0.1111,71.5,0.0,9.1,0.182,-0.0709,0.61,参考,中京ダ短距離(1000-1300)・良・中枠(3-6)で母父「アグネスタキオン」は基準比リフト0.61
中山,坂あり・パワー型,ダ,中距離(1700-2000),稍,中枠(3-6),母父,キングカメハメハ,71,3,9,0.0423,0.1268,23.0,0.0,8.44,0.2081,-0.0813,0.609,参考,中山ダ中距離(1700-2000)・稍・中枠(3-6)で母父「キングカメハメハ」は基準比リフト0.609
中山,坂あり・パワー型,ダ,短距離(1000-1300),良,内枠(1-2),母父,フジキセキ,149,2,16,0.0134,0.1074,2.7,0.0,9.13,0.1768,-0.0694,0.607,参考,中山ダ短距離(1000-1300)・良・内枠(1-2)で母父「フジキセキ」は基準比リフト0.607
小倉,小回り・機動型,ダ,中距離(1700-2000),良,中枠(3-6),母父,アグネスタキオン,68,1,8,0.0147,0.1176,2.2,0.0,8.26,0.1947,-0.0771,0.604,参考,小倉ダ中距離(1700-2000)・良・中枠(3-6)で母父「アグネスタキオン」は基準比リフト0.604
中京,直線長め・持続型,芝,短中距離(1400-1600),良,中枠(3-6),母父,ブライアンズタイム,89,2,11,0.0225,0.1236,30.4,0.0,8.52,0.2051,-0.0815,0.603,参考,中京芝短中距離(1400-1600)・良・中枠(3-6)で母父「ブライアンズタイム」は基準比リフト0.603
阪神,坂あり・パワー型,芝,短中距離(1400-1600),良,外枠(7-8),母父,クロフネ,87,3,10,0.0345,0.1149,30.0,0.0,9.2,0.1907,-0.0758,0.603,参考,阪神芝短中距離(1400-1600)・良・外枠(7-8)で母父「クロフネ」は基準比リフト0.603
東京,直線長め・持続型,ダ,中長距離(2100-2400),良,中枠(3-6),母父,ダンスインザダーク,60,4,8,0.0667,0.1333,38.2,0.0,8.37,0.2214,-0.0881,0.602,参考,東京ダ中長距離(2100-2400)・良・中枠(3-6)で母父「ダンスインザダーク」は基準比リフト0.602
中山,坂あり・パワー型,ダ,中距離(1700-2000),良,内枠(1-2),母父,マンハッタンカフェ,54,1,6,0.0185,0.1111,4.3,0.0,8.54,0.1848,-0.0737,0.601,参考,中山ダ中距離(1700-2000)・良・内枠(1-2)で母父「マンハッタンカフェ」は基準比リフト0.601
京都,平坦・スピード型,ダ,短距離(1000-1300),良,中枠(3-6),母父,サクラバクシンオー,77,1,9,0.013,0.1169,5.2,0.0,8.95,0.1949,-0.078,0.6,参考,京都ダ短距離(1000-1300)・良・中枠(3-6)で母父「サクラバクシンオー」は基準比リフト0.6
福島,小回り・機動型,ダ,中距離(1700-2000),良,中枠(3-6),母父,フォーティナイナー,50,2,6,0.04,0.12,33.0,0.0,9.38,0.2003,-0.0803,0.599,参考,福島ダ中距離(1700-2000)・良・中枠(3-6)で母父「フォーティナイナー」は基準比リフト0.599
阪神,坂あり・パワー型,芝,中距離(1700-2000),良,中枠(3-6),母父,マンハッタンカフェ,56,2,8,0.0357,0.1429,17.1,0.0,8.23,0.2399,-0.097,0.596,参考,阪神芝中距離(1700-2000)・良・中枠(3-6)で母父「マンハッタンカフェ」は基準比リフト0.596
京都,平坦・スピード型,ダ,短中距離(1400-1600),良,中枠(3-6),母父,タイキシャトル,59,1,7,0.0169,0.1186,20.2,0.0,10.37,0.2,-0.0814,0.593,参考,京都ダ短中距離(1400-1600)・良・中枠(3-6)で母父「タイキシャトル」は基準比リフト0.593
京都,平坦・スピード型,ダ,短中距離(1400-1600),良,中枠(3-6),母父,Kingmambo,51,1,6,0.0196,0.1176,7.1,0.0,6.96,0.2,-0.0824,0.588,参考,京都ダ短中距離(1400-1600)・良・中枠(3-6)で母父「Kingmambo」は基準比リフト0.588
中山,坂あり・パワー型,ダ,中距離(1700-2000),良,中枠(3-6),母父,フォーティナイナー,94,3,11,0.0319,0.117,46.1,0.0,8.37,0.199,-0.082,0.588,参考,中山ダ中距離(1700-2000)・良・中枠(3-6)で母父「フォーティナイナー」は基準比リフト0.588
中山,坂あり・パワー型,芝,短中距離(1400-1600),良,中枠(3-6),母父,フジキセキ,110,4,13,0.0364,0.1182,22.9,0.0,8.63,0.2014,-0.0832,0.587,参考,中山芝短中距離(1400-1600)・良・中枠(3-6)で母父「フジキセキ」は基準比リフト0.587
東京,直線長め・持続型,ダ,短距離(1000-1300),良,中枠(3-6),母父,フジキセキ,52,2,6,0.0385,0.1154,10.0,0.0,8.75,0.1967,-0.0813,0.587,参考,東京ダ短距離(1000-1300)・良・中枠(3-6)で母父「フジキセキ」は基準比リフト0.587
東京,直線長め・持続型,ダ,短中距離(1400-1600),良,内枠(1-2),母父,サクラバクシンオー,92,6,9,0.0652,0.0978,20.0,0.0,9.45,0.1677,-0.0699,0.583,参考,東京ダ短中距離(1400-1600)・良・内枠(1-2)で母父「サクラバクシンオー」は基準比リフト0.583
新潟,直線長め・平坦型,芝,中距離(1700-2000),良,内枠(1-2),母父,トニービン,55,3,6,0.0545,0.1091,22.0,0.0,8.27,0.1874,-0.0783,0.582,参考,新潟芝中距離(1700-2000)・良・内枠(1-2)で母父「トニービン」は基準比リフト0.582
中京,直線長め・持続型,芝,短中距離(1400-1600),良,外枠(7-8),母父,アグネスタキオン,61,3,7,0.0492,0.1148,162.3,0.0,8.38,0.1978,-0.083,0.58,参考,中京芝短中距離(1400-1600)・良・外枠(7-8)で母父「アグネスタキオン」は基準比リフト0.58
中山,坂あり・パワー型,芝,中距離(1700-2000),良,内枠(1-2),母父,ブライアンズタイム,55,3,7,0.0545,0.1273,28.7,0.0,8.27,0.2217,-0.0944,0.574,参考,中山芝中距離(1700-2000)・良・内枠(1-2)で母父「ブライアンズタイム」は基準比リフト0.574
福島,小回り・機動型,芝,中距離(1700-2000),良,中枠(3-6),母父,エルコンドルパサー,64,3,8,0.0469,0.125,17.8,0.0,7.98,0.2188,-0.0938,0.571,参考,福島芝中距離(1700-2000)・良・中枠(3-6)で母父「エルコンドルパサー」は基準比リフト0.571
東京,直線長め・持続型,芝,短中距離(1400-1600),良,中枠(3-6),母父,ハーツクライ,69,2,8,0.029,0.1159,16.1,0.0,7.77,0.2028,-0.0869,0.571,参考,東京芝短中距離(1400-1600)・良・中枠(3-6)で母父「ハーツクライ」は基準比リフト0.571
福島,小回り・機動型,ダ,短距離(1000-1300),良,中枠(3-6),母父,アグネスタキオン,75,6,8,0.08,0.1067,53.7,0.0,8.2,0.1882,-0.0815,0.567,参考,福島ダ短距離(1000-1300)・良・中枠(3-6)で母父「アグネスタキオン」は基準比リフト0.567
中京,直線長め・持続型,ダ,中距離(1700-2000),良,中枠(3-6),母父,サクラバクシンオー,57,2,7,0.0351,0.1228,33.3,0.0,8.44,0.2184,-0.0956,0.562,参考,中京ダ中距離(1700-2000)・良・中枠(3-6)で母父「サクラバクシンオー」は基準比リフト0.562
東京,直線長め・持続型,ダ,短中距離(1400-1600),良,中枠(3-6),母父,コマンダーインチーフ,135,3,15,0.0222,0.1111,7.2,0.0,9.1,0.1997,-0.0886,0.556,参考,東京ダ短中距離(1400-1600)・良・中枠(3-6)で母父「コマンダーインチーフ」は基準比リフト0.556
中山,坂あり・パワー型,ダ,短距離(1000-1300),良,外枠(7-8),母父,アフリート,62,0,7,0.0,0.1129,0.0,0.0,8.61,0.2034,-0.0905,0.555,参考,中山ダ短距離(1000-1300)・良・外枠(7-8)で母父「アフリート」は基準比リフト0.555
中京,直線長め・持続型,ダ,短中距離(1400-1600),良,内枠(1-2),母父,サンデーサイレンス,55,1,6,0.0182,0.1091,3.3,0.0,8.64,0.1971,-0.088,0.554,参考,中京ダ短中距離(1400-1600)・良・内枠(1-2)で母父「サンデーサイレンス」は基準比リフト0.554
東京,直線長め・持続型,芝,中距離(1700-2000),良,中枠(3-6),母父,アフリート,69,4,9,0.058,0.1304,122.5,0.0,8.78,0.237,-0.1066,0.55,参考,東京芝中距離(1700-2000)・良・中枠(3-6)で母父「アフリート」は基準比リフト0.55
中山,坂あり・パワー型,芝,短中距離(1400-1600),良,外枠(7-8),母父,ブライアンズタイム,68,3,7,0.0441,0.1029,21.9,0.0,9.6,0.1887,-0.0858,0.545,参考,中山芝短中距離(1400-1600)・良・外枠(7-8)で母父「ブライアンズタイム」は基準比リフト0.545
阪神,坂あり・パワー型,ダ,短距離(1000-1300),良,中枠(3-6),母父,ダンスインザダーク,71,2,8,0.0282,0.1127,12.1,0.0,8.66,0.2076,-0.0949,0.543,参考,阪神ダ短距離(1000-1300)・良・中枠(3-6)で母父「ダンスインザダーク」は基準比リフト0.543
福島,小回り・機動型,芝,中距離(1700-2000),良,外枠(7-8),母父,ダンスインザダーク,59,1,6,0.0169,0.1017,33.2,0.0,8.66,0.1878,-0.0861,0.542,参考,福島芝中距離(1700-2000)・良・外枠(7-8)で母父「ダンスインザダーク」は基準比リフト0.542
福島,小回り・機動型,芝,短距離(1000-1300),良,外枠(7-8),母父,タイキシャトル,57,1,6,0.0175,0.1053,12.1,0.0,9.44,0.1962,-0.0909,0.537,参考,福島芝短距離(1000-1300)・良・外枠(7-8)で母父「タイキシャトル」は基準比リフト0.537
中山,坂あり・パワー型,ダ,中距離(1700-2000),良,中枠(3-6),母父,タイキシャトル,75,4,8,0.0533,0.1067,36.7,0.0,9.56,0.199,-0.0923,0.536,参考,中山ダ中距離(1700-2000)・良・中枠(3-6)で母父「タイキシャトル」は基準比リフト0.536
阪神,坂あり・パワー型,ダ,短中距離(1400-1600),良,中枠(3-6),母父,サクラバクシンオー,92,5,10,0.0543,0.1087,82.4,0.0,9.34,0.2031,-0.0944,0.535,参考,阪神ダ短中距離(1400-1600)・良・中枠(3-6)で母父「サクラバクシンオー」は基準比リフト0.535
東京,直線長め・持続型,芝,短中距離(1400-1600),良,内枠(1-2),母父,ブライアンズタイム,92,3,10,0.0326,0.1087,8.4,0.0,9.95,0.2047,-0.096,0.531,参考,東京芝短中距離(1400-1600)・良・内枠(1-2)で母父「ブライアンズタイム」は基準比リフト0.531
小倉,小回り・機動型,芝,短距離(1000-1300),良,中枠(3-6),母父,フォーティナイナー,58,2,6,0.0345,0.1034,21.6,0.0,9.28,0.1949,-0.0915,0.531,参考,小倉芝短距離(1000-1300)・良・中枠(3-6)で母父「フォーティナイナー」は基準比リフト0.531
中山,坂あり・パワー型,芝,中距離(1700-2000),良,中枠(3-6),母父,タイキシャトル,61,1,7,0.0164,0.1148,52.5,0.0,9.21,0.2165,-0.1017,0.53,参考,中山芝中距離(1700-2000)・良・中枠(3-6)で母父「タイキシャトル」は基準比リフト0.53
中山,坂あり・パワー型,ダ,中距離(1700-2000),良,内枠(1-2),母父,ネオユニヴァース,51,4,5,0.0784,0.098,43.5,0.0,8.37,0.1848,-0.0868,0.53,参考,中山ダ中距離(1700-2000)・良・内枠(1-2)で母父「ネオユニヴァース」は基準比リフト0.53
京都,平坦・スピード型,芝,中距離(1700-2000),良,外枠(7-8),母父,ブライアンズタイム,67,3,8,0.0448,0.1194,13.7,0.0,8.87,0.2263,-0.1069,0.528,参考,京都芝中距離(1700-2000)・良・外枠(7-8)で母父「ブライアンズタイム」は基準比リフト0.528
小倉,小回り・機動型,芝,中距離(1700-2000),良,中枠(3-6),母父,クロフネ,111,7,13,0.0631,0.1171,34.4,0.0,8.31,0.2218,-0.1047,0.528,参考,小倉芝中距離(1700-2000)・良・中枠(3-6)で母父「クロフネ」は基準比リフト0.528
新潟,直線長め・平坦型,芝,短中距離(1400-1600),良,外枠(7-8),母父,トニービン,60,6,6,0.1,0.1,610.2,0.0,8.1,0.1905,-0.0905,0.525,参考,新潟芝短中距離(1400-1600)・良・外枠(7-8)で母父「トニービン」は基準比リフト0.525
福島,小回り・機動型,芝,短距離(1000-1300),良,外枠(7-8),母父,ダンスインザダーク,78,0,8,0.0,0.1026,0.0,0.0,8.4,0.1962,-0.0936,0.523,参考,福島芝短距離(1000-1300)・良・外枠(7-8)で母父「ダンスインザダーク」は基準比リフト0.523
福島,小回り・機動型,芝,短距離(1000-1300),良,中枠(3-6),母父,スペシャルウィーク,71,3,7,0.0423,0.0986,63.4,0.0,9.0,0.1887,-0.0901,0.523,参考,福島芝短距離(1000-1300)・良・中枠(3-6)で母父「スペシャルウィーク」は基準比リフト0.523
中京,直線長め・持続型,ダ,中距離(1700-2000),良,中枠(3-6),母父,タイキシャトル,53,2,6,0.0377,0.1132,24.3,0.0,8.02,0.2184,-0.1052,0.518,参考,中京ダ中距離(1700-2000)・良・中枠(3-6)で母父「タイキシャトル」は基準比リフト0.518
小倉,小回り・機動型,芝,短距離(1000-1300),良,中枠(3-6),母父,マンハッタンカフェ,50,1,5,0.02,0.1,55.0,0.0,9.6,0.1949,-0.0949,0.513,参考,小倉芝短距離(1000-1300)・良・中枠(3-6)で母父「マンハッタンカフェ」は基準比リフト0.513
東京,直線長め・持続型,芝,中距離(1700-2000),良,中枠(3-6),母父,コマンダーインチーフ,50,4,6,0.08,0.12,47.6,0.0,8.54,0.237,-0.117,0.506,参考,東京芝中距離(1700-2000)・良・中枠(3-6)で母父「コマンダーインチーフ」は基準比リフト0.506
東京,直線長め・持続型,芝,短中距離(1400-1600),良,中枠(3-6),母父,アフリート,78,1,8,0.0128,0.1026,6.4,0.0,9.86,0.2028,-0.1002,0.506,参考,東京芝短中距離(1400-1600)・良・中枠(3-6)で母父「アフリート」は基準比リフト0.506
小倉,小回り・機動型,芝,中距離(1700-2000),良,中枠(3-6),母父,アフリート,54,2,6,0.037,0.1111,90.4,0.0,8.61,0.2218,-0.1107,0.501,参考,小倉芝中距離(1700-2000)・良・中枠(3-6)で母父「アフリート」は基準比リフト0.501
中京,直線長め・持続型,ダ,短中距離(1400-1600),良,中枠(3-6),母父,タイキシャトル,51,1,5,0.0196,0.098,18.4,0.0,9.65,0.1973,-0.0993,0.497,参考,中京ダ短中距離(1400-1600)・良・中枠(3-6)で母父「タイキシャトル」は基準比リフト0.497
東京,直線長め・持続型,芝,短中距離(1400-1600),良,中枠(3-6),母父,ネオユニヴァース,81,3,8,0.037,0.0988,25.2,0.0,9.22,0.2028,-0.104,0.487,参考,東京芝短中距離(1400-1600)・良・中枠(3-6)で母父「ネオユニヴァース」は基準比リフト0.487
阪神,坂あり・パワー型,ダ,中距離(1700-2000),重不良,中枠(3-6),母父,ブライアンズタイム,56,1,6,0.0179,0.1071,6.4,0.0,8.07,0.2243,-0.1172,0.477,参考,阪神ダ中距離(1700-2000)・重不良・中枠(3-6)で母父「ブライアンズタイム」は基準比リフト0.477
阪神,坂あり・パワー型,ダ,中距離(1700-2000),良,中枠(3-6),母父,フォーティナイナー,74,2,8,0.027,0.1081,42.2,0.0,8.7,0.2273,-0.1192,0.476,参考,阪神ダ中距離(1700-2000)・良・中枠(3-6)で母父「フォーティナイナー」は基準比リフト0.476
中山,坂あり・パワー型,ダ,中距離(1700-2000),良,中枠(3-6),母父,コマンダーインチーフ,95,5,9,0.0526,0.0947,74.4,0.0,8.16,0.199,-0.1043,0.476,参考,中山ダ中距離(1700-2000)・良・中枠(3-6)で母父「コマンダーインチーフ」は基準比リフト0.476
新潟,直線長め・平坦型,芝,短中距離(1400-1600),良,中枠(3-6),母父,サクラバクシンオー,87,1,8,0.0115,0.092,8.7,0.0,9.08,0.1947,-0.1027,0.473,参考,新潟芝短中距離(1400-1600)・良・中枠(3-6)で母父「サクラバクシンオー」は基準比リフト0.473
中山,坂あり・パワー型,ダ,短距離(1000-1300),良,中枠(3-6),母父,ゼンノロブロイ,66,3,6,0.0455,0.0909,201.8,0.0,9.83,0.1927,-0.1018,0.472,参考,中山ダ短距離(1000-1300)・良・中枠(3-6)で母父「ゼンノロブロイ」は基準比リフト0.472
東京,直線長め・持続型,ダ,短中距離(1400-1600),良,内枠(1-2),母父,マンハッタンカフェ,65,1,5,0.0154,0.0769,6.3,0.0,9.11,0.1677,-0.0908,0.459,参考,東京ダ短中距離(1400-1600)・良・内枠(1-2)で母父「マンハッタンカフェ」は基準比リフト0.459
東京,直線長め・持続型,ダ,短中距離(1400-1600),良,中枠(3-6),母父,ジャングルポケット,77,4,7,0.0519,0.0909,23.1,0.0,9.04,0.1997,-0.1088,0.455,参考,東京ダ短中距離(1400-1600)・良・中枠(3-6)で母父「ジャングルポケット」は基準比リフト0.455
中京,直線長め・持続型,芝,中距離(1700-2000),良,中枠(3-6),母父,アグネスタキオン,50,1,5,0.02,0.1,4.6,0.0,7.86,0.2207,-0.1207,0.453,参考,中京芝中距離(1700-2000)・良・中枠(3-6)で母父「アグネスタキオン」は基準比リフト0.453
京都,平坦・スピード型,芝,短中距離(1400-1600),良,内枠(1-2),母父,ブライアンズタイム,61,1,6,0.0164,0.0984,7.7,0.0,8.64,0.2185,-0.1201,0.45,参考,京都芝短中距離(1400-1600)・良・内枠(1-2)で母父「ブライアンズタイム」は基準比リフト0.45
京都,平坦・スピード型,芝,短中距離(1400-1600),良,中枠(3-6),母父,アフリート,52,1,5,0.0192,0.0962,16.3,0.0,9.48,0.2142,-0.118,0.449,参考,京都芝短中距離(1400-1600)・良・中枠(3-6)で母父「アフリート」は基準比リフト0.449
福島,小回り・機動型,芝,中距離(1700-2000),良,外枠(7-8),母父,アグネスタキオン,73,4,6,0.0548,0.0822,26.8,0.0,8.36,0.1878,-0.1056,0.438,参考,福島芝中距離(1700-2000)・良・外枠(7-8)で母父「アグネスタキオン」は基準比リフト0.438
東京,直線長め・持続型,ダ,短中距離(1400-1600),良,中枠(3-6),母父,バブルガムフェロー,92,1,8,0.0109,0.087,2.8,0.0,9.27,0.1997,-0.1127,0.436,参考,東京ダ短中距離(1400-1600)・良・中枠(3-6)で母父「バブルガムフェロー」は基準比リフト0.436
中山,坂あり・パワー型,芝,短中距離(1400-1600),良,外枠(7-8),母父,ダンスインザダーク,61,2,5,0.0328,0.082,9.8,0.0,9.49,0.1887,-0.1067,0.435,参考,中山芝短中距離(1400-1600)・良・外枠(7-8)で母父「ダンスインザダーク」は基準比リフト0.435
阪神,坂あり・パワー型,ダ,中距離(1700-2000),良,中枠(3-6),母父,コマンダーインチーフ,66,2,6,0.0303,0.0909,11.8,0.0,8.32,0.2273,-0.1364,0.4,参考,阪神ダ中距離(1700-2000)・良・中枠(3-6)で母父「コマンダーインチーフ」は基準比リフト0.4
新潟,直線長め・平坦型,ダ,短距離(1000-1300),良,中枠(3-6),母父,シンボリクリスエス,51,1,4,0.0196,0.0784,3.7,0.0,7.57,0.2029,-0.1245,0.386,参考,新潟ダ短距離(1000-1300)・良・中枠(3-6)で母父「シンボリクリスエス」は基準比リフト0.386
京都,平坦・スピード型,ダ,短距離(1000-1300),良,中枠(3-6),母父,フォーティナイナー,54,1,4,0.0185,0.0741,16.5,0.0,8.87,0.1949,-0.1208,0.38,参考,京都ダ短距離(1000-1300)・良・中枠(3-6)で母父「フォーティナイナー」は基準比リフト0.38
東京,直線長め・持続型,ダ,短中距離(1400-1600),良,中枠(3-6),母父,アドマイヤムーン,57,1,4,0.0175,0.0702,15.8,0.0,9.91,0.1997,-0.1295,0.352,参考,東京ダ短中距離(1400-1600)・良・中枠(3-6)で母父「アドマイヤムーン」は基準比リフト0.352
東京,直線長め・持続型,ダ,短中距離(1400-1600),良,内枠(1-2),母父,ネオユニヴァース,51,1,3,0.0196,0.0588,8.8,0.0,9.63,0.1677,-0.1089,0.351,参考,東京ダ短中距離(1400-1600)・良・内枠(1-2)で母父「ネオユニヴァース」は基準比リフト0.351
阪神,坂あり・パワー型,ダ,短中距離(1400-1600),重不良,中枠(3-6),母父,サンデーサイレンス,51,0,3,0.0,0.0588,0.0,0.0,7.94,0.1774,-0.1186,0.331,参考,阪神ダ短中距離(1400-1600)・重不良・中枠(3-6)で母父「サンデーサイレンス」は基準比リフト0.331
新潟,直線長め・平坦型,芝,短中距離(1400-1600),良,中枠(3-6),母父,マンハッタンカフェ,51,2,3,0.0392,0.0588,26.3,0.0,8.73,0.1947,-0.1359,0.302,参考,新潟芝短中距離(1400-1600)・良・中枠(3-6)で母父「マンハッタンカフェ」は基準比リフト0.302
東京,直線長め・持続型,芝,短中距離(1400-1600),良,中枠(3-6),母父,コマンダーインチーフ,93,0,4,0.0,0.043,0.0,0.0,10.67,0.2028,-0.1598,0.212,参考,東京芝短中距離(1400-1600)・良・中枠(3-6)で母父「コマンダーインチーフ」は基準比リフト0.212
小倉,小回り・機動型,芝,短距離(1000-1300),良,中枠(3-6),母父,アフリート,56,2,2,0.0357,0.0357,19.8,0.0,9.2,0.1949,-0.1592,0.183,参考,小倉芝短距離(1000-1300)・良・中枠(3-6)で母父「アフリート」は基準比リフト0.183
