場所,コースタイプ,芝・ダ,距離帯,馬場分類,枠ゾーン,血統区分,血統名,母数,勝利数,複勝数,勝率,複勝率,単勝回収率,複勝回収率,平均人気,基準複勝率,複勝率差,リフト,評価,特徴コメント
東京,直線長め・持続型,芝,短中距離(1400-1600),良,外枠(7-8),父,ディープインパクト,346,61,138,0.1763,0.3988,98.3,0.0,4.89,0.1988,0.2,2.006,A,東京芝短中距離(1400-1600)・良・外枠(7-8)で父「ディープインパクト」は基準比リフト2.006
京都,平坦・スピード型,芝,中距離(1700-2000),良,外枠(7-8),父,ディープインパクト,275,45,124,0.1636,0.4509,58.7,0.0,4.13,0.2263,0.2246,1.992,A,京都芝中距離(1700-2000)・良・外枠(7-8)で父「ディープインパクト」は基準比リフト1.992
中京,直線長め・持続型,芝,短中距離(1400-1600),良,外枠(7-8),父,ディープインパクト,162,19,63,0.1173,0.3889,84.2,0.0,5.81,0.1978,0.1911,1.966,A,中京芝短中距離(1400-1600)・良・外枠(7-8)で父「ディープインパクト」は基準比リフト1.966
京都,平坦・スピード型,芝,短中距離(1400-1600),良,内枠(1-2),父,ディープインパクト,161,33,69,0.205,0.4286,176.3,0.0,4.25,0.2185,0.2101,1.962,A,京都芝短中距離(1400-1600)・良・内枠(1-2)で父「ディープインパクト」は基準比リフト1.962
東京,直線長め・持続型,芝,短中距離(1400-1600),良,外枠(7-8),父,ロードカナロア,175,21,66,0.12,0.3771,94.6,0.0,5.82,0.1988,0.1783,1.897,A,東京芝短中距離(1400-1600)・良・外枠(7-8)で父「ロードカナロア」は基準比リフト1.897
東京,直線長め・持続型,ダ,短中距離(1400-1600),良,中枠(3-6),父,ヘニーヒューズ,261,32,95,0.1226,0.364,82.8,0.0,6.11,0.1997,0.1643,1.823,A,東京ダ短中距離(1400-1600)・良・中枠(3-6)で父「ヘニーヒューズ」は基準比リフト1.823
阪神,坂あり・パワー型,芝,短中距離(1400-1600),良,外枠(7-8),父,ディープインパクト,326,46,112,0.1411,0.3436,82.0,0.0,5.15,0.1907,0.1529,1.802,A,阪神芝短中距離(1400-1600)・良・外枠(7-8)で父「ディープインパクト」は基準比リフト1.802
京都,平坦・スピード型,芝,中距離(1700-2000),良,内枠(1-2),父,ディープインパクト,193,31,83,0.1606,0.4301,58.3,0.0,4.1,0.239,0.1911,1.8,A,京都芝中距離(1700-2000)・良・内枠(1-2)で父「ディープインパクト」は基準比リフト1.8
京都,平坦・スピード型,芝,短中距離(1400-1600),良,中枠(3-6),父,ディープインパクト,471,71,181,0.1507,0.3843,96.9,0.0,4.6,0.2142,0.1701,1.794,A,京都芝短中距離(1400-1600)・良・中枠(3-6)で父「ディープインパクト」は基準比リフト1.794
中山,坂あり・パワー型,芝,短中距離(1400-1600),良,中枠(3-6),父,ディープインパクト,241,35,86,0.1452,0.3568,72.6,0.0,5.15,0.2014,0.1554,1.772,A,中山芝短中距離(1400-1600)・良・中枠(3-6)で父「ディープインパクト」は基準比リフト1.772
中山,坂あり・パワー型,芝,中距離(1700-2000),良,外枠(7-8),父,ディープインパクト,239,38,87,0.159,0.364,92.2,0.0,5.15,0.2074,0.1566,1.755,A,中山芝中距離(1700-2000)・良・外枠(7-8)で父「ディープインパクト」は基準比リフト1.755
京都,平坦・スピード型,芝,中長距離(2100-2400),良,中枠(3-6),父,ディープインパクト,152,26,62,0.1711,0.4079,83.8,0.0,4.33,0.2341,0.1738,1.742,A,京都芝中長距離(2100-2400)・良・中枠(3-6)で父「ディープインパクト」は基準比リフト1.742
中山,坂あり・パワー型,芝,中距離(1700-2000),良,中枠(3-6),父,ディープインパクト,384,56,144,0.1458,0.375,71.4,0.0,4.86,0.2165,0.1585,1.732,A,中山芝中距離(1700-2000)・良・中枠(3-6)で父「ディープインパクト」は基準比リフト1.732
阪神,坂あり・パワー型,芝,中距離(1700-2000),良,外枠(7-8),父,ディープインパクト,350,69,140,0.1971,0.4,106.7,0.0,4.22,0.2332,0.1668,1.715,A,阪神芝中距離(1700-2000)・良・外枠(7-8)で父「ディープインパクト」は基準比リフト1.715
京都,平坦・スピード型,芝,中距離(1700-2000),良,中枠(3-6),父,ディープインパクト,465,81,195,0.1742,0.4194,64.7,0.0,3.98,0.2454,0.174,1.709,A,京都芝中距離(1700-2000)・良・中枠(3-6)で父「ディープインパクト」は基準比リフト1.709
阪神,坂あり・パワー型,芝,短中距離(1400-1600),良,中枠(3-6),父,ディープインパクト,497,66,183,0.1328,0.3682,77.2,0.0,5.12,0.2169,0.1513,1.698,A,阪神芝短中距離(1400-1600)・良・中枠(3-6)で父「ディープインパクト」は基準比リフト1.698
京都,平坦・スピード型,芝,短中距離(1400-1600),良,外枠(7-8),父,ディープインパクト,275,27,89,0.0982,0.3236,45.6,0.0,5.26,0.1935,0.1301,1.672,A,京都芝短中距離(1400-1600)・良・外枠(7-8)で父「ディープインパクト」は基準比リフト1.672
小倉,小回り・機動型,芝,中距離(1700-2000),良,内枠(1-2),父,ディープインパクト,159,35,59,0.2201,0.3711,107.2,0.0,4.29,0.2226,0.1485,1.667,A,小倉芝中距離(1700-2000)・良・内枠(1-2)で父「ディープインパクト」は基準比リフト1.667
新潟,直線長め・平坦型,芝,中距離(1700-2000),良,中枠(3-6),父,ディープインパクト,324,44,117,0.1358,0.3611,90.3,0.0,5.4,0.2171,0.144,1.663,A,新潟芝中距離(1700-2000)・良・中枠(3-6)で父「ディープインパクト」は基準比リフト1.663
東京,直線長め・持続型,芝,短中距離(1400-1600),良,中枠(3-6),父,ディープインパクト,525,72,177,0.1371,0.3371,54.8,0.0,5.19,0.2028,0.1343,1.662,A,東京芝短中距離(1400-1600)・良・中枠(3-6)で父「ディープインパクト」は基準比リフト1.662
阪神,坂あり・パワー型,芝,中距離(1700-2000),良,内枠(1-2),父,ディープインパクト,260,39,108,0.15,0.4154,78.8,0.0,4.55,0.2505,0.1649,1.658,A,阪神芝中距離(1700-2000)・良・内枠(1-2)で父「ディープインパクト」は基準比リフト1.658
阪神,坂あり・パワー型,芝,中距離(1700-2000),良,中枠(3-6),父,ディープインパクト,557,91,221,0.1634,0.3968,74.4,0.0,4.58,0.2399,0.1569,1.654,A,阪神芝中距離(1700-2000)・良・中枠(3-6)で父「ディープインパクト」は基準比リフト1.654
東京,直線長め・持続型,芝,中距離(1700-2000),良,中枠(3-6),父,ディープインパクト,606,87,236,0.1436,0.3894,55.7,0.0,4.68,0.237,0.1524,1.643,A,東京芝中距離(1700-2000)・良・中枠(3-6)で父「ディープインパクト」は基準比リフト1.643
東京,直線長め・持続型,芝,中長距離(2100-2400),良,中枠(3-6),父,ディープインパクト,221,29,82,0.1312,0.371,76.7,0.0,4.82,0.226,0.145,1.642,A,東京芝中長距離(2100-2400)・良・中枠(3-6)で父「ディープインパクト」は基準比リフト1.642
東京,直線長め・持続型,芝,中距離(1700-2000),良,外枠(7-8),父,ディープインパクト,368,45,129,0.1223,0.3505,62.0,0.0,4.78,0.2154,0.1351,1.627,A,東京芝中距離(1700-2000)・良・外枠(7-8)で父「ディープインパクト」は基準比リフト1.627
東京,直線長め・持続型,芝,短中距離(1400-1600),良,内枠(1-2),父,ディープインパクト,246,24,81,0.0976,0.3293,70.0,0.0,5.38,0.2047,0.1246,1.609,A,東京芝短中距離(1400-1600)・良・内枠(1-2)で父「ディープインパクト」は基準比リフト1.609
中京,直線長め・持続型,芝,短中距離(1400-1600),良,中枠(3-6),父,ディープインパクト,285,36,94,0.1263,0.3298,57.6,0.0,5.32,0.2051,0.1247,1.608,A,中京芝短中距離(1400-1600)・良・中枠(3-6)で父「ディープインパクト」は基準比リフト1.608
札幌,小回り・持続型,芝,中距離(1700-2000),良,中枠(3-6),父,ディープインパクト,172,24,67,0.1395,0.3895,66.0,0.0,5.03,0.2428,0.1467,1.604,A,札幌芝中距離(1700-2000)・良・中枠(3-6)で父「ディープインパクト」は基準比リフト1.604
小倉,小回り・機動型,芝,中距離(1700-2000),良,中枠(3-6),父,ディープインパクト,362,37,128,0.1022,0.3536,72.0,0.0,5.14,0.2218,0.1318,1.594,A,小倉芝中距離(1700-2000)・良・中枠(3-6)で父「ディープインパクト」は基準比リフト1.594
阪神,坂あり・パワー型,芝,中距離(1700-2000),良,外枠(7-8),父,キングカメハメハ,183,28,68,0.153,0.3716,258.6,0.0,5.96,0.2332,0.1384,1.593,A,阪神芝中距離(1700-2000)・良・外枠(7-8)で父「キングカメハメハ」は基準比リフト1.593
新潟,直線長め・平坦型,芝,短中距離(1400-1600),良,中枠(3-6),父,ディープインパクト,228,20,70,0.0877,0.307,55.0,0.0,5.9,0.1947,0.1123,1.577,A,新潟芝短中距離(1400-1600)・良・中枠(3-6)で父「ディープインパクト」は基準比リフト1.577
京都,平坦・スピード型,芝,短中距離(1400-1600),良,外枠(7-8),父,キングカメハメハ,169,23,51,0.1361,0.3018,133.5,0.0,6.54,0.1935,0.1083,1.56,A,京都芝短中距離(1400-1600)・良・外枠(7-8)で父「キングカメハメハ」は基準比リフト1.56
東京,直線長め・持続型,ダ,中長距離(2100-2400),良,中枠(3-6),父,キングカメハメハ,151,15,52,0.0993,0.3444,52.5,0.0,6.42,0.2214,0.123,1.556,A,東京ダ中長距離(2100-2400)・良・中枠(3-6)で父「キングカメハメハ」は基準比リフト1.556
東京,直線長め・持続型,芝,短中距離(1400-1600),良,中枠(3-6),父,ハーツクライ,280,25,87,0.0893,0.3107,35.9,0.0,5.78,0.2028,0.1079,1.532,A,東京芝短中距離(1400-1600)・良・中枠(3-6)で父「ハーツクライ」は基準比リフト1.532
東京,直線長め・持続型,芝,短中距離(1400-1600),良,中枠(3-6),父,ロードカナロア,259,32,80,0.1236,0.3089,91.7,0.0,5.59,0.2028,0.1061,1.523,A,東京芝短中距離(1400-1600)・良・中枠(3-6)で父「ロードカナロア」は基準比リフト1.523
小倉,小回り・機動型,芝,中距離(1700-2000),良,外枠(7-8),父,ディープインパクト,239,31,74,0.1297,0.3096,64.9,0.0,5.2,0.2048,0.1048,1.512,A,小倉芝中距離(1700-2000)・良・外枠(7-8)で父「ディープインパクト」は基準比リフト1.512
中京,直線長め・持続型,芝,中距離(1700-2000),良,中枠(3-6),父,ハーツクライ,186,23,62,0.1237,0.3333,83.6,0.0,5.89,0.2207,0.1126,1.51,A,中京芝中距離(1700-2000)・良・中枠(3-6)で父「ハーツクライ」は基準比リフト1.51
東京,直線長め・持続型,ダ,短中距離(1400-1600),良,外枠(7-8),父,キングカメハメハ,163,14,53,0.0859,0.3252,52.1,0.0,6.91,0.2165,0.1087,1.502,A,東京ダ短中距離(1400-1600)・良・外枠(7-8)で父「キングカメハメハ」は基準比リフト1.502
中山,坂あり・パワー型,芝,中距離(1700-2000),良,中枠(3-6),父,ルーラーシップ,160,17,52,0.1062,0.325,55.1,0.0,6.19,0.2165,0.1085,1.501,A,中山芝中距離(1700-2000)・良・中枠(3-6)で父「ルーラーシップ」は基準比リフト1.501
京都,平坦・スピード型,ダ,中距離(1700-2000),良,中枠(3-6),父,キングカメハメハ,349,49,114,0.1404,0.3266,76.3,0.0,6.11,0.2181,0.1085,1.497,A,京都ダ中距離(1700-2000)・良・中枠(3-6)で父「キングカメハメハ」は基準比リフト1.497
福島,小回り・機動型,芝,中距離(1700-2000),良,中枠(3-6),父,ディープインパクト,208,24,68,0.1154,0.3269,84.1,0.0,6.11,0.2188,0.1081,1.494,A,福島芝中距離(1700-2000)・良・中枠(3-6)で父「ディープインパクト」は基準比リフト1.494
新潟,直線長め・平坦型,芝,中距離(1700-2000),良,外枠(7-8),父,ディープインパクト,197,23,62,0.1168,0.3147,67.9,0.0,5.38,0.2107,0.104,1.494,A,新潟芝中距離(1700-2000)・良・外枠(7-8)で父「ディープインパクト」は基準比リフト1.494
東京,直線長め・持続型,芝,短中距離(1400-1600),良,外枠(7-8),父,ハーツクライ,175,21,52,0.12,0.2971,92.7,0.0,7.08,0.1988,0.0983,1.494,A,東京芝短中距離(1400-1600)・良・外枠(7-8)で父「ハーツクライ」は基準比リフト1.494
京都,平坦・スピード型,芝,中距離(1700-2000),良,外枠(7-8),父,キングカメハメハ,161,31,54,0.1925,0.3354,102.7,0.0,5.68,0.2263,0.1091,1.482,A,京都芝中距離(1700-2000)・良・外枠(7-8)で父「キングカメハメハ」は基準比リフト1.482
東京,直線長め・持続型,芝,中距離(1700-2000),良,外枠(7-8),父,ハーツクライ,243,22,77,0.0905,0.3169,40.0,0.0,6.16,0.2154,0.1015,1.471,A,東京芝中距離(1700-2000)・良・外枠(7-8)で父「ハーツクライ」は基準比リフト1.471
東京,直線長め・持続型,芝,中距離(1700-2000),良,内枠(1-2),父,ディープインパクト,241,37,83,0.1535,0.3444,52.4,0.0,4.46,0.2345,0.1099,1.469,A,東京芝中距離(1700-2000)・良・内枠(1-2)で父「ディープインパクト」は基準比リフト1.469
中山,坂あり・パワー型,ダ,中距離(1700-2000),良,中枠(3-6),父,キングカメハメハ,226,24,66,0.1062,0.292,123.0,0.0,6.29,0.199,0.093,1.467,A,中山ダ中距離(1700-2000)・良・中枠(3-6)で父「キングカメハメハ」は基準比リフト1.467
中山,坂あり・パワー型,ダ,中距離(1700-2000),良,外枠(7-8),父,クロフネ,160,19,52,0.1188,0.325,74.2,0.0,6.59,0.2226,0.1024,1.46,A,中山ダ中距離(1700-2000)・良・外枠(7-8)で父「クロフネ」は基準比リフト1.46
中山,坂あり・パワー型,芝,中距離(1700-2000),良,内枠(1-2),父,ディープインパクト,152,21,49,0.1382,0.3224,60.1,0.0,4.96,0.2217,0.1007,1.454,A,中山芝中距離(1700-2000)・良・内枠(1-2)で父「ディープインパクト」は基準比リフト1.454
東京,直線長め・持続型,芝,短中距離(1400-1600),良,中枠(3-6),父,ダイワメジャー,394,42,116,0.1066,0.2944,87.6,0.0,6.21,0.2028,0.0916,1.452,A,東京芝短中距離(1400-1600)・良・中枠(3-6)で父「ダイワメジャー」は基準比リフト1.452
新潟,直線長め・平坦型,芝,短中距離(1400-1600),良,中枠(3-6),父,ダイワメジャー,161,17,45,0.1056,0.2795,46.4,0.0,6.52,0.1947,0.0848,1.436,A,新潟芝短中距離(1400-1600)・良・中枠(3-6)で父「ダイワメジャー」は基準比リフト1.436
東京,直線長め・持続型,ダ,短中距離(1400-1600),良,中枠(3-6),父,プリサイスエンド,189,20,54,0.1058,0.2857,184.5,0.0,7.16,0.1997,0.086,1.431,A,東京ダ短中距離(1400-1600)・良・中枠(3-6)で父「プリサイスエンド」は基準比リフト1.431
中山,坂あり・パワー型,ダ,中距離(1700-2000),良,中枠(3-6),父,ゴールドアリュール,232,18,66,0.0776,0.2845,54.4,0.0,6.91,0.199,0.0855,1.43,A,中山ダ中距離(1700-2000)・良・中枠(3-6)で父「ゴールドアリュール」は基準比リフト1.43
阪神,坂あり・パワー型,芝,短中距離(1400-1600),良,中枠(3-6),父,ハーツクライ,219,21,67,0.0959,0.3059,85.4,0.0,7.01,0.2169,0.089,1.41,A,阪神芝短中距離(1400-1600)・良・中枠(3-6)で父「ハーツクライ」は基準比リフト1.41
中山,坂あり・パワー型,芝,中距離(1700-2000),良,中枠(3-6),父,ハーツクライ,296,38,90,0.1284,0.3041,69.6,0.0,6.09,0.2165,0.0876,1.405,A,中山芝中距離(1700-2000)・良・中枠(3-6)で父「ハーツクライ」は基準比リフト1.405
東京,直線長め・持続型,ダ,短中距離(1400-1600),良,外枠(7-8),父,ヘニーヒューズ,155,18,47,0.1161,0.3032,55.5,0.0,5.66,0.2165,0.0867,1.4,A,東京ダ短中距離(1400-1600)・良・外枠(7-8)で父「ヘニーヒューズ」は基準比リフト1.4
中京,直線長め・持続型,芝,中距離(1700-2000),良,中枠(3-6),父,ディープインパクト,230,19,71,0.0826,0.3087,69.3,0.0,5.23,0.2207,0.088,1.399,A,中京芝中距離(1700-2000)・良・中枠(3-6)で父「ディープインパクト」は基準比リフト1.399
小倉,小回り・機動型,芝,中距離(1700-2000),良,中枠(3-6),父,ハーツクライ,257,23,79,0.0895,0.3074,57.4,0.0,6.03,0.2218,0.0856,1.386,A,小倉芝中距離(1700-2000)・良・中枠(3-6)で父「ハーツクライ」は基準比リフト1.386
小倉,小回り・機動型,芝,短距離(1000-1300),良,中枠(3-6),父,ダイワメジャー,211,13,57,0.0616,0.2701,58.3,0.0,6.74,0.1949,0.0752,1.386,A,小倉芝短距離(1000-1300)・良・中枠(3-6)で父「ダイワメジャー」は基準比リフト1.386
東京,直線長め・持続型,芝,短中距離(1400-1600),良,中枠(3-6),父,ステイゴールド,164,14,46,0.0854,0.2805,190.3,0.0,7.95,0.2028,0.0777,1.383,A,東京芝短中距離(1400-1600)・良・中枠(3-6)で父「ステイゴールド」は基準比リフト1.383
東京,直線長め・持続型,芝,短中距離(1400-1600),良,中枠(3-6),父,キングカメハメハ,300,38,84,0.1267,0.28,90.9,0.0,6.31,0.2028,0.0772,1.381,A,東京芝短中距離(1400-1600)・良・中枠(3-6)で父「キングカメハメハ」は基準比リフト1.381
東京,直線長め・持続型,芝,中距離(1700-2000),良,中枠(3-6),父,ハーツクライ,406,38,132,0.0936,0.3251,74.9,0.0,6.08,0.237,0.0881,1.372,A,東京芝中距離(1700-2000)・良・中枠(3-6)で父「ハーツクライ」は基準比リフト1.372
東京,直線長め・持続型,芝,短中距離(1400-1600),良,内枠(1-2),父,ダイワメジャー,178,17,50,0.0955,0.2809,66.1,0.0,6.02,0.2047,0.0762,1.372,A,東京芝短中距離(1400-1600)・良・内枠(1-2)で父「ダイワメジャー」は基準比リフト1.372
京都,平坦・スピード型,ダ,中距離(1700-2000),良,外枠(7-8),父,キングカメハメハ,173,21,49,0.1214,0.2832,56.5,0.0,6.12,0.2066,0.0766,1.371,A,京都ダ中距離(1700-2000)・良・外枠(7-8)で父「キングカメハメハ」は基準比リフト1.371
中京,直線長め・持続型,芝,短中距離(1400-1600),良,中枠(3-6),父,ダイワメジャー,194,14,54,0.0722,0.2784,45.5,0.0,6.73,0.2051,0.0733,1.357,A,中京芝短中距離(1400-1600)・良・中枠(3-6)で父「ダイワメジャー」は基準比リフト1.357
東京,直線長め・持続型,ダ,短中距離(1400-1600),良,内枠(1-2),父,ゴールドアリュール,189,23,43,0.1217,0.2275,77.5,0.0,7.11,0.1677,0.0598,1.357,A,東京ダ短中距離(1400-1600)・良・内枠(1-2)で父「ゴールドアリュール」は基準比リフト1.357
中山,坂あり・パワー型,芝,中距離(1700-2000),良,外枠(7-8),父,ハーツクライ,192,18,54,0.0938,0.2812,88.9,0.0,6.49,0.2074,0.0738,1.356,A,中山芝中距離(1700-2000)・良・外枠(7-8)で父「ハーツクライ」は基準比リフト1.356
阪神,坂あり・パワー型,芝,短中距離(1400-1600),良,中枠(3-6),父,ダイワメジャー,337,28,99,0.0831,0.2938,69.0,0.0,6.39,0.2169,0.0769,1.355,A,阪神芝短中距離(1400-1600)・良・中枠(3-6)で父「ダイワメジャー」は基準比リフト1.355
阪神,坂あり・パワー型,ダ,中距離(1700-2000),良,中枠(3-6),父,キングカメハメハ,293,36,90,0.1229,0.3072,89.4,0.0,6.47,0.2273,0.0799,1.352,A,阪神ダ中距離(1700-2000)・良・中枠(3-6)で父「キングカメハメハ」は基準比リフト1.352
東京,直線長め・持続型,ダ,短中距離(1400-1600),良,内枠(1-2),父,キングカメハメハ,164,11,37,0.0671,0.2256,52.1,0.0,6.63,0.1677,0.0579,1.345,A,東京ダ短中距離(1400-1600)・良・内枠(1-2)で父「キングカメハメハ」は基準比リフト1.345
東京,直線長め・持続型,芝,短中距離(1400-1600),良,外枠(7-8),父,キングカメハメハ,191,12,51,0.0628,0.267,54.6,0.0,6.39,0.1988,0.0682,1.343,A,東京芝短中距離(1400-1600)・良・外枠(7-8)で父「キングカメハメハ」は基準比リフト1.343
京都,平坦・スピード型,ダ,短中距離(1400-1600),良,中枠(3-6),父,クロフネ,183,15,49,0.082,0.2678,125.5,0.0,7.11,0.2,0.0678,1.339,A,京都ダ短中距離(1400-1600)・良・中枠(3-6)で父「クロフネ」は基準比リフト1.339
小倉,小回り・機動型,芝,中距離(1700-2000),良,外枠(7-8),父,ハーツクライ,168,18,46,0.1071,0.2738,68.2,0.0,6.27,0.2048,0.069,1.337,A,小倉芝中距離(1700-2000)・良・外枠(7-8)で父「ハーツクライ」は基準比リフト1.337
京都,平坦・スピード型,芝,中距離(1700-2000),良,中枠(3-6),父,キングカメハメハ,254,25,83,0.0984,0.3268,36.3,0.0,5.8,0.2454,0.0814,1.332,A,京都芝中距離(1700-2000)・良・中枠(3-6)で父「キングカメハメハ」は基準比リフト1.332
新潟,直線長め・平坦型,ダ,中距離(1700-2000),良,中枠(3-6),父,シンボリクリスエス,158,8,45,0.0506,0.2848,32.9,0.0,6.18,0.2144,0.0704,1.328,A,新潟ダ中距離(1700-2000)・良・中枠(3-6)で父「シンボリクリスエス」は基準比リフト1.328
京都,平坦・スピード型,ダ,短距離(1000-1300),良,中枠(3-6),父,サウスヴィグラス,201,18,52,0.0896,0.2587,138.8,0.0,7.35,0.1949,0.0638,1.327,A,京都ダ短距離(1000-1300)・良・中枠(3-6)で父「サウスヴィグラス」は基準比リフト1.327
中山,坂あり・パワー型,ダ,短距離(1000-1300),良,中枠(3-6),父,キンシャサノキセキ,188,14,48,0.0745,0.2553,85.6,0.0,7.22,0.1927,0.0626,1.325,A,中山ダ短距離(1000-1300)・良・中枠(3-6)で父「キンシャサノキセキ」は基準比リフト1.325
小倉,小回り・機動型,芝,中距離(1700-2000),良,中枠(3-6),父,キングカメハメハ,184,25,54,0.1359,0.2935,101.7,0.0,6.24,0.2218,0.0717,1.323,A,小倉芝中距離(1700-2000)・良・中枠(3-6)で父「キングカメハメハ」は基準比リフト1.323
中山,坂あり・パワー型,芝,短中距離(1400-1600),良,中枠(3-6),父,ダイワメジャー,219,19,58,0.0868,0.2648,62.2,0.0,5.8,0.2014,0.0634,1.315,A,中山芝短中距離(1400-1600)・良・中枠(3-6)で父「ダイワメジャー」は基準比リフト1.315
京都,平坦・スピード型,芝,中距離(1700-2000),良,中枠(3-6),父,マンハッタンカフェ,183,24,59,0.1311,0.3224,100.8,0.0,6.21,0.2454,0.077,1.314,A,京都芝中距離(1700-2000)・良・中枠(3-6)で父「マンハッタンカフェ」は基準比リフト1.314
中山,坂あり・パワー型,芝,中距離(1700-2000),良,中枠(3-6),父,キングカメハメハ,247,21,70,0.085,0.2834,46.6,0.0,6.36,0.2165,0.0669,1.309,A,中山芝中距離(1700-2000)・良・中枠(3-6)で父「キングカメハメハ」は基準比リフト1.309
中山,坂あり・パワー型,芝,中距離(1700-2000),良,外枠(7-8),父,ステイゴールド,166,19,45,0.1145,0.2711,77.8,0.0,7.34,0.2074,0.0637,1.307,A,中山芝中距離(1700-2000)・良・外枠(7-8)で父「ステイゴールド」は基準比リフト1.307
小倉,小回り・機動型,芝,短距離(1000-1300),良,中枠(3-6),父,サクラバクシンオー,165,14,42,0.0848,0.2545,118.9,0.0,7.22,0.1949,0.0596,1.306,A,小倉芝短距離(1000-1300)・良・中枠(3-6)で父「サクラバクシンオー」は基準比リフト1.306
中山,坂あり・パワー型,ダ,中距離(1700-2000),良,中枠(3-6),父,ネオユニヴァース,193,21,50,0.1088,0.2591,90.1,0.0,6.83,0.199,0.0601,1.302,A,中山ダ中距離(1700-2000)・良・中枠(3-6)で父「ネオユニヴァース」は基準比リフト1.302
京都,平坦・スピード型,ダ,中距離(1700-2000),良,中枠(3-6),父,マンハッタンカフェ,152,14,43,0.0921,0.2829,89.1,0.0,6.57,0.2181,0.0648,1.297,A,京都ダ中距離(1700-2000)・良・中枠(3-6)で父「マンハッタンカフェ」は基準比リフト1.297
東京,直線長め・持続型,ダ,短中距離(1400-1600),良,中枠(3-6),父,キングカメハメハ,332,28,86,0.0843,0.259,67.0,0.0,7.03,0.1997,0.0593,1.297,A,東京ダ短中距離(1400-1600)・良・中枠(3-6)で父「キングカメハメハ」は基準比リフト1.297
中山,坂あり・パワー型,ダ,短距離(1000-1300),良,外枠(7-8),父,サウスヴィグラス,190,11,50,0.0579,0.2632,25.6,0.0,7.23,0.2034,0.0598,1.294,A,中山ダ短距離(1000-1300)・良・外枠(7-8)で父「サウスヴィグラス」は基準比リフト1.294
阪神,坂あり・パワー型,芝,中長距離(2100-2400),良,中枠(3-6),父,ディープインパクト,163,16,55,0.0982,0.3374,97.7,0.0,4.72,0.2609,0.0765,1.293,A,阪神芝中長距離(2100-2400)・良・中枠(3-6)で父「ディープインパクト」は基準比リフト1.293
中山,坂あり・パワー型,芝,中距離(1700-2000),良,中枠(3-6),父,シンボリクリスエス,151,12,42,0.0795,0.2781,66.0,0.0,7.46,0.2165,0.0616,1.285,A,中山芝中距離(1700-2000)・良・中枠(3-6)で父「シンボリクリスエス」は基準比リフト1.285
東京,直線長め・持続型,ダ,短中距離(1400-1600),良,内枠(1-2),父,クロフネ,205,12,44,0.0585,0.2146,48.6,0.0,7.78,0.1677,0.0469,1.28,A,東京ダ短中距離(1400-1600)・良・内枠(1-2)で父「クロフネ」は基準比リフト1.28
東京,直線長め・持続型,芝,中距離(1700-2000),良,中枠(3-6),父,キングカメハメハ,288,35,87,0.1215,0.3021,77.5,0.0,5.73,0.237,0.0651,1.275,A,東京芝中距離(1700-2000)・良・中枠(3-6)で父「キングカメハメハ」は基準比リフト1.275
中山,坂あり・パワー型,ダ,中距離(1700-2000),良,中枠(3-6),父,クロフネ,296,30,75,0.1014,0.2534,97.4,0.0,6.41,0.199,0.0544,1.273,A,中山ダ中距離(1700-2000)・良・中枠(3-6)で父「クロフネ」は基準比リフト1.273
小倉,小回り・機動型,芝,中距離(1700-2000),良,中枠(3-6),父,ハービンジャー,195,13,55,0.0667,0.2821,37.9,0.0,6.53,0.2218,0.0603,1.272,A,小倉芝中距離(1700-2000)・良・中枠(3-6)で父「ハービンジャー」は基準比リフト1.272
東京,直線長め・持続型,芝,短中距離(1400-1600),良,外枠(7-8),父,ダイワメジャー,242,21,61,0.0868,0.2521,56.4,0.0,6.56,0.1988,0.0533,1.268,A,東京芝短中距離(1400-1600)・良・外枠(7-8)で父「ダイワメジャー」は基準比リフト1.268
中山,坂あり・パワー型,ダ,短距離(1000-1300),良,中枠(3-6),父,ゴールドアリュール,164,15,40,0.0915,0.2439,70.9,0.0,7.51,0.1927,0.0512,1.266,A,中山ダ短距離(1000-1300)・良・中枠(3-6)で父「ゴールドアリュール」は基準比リフト1.266
新潟,直線長め・平坦型,芝,中距離(1700-2000),良,中枠(3-6),父,ハーツクライ,219,14,60,0.0639,0.274,31.4,0.0,6.2,0.2171,0.0569,1.262,A,新潟芝中距離(1700-2000)・良・中枠(3-6)で父「ハーツクライ」は基準比リフト1.262
阪神,坂あり・パワー型,芝,中距離(1700-2000),良,中枠(3-6),父,ハービンジャー,222,18,67,0.0811,0.3018,44.5,0.0,6.41,0.2399,0.0619,1.258,A,阪神芝中距離(1700-2000)・良・中枠(3-6)で父「ハービンジャー」は基準比リフト1.258
阪神,坂あり・パワー型,芝,短中距離(1400-1600),良,内枠(1-2),父,ディープインパクト,200,19,56,0.095,0.28,29.4,0.0,5.19,0.2227,0.0573,1.257,A,阪神芝短中距離(1400-1600)・良・内枠(1-2)で父「ディープインパクト」は基準比リフト1.257
京都,平坦・スピード型,芝,短中距離(1400-1600),良,外枠(7-8),父,ダイワメジャー,161,10,39,0.0621,0.2422,44.5,0.0,6.22,0.1935,0.0487,1.252,A,京都芝短中距離(1400-1600)・良・外枠(7-8)で父「ダイワメジャー」は基準比リフト1.252
阪神,坂あり・パワー型,ダ,短距離(1000-1300),良,中枠(3-6),父,サウスヴィグラス,162,12,42,0.0741,0.2593,176.1,0.0,7.04,0.2076,0.0517,1.249,A,阪神ダ短距離(1000-1300)・良・中枠(3-6)で父「サウスヴィグラス」は基準比リフト1.249
函館,小回り・持続型,芝,中距離(1700-2000),良,中枠(3-6),父,ディープインパクト,168,15,50,0.0893,0.2976,49.2,0.0,5.57,0.2397,0.0579,1.242,A,函館芝中距離(1700-2000)・良・中枠(3-6)で父「ディープインパクト」は基準比リフト1.242
阪神,坂あり・パワー型,芝,短中距離(1400-1600),良,中枠(3-6),父,キングカメハメハ,245,24,66,0.098,0.2694,77.6,0.0,7.02,0.2169,0.0525,1.242,A,阪神芝短中距離(1400-1600)・良・中枠(3-6)で父「キングカメハメハ」は基準比リフト1.242
東京,直線長め・持続型,芝,短中距離(1400-1600),良,中枠(3-6),父,シンボリクリスエス,159,15,40,0.0943,0.2516,120.4,0.0,7.37,0.2028,0.0488,1.241,A,東京芝短中距離(1400-1600)・良・中枠(3-6)で父「シンボリクリスエス」は基準比リフト1.241
京都,平坦・スピード型,ダ,中距離(1700-2000),良,中枠(3-6),父,ネオユニヴァース,167,13,45,0.0778,0.2695,142.8,0.0,6.38,0.2181,0.0514,1.236,A,京都ダ中距離(1700-2000)・良・中枠(3-6)で父「ネオユニヴァース」は基準比リフト1.236
阪神,坂あり・パワー型,芝,短中距離(1400-1600),良,中枠(3-6),父,ロードカナロア,209,25,56,0.1196,0.2679,73.5,0.0,6.67,0.2169,0.051,1.235,A,阪神芝短中距離(1400-1600)・良・中枠(3-6)で父「ロードカナロア」は基準比リフト1.235
京都,平坦・スピード型,ダ,短中距離(1400-1600),良,中枠(3-6),父,ゴールドアリュール,150,11,37,0.0733,0.2467,96.5,0.0,6.91,0.2,0.0467,1.234,A,京都ダ短中距離(1400-1600)・良・中枠(3-6)で父「ゴールドアリュール」は基準比リフト1.234
阪神,坂あり・パワー型,芝,短中距離(1400-1600),良,外枠(7-8),父,ダイワメジャー,200,14,47,0.07,0.235,91.2,0.0,7.27,0.1907,0.0443,1.232,A,阪神芝短中距離(1400-1600)・良・外枠(7-8)で父「ダイワメジャー」は基準比リフト1.232
中山,坂あり・パワー型,ダ,短距離(1000-1300),良,内枠(1-2),父,サウスヴィグラス,161,13,35,0.0807,0.2174,72.7,0.0,7.49,0.1768,0.0406,1.23,A,中山ダ短距離(1000-1300)・良・内枠(1-2)で父「サウスヴィグラス」は基準比リフト1.23
京都,平坦・スピード型,芝,短中距離(1400-1600),良,中枠(3-6),父,ダイワメジャー,297,30,78,0.101,0.2626,92.1,0.0,6.54,0.2142,0.0484,1.226,A,京都芝短中距離(1400-1600)・良・中枠(3-6)で父「ダイワメジャー」は基準比リフト1.226
京都,平坦・スピード型,ダ,中距離(1700-2000),良,外枠(7-8),父,クロフネ,162,19,41,0.1173,0.2531,70.0,0.0,6.58,0.2066,0.0465,1.225,A,京都ダ中距離(1700-2000)・良・外枠(7-8)で父「クロフネ」は基準比リフト1.225
阪神,坂あり・パワー型,芝,中距離(1700-2000),良,外枠(7-8),父,ハーツクライ,223,15,63,0.0673,0.2825,45.1,0.0,6.38,0.2332,0.0493,1.211,A,阪神芝中距離(1700-2000)・良・外枠(7-8)で父「ハーツクライ」は基準比リフト1.211
中山,坂あり・パワー型,芝,中距離(1700-2000),良,中枠(3-6),父,ハービンジャー,206,19,54,0.0922,0.2621,77.5,0.0,6.5,0.2165,0.0456,1.211,A,中山芝中距離(1700-2000)・良・中枠(3-6)で父「ハービンジャー」は基準比リフト1.211
東京,直線長め・持続型,芝,中長距離(2100-2400),良,中枠(3-6),父,ハーツクライ,163,14,44,0.0859,0.2699,96.4,0.0,6.28,0.226,0.0439,1.194,A,東京芝中長距離(2100-2400)・良・中枠(3-6)で父「ハーツクライ」は基準比リフト1.194
東京,直線長め・持続型,ダ,短中距離(1400-1600),良,中枠(3-6),父,サウスヴィグラス,235,15,56,0.0638,0.2383,110.5,0.0,8.44,0.1997,0.0386,1.193,A,東京ダ短中距離(1400-1600)・良・中枠(3-6)で父「サウスヴィグラス」は基準比リフト1.193
東京,直線長め・持続型,芝,中距離(1700-2000),良,外枠(7-8),父,キングカメハメハ,187,17,48,0.0909,0.2567,37.3,0.0,6.11,0.2154,0.0413,1.192,A,東京芝中距離(1700-2000)・良・外枠(7-8)で父「キングカメハメハ」は基準比リフト1.192
東京,直線長め・持続型,ダ,短中距離(1400-1600),良,中枠(3-6),父,シンボリクリスエス,274,17,65,0.062,0.2372,44.7,0.0,6.84,0.1997,0.0375,1.188,A,東京ダ短中距離(1400-1600)・良・中枠(3-6)で父「シンボリクリスエス」は基準比リフト1.188
中山,坂あり・パワー型,ダ,短距離(1000-1300),良,中枠(3-6),父,サウスヴィグラス,328,21,75,0.064,0.2287,59.8,0.0,7.63,0.1927,0.036,1.187,A,中山ダ短距離(1000-1300)・良・中枠(3-6)で父「サウスヴィグラス」は基準比リフト1.187
東京,直線長め・持続型,ダ,短中距離(1400-1600),良,外枠(7-8),父,ゴールドアリュール,219,25,56,0.1142,0.2557,180.6,0.0,6.84,0.2165,0.0392,1.181,A,東京ダ短中距離(1400-1600)・良・外枠(7-8)で父「ゴールドアリュール」は基準比リフト1.181
京都,平坦・スピード型,芝,中距離(1700-2000),良,中枠(3-6),父,ハービンジャー,177,21,51,0.1186,0.2881,129.4,0.0,6.73,0.2454,0.0427,1.174,A,京都芝中距離(1700-2000)・良・中枠(3-6)で父「ハービンジャー」は基準比リフト1.174
阪神,坂あり・パワー型,ダ,中距離(1700-2000),良,外枠(7-8),父,キングカメハメハ,182,15,50,0.0824,0.2747,40.2,0.0,6.29,0.2351,0.0396,1.168,A,阪神ダ中距離(1700-2000)・良・外枠(7-8)で父「キングカメハメハ」は基準比リフト1.168
京都,平坦・スピード型,芝,中距離(1700-2000),良,中枠(3-6),父,ステイゴールド,193,20,55,0.1036,0.285,64.0,0.0,6.61,0.2454,0.0396,1.161,A,京都芝中距離(1700-2000)・良・中枠(3-6)で父「ステイゴールド」は基準比リフト1.161
阪神,坂あり・パワー型,芝,中距離(1700-2000),良,中枠(3-6),父,ステイゴールド,169,13,47,0.0769,0.2781,67.7,0.0,7.36,0.2399,0.0382,1.159,A,阪神芝中距離(1700-2000)・良・中枠(3-6)で父「ステイゴールド」は基準比リフト1.159
東京,直線長め・持続型,ダ,短中距離(1400-1600),良,中枠(3-6),父,キンシャサノキセキ,203,14,47,0.069,0.2315,57.9,0.0,7.3,0.1997,0.0318,1.159,A,東京ダ短中距離(1400-1600)・良・中枠(3-6)で父「キンシャサノキセキ」は基準比リフト1.159
東京,直線長め・持続型,ダ,短中距離(1400-1600),良,中枠(3-6),父,ゼンノロブロイ,203,14,47,0.069,0.2315,36.8,0.0,7.22,0.1997,0.0318,1.159,A,東京ダ短中距離(1400-1600)・良・中枠(3-6)で父「ゼンノロブロイ」は基準比リフト1.159
阪神,坂あり・パワー型,芝,中距離(1700-2000),良,中枠(3-6),父,ハーツクライ,329,35,91,0.1064,0.2766,75.1,0.0,5.8,0.2399,0.0367,1.153,A,阪神芝中距離(1700-2000)・良・中枠(3-6)で父「ハーツクライ」は基準比リフト1.153
東京,直線長め・持続型,芝,中距離(1700-2000),良,中枠(3-6),父,ゼンノロブロイ,151,13,41,0.0861,0.2715,62.5,0.0,6.99,0.237,0.0345,1.146,A,東京芝中距離(1700-2000)・良・中枠(3-6)で父「ゼンノロブロイ」は基準比リフト1.146
東京,直線長め・持続型,ダ,短中距離(1400-1600),良,中枠(3-6),父,クロフネ,394,43,90,0.1091,0.2284,88.5,0.0,7.19,0.1997,0.0287,1.144,A,東京ダ短中距離(1400-1600)・良・中枠(3-6)で父「クロフネ」は基準比リフト1.144
京都,平坦・スピード型,芝,短中距離(1400-1600),良,中枠(3-6),父,キングカメハメハ,225,23,55,0.1022,0.2444,73.2,0.0,6.4,0.2142,0.0302,1.141,A,京都芝短中距離(1400-1600)・良・中枠(3-6)で父「キングカメハメハ」は基準比リフト1.141
新潟,直線長め・平坦型,芝,中距離(1700-2000),良,中枠(3-6),父,ステイゴールド,167,11,41,0.0659,0.2455,75.6,0.0,7.24,0.2171,0.0284,1.131,A,新潟芝中距離(1700-2000)・良・中枠(3-6)で父「ステイゴールド」は基準比リフト1.131
福島,小回り・機動型,芝,中距離(1700-2000),良,中枠(3-6),父,ハーツクライ,166,10,41,0.0602,0.247,62.7,0.0,6.48,0.2188,0.0282,1.129,A,福島芝中距離(1700-2000)・良・中枠(3-6)で父「ハーツクライ」は基準比リフト1.129
福島,小回り・機動型,芝,短距離(1000-1300),良,中枠(3-6),父,ダイワメジャー,202,12,43,0.0594,0.2129,38.2,0.0,6.94,0.1887,0.0242,1.128,A,福島芝短距離(1000-1300)・良・中枠(3-6)で父「ダイワメジャー」は基準比リフト1.128
東京,直線長め・持続型,芝,短中距離(1400-1600),良,中枠(3-6),父,マンハッタンカフェ,158,12,36,0.0759,0.2278,293.9,0.0,6.49,0.2028,0.025,1.123,A,東京芝短中距離(1400-1600)・良・中枠(3-6)で父「マンハッタンカフェ」は基準比リフト1.123
京都,平坦・スピード型,ダ,中距離(1700-2000),良,中枠(3-6),父,クロフネ,270,20,66,0.0741,0.2444,51.2,0.0,7.0,0.2181,0.0263,1.121,A,京都ダ中距離(1700-2000)・良・中枠(3-6)で父「クロフネ」は基準比リフト1.121
阪神,坂あり・パワー型,ダ,中距離(1700-2000),良,中枠(3-6),父,ハーツクライ,166,13,42,0.0783,0.253,60.2,0.0,6.35,0.2273,0.0257,1.113,A,阪神ダ中距離(1700-2000)・良・中枠(3-6)で父「ハーツクライ」は基準比リフト1.113
阪神,坂あり・パワー型,芝,中距離(1700-2000),良,中枠(3-6),父,キングカメハメハ,293,26,78,0.0887,0.2662,52.8,0.0,5.83,0.2399,0.0263,1.11,A,阪神芝中距離(1700-2000)・良・中枠(3-6)で父「キングカメハメハ」は基準比リフト1.11
中山,坂あり・パワー型,ダ,短距離(1000-1300),良,中枠(3-6),父,クロフネ,150,12,32,0.08,0.2133,67.3,0.0,8.32,0.1927,0.0206,1.107,A,中山ダ短距離(1000-1300)・良・中枠(3-6)で父「クロフネ」は基準比リフト1.107
阪神,坂あり・パワー型,芝,中距離(1700-2000),良,中枠(3-6),父,ルーラーシップ,155,11,41,0.071,0.2645,53.0,0.0,6.85,0.2399,0.0246,1.103,A,阪神芝中距離(1700-2000)・良・中枠(3-6)で父「ルーラーシップ」は基準比リフト1.103
阪神,坂あり・パワー型,芝,短中距離(1400-1600),良,中枠(3-6),父,ステイゴールド,155,18,37,0.1161,0.2387,112.2,0.0,7.41,0.2169,0.0218,1.101,A,阪神芝短中距離(1400-1600)・良・中枠(3-6)で父「ステイゴールド」は基準比リフト1.101
東京,直線長め・持続型,ダ,短中距離(1400-1600),良,外枠(7-8),父,シニスターミニスター,98,15,42,0.1531,0.4286,194.1,0.0,6.28,0.2165,0.2121,1.98,B,東京ダ短中距離(1400-1600)・良・外枠(7-8)で父「シニスターミニスター」は基準比リフト1.98
東京,直線長め・持続型,ダ,短中距離(1400-1600),良,外枠(7-8),父,ゼンノロブロイ,102,13,43,0.1275,0.4216,304.7,0.0,7.14,0.2165,0.2051,1.947,B,東京ダ短中距離(1400-1600)・良・外枠(7-8)で父「ゼンノロブロイ」は基準比リフト1.947
中京,直線長め・持続型,芝,中距離(1700-2000),良,内枠(1-2),父,ディープインパクト,110,19,48,0.1727,0.4364,86.4,0.0,5.23,0.2251,0.2113,1.939,B,中京芝中距離(1700-2000)・良・内枠(1-2)で父「ディープインパクト」は基準比リフト1.939
小倉,小回り・機動型,ダ,中距離(1700-2000),良,中枠(3-6),父,ネオユニヴァース,96,15,35,0.1562,0.3646,189.2,0.0,7.24,0.1947,0.1699,1.873,B,小倉ダ中距離(1700-2000)・良・中枠(3-6)で父「ネオユニヴァース」は基準比リフト1.873
東京,直線長め・持続型,ダ,短中距離(1400-1600),良,中枠(3-6),父,ヴァーミリアン,102,12,38,0.1176,0.3725,49.0,0.0,6.74,0.1997,0.1728,1.865,B,東京ダ短中距離(1400-1600)・良・中枠(3-6)で父「ヴァーミリアン」は基準比リフト1.865
中山,坂あり・パワー型,芝,中距離(1700-2000),良,内枠(1-2),父,キングカメハメハ,93,17,38,0.1828,0.4086,69.9,0.0,5.39,0.2217,0.1869,1.843,B,中山芝中距離(1700-2000)・良・内枠(1-2)で父「キングカメハメハ」は基準比リフト1.843
中山,坂あり・パワー型,芝,短距離(1000-1300),良,中枠(3-6),父,ダイワメジャー,128,14,47,0.1094,0.3672,46.2,0.0,5.62,0.2011,0.1661,1.826,B,中山芝短距離(1000-1300)・良・中枠(3-6)で父「ダイワメジャー」は基準比リフト1.826
中山,坂あり・パワー型,芝,中距離(1700-2000),良,中枠(3-6),父,ロードカナロア,84,13,33,0.1548,0.3929,74.9,0.0,5.1,0.2165,0.1764,1.815,B,中山芝中距離(1700-2000)・良・中枠(3-6)で父「ロードカナロア」は基準比リフト1.815
中山,坂あり・パワー型,ダ,短距離(1000-1300),良,中枠(3-6),父,ヘニーヒューズ,141,28,49,0.1986,0.3475,95.0,0.0,5.63,0.1927,0.1548,1.803,B,中山ダ短距離(1000-1300)・良・中枠(3-6)で父「ヘニーヒューズ」は基準比リフト1.803
札幌,小回り・持続型,ダ,中距離(1700-2000),良,中枠(3-6),父,ゴールドアリュール,104,12,46,0.1154,0.4423,106.6,0.0,5.95,0.2469,0.1954,1.791,B,札幌ダ中距離(1700-2000)・良・中枠(3-6)で父「ゴールドアリュール」は基準比リフト1.791
中京,直線長め・持続型,芝,中距離(1700-2000),良,外枠(7-8),父,ディープインパクト,149,23,52,0.1544,0.349,76.0,0.0,5.05,0.1964,0.1526,1.777,B,中京芝中距離(1700-2000)・良・外枠(7-8)で父「ディープインパクト」は基準比リフト1.777
中山,坂あり・パワー型,ダ,短距離(1000-1300),良,外枠(7-8),父,ヘニーヒューズ,81,14,29,0.1728,0.358,152.3,0.0,6.37,0.2034,0.1546,1.76,B,中山ダ短距離(1000-1300)・良・外枠(7-8)で父「ヘニーヒューズ」は基準比リフト1.76
新潟,直線長め・平坦型,芝,中長距離(2100-2400),良,中枠(3-6),父,ディープインパクト,87,8,35,0.092,0.4023,43.3,0.0,5.62,0.229,0.1733,1.757,B,新潟芝中長距離(2100-2400)・良・中枠(3-6)で父「ディープインパクト」は基準比リフト1.757
新潟,直線長め・平坦型,芝,中距離(1700-2000),良,内枠(1-2),父,ディープインパクト,129,14,42,0.1085,0.3256,90.2,0.0,5.62,0.1874,0.1382,1.737,B,新潟芝中距離(1700-2000)・良・内枠(1-2)で父「ディープインパクト」は基準比リフト1.737
京都,平坦・スピード型,ダ,中距離(1700-2000),良,中枠(3-6),父,ディープインパクト,80,10,30,0.125,0.375,98.2,0.0,4.88,0.2181,0.1569,1.719,B,京都ダ中距離(1700-2000)・良・中枠(3-6)で父「ディープインパクト」は基準比リフト1.719
福島,小回り・機動型,芝,中距離(1700-2000),良,外枠(7-8),父,ハーツクライ,93,8,30,0.086,0.3226,36.0,0.0,6.33,0.1878,0.1348,1.718,B,福島芝中距離(1700-2000)・良・外枠(7-8)で父「ハーツクライ」は基準比リフト1.718
東京,直線長め・持続型,芝,短中距離(1400-1600),良,中枠(3-6),父,エピファネイア,125,21,43,0.168,0.344,272.8,0.0,5.56,0.2028,0.1412,1.696,B,東京芝短中距離(1400-1600)・良・中枠(3-6)で父「エピファネイア」は基準比リフト1.696
中山,坂あり・パワー型,芝,短中距離(1400-1600),良,外枠(7-8),父,ダイワメジャー,104,8,33,0.0769,0.3173,32.8,0.0,6.67,0.1887,0.1286,1.682,B,中山芝短中距離(1400-1600)・良・外枠(7-8)で父「ダイワメジャー」は基準比リフト1.682
京都,平坦・スピード型,ダ,中距離(1700-2000),良,内枠(1-2),父,ネオユニヴァース,85,12,33,0.1412,0.3882,169.8,0.0,6.59,0.2314,0.1568,1.678,B,京都ダ中距離(1700-2000)・良・内枠(1-2)で父「ネオユニヴァース」は基準比リフト1.678
中山,坂あり・パワー型,芝,短中距離(1400-1600),良,外枠(7-8),父,ディープインパクト,133,16,42,0.1203,0.3158,54.1,0.0,5.46,0.1887,0.1271,1.674,B,中山芝短中距離(1400-1600)・良・外枠(7-8)で父「ディープインパクト」は基準比リフト1.674
東京,直線長め・持続型,芝,中距離(1700-2000),良,中枠(3-6),父,ロードカナロア,111,10,44,0.0901,0.3964,28.7,0.0,4.93,0.237,0.1594,1.673,B,東京芝中距離(1700-2000)・良・中枠(3-6)で父「ロードカナロア」は基準比リフト1.673
東京,直線長め・持続型,芝,中距離(1700-2000),良,中枠(3-6),父,キズナ,86,10,34,0.1163,0.3953,99.7,0.0,6.03,0.237,0.1583,1.668,B,東京芝中距離(1700-2000)・良・中枠(3-6)で父「キズナ」は基準比リフト1.668
中山,坂あり・パワー型,芝,中距離(1700-2000),良,外枠(7-8),父,キングカメハメハ,133,15,46,0.1128,0.3459,67.5,0.0,5.71,0.2074,0.1385,1.668,B,中山芝中距離(1700-2000)・良・外枠(7-8)で父「キングカメハメハ」は基準比リフト1.668
新潟,直線長め・平坦型,芝,短中距離(1400-1600),良,中枠(3-6),父,ハーツクライ,130,12,42,0.0923,0.3231,86.3,0.0,7.13,0.1947,0.1284,1.659,B,新潟芝短中距離(1400-1600)・良・中枠(3-6)で父「ハーツクライ」は基準比リフト1.659
東京,直線長め・持続型,ダ,短中距離(1400-1600),良,中枠(3-6),父,ロードカナロア,142,20,47,0.1408,0.331,72.0,0.0,6.2,0.1997,0.1313,1.657,B,東京ダ短中距離(1400-1600)・良・中枠(3-6)で父「ロードカナロア」は基準比リフト1.657
中山,坂あり・パワー型,ダ,短距離(1000-1300),良,外枠(7-8),父,キンシャサノキセキ,95,12,32,0.1263,0.3368,72.4,0.0,5.76,0.2034,0.1334,1.656,B,中山ダ短距離(1000-1300)・良・外枠(7-8)で父「キンシャサノキセキ」は基準比リフト1.656
阪神,坂あり・パワー型,芝,短中距離(1400-1600),良,外枠(7-8),父,アグネスタキオン,86,12,27,0.1395,0.314,367.3,0.0,5.9,0.1907,0.1233,1.647,B,阪神芝短中距離(1400-1600)・良・外枠(7-8)で父「アグネスタキオン」は基準比リフト1.647
中山,坂あり・パワー型,ダ,中距離(1700-2000),良,中枠(3-6),父,ヘニーヒューズ,101,9,33,0.0891,0.3267,52.6,0.0,5.45,0.199,0.1277,1.642,B,中山ダ中距離(1700-2000)・良・中枠(3-6)で父「ヘニーヒューズ」は基準比リフト1.642
新潟,直線長め・平坦型,芝,短中距離(1400-1600),良,中枠(3-6),父,ロードカナロア,91,8,29,0.0879,0.3187,71.0,0.0,5.76,0.1947,0.124,1.637,B,新潟芝短中距離(1400-1600)・良・中枠(3-6)で父「ロードカナロア」は基準比リフト1.637
小倉,小回り・機動型,芝,短距離(1000-1300),良,内枠(1-2),父,サクラバクシンオー,100,19,31,0.19,0.31,187.2,0.0,6.9,0.1897,0.1203,1.634,B,小倉芝短距離(1000-1300)・良・内枠(1-2)で父「サクラバクシンオー」は基準比リフト1.634
小倉,小回り・機動型,芝,短距離(1000-1300),良,中枠(3-6),父,キングカメハメハ,132,13,42,0.0985,0.3182,66.2,0.0,7.19,0.1949,0.1233,1.633,B,小倉芝短距離(1000-1300)・良・中枠(3-6)で父「キングカメハメハ」は基準比リフト1.633
中京,直線長め・持続型,芝,中長距離(2100-2400),良,中枠(3-6),父,ハーツクライ,80,10,30,0.125,0.375,152.4,0.0,6.16,0.2304,0.1446,1.628,B,中京芝中長距離(2100-2400)・良・中枠(3-6)で父「ハーツクライ」は基準比リフト1.628
中山,坂あり・パワー型,芝,短中距離(1400-1600),良,中枠(3-6),父,マンハッタンカフェ,89,12,29,0.1348,0.3258,130.3,0.0,6.61,0.2014,0.1244,1.618,B,中山芝短中距離(1400-1600)・良・中枠(3-6)で父「マンハッタンカフェ」は基準比リフト1.618
阪神,坂あり・パワー型,芝,中長距離(2100-2400),良,外枠(7-8),父,ディープインパクト,90,12,32,0.1333,0.3556,64.4,0.0,4.71,0.2204,0.1352,1.613,B,阪神芝中長距離(2100-2400)・良・外枠(7-8)で父「ディープインパクト」は基準比リフト1.613
福島,小回り・機動型,芝,中距離(1700-2000),良,内枠(1-2),父,ステイゴールド,81,13,27,0.1605,0.3333,108.4,0.0,6.94,0.2066,0.1267,1.613,B,福島芝中距離(1700-2000)・良・内枠(1-2)で父「ステイゴールド」は基準比リフト1.613
中山,坂あり・パワー型,ダ,中距離(1700-2000),良,外枠(7-8),父,ネオユニヴァース,92,12,33,0.1304,0.3587,102.6,0.0,6.76,0.2226,0.1361,1.611,B,中山ダ中距離(1700-2000)・良・外枠(7-8)で父「ネオユニヴァース」は基準比リフト1.611
新潟,直線長め・平坦型,芝,短中距離(1400-1600),良,外枠(7-8),父,ディープインパクト,144,18,44,0.125,0.3056,44.0,0.0,5.56,0.1905,0.1151,1.604,B,新潟芝短中距離(1400-1600)・良・外枠(7-8)で父「ディープインパクト」は基準比リフト1.604
東京,直線長め・持続型,芝,短中距離(1400-1600),良,外枠(7-8),父,ハービンジャー,82,11,26,0.1341,0.3171,60.1,0.0,6.18,0.1988,0.1183,1.595,B,東京芝短中距離(1400-1600)・良・外枠(7-8)で父「ハービンジャー」は基準比リフト1.595
東京,直線長め・持続型,芝,中距離(1700-2000),稍,中枠(3-6),父,ディープインパクト,82,13,31,0.1585,0.378,72.2,0.0,4.91,0.2372,0.1408,1.594,B,東京芝中距離(1700-2000)・稍・中枠(3-6)で父「ディープインパクト」は基準比リフト1.594
新潟,直線長め・平坦型,ダ,中距離(1700-2000),良,外枠(7-8),父,シンボリクリスエス,81,12,29,0.1481,0.358,90.2,0.0,6.37,0.226,0.132,1.584,B,新潟ダ中距離(1700-2000)・良・外枠(7-8)で父「シンボリクリスエス」は基準比リフト1.584
中京,直線長め・持続型,芝,短中距離(1400-1600),良,外枠(7-8),父,ロードカナロア,99,17,31,0.1717,0.3131,128.3,0.0,5.84,0.1978,0.1153,1.583,B,中京芝短中距離(1400-1600)・良・外枠(7-8)で父「ロードカナロア」は基準比リフト1.583
京都,平坦・スピード型,芝,短中距離(1400-1600),良,外枠(7-8),父,ロードカナロア,95,13,29,0.1368,0.3053,58.5,0.0,6.09,0.1935,0.1118,1.578,B,京都芝短中距離(1400-1600)・良・外枠(7-8)で父「ロードカナロア」は基準比リフト1.578
中京,直線長め・持続型,ダ,短中距離(1400-1600),良,中枠(3-6),父,ダイワメジャー,88,11,27,0.125,0.3068,76.1,0.0,6.52,0.1973,0.1095,1.555,B,中京ダ短中距離(1400-1600)・良・中枠(3-6)で父「ダイワメジャー」は基準比リフト1.555
中山,坂あり・パワー型,ダ,短距離(1000-1300),良,内枠(1-2),父,キンシャサノキセキ,80,9,22,0.1125,0.275,150.9,0.0,7.72,0.1768,0.0982,1.555,B,中山ダ短距離(1000-1300)・良・内枠(1-2)で父「キンシャサノキセキ」は基準比リフト1.555
中山,坂あり・パワー型,芝,短中距離(1400-1600),良,中枠(3-6),父,キングカメハメハ,144,18,45,0.125,0.3125,80.0,0.0,6.12,0.2014,0.1111,1.552,B,中山芝短中距離(1400-1600)・良・中枠(3-6)で父「キングカメハメハ」は基準比リフト1.552
小倉,小回り・機動型,芝,短距離(1000-1300),良,中枠(3-6),父,ディープインパクト,113,13,34,0.115,0.3009,45.2,0.0,6.26,0.1949,0.106,1.544,B,小倉芝短距離(1000-1300)・良・中枠(3-6)で父「ディープインパクト」は基準比リフト1.544
京都,平坦・スピード型,芝,短中距離(1400-1600),良,中枠(3-6),父,フジキセキ,118,18,39,0.1525,0.3305,82.5,0.0,6.33,0.2142,0.1163,1.543,B,京都芝短中距離(1400-1600)・良・中枠(3-6)で父「フジキセキ」は基準比リフト1.543
京都,平坦・スピード型,ダ,中距離(1700-2000),稍,中枠(3-6),父,クロフネ,83,6,29,0.0723,0.3494,63.1,0.0,6.33,0.2269,0.1225,1.54,B,京都ダ中距離(1700-2000)・稍・中枠(3-6)で父「クロフネ」は基準比リフト1.54
小倉,小回り・機動型,芝,短距離(1000-1300),良,外枠(7-8),父,ロードカナロア,105,16,32,0.1524,0.3048,73.5,0.0,6.38,0.1981,0.1067,1.539,B,小倉芝短距離(1000-1300)・良・外枠(7-8)で父「ロードカナロア」は基準比リフト1.539
阪神,坂あり・パワー型,ダ,短中距離(1400-1600),良,中枠(3-6),父,キングカメハメハ,100,5,31,0.05,0.31,54.6,0.0,7.21,0.2031,0.1069,1.526,B,阪神ダ短中距離(1400-1600)・良・中枠(3-6)で父「キングカメハメハ」は基準比リフト1.526
東京,直線長め・持続型,芝,短中距離(1400-1600),良,外枠(7-8),父,フジキセキ,86,10,26,0.1163,0.3023,83.7,0.0,7.12,0.1988,0.1035,1.521,B,東京芝短中距離(1400-1600)・良・外枠(7-8)で父「フジキセキ」は基準比リフト1.521
新潟,直線長め・平坦型,芝,中距離(1700-2000),良,中枠(3-6),父,ルーラーシップ,97,14,32,0.1443,0.3299,110.7,0.0,6.71,0.2171,0.1128,1.52,B,新潟芝中距離(1700-2000)・良・中枠(3-6)で父「ルーラーシップ」は基準比リフト1.52
中京,直線長め・持続型,ダ,中距離(1700-2000),良,外枠(7-8),父,キングカメハメハ,104,12,33,0.1154,0.3173,63.8,0.0,6.1,0.2087,0.1086,1.52,B,中京ダ中距離(1700-2000)・良・外枠(7-8)で父「キングカメハメハ」は基準比リフト1.52
中山,坂あり・パワー型,芝,短中距離(1400-1600),良,中枠(3-6),父,ハービンジャー,85,8,26,0.0941,0.3059,45.2,0.0,6.26,0.2014,0.1045,1.519,B,中山芝短中距離(1400-1600)・良・中枠(3-6)で父「ハービンジャー」は基準比リフト1.519
東京,直線長め・持続型,ダ,短中距離(1400-1600),稍,中枠(3-6),父,パイロ,80,8,23,0.1,0.2875,140.8,0.0,7.68,0.1894,0.0981,1.518,B,東京ダ短中距離(1400-1600)・稍・中枠(3-6)で父「パイロ」は基準比リフト1.518
中山,坂あり・パワー型,ダ,中距離(1700-2000),良,外枠(7-8),父,キングカメハメハ,119,11,40,0.0924,0.3361,129.6,0.0,5.87,0.2226,0.1135,1.51,B,中山ダ中距離(1700-2000)・良・外枠(7-8)で父「キングカメハメハ」は基準比リフト1.51
東京,直線長め・持続型,ダ,短中距離(1400-1600),良,中枠(3-6),父,フレンチデピュティ,136,14,41,0.1029,0.3015,87.5,0.0,7.76,0.1997,0.1018,1.51,B,東京ダ短中距離(1400-1600)・良・中枠(3-6)で父「フレンチデピュティ」は基準比リフト1.51
京都,平坦・スピード型,ダ,短中距離(1400-1600),良,内枠(1-2),父,クロフネ,80,7,25,0.0875,0.3125,105.1,0.0,7.5,0.2074,0.1051,1.507,B,京都ダ短中距離(1400-1600)・良・内枠(1-2)で父「クロフネ」は基準比リフト1.507
中山,坂あり・パワー型,ダ,中距離(1700-2000),良,中枠(3-6),父,プリサイスエンド,107,6,32,0.0561,0.2991,24.3,0.0,7.18,0.199,0.1001,1.503,B,中山ダ中距離(1700-2000)・良・中枠(3-6)で父「プリサイスエンド」は基準比リフト1.503
東京,直線長め・持続型,ダ,短中距離(1400-1600),稍,中枠(3-6),父,キングカメハメハ,120,11,34,0.0917,0.2833,66.4,0.0,7.13,0.1894,0.0939,1.496,B,東京ダ短中距離(1400-1600)・稍・中枠(3-6)で父「キングカメハメハ」は基準比リフト1.496
中京,直線長め・持続型,芝,短中距離(1400-1600),良,内枠(1-2),父,ダイワメジャー,96,9,30,0.0938,0.3125,53.6,0.0,6.77,0.2091,0.1034,1.495,B,中京芝短中距離(1400-1600)・良・内枠(1-2)で父「ダイワメジャー」は基準比リフト1.495
阪神,坂あり・パワー型,ダ,中距離(1700-2000),良,中枠(3-6),父,キズナ,106,9,36,0.0849,0.3396,27.5,0.0,5.3,0.2273,0.1123,1.494,B,阪神ダ中距離(1700-2000)・良・中枠(3-6)で父「キズナ」は基準比リフト1.494
新潟,直線長め・平坦型,芝,中距離(1700-2000),良,中枠(3-6),父,キングカメハメハ,142,18,46,0.1268,0.3239,63.9,0.0,6.05,0.2171,0.1068,1.492,B,新潟芝中距離(1700-2000)・良・中枠(3-6)で父「キングカメハメハ」は基準比リフト1.492
福島,小回り・機動型,芝,中距離(1700-2000),良,外枠(7-8),父,ディープインパクト,111,10,31,0.0901,0.2793,88.8,0.0,6.13,0.1878,0.0915,1.487,B,福島芝中距離(1700-2000)・良・外枠(7-8)で父「ディープインパクト」は基準比リフト1.487
東京,直線長め・持続型,芝,短中距離(1400-1600),良,中枠(3-6),父,フジキセキ,146,15,44,0.1027,0.3014,89.7,0.0,7.32,0.2028,0.0986,1.486,B,東京芝短中距離(1400-1600)・良・中枠(3-6)で父「フジキセキ」は基準比リフト1.486
阪神,坂あり・パワー型,芝,中距離(1700-2000),良,中枠(3-6),父,キズナ,113,20,40,0.177,0.354,226.7,0.0,5.87,0.2399,0.1141,1.476,B,阪神芝中距離(1700-2000)・良・中枠(3-6)で父「キズナ」は基準比リフト1.476
中山,坂あり・パワー型,芝,中距離(1700-2000),良,外枠(7-8),父,シンボリクリスエス,85,9,26,0.1059,0.3059,99.2,0.0,6.53,0.2074,0.0985,1.475,B,中山芝中距離(1700-2000)・良・外枠(7-8)で父「シンボリクリスエス」は基準比リフト1.475
京都,平坦・スピード型,芝,短中距離(1400-1600),良,内枠(1-2),父,ハーツクライ,87,7,28,0.0805,0.3218,189.1,0.0,6.86,0.2185,0.1033,1.473,B,京都芝短中距離(1400-1600)・良・内枠(1-2)で父「ハーツクライ」は基準比リフト1.473
新潟,直線長め・平坦型,芝,短距離(1000-1300),良,中枠(3-6),父,ダイワメジャー,139,6,35,0.0432,0.2518,25.1,0.0,6.81,0.1712,0.0806,1.471,B,新潟芝短距離(1000-1300)・良・中枠(3-6)で父「ダイワメジャー」は基準比リフト1.471
中山,坂あり・パワー型,芝,長距離(2500以上),良,中枠(3-6),父,ステイゴールド,98,16,35,0.1633,0.3571,77.2,0.0,6.19,0.2429,0.1142,1.47,B,中山芝長距離(2500以上)・良・中枠(3-6)で父「ステイゴールド」は基準比リフト1.47
阪神,坂あり・パワー型,芝,中距離(1700-2000),稍,中枠(3-6),父,ディープインパクト,93,8,32,0.086,0.3441,24.1,0.0,4.59,0.2342,0.1099,1.469,B,阪神芝中距離(1700-2000)・稍・中枠(3-6)で父「ディープインパクト」は基準比リフト1.469
小倉,小回り・機動型,芝,中距離(1700-2000),良,中枠(3-6),父,マンハッタンカフェ,132,14,43,0.1061,0.3258,76.8,0.0,7.03,0.2218,0.104,1.469,B,小倉芝中距離(1700-2000)・良・中枠(3-6)で父「マンハッタンカフェ」は基準比リフト1.469
京都,平坦・スピード型,芝,中長距離(2100-2400),良,外枠(7-8),父,ディープインパクト,115,14,38,0.1217,0.3304,76.1,0.0,5.52,0.225,0.1054,1.468,B,京都芝中長距離(2100-2400)・良・外枠(7-8)で父「ディープインパクト」は基準比リフト1.468
東京,直線長め・持続型,ダ,短中距離(1400-1600),良,内枠(1-2),父,シニスターミニスター,94,7,23,0.0745,0.2447,57.9,0.0,7.87,0.1677,0.077,1.459,B,東京ダ短中距離(1400-1600)・良・内枠(1-2)で父「シニスターミニスター」は基準比リフト1.459
阪神,坂あり・パワー型,芝,短中距離(1400-1600),稍,中枠(3-6),父,ディープインパクト,80,8,24,0.1,0.3,42.4,0.0,4.86,0.2062,0.0938,1.455,B,阪神芝短中距離(1400-1600)・稍・中枠(3-6)で父「ディープインパクト」は基準比リフト1.455
東京,直線長め・持続型,芝,中長距離(2100-2400),良,外枠(7-8),父,ディープインパクト,143,18,47,0.1259,0.3287,77.5,0.0,5.81,0.2262,0.1025,1.453,B,東京芝中長距離(2100-2400)・良・外枠(7-8)で父「ディープインパクト」は基準比リフト1.453
阪神,坂あり・パワー型,芝,短中距離(1400-1600),良,内枠(1-2),父,ロードカナロア,102,11,33,0.1078,0.3235,286.6,0.0,5.54,0.2227,0.1008,1.453,B,阪神芝短中距離(1400-1600)・良・内枠(1-2)で父「ロードカナロア」は基準比リフト1.453
京都,平坦・スピード型,芝,短中距離(1400-1600),良,内枠(1-2),父,ダイワメジャー,104,12,33,0.1154,0.3173,87.7,0.0,6.26,0.2185,0.0988,1.452,B,京都芝短中距離(1400-1600)・良・内枠(1-2)で父「ダイワメジャー」は基準比リフト1.452
小倉,小回り・機動型,芝,中距離(1700-2000),良,中枠(3-6),父,アグネスタキオン,87,8,28,0.092,0.3218,45.5,0.0,6.22,0.2218,0.1,1.451,B,小倉芝中距離(1700-2000)・良・中枠(3-6)で父「アグネスタキオン」は基準比リフト1.451
京都,平坦・スピード型,ダ,中距離(1700-2000),良,外枠(7-8),父,ゴールドアリュール,147,15,44,0.102,0.2993,236.8,0.0,6.15,0.2066,0.0927,1.449,B,京都ダ中距離(1700-2000)・良・外枠(7-8)で父「ゴールドアリュール」は基準比リフト1.449
札幌,小回り・持続型,芝,短距離(1000-1300),良,中枠(3-6),父,サクラバクシンオー,80,4,24,0.05,0.3,22.9,0.0,6.95,0.2078,0.0922,1.444,B,札幌芝短距離(1000-1300)・良・中枠(3-6)で父「サクラバクシンオー」は基準比リフト1.444
札幌,小回り・持続型,芝,中距離(1700-2000),良,中枠(3-6),父,キングカメハメハ,117,13,41,0.1111,0.3504,58.1,0.0,6.09,0.2428,0.1076,1.443,B,札幌芝中距離(1700-2000)・良・中枠(3-6)で父「キングカメハメハ」は基準比リフト1.443
新潟,直線長め・平坦型,芝,短中距離(1400-1600),良,内枠(1-2),父,ダイワメジャー,91,9,22,0.0989,0.2418,66.7,0.0,7.04,0.1682,0.0736,1.438,B,新潟芝短中距離(1400-1600)・良・内枠(1-2)で父「ダイワメジャー」は基準比リフト1.438
新潟,直線長め・平坦型,ダ,中距離(1700-2000),良,中枠(3-6),父,ハーツクライ,104,10,32,0.0962,0.3077,124.1,0.0,6.76,0.2144,0.0933,1.435,B,新潟ダ中距離(1700-2000)・良・中枠(3-6)で父「ハーツクライ」は基準比リフト1.435
新潟,直線長め・平坦型,芝,短中距離(1400-1600),良,中枠(3-6),父,マンハッタンカフェ,86,3,24,0.0349,0.2791,13.1,0.0,7.59,0.1947,0.0844,1.433,B,新潟芝短中距離(1400-1600)・良・中枠(3-6)で父「マンハッタンカフェ」は基準比リフト1.433
中山,坂あり・パワー型,芝,中距離(1700-2000),良,内枠(1-2),父,ステイゴールド,104,7,33,0.0673,0.3173,73.0,0.0,6.94,0.2217,0.0956,1.431,B,中山芝中距離(1700-2000)・良・内枠(1-2)で父「ステイゴールド」は基準比リフト1.431
中山,坂あり・パワー型,ダ,短距離(1000-1300),稍,中枠(3-6),父,サウスヴィグラス,126,10,32,0.0794,0.254,249.3,0.0,8.08,0.1775,0.0765,1.431,B,中山ダ短距離(1000-1300)・稍・中枠(3-6)で父「サウスヴィグラス」は基準比リフト1.431
東京,直線長め・持続型,芝,中距離(1700-2000),良,中枠(3-6),父,エピファネイア,118,17,40,0.1441,0.339,70.6,0.0,5.6,0.237,0.102,1.43,B,東京芝中距離(1700-2000)・良・中枠(3-6)で父「エピファネイア」は基準比リフト1.43
京都,平坦・スピード型,ダ,中距離(1700-2000),良,内枠(1-2),父,クロフネ,109,16,36,0.1468,0.3303,72.6,0.0,5.94,0.2314,0.0989,1.427,B,京都ダ中距離(1700-2000)・良・内枠(1-2)で父「クロフネ」は基準比リフト1.427
中山,坂あり・パワー型,芝,短中距離(1400-1600),良,中枠(3-6),父,ロードカナロア,108,10,31,0.0926,0.287,44.8,0.0,5.89,0.2014,0.0856,1.425,B,中山芝短中距離(1400-1600)・良・中枠(3-6)で父「ロードカナロア」は基準比リフト1.425
小倉,小回り・機動型,芝,中距離(1700-2000),良,内枠(1-2),父,ハーツクライ,101,11,32,0.1089,0.3168,128.4,0.0,6.0,0.2226,0.0942,1.423,B,小倉芝中距離(1700-2000)・良・内枠(1-2)で父「ハーツクライ」は基準比リフト1.423
小倉,小回り・機動型,芝,短距離(1000-1300),良,内枠(1-2),父,ダイワメジャー,100,11,27,0.11,0.27,144.3,0.0,6.97,0.1897,0.0803,1.423,B,小倉芝短距離(1000-1300)・良・内枠(1-2)で父「ダイワメジャー」は基準比リフト1.423
東京,直線長め・持続型,ダ,短中距離(1400-1600),良,中枠(3-6),父,キズナ,81,5,23,0.0617,0.284,30.5,0.0,6.77,0.1997,0.0843,1.422,B,東京ダ短中距離(1400-1600)・良・中枠(3-6)で父「キズナ」は基準比リフト1.422
東京,直線長め・持続型,芝,中距離(1700-2000),良,内枠(1-2),父,キングカメハメハ,111,16,37,0.1441,0.3333,79.5,0.0,5.59,0.2345,0.0988,1.421,B,東京芝中距離(1700-2000)・良・内枠(1-2)で父「キングカメハメハ」は基準比リフト1.421
阪神,坂あり・パワー型,芝,短中距離(1400-1600),良,中枠(3-6),父,キズナ,104,10,32,0.0962,0.3077,62.6,0.0,6.88,0.2169,0.0908,1.419,B,阪神芝短中距離(1400-1600)・良・中枠(3-6)で父「キズナ」は基準比リフト1.419
阪神,坂あり・パワー型,ダ,短中距離(1400-1600),良,中枠(3-6),父,ヘニーヒューズ,118,16,34,0.1356,0.2881,221.9,0.0,7.39,0.2031,0.085,1.419,B,阪神ダ短中距離(1400-1600)・良・中枠(3-6)で父「ヘニーヒューズ」は基準比リフト1.419
福島,小回り・機動型,芝,短距離(1000-1300),良,中枠(3-6),父,サクラバクシンオー,146,16,39,0.1096,0.2671,63.0,0.0,6.34,0.1887,0.0784,1.415,B,福島芝短距離(1000-1300)・良・中枠(3-6)で父「サクラバクシンオー」は基準比リフト1.415
福島,小回り・機動型,ダ,中距離(1700-2000),良,中枠(3-6),父,ゴールドアリュール,138,13,39,0.0942,0.2826,67.3,0.0,7.09,0.2003,0.0823,1.411,B,福島ダ中距離(1700-2000)・良・中枠(3-6)で父「ゴールドアリュール」は基準比リフト1.411
新潟,直線長め・平坦型,芝,短中距離(1400-1600),良,外枠(7-8),父,ダイワメジャー,127,14,34,0.1102,0.2677,64.7,0.0,6.15,0.1905,0.0772,1.405,B,新潟芝短中距離(1400-1600)・良・外枠(7-8)で父「ダイワメジャー」は基準比リフト1.405
小倉,小回り・機動型,ダ,中距離(1700-2000),良,中枠(3-6),父,キングカメハメハ,139,13,38,0.0935,0.2734,107.7,0.0,6.45,0.1947,0.0787,1.404,B,小倉ダ中距離(1700-2000)・良・中枠(3-6)で父「キングカメハメハ」は基準比リフト1.404
阪神,坂あり・パワー型,芝,短中距離(1400-1600),良,中枠(3-6),父,モーリス,92,12,28,0.1304,0.3043,118.3,0.0,6.46,0.2169,0.0874,1.403,B,阪神芝短中距離(1400-1600)・良・中枠(3-6)で父「モーリス」は基準比リフト1.403
新潟,直線長め・平坦型,ダ,中距離(1700-2000),良,中枠(3-6),父,キングカメハメハ,143,21,43,0.1469,0.3007,174.1,0.0,6.69,0.2144,0.0863,1.403,B,新潟ダ中距離(1700-2000)・良・中枠(3-6)で父「キングカメハメハ」は基準比リフト1.403
京都,平坦・スピード型,ダ,短距離(1000-1300),良,中枠(3-6),父,クロフネ,139,13,38,0.0935,0.2734,142.7,0.0,6.62,0.1949,0.0785,1.403,B,京都ダ短距離(1000-1300)・良・中枠(3-6)で父「クロフネ」は基準比リフト1.403
新潟,直線長め・平坦型,芝,中距離(1700-2000),良,外枠(7-8),父,キングカメハメハ,122,17,36,0.1393,0.2951,119.8,0.0,6.57,0.2107,0.0844,1.401,B,新潟芝中距離(1700-2000)・良・外枠(7-8)で父「キングカメハメハ」は基準比リフト1.401
小倉,小回り・機動型,芝,短距離(1000-1300),良,外枠(7-8),父,ダイワメジャー,137,16,38,0.1168,0.2774,101.4,0.0,7.55,0.1981,0.0793,1.4,B,小倉芝短距離(1000-1300)・良・外枠(7-8)で父「ダイワメジャー」は基準比リフト1.4
福島,小回り・機動型,芝,短距離(1000-1300),良,外枠(7-8),父,サクラバクシンオー,84,12,23,0.1429,0.2738,100.2,0.0,6.35,0.1962,0.0776,1.396,B,福島芝短距離(1000-1300)・良・外枠(7-8)で父「サクラバクシンオー」は基準比リフト1.396
新潟,直線長め・平坦型,芝,短距離(1000-1300),良,外枠(7-8),父,サクラバクシンオー,89,9,29,0.1011,0.3258,59.0,0.0,6.27,0.2335,0.0923,1.395,B,新潟芝短距離(1000-1300)・良・外枠(7-8)で父「サクラバクシンオー」は基準比リフト1.395
京都,平坦・スピード型,芝,中長距離(2100-2400),良,中枠(3-6),父,ステイゴールド,92,9,30,0.0978,0.3261,68.6,0.0,7.05,0.2341,0.092,1.393,B,京都芝中長距離(2100-2400)・良・中枠(3-6)で父「ステイゴールド」は基準比リフト1.393
中山,坂あり・パワー型,ダ,中距離(1700-2000),良,中枠(3-6),父,マンハッタンカフェ,101,15,28,0.1485,0.2772,92.6,0.0,7.08,0.199,0.0782,1.393,B,中山ダ中距離(1700-2000)・良・中枠(3-6)で父「マンハッタンカフェ」は基準比リフト1.393
阪神,坂あり・パワー型,芝,中距離(1700-2000),良,内枠(1-2),父,ハーツクライ,132,15,46,0.1136,0.3485,51.8,0.0,5.59,0.2505,0.098,1.391,B,阪神芝中距離(1700-2000)・良・内枠(1-2)で父「ハーツクライ」は基準比リフト1.391
東京,直線長め・持続型,芝,中長距離(2100-2400),良,内枠(1-2),父,ディープインパクト,113,23,41,0.2035,0.3628,213.8,0.0,4.79,0.261,0.1018,1.39,B,東京芝中長距離(2100-2400)・良・内枠(1-2)で父「ディープインパクト」は基準比リフト1.39
中山,坂あり・パワー型,芝,中長距離(2100-2400),良,中枠(3-6),父,ディープインパクト,93,9,27,0.0968,0.2903,40.6,0.0,5.15,0.2088,0.0815,1.39,B,中山芝中長距離(2100-2400)・良・中枠(3-6)で父「ディープインパクト」は基準比リフト1.39
中山,坂あり・パワー型,ダ,短距離(1000-1300),良,中枠(3-6),父,ダイワメジャー,127,11,34,0.0866,0.2677,62.1,0.0,6.65,0.1927,0.075,1.389,B,中山ダ短距離(1000-1300)・良・中枠(3-6)で父「ダイワメジャー」は基準比リフト1.389
京都,平坦・スピード型,ダ,中距離(1700-2000),良,内枠(1-2),父,キングカメハメハ,137,15,44,0.1095,0.3212,53.3,0.0,5.06,0.2314,0.0898,1.388,B,京都ダ中距離(1700-2000)・良・内枠(1-2)で父「キングカメハメハ」は基準比リフト1.388
東京,直線長め・持続型,芝,短中距離(1400-1600),良,中枠(3-6),父,アグネスタキオン,89,5,25,0.0562,0.2809,23.9,0.0,6.39,0.2028,0.0781,1.385,B,東京芝短中距離(1400-1600)・良・中枠(3-6)で父「アグネスタキオン」は基準比リフト1.385
函館,小回り・持続型,芝,短距離(1000-1300),良,中枠(3-6),父,ロードカナロア,87,10,28,0.1149,0.3218,70.0,0.0,6.38,0.2329,0.0889,1.382,B,函館芝短距離(1000-1300)・良・中枠(3-6)で父「ロードカナロア」は基準比リフト1.382
中山,坂あり・パワー型,ダ,中距離(1700-2000),良,外枠(7-8),父,ハーツクライ,91,10,28,0.1099,0.3077,76.2,0.0,5.86,0.2226,0.0851,1.382,B,中山ダ中距離(1700-2000)・良・外枠(7-8)で父「ハーツクライ」は基準比リフト1.382
福島,小回り・機動型,芝,短距離(1000-1300),良,中枠(3-6),父,ロードカナロア,96,5,25,0.0521,0.2604,48.0,0.0,5.98,0.1887,0.0717,1.38,B,福島芝短距離(1000-1300)・良・中枠(3-6)で父「ロードカナロア」は基準比リフト1.38
新潟,直線長め・平坦型,芝,中距離(1700-2000),良,外枠(7-8),父,ステイゴールド,117,8,34,0.0684,0.2906,84.5,0.0,7.23,0.2107,0.0799,1.379,B,新潟芝中距離(1700-2000)・良・外枠(7-8)で父「ステイゴールド」は基準比リフト1.379
新潟,直線長め・平坦型,ダ,中距離(1700-2000),良,中枠(3-6),父,ゴールドアリュール,122,12,36,0.0984,0.2951,64.1,0.0,6.5,0.2144,0.0807,1.376,B,新潟ダ中距離(1700-2000)・良・中枠(3-6)で父「ゴールドアリュール」は基準比リフト1.376
阪神,坂あり・パワー型,芝,短中距離(1400-1600),良,外枠(7-8),父,ハーツクライ,122,11,32,0.0902,0.2623,68.0,0.0,7.07,0.1907,0.0716,1.375,B,阪神芝短中距離(1400-1600)・良・外枠(7-8)で父「ハーツクライ」は基準比リフト1.375
阪神,坂あり・パワー型,芝,中長距離(2100-2400),良,中枠(3-6),父,ハーツクライ,120,15,43,0.125,0.3583,62.7,0.0,5.63,0.2609,0.0974,1.373,B,阪神芝中長距離(2100-2400)・良・中枠(3-6)で父「ハーツクライ」は基準比リフト1.373
京都,平坦・スピード型,芝,短中距離(1400-1600),良,中枠(3-6),父,ロードカナロア,136,12,40,0.0882,0.2941,42.5,0.0,5.71,0.2142,0.0799,1.373,B,京都芝短中距離(1400-1600)・良・中枠(3-6)で父「ロードカナロア」は基準比リフト1.373
京都,平坦・スピード型,ダ,短中距離(1400-1600),良,外枠(7-8),父,クロフネ,94,10,25,0.1064,0.266,114.5,0.0,7.32,0.1942,0.0718,1.37,B,京都ダ短中距離(1400-1600)・良・外枠(7-8)で父「クロフネ」は基準比リフト1.37
中山,坂あり・パワー型,芝,中距離(1700-2000),良,中枠(3-6),父,エピファネイア,81,11,24,0.1358,0.2963,57.5,0.0,7.47,0.2165,0.0798,1.369,B,中山芝中距離(1700-2000)・良・中枠(3-6)で父「エピファネイア」は基準比リフト1.369
阪神,坂あり・パワー型,ダ,短距離(1000-1300),良,中枠(3-6),父,ヘニーヒューズ,88,10,25,0.1136,0.2841,53.9,0.0,5.64,0.2076,0.0765,1.368,B,阪神ダ短距離(1000-1300)・良・中枠(3-6)で父「ヘニーヒューズ」は基準比リフト1.368
京都,平坦・スピード型,ダ,中距離(1700-2000),良,中枠(3-6),父,エンパイアメーカー,125,12,37,0.096,0.296,180.9,0.0,6.73,0.2181,0.0779,1.357,B,京都ダ中距離(1700-2000)・良・中枠(3-6)で父「エンパイアメーカー」は基準比リフト1.357
中山,坂あり・パワー型,ダ,中距離(1700-2000),稍,中枠(3-6),父,クロフネ,85,8,24,0.0941,0.2824,84.7,0.0,7.0,0.2081,0.0743,1.357,B,中山ダ中距離(1700-2000)・稍・中枠(3-6)で父「クロフネ」は基準比リフト1.357
中山,坂あり・パワー型,ダ,中距離(1700-2000),稍,中枠(3-6),父,ゴールドアリュール,85,14,24,0.1647,0.2824,149.6,0.0,6.85,0.2081,0.0743,1.357,B,中山ダ中距離(1700-2000)・稍・中枠(3-6)で父「ゴールドアリュール」は基準比リフト1.357
阪神,坂あり・パワー型,芝,短中距離(1400-1600),良,内枠(1-2),父,ダイワメジャー,126,15,38,0.119,0.3016,88.3,0.0,6.5,0.2227,0.0789,1.354,B,阪神芝短中距離(1400-1600)・良・内枠(1-2)で父「ダイワメジャー」は基準比リフト1.354
阪神,坂あり・パワー型,芝,短中距離(1400-1600),良,中枠(3-6),父,エピファネイア,109,13,32,0.1193,0.2936,307.7,0.0,6.77,0.2169,0.0767,1.354,B,阪神芝短中距離(1400-1600)・良・中枠(3-6)で父「エピファネイア」は基準比リフト1.354
中山,坂あり・パワー型,ダ,短距離(1000-1300),良,中枠(3-6),父,ロードカナロア,92,13,24,0.1413,0.2609,100.3,0.0,6.46,0.1927,0.0682,1.354,B,中山ダ短距離(1000-1300)・良・中枠(3-6)で父「ロードカナロア」は基準比リフト1.354
京都,平坦・スピード型,芝,短中距離(1400-1600),良,内枠(1-2),父,キングカメハメハ,122,9,36,0.0738,0.2951,51.0,0.0,6.49,0.2185,0.0766,1.351,B,京都芝短中距離(1400-1600)・良・内枠(1-2)で父「キングカメハメハ」は基準比リフト1.351
新潟,直線長め・平坦型,芝,中距離(1700-2000),良,外枠(7-8),父,ハーツクライ,137,20,39,0.146,0.2847,79.8,0.0,6.5,0.2107,0.074,1.351,B,新潟芝中距離(1700-2000)・良・外枠(7-8)で父「ハーツクライ」は基準比リフト1.351
中山,坂あり・パワー型,芝,中長距離(2100-2400),良,中枠(3-6),父,ステイゴールド,89,11,25,0.1236,0.2809,95.5,0.0,6.67,0.2088,0.0721,1.345,B,中山芝中長距離(2100-2400)・良・中枠(3-6)で父「ステイゴールド」は基準比リフト1.345
阪神,坂あり・パワー型,芝,中距離(1700-2000),良,内枠(1-2),父,キングカメハメハ,107,14,36,0.1308,0.3364,88.6,0.0,6.36,0.2505,0.0859,1.343,B,阪神芝中距離(1700-2000)・良・内枠(1-2)で父「キングカメハメハ」は基準比リフト1.343
函館,小回り・持続型,芝,中距離(1700-2000),良,中枠(3-6),父,キングカメハメハ,112,14,36,0.125,0.3214,70.5,0.0,5.83,0.2397,0.0817,1.341,B,函館芝中距離(1700-2000)・良・中枠(3-6)で父「キングカメハメハ」は基準比リフト1.341
中山,坂あり・パワー型,ダ,中距離(1700-2000),良,内枠(1-2),父,キングカメハメハ,113,11,28,0.0973,0.2478,63.4,0.0,6.63,0.1848,0.063,1.341,B,中山ダ中距離(1700-2000)・良・内枠(1-2)で父「キングカメハメハ」は基準比リフト1.341
中京,直線長め・持続型,ダ,中距離(1700-2000),良,中枠(3-6),父,ハーツクライ,130,12,38,0.0923,0.2923,52.8,0.0,6.63,0.2184,0.0739,1.338,B,中京ダ中距離(1700-2000)・良・中枠(3-6)で父「ハーツクライ」は基準比リフト1.338
阪神,坂あり・パワー型,ダ,中距離(1700-2000),良,外枠(7-8),父,ハーツクライ,105,14,33,0.1333,0.3143,75.2,0.0,5.99,0.2351,0.0792,1.337,B,阪神ダ中距離(1700-2000)・良・外枠(7-8)で父「ハーツクライ」は基準比リフト1.337
中山,坂あり・パワー型,芝,短中距離(1400-1600),良,中枠(3-6),父,ステイゴールド,104,6,28,0.0577,0.2692,35.0,0.0,6.36,0.2014,0.0678,1.337,B,中山芝短中距離(1400-1600)・良・中枠(3-6)で父「ステイゴールド」は基準比リフト1.337
京都,平坦・スピード型,ダ,短距離(1000-1300),良,中枠(3-6),父,ゴールドアリュール,142,9,37,0.0634,0.2606,33.6,0.0,6.94,0.1949,0.0657,1.337,B,京都ダ短距離(1000-1300)・良・中枠(3-6)で父「ゴールドアリュール」は基準比リフト1.337
阪神,坂あり・パワー型,芝,短中距離(1400-1600),良,中枠(3-6),父,ルーラーシップ,121,10,35,0.0826,0.2893,77.8,0.0,6.91,0.2169,0.0724,1.334,B,阪神芝短中距離(1400-1600)・良・中枠(3-6)で父「ルーラーシップ」は基準比リフト1.334
札幌,小回り・持続型,芝,中距離(1700-2000),良,外枠(7-8),父,ディープインパクト,83,9,23,0.1084,0.2771,37.7,0.0,4.81,0.2079,0.0692,1.333,B,札幌芝中距離(1700-2000)・良・外枠(7-8)で父「ディープインパクト」は基準比リフト1.333
中京,直線長め・持続型,ダ,中距離(1700-2000),良,中枠(3-6),父,ゴールドアリュール,124,13,36,0.1048,0.2903,60.6,0.0,6.98,0.2184,0.0719,1.329,B,中京ダ中距離(1700-2000)・良・中枠(3-6)で父「ゴールドアリュール」は基準比リフト1.329
中山,坂あり・パワー型,ダ,短距離(1000-1300),良,中枠(3-6),父,フレンチデピュティ,86,6,22,0.0698,0.2558,42.3,0.0,7.71,0.1927,0.0631,1.327,B,中山ダ短距離(1000-1300)・良・中枠(3-6)で父「フレンチデピュティ」は基準比リフト1.327
福島,小回り・機動型,ダ,中距離(1700-2000),良,中枠(3-6),父,クロフネ,113,4,30,0.0354,0.2655,15.0,0.0,6.67,0.2003,0.0652,1.326,B,福島ダ中距離(1700-2000)・良・中枠(3-6)で父「クロフネ」は基準比リフト1.326
福島,小回り・機動型,芝,短距離(1000-1300),良,中枠(3-6),父,キングカメハメハ,96,7,24,0.0729,0.25,61.3,0.0,7.12,0.1887,0.0613,1.325,B,福島芝短距離(1000-1300)・良・中枠(3-6)で父「キングカメハメハ」は基準比リフト1.325
阪神,坂あり・パワー型,芝,短中距離(1400-1600),良,内枠(1-2),父,キングカメハメハ,95,8,28,0.0842,0.2947,130.7,0.0,6.43,0.2227,0.072,1.323,B,阪神芝短中距離(1400-1600)・良・内枠(1-2)で父「キングカメハメハ」は基準比リフト1.323
京都,平坦・スピード型,ダ,中距離(1700-2000),稍,中枠(3-6),父,キングカメハメハ,90,9,27,0.1,0.3,48.8,0.0,5.76,0.2269,0.0731,1.322,B,京都ダ中距離(1700-2000)・稍・中枠(3-6)で父「キングカメハメハ」は基準比リフト1.322
中山,坂あり・パワー型,ダ,短距離(1000-1300),良,中枠(3-6),父,ファスリエフ,110,10,28,0.0909,0.2545,70.0,0.0,7.9,0.1927,0.0618,1.321,B,中山ダ短距離(1000-1300)・良・中枠(3-6)で父「ファスリエフ」は基準比リフト1.321
阪神,坂あり・パワー型,芝,短中距離(1400-1600),良,外枠(7-8),父,ロードカナロア,139,16,35,0.1151,0.2518,61.9,0.0,5.62,0.1907,0.0611,1.32,B,阪神芝短中距離(1400-1600)・良・外枠(7-8)で父「ロードカナロア」は基準比リフト1.32
小倉,小回り・機動型,ダ,中距離(1700-2000),良,中枠(3-6),父,シンボリクリスエス,109,9,28,0.0826,0.2569,71.7,0.0,6.79,0.1947,0.0622,1.319,B,小倉ダ中距離(1700-2000)・良・中枠(3-6)で父「シンボリクリスエス」は基準比リフト1.319
中京,直線長め・持続型,芝,中距離(1700-2000),良,外枠(7-8),父,ハーツクライ,112,11,29,0.0982,0.2589,54.8,0.0,7.26,0.1964,0.0625,1.318,B,中京芝中距離(1700-2000)・良・外枠(7-8)で父「ハーツクライ」は基準比リフト1.318
東京,直線長め・持続型,ダ,短中距離(1400-1600),良,外枠(7-8),父,パイロ,137,13,39,0.0949,0.2847,70.1,0.0,7.31,0.2165,0.0682,1.315,B,東京ダ短中距離(1400-1600)・良・外枠(7-8)で父「パイロ」は基準比リフト1.315
阪神,坂あり・パワー型,ダ,中距離(1700-2000),良,中枠(3-6),父,シニスターミニスター,94,13,28,0.1383,0.2979,153.7,0.0,6.63,0.2273,0.0706,1.311,B,阪神ダ中距離(1700-2000)・良・中枠(3-6)で父「シニスターミニスター」は基準比リフト1.311
中山,坂あり・パワー型,ダ,短距離(1000-1300),良,内枠(1-2),父,ヘニーヒューズ,95,10,22,0.1053,0.2316,134.4,0.0,6.19,0.1768,0.0548,1.31,B,中山ダ短距離(1000-1300)・良・内枠(1-2)で父「ヘニーヒューズ」は基準比リフト1.31
阪神,坂あり・パワー型,芝,短距離(1000-1300),良,中枠(3-6),父,ダイワメジャー,89,9,26,0.1011,0.2921,252.2,0.0,6.84,0.2234,0.0687,1.308,B,阪神芝短距離(1000-1300)・良・中枠(3-6)で父「ダイワメジャー」は基準比リフト1.308
阪神,坂あり・パワー型,ダ,短距離(1000-1300),良,中枠(3-6),父,クロフネ,81,7,22,0.0864,0.2716,34.6,0.0,7.46,0.2076,0.064,1.308,B,阪神ダ短距離(1000-1300)・良・中枠(3-6)で父「クロフネ」は基準比リフト1.308
福島,小回り・機動型,ダ,中距離(1700-2000),良,中枠(3-6),父,キングカメハメハ,134,14,35,0.1045,0.2612,47.0,0.0,6.24,0.2003,0.0609,1.304,B,福島ダ中距離(1700-2000)・良・中枠(3-6)で父「キングカメハメハ」は基準比リフト1.304
小倉,小回り・機動型,芝,中距離(1700-2000),良,中枠(3-6),父,エピファネイア,90,11,26,0.1222,0.2889,33.4,0.0,5.79,0.2218,0.0671,1.303,B,小倉芝中距離(1700-2000)・良・中枠(3-6)で父「エピファネイア」は基準比リフト1.303
京都,平坦・スピード型,芝,短中距離(1400-1600),良,中枠(3-6),父,アグネスタキオン,147,11,41,0.0748,0.2789,61.6,0.0,5.57,0.2142,0.0647,1.302,B,京都芝短中距離(1400-1600)・良・中枠(3-6)で父「アグネスタキオン」は基準比リフト1.302
京都,平坦・スピード型,ダ,短中距離(1400-1600),良,中枠(3-6),父,ダイワメジャー,96,5,25,0.0521,0.2604,35.9,0.0,7.45,0.2,0.0604,1.302,B,京都ダ短中距離(1400-1600)・良・中枠(3-6)で父「ダイワメジャー」は基準比リフト1.302
東京,直線長め・持続型,ダ,短中距離(1400-1600),良,内枠(1-2),父,ヘニーヒューズ,133,9,29,0.0677,0.218,35.9,0.0,6.86,0.1677,0.0503,1.3,B,東京ダ短中距離(1400-1600)・良・内枠(1-2)で父「ヘニーヒューズ」は基準比リフト1.3
中山,坂あり・パワー型,ダ,中距離(1700-2000),良,内枠(1-2),父,シンボリクリスエス,100,6,24,0.06,0.24,46.5,0.0,7.94,0.1848,0.0552,1.299,B,中山ダ中距離(1700-2000)・良・内枠(1-2)で父「シンボリクリスエス」は基準比リフト1.299
東京,直線長め・持続型,芝,短中距離(1400-1600),良,内枠(1-2),父,ロードカナロア,106,11,28,0.1038,0.2642,34.7,0.0,5.42,0.2047,0.0595,1.291,B,東京芝短中距離(1400-1600)・良・内枠(1-2)で父「ロードカナロア」は基準比リフト1.291
札幌,小回り・持続型,芝,中距離(1700-2000),良,中枠(3-6),父,マンハッタンカフェ,83,8,26,0.0964,0.3133,127.7,0.0,6.69,0.2428,0.0705,1.29,B,札幌芝中距離(1700-2000)・良・中枠(3-6)で父「マンハッタンカフェ」は基準比リフト1.29
京都,平坦・スピード型,ダ,中距離(1700-2000),良,中枠(3-6),父,アグネスタキオン,89,7,25,0.0787,0.2809,42.4,0.0,6.27,0.2181,0.0628,1.288,B,京都ダ中距離(1700-2000)・良・中枠(3-6)で父「アグネスタキオン」は基準比リフト1.288
新潟,直線長め・平坦型,ダ,中距離(1700-2000),良,中枠(3-6),父,ゼンノロブロイ,87,9,24,0.1034,0.2759,112.5,0.0,6.68,0.2144,0.0615,1.287,B,新潟ダ中距離(1700-2000)・良・中枠(3-6)で父「ゼンノロブロイ」は基準比リフト1.287
中山,坂あり・パワー型,芝,中距離(1700-2000),良,内枠(1-2),父,ハーツクライ,116,8,33,0.069,0.2845,25.1,0.0,6.0,0.2217,0.0628,1.283,B,中山芝中距離(1700-2000)・良・内枠(1-2)で父「ハーツクライ」は基準比リフト1.283
阪神,坂あり・パワー型,ダ,中距離(1700-2000),良,中枠(3-6),父,ゼンノロブロイ,127,15,37,0.1181,0.2913,96.1,0.0,6.78,0.2273,0.064,1.282,B,阪神ダ中距離(1700-2000)・良・中枠(3-6)で父「ゼンノロブロイ」は基準比リフト1.282
小倉,小回り・機動型,芝,中距離(1700-2000),良,中枠(3-6),父,ダンスインザダーク,88,5,25,0.0568,0.2841,23.3,0.0,7.94,0.2218,0.0623,1.281,B,小倉芝中距離(1700-2000)・良・中枠(3-6)で父「ダンスインザダーク」は基準比リフト1.281
新潟,直線長め・平坦型,芝,短中距離(1400-1600),良,外枠(7-8),父,キングカメハメハ,82,6,20,0.0732,0.2439,83.0,0.0,7.12,0.1905,0.0534,1.28,B,新潟芝短中距離(1400-1600)・良・外枠(7-8)で父「キングカメハメハ」は基準比リフト1.28
中山,坂あり・パワー型,芝,短中距離(1400-1600),良,外枠(7-8),父,キングカメハメハ,112,9,27,0.0804,0.2411,78.2,0.0,6.26,0.1887,0.0524,1.278,B,中山芝短中距離(1400-1600)・良・外枠(7-8)で父「キングカメハメハ」は基準比リフト1.278
中京,直線長め・持続型,ダ,中距離(1700-2000),良,中枠(3-6),父,ディープインパクト,97,14,27,0.1443,0.2784,86.8,0.0,5.99,0.2184,0.06,1.275,B,中京ダ中距離(1700-2000)・良・中枠(3-6)で父「ディープインパクト」は基準比リフト1.275
新潟,直線長め・平坦型,芝,短中距離(1400-1600),良,内枠(1-2),父,ディープインパクト,98,5,21,0.051,0.2143,17.8,0.0,6.53,0.1682,0.0461,1.274,B,新潟芝短中距離(1400-1600)・良・内枠(1-2)で父「ディープインパクト」は基準比リフト1.274
京都,平坦・スピード型,芝,中距離(1700-2000),良,内枠(1-2),父,キングカメハメハ,102,10,31,0.098,0.3039,66.6,0.0,6.12,0.239,0.0649,1.272,B,京都芝中距離(1700-2000)・良・内枠(1-2)で父「キングカメハメハ」は基準比リフト1.272
阪神,坂あり・パワー型,芝,中距離(1700-2000),良,外枠(7-8),父,ハービンジャー,118,12,35,0.1017,0.2966,55.8,0.0,6.19,0.2332,0.0634,1.272,B,阪神芝中距離(1700-2000)・良・外枠(7-8)で父「ハービンジャー」は基準比リフト1.272
阪神,坂あり・パワー型,ダ,中距離(1700-2000),良,中枠(3-6),父,オルフェーヴル,97,11,28,0.1134,0.2887,101.2,0.0,5.52,0.2273,0.0614,1.27,B,阪神ダ中距離(1700-2000)・良・中枠(3-6)で父「オルフェーヴル」は基準比リフト1.27
中京,直線長め・持続型,芝,短中距離(1400-1600),良,内枠(1-2),父,ディープインパクト,128,16,34,0.125,0.2656,110.9,0.0,6.34,0.2091,0.0565,1.27,B,中京芝短中距離(1400-1600)・良・内枠(1-2)で父「ディープインパクト」は基準比リフト1.27
中山,坂あり・パワー型,ダ,中距離(1700-2000),良,中枠(3-6),父,エンパイアメーカー,91,7,23,0.0769,0.2527,54.1,0.0,7.3,0.199,0.0537,1.27,B,中山ダ中距離(1700-2000)・良・中枠(3-6)で父「エンパイアメーカー」は基準比リフト1.27
中山,坂あり・パワー型,芝,短中距離(1400-1600),良,内枠(1-2),父,ダイワメジャー,102,11,31,0.1078,0.3039,66.2,0.0,6.02,0.2397,0.0642,1.268,B,中山芝短中距離(1400-1600)・良・内枠(1-2)で父「ダイワメジャー」は基準比リフト1.268
小倉,小回り・機動型,芝,短距離(1000-1300),良,中枠(3-6),父,クロフネ,81,4,20,0.0494,0.2469,46.4,0.0,8.04,0.1949,0.052,1.267,B,小倉芝短距離(1000-1300)・良・中枠(3-6)で父「クロフネ」は基準比リフト1.267
東京,直線長め・持続型,ダ,短中距離(1400-1600),良,内枠(1-2),父,フジキセキ,80,5,17,0.0625,0.2125,18.9,0.0,8.02,0.1677,0.0448,1.267,B,東京ダ短中距離(1400-1600)・良・内枠(1-2)で父「フジキセキ」は基準比リフト1.267
東京,直線長め・持続型,芝,中距離(1700-2000),良,中枠(3-6),父,ルーラーシップ,140,8,42,0.0571,0.3,145.8,0.0,6.21,0.237,0.063,1.266,B,東京芝中距離(1700-2000)・良・中枠(3-6)で父「ルーラーシップ」は基準比リフト1.266
京都,平坦・スピード型,芝,短中距離(1400-1600),良,中枠(3-6),父,ゼンノロブロイ,122,11,33,0.0902,0.2705,273.0,0.0,8.35,0.2142,0.0563,1.263,B,京都芝短中距離(1400-1600)・良・中枠(3-6)で父「ゼンノロブロイ」は基準比リフト1.263
小倉,小回り・機動型,芝,短距離(1000-1300),良,中枠(3-6),父,キンシャサノキセキ,130,12,32,0.0923,0.2462,76.6,0.0,7.24,0.1949,0.0513,1.263,B,小倉芝短距離(1000-1300)・良・中枠(3-6)で父「キンシャサノキセキ」は基準比リフト1.263
小倉,小回り・機動型,芝,短距離(1000-1300),良,外枠(7-8),父,ディープインパクト,96,10,24,0.1042,0.25,46.0,0.0,6.79,0.1981,0.0519,1.262,B,小倉芝短距離(1000-1300)・良・外枠(7-8)で父「ディープインパクト」は基準比リフト1.262
阪神,坂あり・パワー型,芝,中距離(1700-2000),良,中枠(3-6),父,オルフェーヴル,86,14,26,0.1628,0.3023,65.5,0.0,6.43,0.2399,0.0624,1.26,B,阪神芝中距離(1700-2000)・良・中枠(3-6)で父「オルフェーヴル」は基準比リフト1.26
中山,坂あり・パワー型,ダ,中距離(1700-2000),良,外枠(7-8),父,ゴールドアリュール,107,16,30,0.1495,0.2804,124.4,0.0,6.52,0.2226,0.0578,1.26,B,中山ダ中距離(1700-2000)・良・外枠(7-8)で父「ゴールドアリュール」は基準比リフト1.26
阪神,坂あり・パワー型,ダ,中距離(1700-2000),稍,中枠(3-6),父,キングカメハメハ,125,13,33,0.104,0.264,52.7,0.0,6.58,0.2095,0.0545,1.26,B,阪神ダ中距離(1700-2000)・稍・中枠(3-6)で父「キングカメハメハ」は基準比リフト1.26
阪神,坂あり・パワー型,芝,中距離(1700-2000),良,中枠(3-6),父,ロードカナロア,96,11,29,0.1146,0.3021,40.7,0.0,5.76,0.2399,0.0622,1.259,B,阪神芝中距離(1700-2000)・良・中枠(3-6)で父「ロードカナロア」は基準比リフト1.259
中京,直線長め・持続型,ダ,中距離(1700-2000),良,中枠(3-6),父,マンハッタンカフェ,80,10,22,0.125,0.275,58.6,0.0,5.86,0.2184,0.0566,1.259,B,中京ダ中距離(1700-2000)・良・中枠(3-6)で父「マンハッタンカフェ」は基準比リフト1.259
東京,直線長め・持続型,ダ,短中距離(1400-1600),重不良,中枠(3-6),父,ゴールドアリュール,86,6,21,0.0698,0.2442,25.7,0.0,7.13,0.1943,0.0499,1.257,B,東京ダ短中距離(1400-1600)・重不良・中枠(3-6)で父「ゴールドアリュール」は基準比リフト1.257
中山,坂あり・パワー型,ダ,中距離(1700-2000),良,中枠(3-6),父,シニスターミニスター,108,12,27,0.1111,0.25,89.9,0.0,6.9,0.199,0.051,1.256,B,中山ダ中距離(1700-2000)・良・中枠(3-6)で父「シニスターミニスター」は基準比リフト1.256
京都,平坦・スピード型,芝,中距離(1700-2000),良,内枠(1-2),父,ハービンジャー,80,2,24,0.025,0.3,13.0,0.0,6.18,0.239,0.061,1.255,B,京都芝中距離(1700-2000)・良・内枠(1-2)で父「ハービンジャー」は基準比リフト1.255
阪神,坂あり・パワー型,芝,中長距離(2100-2400),良,中枠(3-6),父,キングカメハメハ,101,12,33,0.1188,0.3267,59.7,0.0,6.49,0.2609,0.0658,1.252,B,阪神芝中長距離(2100-2400)・良・中枠(3-6)で父「キングカメハメハ」は基準比リフト1.252
京都,平坦・スピード型,芝,中距離(1700-2000),良,外枠(7-8),父,マンハッタンカフェ,120,10,34,0.0833,0.2833,122.3,0.0,6.88,0.2263,0.057,1.252,B,京都芝中距離(1700-2000)・良・外枠(7-8)で父「マンハッタンカフェ」は基準比リフト1.252
東京,直線長め・持続型,ダ,短中距離(1400-1600),良,中枠(3-6),父,マンハッタンカフェ,128,8,32,0.0625,0.25,18.4,0.0,6.76,0.1997,0.0503,1.252,B,東京ダ短中距離(1400-1600)・良・中枠(3-6)で父「マンハッタンカフェ」は基準比リフト1.252
東京,直線長め・持続型,芝,中距離(1700-2000),良,外枠(7-8),父,ダイワメジャー,93,8,25,0.086,0.2688,30.3,0.0,5.44,0.2154,0.0534,1.248,B,東京芝中距離(1700-2000)・良・外枠(7-8)で父「ダイワメジャー」は基準比リフト1.248
新潟,直線長め・平坦型,ダ,短距離(1000-1300),良,中枠(3-6),父,ヘニーヒューズ,83,8,21,0.0964,0.253,77.0,0.0,6.65,0.2029,0.0501,1.247,B,新潟ダ短距離(1000-1300)・良・中枠(3-6)で父「ヘニーヒューズ」は基準比リフト1.247
東京,直線長め・持続型,芝,短中距離(1400-1600),良,中枠(3-6),父,モーリス,91,9,23,0.0989,0.2527,57.4,0.0,6.31,0.2028,0.0499,1.246,B,東京芝短中距離(1400-1600)・良・中枠(3-6)で父「モーリス」は基準比リフト1.246
函館,小回り・持続型,ダ,中距離(1700-2000),良,中枠(3-6),父,ゴールドアリュール,99,14,29,0.1414,0.2929,179.5,0.0,6.05,0.2356,0.0573,1.243,B,函館ダ中距離(1700-2000)・良・中枠(3-6)で父「ゴールドアリュール」は基準比リフト1.243
小倉,小回り・機動型,ダ,短距離(1000-1300),良,中枠(3-6),父,サウスヴィグラス,94,13,26,0.1383,0.2766,96.1,0.0,5.98,0.2229,0.0537,1.241,B,小倉ダ短距離(1000-1300)・良・中枠(3-6)で父「サウスヴィグラス」は基準比リフト1.241
東京,直線長め・持続型,ダ,短中距離(1400-1600),良,外枠(7-8),父,ハーツクライ,82,11,22,0.1341,0.2683,241.5,0.0,6.57,0.2165,0.0518,1.239,B,東京ダ短中距離(1400-1600)・良・外枠(7-8)で父「ハーツクライ」は基準比リフト1.239
東京,直線長め・持続型,芝,中距離(1700-2000),良,外枠(7-8),父,ハービンジャー,120,10,32,0.0833,0.2667,41.0,0.0,6.37,0.2154,0.0513,1.238,B,東京芝中距離(1700-2000)・良・外枠(7-8)で父「ハービンジャー」は基準比リフト1.238
中京,直線長め・持続型,芝,短中距離(1400-1600),良,外枠(7-8),父,ダイワメジャー,143,10,35,0.0699,0.2448,25.1,0.0,6.91,0.1978,0.047,1.238,B,中京芝短中距離(1400-1600)・良・外枠(7-8)で父「ダイワメジャー」は基準比リフト1.238
京都,平坦・スピード型,芝,短中距離(1400-1600),良,中枠(3-6),父,アドマイヤムーン,136,14,36,0.1029,0.2647,43.2,0.0,6.86,0.2142,0.0505,1.236,B,京都芝短中距離(1400-1600)・良・中枠(3-6)で父「アドマイヤムーン」は基準比リフト1.236
東京,直線長め・持続型,芝,中距離(1700-2000),良,外枠(7-8),父,ルーラーシップ,94,8,25,0.0851,0.266,62.2,0.0,7.67,0.2154,0.0506,1.235,B,東京芝中距離(1700-2000)・良・外枠(7-8)で父「ルーラーシップ」は基準比リフト1.235
阪神,坂あり・パワー型,芝,中距離(1700-2000),良,中枠(3-6),父,エピファネイア,98,9,29,0.0918,0.2959,135.3,0.0,5.97,0.2399,0.056,1.233,B,阪神芝中距離(1700-2000)・良・中枠(3-6)で父「エピファネイア」は基準比リフト1.233
東京,直線長め・持続型,芝,中距離(1700-2000),良,内枠(1-2),父,ステイゴールド,128,14,37,0.1094,0.2891,61.7,0.0,6.03,0.2345,0.0546,1.233,B,東京芝中距離(1700-2000)・良・内枠(1-2)で父「ステイゴールド」は基準比リフト1.233
阪神,坂あり・パワー型,ダ,短中距離(1400-1600),良,中枠(3-6),父,ネオユニヴァース,80,10,20,0.125,0.25,74.2,0.0,8.02,0.2031,0.0469,1.231,B,阪神ダ短中距離(1400-1600)・良・中枠(3-6)で父「ネオユニヴァース」は基準比リフト1.231
京都,平坦・スピード型,ダ,短距離(1000-1300),良,中枠(3-6),父,サクラバクシンオー,100,8,24,0.08,0.24,41.7,0.0,6.88,0.1949,0.0451,1.231,B,京都ダ短距離(1000-1300)・良・中枠(3-6)で父「サクラバクシンオー」は基準比リフト1.231
中山,坂あり・パワー型,ダ,中距離(1700-2000),良,内枠(1-2),父,ゴールドアリュール,110,8,25,0.0727,0.2273,50.9,0.0,7.5,0.1848,0.0425,1.23,B,中山ダ中距離(1700-2000)・良・内枠(1-2)で父「ゴールドアリュール」は基準比リフト1.23
福島,小回り・機動型,芝,中距離(1700-2000),良,中枠(3-6),父,ダイワメジャー,93,12,25,0.129,0.2688,87.5,0.0,6.14,0.2188,0.05,1.229,B,福島芝中距離(1700-2000)・良・中枠(3-6)で父「ダイワメジャー」は基準比リフト1.229
京都,平坦・スピード型,芝,短中距離(1400-1600),良,中枠(3-6),父,スペシャルウィーク,95,9,25,0.0947,0.2632,140.1,0.0,6.55,0.2142,0.049,1.229,B,京都芝短中距離(1400-1600)・良・中枠(3-6)で父「スペシャルウィーク」は基準比リフト1.229
阪神,坂あり・パワー型,ダ,中距離(1700-2000),良,中枠(3-6),父,マンハッタンカフェ,129,15,36,0.1163,0.2791,68.9,0.0,6.42,0.2273,0.0518,1.228,B,阪神ダ中距離(1700-2000)・良・中枠(3-6)で父「マンハッタンカフェ」は基準比リフト1.228
京都,平坦・スピード型,芝,短中距離(1400-1600),良,外枠(7-8),父,ステイゴールド,101,7,24,0.0693,0.2376,38.1,0.0,7.9,0.1935,0.0441,1.228,B,京都芝短中距離(1400-1600)・良・外枠(7-8)で父「ステイゴールド」は基準比リフト1.228
札幌,小回り・持続型,ダ,中距離(1700-2000),良,中枠(3-6),父,シンボリクリスエス,99,11,30,0.1111,0.303,37.5,0.0,5.98,0.2469,0.0561,1.227,B,札幌ダ中距離(1700-2000)・良・中枠(3-6)で父「シンボリクリスエス」は基準比リフト1.227
福島,小回り・機動型,ダ,中距離(1700-2000),良,中枠(3-6),父,シンボリクリスエス,118,4,29,0.0339,0.2458,12.9,0.0,6.42,0.2003,0.0455,1.227,B,福島ダ中距離(1700-2000)・良・中枠(3-6)で父「シンボリクリスエス」は基準比リフト1.227
東京,直線長め・持続型,芝,短中距離(1400-1600),良,外枠(7-8),父,ゼンノロブロイ,82,6,20,0.0732,0.2439,74.1,0.0,8.0,0.1988,0.0451,1.227,B,東京芝短中距離(1400-1600)・良・外枠(7-8)で父「ゼンノロブロイ」は基準比リフト1.227
小倉,小回り・機動型,芝,短距離(1000-1300),良,外枠(7-8),父,サクラバクシンオー,107,13,26,0.1215,0.243,93.6,0.0,6.2,0.1981,0.0449,1.227,B,小倉芝短距離(1000-1300)・良・外枠(7-8)で父「サクラバクシンオー」は基準比リフト1.227
京都,平坦・スピード型,芝,中距離(1700-2000),良,中枠(3-6),父,ルーラーシップ,113,11,34,0.0973,0.3009,56.1,0.0,6.29,0.2454,0.0555,1.226,B,京都芝中距離(1700-2000)・良・中枠(3-6)で父「ルーラーシップ」は基準比リフト1.226
京都,平坦・スピード型,ダ,中距離(1700-2000),良,中枠(3-6),父,ロージズインメイ,101,7,27,0.0693,0.2673,78.9,0.0,7.35,0.2181,0.0492,1.226,B,京都ダ中距離(1700-2000)・良・中枠(3-6)で父「ロージズインメイ」は基準比リフト1.226
阪神,坂あり・パワー型,芝,中距離(1700-2000),良,外枠(7-8),父,ダイワメジャー,84,7,24,0.0833,0.2857,58.5,0.0,6.48,0.2332,0.0525,1.225,B,阪神芝中距離(1700-2000)・良・外枠(7-8)で父「ダイワメジャー」は基準比リフト1.225
中山,坂あり・パワー型,ダ,中距離(1700-2000),良,内枠(1-2),父,クロフネ,137,7,31,0.0511,0.2263,19.5,0.0,6.55,0.1848,0.0415,1.225,B,中山ダ中距離(1700-2000)・良・内枠(1-2)で父「クロフネ」は基準比リフト1.225
新潟,直線長め・平坦型,ダ,中距離(1700-2000),良,外枠(7-8),父,キングカメハメハ,94,15,26,0.1596,0.2766,78.3,0.0,5.95,0.226,0.0506,1.224,B,新潟ダ中距離(1700-2000)・良・外枠(7-8)で父「キングカメハメハ」は基準比リフト1.224
福島,小回り・機動型,芝,中距離(1700-2000),良,中枠(3-6),父,ルーラーシップ,86,11,23,0.1279,0.2674,52.8,0.0,6.67,0.2188,0.0486,1.222,B,福島芝中距離(1700-2000)・良・中枠(3-6)で父「ルーラーシップ」は基準比リフト1.222
新潟,直線長め・平坦型,芝,中距離(1700-2000),良,中枠(3-6),父,ハービンジャー,129,13,34,0.1008,0.2636,64.4,0.0,7.02,0.2171,0.0465,1.214,B,新潟芝中距離(1700-2000)・良・中枠(3-6)で父「ハービンジャー」は基準比リフト1.214
東京,直線長め・持続型,ダ,短中距離(1400-1600),稍,中枠(3-6),父,ゴールドアリュール,100,10,23,0.1,0.23,72.8,0.0,7.42,0.1894,0.0406,1.214,B,東京ダ短中距離(1400-1600)・稍・中枠(3-6)で父「ゴールドアリュール」は基準比リフト1.214
中山,坂あり・パワー型,芝,短中距離(1400-1600),良,内枠(1-2),父,ディープインパクト,93,14,27,0.1505,0.2903,120.4,0.0,5.16,0.2397,0.0506,1.211,B,中山芝短中距離(1400-1600)・良・内枠(1-2)で父「ディープインパクト」は基準比リフト1.211
中京,直線長め・持続型,芝,短中距離(1400-1600),良,中枠(3-6),父,ハーツクライ,137,12,34,0.0876,0.2482,70.1,0.0,6.94,0.2051,0.0431,1.21,B,中京芝短中距離(1400-1600)・良・中枠(3-6)で父「ハーツクライ」は基準比リフト1.21
東京,直線長め・持続型,芝,短中距離(1400-1600),良,外枠(7-8),父,ステイゴールド,100,8,24,0.08,0.24,61.5,0.0,7.65,0.1988,0.0412,1.207,B,東京芝短中距離(1400-1600)・良・外枠(7-8)で父「ステイゴールド」は基準比リフト1.207
阪神,坂あり・パワー型,芝,短中距離(1400-1600),良,外枠(7-8),父,キングカメハメハ,139,12,32,0.0863,0.2302,38.0,0.0,6.67,0.1907,0.0395,1.207,B,阪神芝短中距離(1400-1600)・良・外枠(7-8)で父「キングカメハメハ」は基準比リフト1.207
阪神,坂あり・パワー型,芝,短中距離(1400-1600),良,外枠(7-8),父,ステイゴールド,87,7,20,0.0805,0.2299,152.5,0.0,7.77,0.1907,0.0392,1.206,B,阪神芝短中距離(1400-1600)・良・外枠(7-8)で父「ステイゴールド」は基準比リフト1.206
中山,坂あり・パワー型,ダ,短距離(1000-1300),良,外枠(7-8),父,ゴールドアリュール,86,9,21,0.1047,0.2442,82.0,0.0,6.94,0.2034,0.0408,1.201,B,中山ダ短距離(1000-1300)・良・外枠(7-8)で父「ゴールドアリュール」は基準比リフト1.201
中山,坂あり・パワー型,芝,短距離(1000-1300),良,中枠(3-6),父,サクラバクシンオー,112,13,27,0.1161,0.2411,71.2,0.0,7.15,0.2011,0.04,1.199,B,中山芝短距離(1000-1300)・良・中枠(3-6)で父「サクラバクシンオー」は基準比リフト1.199
東京,直線長め・持続型,芝,中距離(1700-2000),良,外枠(7-8),父,シンボリクリスエス,128,8,33,0.0625,0.2578,46.0,0.0,6.51,0.2154,0.0424,1.197,B,東京芝中距離(1700-2000)・良・外枠(7-8)で父「シンボリクリスエス」は基準比リフト1.197
京都,平坦・スピード型,ダ,中距離(1700-2000),良,中枠(3-6),父,ブライアンズタイム,115,10,30,0.087,0.2609,50.4,0.0,6.75,0.2181,0.0428,1.196,B,京都ダ中距離(1700-2000)・良・中枠(3-6)で父「ブライアンズタイム」は基準比リフト1.196
東京,直線長め・持続型,芝,短中距離(1400-1600),良,内枠(1-2),父,ネオユニヴァース,98,6,24,0.0612,0.2449,86.4,0.0,8.42,0.2047,0.0402,1.196,B,東京芝短中距離(1400-1600)・良・内枠(1-2)で父「ネオユニヴァース」は基準比リフト1.196
東京,直線長め・持続型,芝,短中距離(1400-1600),良,内枠(1-2),父,キングカメハメハ,143,13,35,0.0909,0.2448,58.7,0.0,6.48,0.2047,0.0401,1.196,B,東京芝短中距離(1400-1600)・良・内枠(1-2)で父「キングカメハメハ」は基準比リフト1.196
福島,小回り・機動型,ダ,短距離(1000-1300),良,中枠(3-6),父,サウスヴィグラス,120,12,27,0.1,0.225,87.3,0.0,7.12,0.1882,0.0368,1.196,B,福島ダ短距離(1000-1300)・良・中枠(3-6)で父「サウスヴィグラス」は基準比リフト1.196
阪神,坂あり・パワー型,芝,中距離(1700-2000),良,中枠(3-6),父,ダイワメジャー,129,10,37,0.0775,0.2868,67.9,0.0,6.63,0.2399,0.0469,1.195,B,阪神芝中距離(1700-2000)・良・中枠(3-6)で父「ダイワメジャー」は基準比リフト1.195
京都,平坦・スピード型,芝,中距離(1700-2000),良,内枠(1-2),父,ハーツクライ,112,10,32,0.0893,0.2857,102.6,0.0,5.74,0.239,0.0467,1.195,B,京都芝中距離(1700-2000)・良・内枠(1-2)で父「ハーツクライ」は基準比リフト1.195
福島,小回り・機動型,芝,中距離(1700-2000),良,外枠(7-8),父,ステイゴールド,98,10,22,0.102,0.2245,125.7,0.0,7.91,0.1878,0.0367,1.195,B,福島芝中距離(1700-2000)・良・外枠(7-8)で父「ステイゴールド」は基準比リフト1.195
中山,坂あり・パワー型,ダ,短距離(1000-1300),良,中枠(3-6),父,キングカメハメハ,100,7,23,0.07,0.23,69.4,0.0,6.87,0.1927,0.0373,1.194,B,中山ダ短距離(1000-1300)・良・中枠(3-6)で父「キングカメハメハ」は基準比リフト1.194
中京,直線長め・持続型,芝,中距離(1700-2000),良,中枠(3-6),父,キングカメハメハ,133,11,35,0.0827,0.2632,110.3,0.0,6.5,0.2207,0.0425,1.193,B,中京芝中距離(1700-2000)・良・中枠(3-6)で父「キングカメハメハ」は基準比リフト1.193
阪神,坂あり・パワー型,ダ,中距離(1700-2000),良,内枠(1-2),父,キングカメハメハ,114,8,28,0.0702,0.2456,31.9,0.0,6.07,0.206,0.0396,1.192,B,阪神ダ中距離(1700-2000)・良・内枠(1-2)で父「キングカメハメハ」は基準比リフト1.192
東京,直線長め・持続型,芝,中距離(1700-2000),良,中枠(3-6),父,ダイワメジャー,124,11,35,0.0887,0.2823,38.7,0.0,6.3,0.237,0.0453,1.191,B,東京芝中距離(1700-2000)・良・中枠(3-6)で父「ダイワメジャー」は基準比リフト1.191
阪神,坂あり・パワー型,ダ,中距離(1700-2000),良,外枠(7-8),父,シンボリクリスエス,100,7,28,0.07,0.28,23.8,0.0,6.33,0.2351,0.0449,1.191,B,阪神ダ中距離(1700-2000)・良・外枠(7-8)で父「シンボリクリスエス」は基準比リフト1.191
阪神,坂あり・パワー型,ダ,中距離(1700-2000),良,外枠(7-8),父,クロフネ,118,14,33,0.1186,0.2797,126.3,0.0,6.29,0.2351,0.0446,1.19,B,阪神ダ中距離(1700-2000)・良・外枠(7-8)で父「クロフネ」は基準比リフト1.19
新潟,直線長め・平坦型,ダ,短距離(1000-1300),良,外枠(7-8),父,サウスヴィグラス,85,8,23,0.0941,0.2706,67.3,0.0,6.26,0.2279,0.0427,1.187,B,新潟ダ短距離(1000-1300)・良・外枠(7-8)で父「サウスヴィグラス」は基準比リフト1.187
小倉,小回り・機動型,芝,中距離(1700-2000),良,外枠(7-8),父,キングカメハメハ,107,7,26,0.0654,0.243,41.5,0.0,6.7,0.2048,0.0382,1.187,B,小倉芝中距離(1700-2000)・良・外枠(7-8)で父「キングカメハメハ」は基準比リフト1.187
中山,坂あり・パワー型,ダ,中距離(1700-2000),良,中枠(3-6),父,ダイワメジャー,127,7,30,0.0551,0.2362,60.6,0.0,6.83,0.199,0.0372,1.187,B,中山ダ中距離(1700-2000)・良・中枠(3-6)で父「ダイワメジャー」は基準比リフト1.187
阪神,坂あり・パワー型,ダ,中距離(1700-2000),良,内枠(1-2),父,シンボリクリスエス,90,6,22,0.0667,0.2444,186.8,0.0,6.61,0.206,0.0384,1.186,B,阪神ダ中距離(1700-2000)・良・内枠(1-2)で父「シンボリクリスエス」は基準比リフト1.186
東京,直線長め・持続型,芝,短中距離(1400-1600),良,外枠(7-8),父,シンボリクリスエス,119,8,28,0.0672,0.2353,39.7,0.0,7.81,0.1988,0.0365,1.184,B,東京芝短中距離(1400-1600)・良・外枠(7-8)で父「シンボリクリスエス」は基準比リフト1.184
阪神,坂あり・パワー型,芝,中距離(1700-2000),良,中枠(3-6),父,マンハッタンカフェ,148,13,42,0.0878,0.2838,68.4,0.0,6.91,0.2399,0.0439,1.183,B,阪神芝中距離(1700-2000)・良・中枠(3-6)で父「マンハッタンカフェ」は基準比リフト1.183
阪神,坂あり・パワー型,ダ,中距離(1700-2000),良,中枠(3-6),父,ネオユニヴァース,123,11,33,0.0894,0.2683,40.2,0.0,6.44,0.2273,0.041,1.18,B,阪神ダ中距離(1700-2000)・良・中枠(3-6)で父「ネオユニヴァース」は基準比リフト1.18
小倉,小回り・機動型,芝,短距離(1000-1300),良,中枠(3-6),父,ロードカナロア,148,14,34,0.0946,0.2297,66.1,0.0,7.01,0.1949,0.0348,1.179,B,小倉芝短距離(1000-1300)・良・中枠(3-6)で父「ロードカナロア」は基準比リフト1.179
小倉,小回り・機動型,芝,中距離(1700-2000),良,中枠(3-6),父,ゼンノロブロイ,111,10,29,0.0901,0.2613,42.6,0.0,7.09,0.2218,0.0395,1.178,B,小倉芝中距離(1700-2000)・良・中枠(3-6)で父「ゼンノロブロイ」は基準比リフト1.178
小倉,小回り・機動型,芝,短距離(1000-1300),良,中枠(3-6),父,タイキシャトル,109,6,25,0.055,0.2294,47.3,0.0,8.22,0.1949,0.0345,1.177,B,小倉芝短距離(1000-1300)・良・中枠(3-6)で父「タイキシャトル」は基準比リフト1.177
東京,直線長め・持続型,芝,中長距離(2100-2400),良,中枠(3-6),父,キングカメハメハ,98,10,26,0.102,0.2653,51.5,0.0,7.05,0.226,0.0393,1.174,B,東京芝中長距離(2100-2400)・良・中枠(3-6)で父「キングカメハメハ」は基準比リフト1.174
阪神,坂あり・パワー型,芝,短距離(1000-1300),良,中枠(3-6),父,サクラバクシンオー,84,8,22,0.0952,0.2619,46.8,0.0,6.69,0.2234,0.0385,1.172,B,阪神芝短距離(1000-1300)・良・中枠(3-6)で父「サクラバクシンオー」は基準比リフト1.172
東京,直線長め・持続型,芝,短中距離(1400-1600),良,中枠(3-6),父,ルーラーシップ,135,13,32,0.0963,0.237,50.2,0.0,7.19,0.2028,0.0342,1.169,B,東京芝短中距離(1400-1600)・良・中枠(3-6)で父「ルーラーシップ」は基準比リフト1.169
京都,平坦・スピード型,芝,短中距離(1400-1600),良,外枠(7-8),父,アドマイヤムーン,93,8,21,0.086,0.2258,61.6,0.0,7.59,0.1935,0.0323,1.167,B,京都芝短中距離(1400-1600)・良・外枠(7-8)で父「アドマイヤムーン」は基準比リフト1.167
小倉,小回り・機動型,芝,短距離(1000-1300),良,中枠(3-6),父,アドマイヤムーン,110,10,25,0.0909,0.2273,40.4,0.0,7.88,0.1949,0.0324,1.166,B,小倉芝短距離(1000-1300)・良・中枠(3-6)で父「アドマイヤムーン」は基準比リフト1.166
小倉,小回り・機動型,ダ,中距離(1700-2000),良,中枠(3-6),父,クロフネ,119,8,27,0.0672,0.2269,26.1,0.0,7.15,0.1947,0.0322,1.165,B,小倉ダ中距離(1700-2000)・良・中枠(3-6)で父「クロフネ」は基準比リフト1.165
札幌,小回り・持続型,ダ,中距離(1700-2000),良,中枠(3-6),父,キングカメハメハ,129,14,37,0.1085,0.2868,91.1,0.0,5.73,0.2469,0.0399,1.162,B,札幌ダ中距離(1700-2000)・良・中枠(3-6)で父「キングカメハメハ」は基準比リフト1.162
中山,坂あり・パワー型,芝,中距離(1700-2000),良,内枠(1-2),父,ハービンジャー,97,11,25,0.1134,0.2577,86.9,0.0,6.84,0.2217,0.036,1.162,B,中山芝中距離(1700-2000)・良・内枠(1-2)で父「ハービンジャー」は基準比リフト1.162
東京,直線長め・持続型,ダ,短中距離(1400-1600),良,内枠(1-2),父,ダイワメジャー,118,9,23,0.0763,0.1949,26.7,0.0,7.04,0.1677,0.0272,1.162,B,東京ダ短中距離(1400-1600)・良・内枠(1-2)で父「ダイワメジャー」は基準比リフト1.162
東京,直線長め・持続型,ダ,短中距離(1400-1600),良,中枠(3-6),父,ブライアンズタイム,138,4,32,0.029,0.2319,13.1,0.0,7.0,0.1997,0.0322,1.161,B,東京ダ短中距離(1400-1600)・良・中枠(3-6)で父「ブライアンズタイム」は基準比リフト1.161
京都,平坦・スピード型,ダ,短中距離(1400-1600),良,外枠(7-8),父,ゴールドアリュール,80,8,18,0.1,0.225,42.6,0.0,6.79,0.1942,0.0308,1.159,B,京都ダ短中距離(1400-1600)・良・外枠(7-8)で父「ゴールドアリュール」は基準比リフト1.159
東京,直線長め・持続型,芝,中長距離(2100-2400),良,中枠(3-6),父,ハービンジャー,88,10,23,0.1136,0.2614,83.4,0.0,6.57,0.226,0.0354,1.157,B,東京芝中長距離(2100-2400)・良・中枠(3-6)で父「ハービンジャー」は基準比リフト1.157
中京,直線長め・持続型,芝,短中距離(1400-1600),良,中枠(3-6),父,ロードカナロア,139,12,33,0.0863,0.2374,48.9,0.0,6.17,0.2051,0.0323,1.157,B,中京芝短中距離(1400-1600)・良・中枠(3-6)で父「ロードカナロア」は基準比リフト1.157
中山,坂あり・パワー型,芝,中距離(1700-2000),良,中枠(3-6),父,ヴィクトワールピサ,80,9,20,0.1125,0.25,58.8,0.0,6.89,0.2165,0.0335,1.155,B,中山芝中距離(1700-2000)・良・中枠(3-6)で父「ヴィクトワールピサ」は基準比リフト1.155
阪神,坂あり・パワー型,芝,短中距離(1400-1600),良,中枠(3-6),父,アグネスタキオン,96,9,24,0.0938,0.25,52.7,0.0,6.09,0.2169,0.0331,1.153,B,阪神芝短中距離(1400-1600)・良・中枠(3-6)で父「アグネスタキオン」は基準比リフト1.153
阪神,坂あり・パワー型,ダ,中距離(1700-2000),良,中枠(3-6),父,ヘニーヒューズ,84,8,22,0.0952,0.2619,35.0,0.0,6.67,0.2273,0.0346,1.152,B,阪神ダ中距離(1700-2000)・良・中枠(3-6)で父「ヘニーヒューズ」は基準比リフト1.152
小倉,小回り・機動型,芝,中距離(1700-2000),良,内枠(1-2),父,ステイゴールド,90,9,23,0.1,0.2556,52.2,0.0,7.09,0.2226,0.033,1.148,B,小倉芝中距離(1700-2000)・良・内枠(1-2)で父「ステイゴールド」は基準比リフト1.148
東京,直線長め・持続型,芝,中長距離(2100-2400),良,中枠(3-6),父,ステイゴールド,143,16,37,0.1119,0.2587,64.8,0.0,6.54,0.226,0.0327,1.145,B,東京芝中長距離(2100-2400)・良・中枠(3-6)で父「ステイゴールド」は基準比リフト1.145
京都,平坦・スピード型,芝,中距離(1700-2000),良,外枠(7-8),父,ハービンジャー,112,11,29,0.0982,0.2589,56.2,0.0,5.54,0.2263,0.0326,1.144,B,京都芝中距離(1700-2000)・良・外枠(7-8)で父「ハービンジャー」は基準比リフト1.144
東京,直線長め・持続型,芝,短中距離(1400-1600),良,中枠(3-6),父,ハービンジャー,125,6,29,0.048,0.232,18.6,0.0,6.56,0.2028,0.0292,1.144,B,東京芝短中距離(1400-1600)・良・中枠(3-6)で父「ハービンジャー」は基準比リフト1.144
東京,直線長め・持続型,ダ,短中距離(1400-1600),良,中枠(3-6),父,ドレフォン,92,4,21,0.0435,0.2283,24.0,0.0,6.61,0.1997,0.0286,1.143,B,東京ダ短中距離(1400-1600)・良・中枠(3-6)で父「ドレフォン」は基準比リフト1.143
函館,小回り・持続型,芝,中距離(1700-2000),良,中枠(3-6),父,ステイゴールド,95,13,26,0.1368,0.2737,113.3,0.0,6.24,0.2397,0.034,1.142,B,函館芝中距離(1700-2000)・良・中枠(3-6)で父「ステイゴールド」は基準比リフト1.142
新潟,直線長め・平坦型,芝,中距離(1700-2000),良,中枠(3-6),父,ゼンノロブロイ,97,4,24,0.0412,0.2474,42.4,0.0,7.22,0.2171,0.0303,1.14,B,新潟芝中距離(1700-2000)・良・中枠(3-6)で父「ゼンノロブロイ」は基準比リフト1.14
京都,平坦・スピード型,芝,短距離(1000-1300),良,中枠(3-6),父,サクラバクシンオー,119,12,28,0.1008,0.2353,88.9,0.0,6.9,0.2064,0.0289,1.14,B,京都芝短距離(1000-1300)・良・中枠(3-6)で父「サクラバクシンオー」は基準比リフト1.14
函館,小回り・持続型,ダ,中距離(1700-2000),良,中枠(3-6),父,キングカメハメハ,97,9,26,0.0928,0.268,55.8,0.0,5.86,0.2356,0.0324,1.138,B,函館ダ中距離(1700-2000)・良・中枠(3-6)で父「キングカメハメハ」は基準比リフト1.138
新潟,直線長め・平坦型,芝,短距離(1000-1300),良,中枠(3-6),父,サクラバクシンオー,118,9,23,0.0763,0.1949,87.7,0.0,7.47,0.1712,0.0237,1.138,B,新潟芝短距離(1000-1300)・良・中枠(3-6)で父「サクラバクシンオー」は基準比リフト1.138
京都,平坦・スピード型,ダ,中距離(1700-2000),良,内枠(1-2),父,ゴールドアリュール,114,13,30,0.114,0.2632,91.0,0.0,6.66,0.2314,0.0318,1.137,B,京都ダ中距離(1700-2000)・良・内枠(1-2)で父「ゴールドアリュール」は基準比リフト1.137
東京,直線長め・持続型,ダ,短中距離(1400-1600),良,中枠(3-6),父,カネヒキリ,119,8,27,0.0672,0.2269,50.4,0.0,7.87,0.1997,0.0272,1.136,B,東京ダ短中距離(1400-1600)・良・中枠(3-6)で父「カネヒキリ」は基準比リフト1.136
中山,坂あり・パワー型,ダ,中距離(1700-2000),良,中枠(3-6),父,ブラックタイド,115,10,26,0.087,0.2261,81.9,0.0,8.42,0.199,0.0271,1.136,B,中山ダ中距離(1700-2000)・良・中枠(3-6)で父「ブラックタイド」は基準比リフト1.136
中京,直線長め・持続型,ダ,中距離(1700-2000),良,中枠(3-6),父,シンボリクリスエス,117,6,29,0.0513,0.2479,44.2,0.0,7.34,0.2184,0.0295,1.135,B,中京ダ中距離(1700-2000)・良・中枠(3-6)で父「シンボリクリスエス」は基準比リフト1.135
阪神,坂あり・パワー型,芝,中距離(1700-2000),良,内枠(1-2),父,ステイゴールド,88,6,25,0.0682,0.2841,75.9,0.0,7.01,0.2505,0.0336,1.134,B,阪神芝中距離(1700-2000)・良・内枠(1-2)で父「ステイゴールド」は基準比リフト1.134
阪神,坂あり・パワー型,芝,中距離(1700-2000),良,外枠(7-8),父,ルーラーシップ,87,8,23,0.092,0.2644,48.3,0.0,6.39,0.2332,0.0312,1.134,B,阪神芝中距離(1700-2000)・良・外枠(7-8)で父「ルーラーシップ」は基準比リフト1.134
東京,直線長め・持続型,ダ,短中距離(1400-1600),良,外枠(7-8),父,サウスヴィグラス,114,10,28,0.0877,0.2456,99.1,0.0,8.42,0.2165,0.0291,1.134,B,東京ダ短中距離(1400-1600)・良・外枠(7-8)で父「サウスヴィグラス」は基準比リフト1.134
新潟,直線長め・平坦型,ダ,中距離(1700-2000),良,中枠(3-6),父,ネオユニヴァース,111,10,27,0.0901,0.2432,163.7,0.0,7.33,0.2144,0.0288,1.134,B,新潟ダ中距離(1700-2000)・良・中枠(3-6)で父「ネオユニヴァース」は基準比リフト1.134
中山,坂あり・パワー型,ダ,中距離(1700-2000),良,中枠(3-6),父,パイロ,111,6,25,0.0541,0.2252,65.8,0.0,8.05,0.199,0.0262,1.132,B,中山ダ中距離(1700-2000)・良・中枠(3-6)で父「パイロ」は基準比リフト1.132
京都,平坦・スピード型,芝,中長距離(2100-2400),良,中枠(3-6),父,ハーツクライ,136,17,36,0.125,0.2647,132.0,0.0,6.25,0.2341,0.0306,1.131,B,京都芝中長距離(2100-2400)・良・中枠(3-6)で父「ハーツクライ」は基準比リフト1.131
中京,直線長め・持続型,芝,中距離(1700-2000),良,外枠(7-8),父,ステイゴールド,81,10,18,0.1235,0.2222,144.4,0.0,8.14,0.1964,0.0258,1.131,B,中京芝中距離(1700-2000)・良・外枠(7-8)で父「ステイゴールド」は基準比リフト1.131
札幌,小回り・持続型,芝,中距離(1700-2000),良,中枠(3-6),父,ステイゴールド,113,10,31,0.0885,0.2743,50.1,0.0,6.54,0.2428,0.0315,1.13,B,札幌芝中距離(1700-2000)・良・中枠(3-6)で父「ステイゴールド」は基準比リフト1.13
阪神,坂あり・パワー型,芝,短中距離(1400-1600),良,中枠(3-6),父,ゼンノロブロイ,102,7,25,0.0686,0.2451,80.1,0.0,7.96,0.2169,0.0282,1.13,B,阪神芝短中距離(1400-1600)・良・中枠(3-6)で父「ゼンノロブロイ」は基準比リフト1.13
新潟,直線長め・平坦型,芝,中距離(1700-2000),良,外枠(7-8),父,シンボリクリスエス,80,8,19,0.1,0.2375,263.4,0.0,7.69,0.2107,0.0268,1.127,B,新潟芝中距離(1700-2000)・良・外枠(7-8)で父「シンボリクリスエス」は基準比リフト1.127
中山,坂あり・パワー型,ダ,中距離(1700-2000),良,中枠(3-6),父,アグネスデジタル,107,9,24,0.0841,0.2243,60.2,0.0,7.71,0.199,0.0253,1.127,B,中山ダ中距離(1700-2000)・良・中枠(3-6)で父「アグネスデジタル」は基準比リフト1.127
新潟,直線長め・平坦型,芝,短中距離(1400-1600),良,中枠(3-6),父,ステイゴールド,105,6,23,0.0571,0.219,83.9,0.0,8.77,0.1947,0.0243,1.125,B,新潟芝短中距離(1400-1600)・良・中枠(3-6)で父「ステイゴールド」は基準比リフト1.125
京都,平坦・スピード型,ダ,中距離(1700-2000),良,外枠(7-8),父,ネオユニヴァース,99,9,23,0.0909,0.2323,92.5,0.0,7.46,0.2066,0.0257,1.124,B,京都ダ中距離(1700-2000)・良・外枠(7-8)で父「ネオユニヴァース」は基準比リフト1.124
東京,直線長め・持続型,芝,中距離(1700-2000),良,中枠(3-6),父,ヴィクトワールピサ,94,6,25,0.0638,0.266,178.1,0.0,7.79,0.237,0.029,1.122,B,東京芝中距離(1700-2000)・良・中枠(3-6)で父「ヴィクトワールピサ」は基準比リフト1.122
東京,直線長め・持続型,ダ,短中距離(1400-1600),稍,中枠(3-6),父,ヘニーヒューズ,80,7,17,0.0875,0.2125,55.8,0.0,7.54,0.1894,0.0231,1.122,B,東京ダ短中距離(1400-1600)・稍・中枠(3-6)で父「ヘニーヒューズ」は基準比リフト1.122
東京,直線長め・持続型,芝,中距離(1700-2000),良,内枠(1-2),父,ハーツクライ,137,8,36,0.0584,0.2628,29.3,0.0,6.07,0.2345,0.0283,1.121,B,東京芝中距離(1700-2000)・良・内枠(1-2)で父「ハーツクライ」は基準比リフト1.121
東京,直線長め・持続型,芝,短中距離(1400-1600),良,内枠(1-2),父,ハーツクライ,109,8,25,0.0734,0.2294,42.8,0.0,6.64,0.2047,0.0247,1.121,B,東京芝短中距離(1400-1600)・良・内枠(1-2)で父「ハーツクライ」は基準比リフト1.121
小倉,小回り・機動型,芝,中距離(1700-2000),良,外枠(7-8),父,ハービンジャー,109,8,25,0.0734,0.2294,61.6,0.0,6.63,0.2048,0.0246,1.12,B,小倉芝中距離(1700-2000)・良・外枠(7-8)で父「ハービンジャー」は基準比リフト1.12
京都,平坦・スピード型,ダ,短距離(1000-1300),良,内枠(1-2),父,サウスヴィグラス,93,7,22,0.0753,0.2366,57.7,0.0,7.18,0.2115,0.0251,1.119,B,京都ダ短距離(1000-1300)・良・内枠(1-2)で父「サウスヴィグラス」は基準比リフト1.119
京都,平坦・スピード型,ダ,短中距離(1400-1600),良,中枠(3-6),父,サウスヴィグラス,85,4,19,0.0471,0.2235,46.4,0.0,8.11,0.2,0.0235,1.118,B,京都ダ短中距離(1400-1600)・良・中枠(3-6)で父「サウスヴィグラス」は基準比リフト1.118
東京,直線長め・持続型,ダ,短中距離(1400-1600),良,内枠(1-2),父,プリサイスエンド,96,6,18,0.0625,0.1875,28.1,0.0,8.51,0.1677,0.0198,1.118,B,東京ダ短中距離(1400-1600)・良・内枠(1-2)で父「プリサイスエンド」は基準比リフト1.118
京都,平坦・スピード型,ダ,短距離(1000-1300),良,外枠(7-8),父,クロフネ,92,5,21,0.0543,0.2283,35.7,0.0,7.2,0.2043,0.024,1.117,B,京都ダ短距離(1000-1300)・良・外枠(7-8)で父「クロフネ」は基準比リフト1.117
小倉,小回り・機動型,芝,短距離(1000-1300),良,中枠(3-6),父,ジャングルポケット,101,6,22,0.0594,0.2178,71.8,0.0,8.16,0.1949,0.0229,1.117,B,小倉芝短距離(1000-1300)・良・中枠(3-6)で父「ジャングルポケット」は基準比リフト1.117
阪神,坂あり・パワー型,ダ,中距離(1700-2000),良,中枠(3-6),父,ディープインパクト,138,17,35,0.1232,0.2536,130.7,0.0,5.83,0.2273,0.0263,1.116,B,阪神ダ中距離(1700-2000)・良・中枠(3-6)で父「ディープインパクト」は基準比リフト1.116
中山,坂あり・パワー型,ダ,短距離(1000-1300),良,中枠(3-6),父,プリサイスエンド,135,10,29,0.0741,0.2148,72.8,0.0,8.13,0.1927,0.0221,1.115,B,中山ダ短距離(1000-1300)・良・中枠(3-6)で父「プリサイスエンド」は基準比リフト1.115
函館,小回り・持続型,芝,中距離(1700-2000),良,中枠(3-6),父,ハービンジャー,120,13,32,0.1083,0.2667,30.7,0.0,6.36,0.2397,0.027,1.113,B,函館芝中距離(1700-2000)・良・中枠(3-6)で父「ハービンジャー」は基準比リフト1.113
新潟,直線長め・平坦型,芝,短中距離(1400-1600),良,中枠(3-6),父,キングカメハメハ,120,5,26,0.0417,0.2167,52.4,0.0,6.7,0.1947,0.022,1.113,B,新潟芝短中距離(1400-1600)・良・中枠(3-6)で父「キングカメハメハ」は基準比リフト1.113
福島,小回り・機動型,芝,中距離(1700-2000),良,中枠(3-6),父,ジャングルポケット,99,7,24,0.0707,0.2424,52.2,0.0,7.38,0.2188,0.0236,1.108,B,福島芝中距離(1700-2000)・良・中枠(3-6)で父「ジャングルポケット」は基準比リフト1.108
阪神,坂あり・パワー型,芝,短中距離(1400-1600),良,中枠(3-6),父,ハービンジャー,104,10,25,0.0962,0.2404,129.8,0.0,7.58,0.2169,0.0235,1.108,B,阪神芝短中距離(1400-1600)・良・中枠(3-6)で父「ハービンジャー」は基準比リフト1.108
京都,平坦・スピード型,芝,短中距離(1400-1600),良,中枠(3-6),父,ジャングルポケット,118,8,28,0.0678,0.2373,40.8,0.0,8.26,0.2142,0.0231,1.108,B,京都芝短中距離(1400-1600)・良・中枠(3-6)で父「ジャングルポケット」は基準比リフト1.108
京都,平坦・スピード型,ダ,中距離(1700-2000),良,外枠(7-8),父,ハーツクライ,83,7,19,0.0843,0.2289,66.6,0.0,6.18,0.2066,0.0223,1.108,B,京都ダ中距離(1700-2000)・良・外枠(7-8)で父「ハーツクライ」は基準比リフト1.108
阪神,坂あり・パワー型,ダ,中距離(1700-2000),良,内枠(1-2),父,クロフネ,92,10,21,0.1087,0.2283,46.2,0.0,6.91,0.206,0.0223,1.108,B,阪神ダ中距離(1700-2000)・良・内枠(1-2)で父「クロフネ」は基準比リフト1.108
東京,直線長め・持続型,芝,短中距離(1400-1600),良,中枠(3-6),父,オルフェーヴル,89,4,20,0.0449,0.2247,19.7,0.0,7.22,0.2028,0.0219,1.108,B,東京芝短中距離(1400-1600)・良・中枠(3-6)で父「オルフェーヴル」は基準比リフト1.108
東京,直線長め・持続型,ダ,短中距離(1400-1600),良,中枠(3-6),父,ファスリエフ,104,6,23,0.0577,0.2212,49.6,0.0,8.12,0.1997,0.0215,1.108,B,東京ダ短中距離(1400-1600)・良・中枠(3-6)で父「ファスリエフ」は基準比リフト1.108
京都,平坦・スピード型,芝,中距離(1700-2000),良,中枠(3-6),父,ジャングルポケット,129,8,35,0.062,0.2713,70.0,0.0,6.98,0.2454,0.0259,1.106,B,京都芝中距離(1700-2000)・良・中枠(3-6)で父「ジャングルポケット」は基準比リフト1.106
京都,平坦・スピード型,ダ,中距離(1700-2000),良,内枠(1-2),父,シンボリクリスエス,86,5,22,0.0581,0.2558,83.4,0.0,6.6,0.2314,0.0244,1.105,B,京都ダ中距離(1700-2000)・良・内枠(1-2)で父「シンボリクリスエス」は基準比リフト1.105
東京,直線長め・持続型,芝,中長距離(2100-2400),良,外枠(7-8),父,ハーツクライ,88,6,22,0.0682,0.25,29.9,0.0,6.68,0.2262,0.0238,1.105,B,東京芝中長距離(2100-2400)・良・外枠(7-8)で父「ハーツクライ」は基準比リフト1.105
京都,平坦・スピード型,芝,短中距離(1400-1600),良,中枠(3-6),父,ダンスインザダーク,93,6,22,0.0645,0.2366,39.8,0.0,8.59,0.2142,0.0224,1.105,B,京都芝短中距離(1400-1600)・良・中枠(3-6)で父「ダンスインザダーク」は基準比リフト1.105
阪神,坂あり・パワー型,ダ,中距離(1700-2000),良,内枠(1-2),父,ゴールドアリュール,88,8,20,0.0909,0.2273,113.2,0.0,6.76,0.206,0.0213,1.103,B,阪神ダ中距離(1700-2000)・良・内枠(1-2)で父「ゴールドアリュール」は基準比リフト1.103
東京,直線長め・持続型,ダ,短中距離(1400-1600),良,外枠(7-8),父,シンボリクリスエス,130,11,31,0.0846,0.2385,41.2,0.0,6.96,0.2165,0.022,1.102,B,東京ダ短中距離(1400-1600)・良・外枠(7-8)で父「シンボリクリスエス」は基準比リフト1.102
京都,平坦・スピード型,ダ,短中距離(1400-1600),良,中枠(3-6),父,キングカメハメハ,118,7,26,0.0593,0.2203,40.5,0.0,6.67,0.2,0.0203,1.102,B,京都ダ短中距離(1400-1600)・良・中枠(3-6)で父「キングカメハメハ」は基準比リフト1.102
新潟,直線長め・平坦型,芝,中距離(1700-2000),良,中枠(3-6),父,タニノギムレット,92,7,22,0.0761,0.2391,33.7,0.0,8.28,0.2171,0.022,1.101,B,新潟芝中距離(1700-2000)・良・中枠(3-6)で父「タニノギムレット」は基準比リフト1.101
阪神,坂あり・パワー型,ダ,中距離(1700-2000),良,中枠(3-6),父,パイロ,92,4,23,0.0435,0.25,37.7,0.0,6.25,0.2273,0.0227,1.1,B,阪神ダ中距離(1700-2000)・良・中枠(3-6)で父「パイロ」は基準比リフト1.1
東京,直線長め・持続型,芝,中距離(1700-2000),良,中枠(3-6),父,ドゥラメンテ,119,12,31,0.1008,0.2605,44.8,0.0,5.93,0.237,0.0235,1.099,B,東京芝中距離(1700-2000)・良・中枠(3-6)で父「ドゥラメンテ」は基準比リフト1.099
中山,坂あり・パワー型,ダ,短距離(1000-1300),良,外枠(7-8),父,スウェプトオーヴァーボード,103,6,23,0.0583,0.2233,42.5,0.0,8.31,0.2034,0.0199,1.098,B,中山ダ短距離(1000-1300)・良・外枠(7-8)で父「スウェプトオーヴァーボード」は基準比リフト1.098
中山,坂あり・パワー型,ダ,中距離(1700-2000),良,外枠(7-8),父,シンボリクリスエス,131,11,32,0.084,0.2443,118.0,0.0,6.7,0.2226,0.0217,1.097,B,中山ダ中距離(1700-2000)・良・外枠(7-8)で父「シンボリクリスエス」は基準比リフト1.097
東京,直線長め・持続型,ダ,短中距離(1400-1600),良,中枠(3-6),父,ゴールドアリュール,429,33,94,0.0769,0.2191,71.0,0.0,7.28,0.1997,0.0194,1.097,B,東京ダ短中距離(1400-1600)・良・中枠(3-6)で父「ゴールドアリュール」は基準比リフト1.097
京都,平坦・スピード型,ダ,中距離(1700-2000),良,中枠(3-6),父,シンボリクリスエス,252,16,60,0.0635,0.2381,103.7,0.0,6.96,0.2181,0.02,1.092,B,京都ダ中距離(1700-2000)・良・中枠(3-6)で父「シンボリクリスエス」は基準比リフト1.092
京都,平坦・スピード型,芝,短中距離(1400-1600),良,中枠(3-6),父,クロフネ,124,12,29,0.0968,0.2339,115.4,0.0,8.11,0.2142,0.0197,1.092,B,京都芝短中距離(1400-1600)・良・中枠(3-6)で父「クロフネ」は基準比リフト1.092
中山,坂あり・パワー型,ダ,中距離(1700-2000),良,中枠(3-6),父,シンボリクリスエス,230,20,50,0.087,0.2174,52.6,0.0,7.45,0.199,0.0184,1.092,B,中山ダ中距離(1700-2000)・良・中枠(3-6)で父「シンボリクリスエス」は基準比リフト1.092
中山,坂あり・パワー型,ダ,短距離(1000-1300),良,内枠(1-2),父,ゴールドアリュール,83,6,16,0.0723,0.1928,23.0,0.0,7.87,0.1768,0.016,1.09,B,中山ダ短距離(1000-1300)・良・内枠(1-2)で父「ゴールドアリュール」は基準比リフト1.09
福島,小回り・機動型,芝,中距離(1700-2000),良,内枠(1-2),父,ディープインパクト,89,6,20,0.0674,0.2247,31.6,0.0,5.74,0.2066,0.0181,1.088,B,福島芝中距離(1700-2000)・良・内枠(1-2)で父「ディープインパクト」は基準比リフト1.088
京都,平坦・スピード型,ダ,短距離(1000-1300),良,外枠(7-8),父,サウスヴィグラス,99,10,22,0.101,0.2222,47.0,0.0,7.86,0.2043,0.0179,1.088,B,京都ダ短距離(1000-1300)・良・外枠(7-8)で父「サウスヴィグラス」は基準比リフト1.088
京都,平坦・スピード型,芝,中距離(1700-2000),良,中枠(3-6),父,アグネスタキオン,105,8,28,0.0762,0.2667,50.6,0.0,5.74,0.2454,0.0213,1.087,B,京都芝中距離(1700-2000)・良・中枠(3-6)で父「アグネスタキオン」は基準比リフト1.087
阪神,坂あり・パワー型,ダ,中距離(1700-2000),良,中枠(3-6),父,ルーラーシップ,166,17,41,0.1024,0.247,95.2,0.0,6.69,0.2273,0.0197,1.087,B,阪神ダ中距離(1700-2000)・良・中枠(3-6)で父「ルーラーシップ」は基準比リフト1.087
阪神,坂あり・パワー型,ダ,短中距離(1400-1600),良,中枠(3-6),父,クロフネ,136,10,30,0.0735,0.2206,73.0,0.0,7.51,0.2031,0.0175,1.086,B,阪神ダ短中距離(1400-1600)・良・中枠(3-6)で父「クロフネ」は基準比リフト1.086
札幌,小回り・持続型,芝,中距離(1700-2000),良,中枠(3-6),父,ハービンジャー,148,16,39,0.1081,0.2635,121.1,0.0,6.26,0.2428,0.0207,1.085,B,札幌芝中距離(1700-2000)・良・中枠(3-6)で父「ハービンジャー」は基準比リフト1.085
小倉,小回り・機動型,芝,中距離(1700-2000),良,中枠(3-6),父,ダイワメジャー,108,7,26,0.0648,0.2407,43.5,0.0,7.1,0.2218,0.0189,1.085,B,小倉芝中距離(1700-2000)・良・中枠(3-6)で父「ダイワメジャー」は基準比リフト1.085
東京,直線長め・持続型,ダ,短中距離(1400-1600),良,外枠(7-8),父,クロフネ,217,19,51,0.0876,0.235,48.4,0.0,7.14,0.2165,0.0185,1.085,B,東京ダ短中距離(1400-1600)・良・外枠(7-8)で父「クロフネ」は基準比リフト1.085
新潟,直線長め・平坦型,ダ,短距離(1000-1300),良,中枠(3-6),父,キンシャサノキセキ,109,7,24,0.0642,0.2202,62.8,0.0,7.5,0.2029,0.0173,1.085,B,新潟ダ短距離(1000-1300)・良・中枠(3-6)で父「キンシャサノキセキ」は基準比リフト1.085
中山,坂あり・パワー型,ダ,中距離(1700-2000),良,中枠(3-6),父,ブライアンズタイム,88,7,19,0.0795,0.2159,170.6,0.0,7.69,0.199,0.0169,1.085,B,中山ダ中距離(1700-2000)・良・中枠(3-6)で父「ブライアンズタイム」は基準比リフト1.085
東京,直線長め・持続型,芝,短中距離(1400-1600),良,外枠(7-8),父,マンハッタンカフェ,102,9,22,0.0882,0.2157,39.0,0.0,7.34,0.1988,0.0169,1.085,B,東京芝短中距離(1400-1600)・良・外枠(7-8)で父「マンハッタンカフェ」は基準比リフト1.085
新潟,直線長め・平坦型,ダ,中距離(1700-2000),良,中枠(3-6),父,クロフネ,142,6,33,0.0423,0.2324,38.1,0.0,7.27,0.2144,0.018,1.084,B,新潟ダ中距離(1700-2000)・良・中枠(3-6)で父「クロフネ」は基準比リフト1.084
阪神,坂あり・パワー型,ダ,短中距離(1400-1600),良,中枠(3-6),父,キンシャサノキセキ,100,3,22,0.03,0.22,10.1,0.0,6.95,0.2031,0.0169,1.083,B,阪神ダ短中距離(1400-1600)・良・中枠(3-6)で父「キンシャサノキセキ」は基準比リフト1.083
京都,平坦・スピード型,芝,中距離(1700-2000),良,中枠(3-6),父,ゼンノロブロイ,98,7,26,0.0714,0.2653,30.6,0.0,7.16,0.2454,0.0199,1.081,B,京都芝中距離(1700-2000)・良・中枠(3-6)で父「ゼンノロブロイ」は基準比リフト1.081
東京,直線長め・持続型,ダ,短中距離(1400-1600),良,中枠(3-6),父,ネオユニヴァース,241,22,52,0.0913,0.2158,80.2,0.0,7.56,0.1997,0.0161,1.081,B,東京ダ短中距離(1400-1600)・良・中枠(3-6)で父「ネオユニヴァース」は基準比リフト1.081
福島,小回り・機動型,芝,長距離(2500以上),良,中枠(3-6),父,ステイゴールド,88,9,23,0.1023,0.2614,77.0,0.0,6.22,0.2423,0.0191,1.079,B,福島芝長距離(2500以上)・良・中枠(3-6)で父「ステイゴールド」は基準比リフト1.079
阪神,坂あり・パワー型,芝,短中距離(1400-1600),良,内枠(1-2),父,ハーツクライ,96,12,23,0.125,0.2396,67.2,0.0,6.34,0.2227,0.0169,1.076,B,阪神芝短中距離(1400-1600)・良・内枠(1-2)で父「ハーツクライ」は基準比リフト1.076
京都,平坦・スピード型,ダ,中距離(1700-2000),良,中枠(3-6),父,ゴールドアリュール,213,18,50,0.0845,0.2347,64.1,0.0,6.75,0.2181,0.0166,1.076,B,京都ダ中距離(1700-2000)・良・中枠(3-6)で父「ゴールドアリュール」は基準比リフト1.076
中京,直線長め・持続型,ダ,中距離(1700-2000),良,中枠(3-6),父,キングカメハメハ,179,21,42,0.1173,0.2346,133.6,0.0,7.16,0.2184,0.0162,1.074,B,中京ダ中距離(1700-2000)・良・中枠(3-6)で父「キングカメハメハ」は基準比リフト1.074
函館,小回り・持続型,芝,短距離(1000-1300),良,中枠(3-6),父,ダイワメジャー,132,11,33,0.0833,0.25,79.8,0.0,6.44,0.2329,0.0171,1.073,B,函館芝短距離(1000-1300)・良・中枠(3-6)で父「ダイワメジャー」は基準比リフト1.073
福島,小回り・機動型,芝,短距離(1000-1300),良,外枠(7-8),父,ダイワメジャー,95,5,20,0.0526,0.2105,44.9,0.0,6.37,0.1962,0.0143,1.073,B,福島芝短距離(1000-1300)・良・外枠(7-8)で父「ダイワメジャー」は基準比リフト1.073
阪神,坂あり・パワー型,芝,中距離(1700-2000),良,外枠(7-8),父,マンハッタンカフェ,112,10,28,0.0893,0.25,403.4,0.0,7.23,0.2332,0.0168,1.072,B,阪神芝中距離(1700-2000)・良・外枠(7-8)で父「マンハッタンカフェ」は基準比リフト1.072
小倉,小回り・機動型,芝,中距離(1700-2000),良,中枠(3-6),父,ステイゴールド,223,17,53,0.0762,0.2377,53.9,0.0,7.16,0.2218,0.0159,1.072,B,小倉芝中距離(1700-2000)・良・中枠(3-6)で父「ステイゴールド」は基準比リフト1.072
東京,直線長め・持続型,ダ,短中距離(1400-1600),良,中枠(3-6),父,フジキセキ,159,15,34,0.0943,0.2138,115.4,0.0,7.62,0.1997,0.0141,1.071,B,東京ダ短中距離(1400-1600)・良・中枠(3-6)で父「フジキセキ」は基準比リフト1.071
東京,直線長め・持続型,ダ,短中距離(1400-1600),良,外枠(7-8),父,マンハッタンカフェ,82,6,19,0.0732,0.2317,40.5,0.0,7.82,0.2165,0.0152,1.07,B,東京ダ短中距離(1400-1600)・良・外枠(7-8)で父「マンハッタンカフェ」は基準比リフト1.07
東京,直線長め・持続型,芝,短中距離(1400-1600),良,外枠(7-8),父,ルーラーシップ,80,7,17,0.0875,0.2125,94.4,0.0,7.02,0.1988,0.0137,1.069,B,東京芝短中距離(1400-1600)・良・外枠(7-8)で父「ルーラーシップ」は基準比リフト1.069
京都,平坦・スピード型,芝,中距離(1700-2000),良,外枠(7-8),父,ハーツクライ,149,17,36,0.1141,0.2416,87.9,0.0,5.63,0.2263,0.0153,1.068,B,京都芝中距離(1700-2000)・良・外枠(7-8)で父「ハーツクライ」は基準比リフト1.068
中山,坂あり・パワー型,芝,中距離(1700-2000),良,中枠(3-6),父,マンハッタンカフェ,134,6,31,0.0448,0.2313,59.8,0.0,7.56,0.2165,0.0148,1.068,B,中山芝中距離(1700-2000)・良・中枠(3-6)で父「マンハッタンカフェ」は基準比リフト1.068
小倉,小回り・機動型,ダ,中距離(1700-2000),良,中枠(3-6),父,ゴールドアリュール,101,12,21,0.1188,0.2079,96.8,0.0,7.04,0.1947,0.0132,1.068,B,小倉ダ中距離(1700-2000)・良・中枠(3-6)で父「ゴールドアリュール」は基準比リフト1.068
阪神,坂あり・パワー型,芝,中距離(1700-2000),良,中枠(3-6),父,シンボリクリスエス,125,8,32,0.064,0.256,66.6,0.0,7.42,0.2399,0.0161,1.067,B,阪神芝中距離(1700-2000)・良・中枠(3-6)で父「シンボリクリスエス」は基準比リフト1.067
福島,小回り・機動型,芝,中距離(1700-2000),良,中枠(3-6),父,ハービンジャー,150,11,35,0.0733,0.2333,34.3,0.0,6.97,0.2188,0.0145,1.066,B,福島芝中距離(1700-2000)・良・中枠(3-6)で父「ハービンジャー」は基準比リフト1.066
京都,平坦・スピード型,芝,中距離(1700-2000),良,中枠(3-6),父,ハーツクライ,257,22,67,0.0856,0.2607,72.4,0.0,6.23,0.2454,0.0153,1.062,B,京都芝中距離(1700-2000)・良・中枠(3-6)で父「ハーツクライ」は基準比リフト1.062
東京,直線長め・持続型,ダ,短中距離(1400-1600),良,中枠(3-6),父,アイルハヴアナザー,99,4,21,0.0404,0.2121,85.8,0.0,7.84,0.1997,0.0124,1.062,B,東京ダ短中距離(1400-1600)・良・中枠(3-6)で父「アイルハヴアナザー」は基準比リフト1.062
東京,直線長め・持続型,ダ,短中距離(1400-1600),良,中枠(3-6),父,ルーラーシップ,118,7,25,0.0593,0.2119,42.0,0.0,7.39,0.1997,0.0122,1.061,B,東京ダ短中距離(1400-1600)・良・中枠(3-6)で父「ルーラーシップ」は基準比リフト1.061
阪神,坂あり・パワー型,芝,短中距離(1400-1600),良,中枠(3-6),父,フジキセキ,100,9,23,0.09,0.23,92.7,0.0,7.27,0.2169,0.0131,1.06,B,阪神芝短中距離(1400-1600)・良・中枠(3-6)で父「フジキセキ」は基準比リフト1.06
中山,坂あり・パワー型,ダ,短距離(1000-1300),良,中枠(3-6),父,キングヘイロー,93,6,19,0.0645,0.2043,32.8,0.0,8.56,0.1927,0.0116,1.06,B,中山ダ短距離(1000-1300)・良・中枠(3-6)で父「キングヘイロー」は基準比リフト1.06
小倉,小回り・機動型,芝,中距離(1700-2000),良,中枠(3-6),父,スペシャルウィーク,81,8,19,0.0988,0.2346,57.0,0.0,7.25,0.2218,0.0128,1.058,B,小倉芝中距離(1700-2000)・良・中枠(3-6)で父「スペシャルウィーク」は基準比リフト1.058
東京,直線長め・持続型,芝,短中距離(1400-1600),良,中枠(3-6),父,ローエングリン,84,3,18,0.0357,0.2143,59.6,0.0,9.36,0.2028,0.0115,1.057,B,東京芝短中距離(1400-1600)・良・中枠(3-6)で父「ローエングリン」は基準比リフト1.057
東京,直線長め・持続型,ダ,短中距離(1400-1600),良,内枠(1-2),父,サウスヴィグラス,113,7,20,0.0619,0.177,69.7,0.0,8.81,0.1677,0.0093,1.055,B,東京ダ短中距離(1400-1600)・良・内枠(1-2)で父「サウスヴィグラス」は基準比リフト1.055
阪神,坂あり・パワー型,ダ,短距離(1000-1300),良,中枠(3-6),父,ゴールドアリュール,96,4,21,0.0417,0.2188,64.1,0.0,7.2,0.2076,0.0112,1.054,B,阪神ダ短距離(1000-1300)・良・中枠(3-6)で父「ゴールドアリュール」は基準比リフト1.054
阪神,坂あり・パワー型,芝,短中距離(1400-1600),良,中枠(3-6),父,マンハッタンカフェ,136,11,31,0.0809,0.2279,51.1,0.0,7.68,0.2169,0.011,1.051,B,阪神芝短中距離(1400-1600)・良・中枠(3-6)で父「マンハッタンカフェ」は基準比リフト1.051
中山,坂あり・パワー型,芝,中距離(1700-2000),良,中枠(3-6),父,ステイゴールド,246,19,56,0.0772,0.2276,49.8,0.0,7.64,0.2165,0.0111,1.051,B,中山芝中距離(1700-2000)・良・中枠(3-6)で父「ステイゴールド」は基準比リフト1.051
東京,直線長め・持続型,ダ,短中距離(1400-1600),良,中枠(3-6),父,ジャスタウェイ,81,4,17,0.0494,0.2099,23.1,0.0,7.46,0.1997,0.0102,1.051,B,東京ダ短中距離(1400-1600)・良・中枠(3-6)で父「ジャスタウェイ」は基準比リフト1.051
東京,直線長め・持続型,ダ,短中距離(1400-1600),良,中枠(3-6),父,ロージズインメイ,167,15,35,0.0898,0.2096,84.4,0.0,8.74,0.1997,0.0099,1.05,B,東京ダ短中距離(1400-1600)・良・中枠(3-6)で父「ロージズインメイ」は基準比リフト1.05
中山,坂あり・パワー型,ダ,中距離(1700-2000),良,中枠(3-6),父,ハーツクライ,134,13,28,0.097,0.209,68.3,0.0,6.83,0.199,0.01,1.05,B,中山ダ中距離(1700-2000)・良・中枠(3-6)で父「ハーツクライ」は基準比リフト1.05
中京,直線長め・持続型,芝,短中距離(1400-1600),稍,中枠(3-6),父,ディープインパクト,63,9,30,0.1429,0.4762,76.3,0.0,5.1,0.211,0.2652,2.257,C,中京芝短中距離(1400-1600)・稍・中枠(3-6)で父「ディープインパクト」は基準比リフト2.257
京都,平坦・スピード型,ダ,短中距離(1400-1600),良,内枠(1-2),父,キングカメハメハ,66,10,30,0.1515,0.4545,156.2,0.0,5.83,0.2074,0.2471,2.191,C,京都ダ短中距離(1400-1600)・良・内枠(1-2)で父「キングカメハメハ」は基準比リフト2.191
京都,平坦・スピード型,芝,短中距離(1400-1600),良,外枠(7-8),父,アグネスタキオン,67,11,28,0.1642,0.4179,138.1,0.0,5.19,0.1935,0.2244,2.16,C,京都芝短中距離(1400-1600)・良・外枠(7-8)で父「アグネスタキオン」は基準比リフト2.16
阪神,坂あり・パワー型,ダ,短中距離(1400-1600),良,中枠(3-6),父,シニスターミニスター,73,9,31,0.1233,0.4247,99.3,0.0,6.07,0.2031,0.2216,2.091,C,阪神ダ短中距離(1400-1600)・良・中枠(3-6)で父「シニスターミニスター」は基準比リフト2.091
中京,直線長め・持続型,ダ,短距離(1000-1300),良,中枠(3-6),父,キンシャサノキセキ,58,8,22,0.1379,0.3793,176.4,0.0,6.66,0.182,0.1973,2.084,C,中京ダ短距離(1000-1300)・良・中枠(3-6)で父「キンシャサノキセキ」は基準比リフト2.084
小倉,小回り・機動型,芝,中距離(1700-2000),良,中枠(3-6),父,ドゥラメンテ,70,10,31,0.1429,0.4429,67.6,0.0,5.63,0.2218,0.2211,1.997,C,小倉芝中距離(1700-2000)・良・中枠(3-6)で父「ドゥラメンテ」は基準比リフト1.997
阪神,坂あり・パワー型,芝,短中距離(1400-1600),稍,外枠(7-8),父,ディープインパクト,63,5,25,0.0794,0.3968,30.8,0.0,5.24,0.1993,0.1975,1.991,C,阪神芝短中距離(1400-1600)・稍・外枠(7-8)で父「ディープインパクト」は基準比リフト1.991
中京,直線長め・持続型,芝,短距離(1000-1300),良,中枠(3-6),父,ディープインパクト,51,9,20,0.1765,0.3922,130.4,0.0,5.51,0.1973,0.1949,1.988,C,中京芝短距離(1000-1300)・良・中枠(3-6)で父「ディープインパクト」は基準比リフト1.988
福島,小回り・機動型,ダ,中距離(1700-2000),良,中枠(3-6),父,ヘニーヒューズ,53,7,21,0.1321,0.3962,49.6,0.0,6.0,0.2003,0.1959,1.978,C,福島ダ中距離(1700-2000)・良・中枠(3-6)で父「ヘニーヒューズ」は基準比リフト1.978
阪神,坂あり・パワー型,芝,中距離(1700-2000),稍,外枠(7-8),父,ディープインパクト,73,15,31,0.2055,0.4247,160.5,0.0,4.63,0.2149,0.2098,1.976,C,阪神芝中距離(1700-2000)・稍・外枠(7-8)で父「ディープインパクト」は基準比リフト1.976
阪神,坂あり・パワー型,ダ,短中距離(1400-1600),良,内枠(1-2),父,キングカメハメハ,63,9,21,0.1429,0.3333,72.2,0.0,6.76,0.1701,0.1632,1.959,C,阪神ダ短中距離(1400-1600)・良・内枠(1-2)で父「キングカメハメハ」は基準比リフト1.959
小倉,小回り・機動型,ダ,中距離(1700-2000),良,外枠(7-8),父,キングカメハメハ,70,7,27,0.1,0.3857,454.9,0.0,7.06,0.1974,0.1883,1.954,C,小倉ダ中距離(1700-2000)・良・外枠(7-8)で父「キングカメハメハ」は基準比リフト1.954
阪神,坂あり・パワー型,ダ,短距離(1000-1300),良,中枠(3-6),父,キンシャサノキセキ,78,9,31,0.1154,0.3974,47.7,0.0,6.53,0.2076,0.1898,1.914,C,阪神ダ短距離(1000-1300)・良・中枠(3-6)で父「キンシャサノキセキ」は基準比リフト1.914
新潟,直線長め・平坦型,芝,中長距離(2100-2400),良,外枠(7-8),父,ディープインパクト,50,6,18,0.12,0.36,104.8,0.0,5.7,0.1903,0.1697,1.892,C,新潟芝中長距離(2100-2400)・良・外枠(7-8)で父「ディープインパクト」は基準比リフト1.892
阪神,坂あり・パワー型,ダ,中距離(1700-2000),良,外枠(7-8),父,キズナ,61,8,27,0.1311,0.4426,101.8,0.0,5.43,0.2351,0.2075,1.883,C,阪神ダ中距離(1700-2000)・良・外枠(7-8)で父「キズナ」は基準比リフト1.883
中山,坂あり・パワー型,ダ,中距離(1700-2000),稍,外枠(7-8),父,キングカメハメハ,55,10,22,0.1818,0.4,317.5,0.0,7.18,0.2128,0.1872,1.88,C,中山ダ中距離(1700-2000)・稍・外枠(7-8)で父「キングカメハメハ」は基準比リフト1.88
中京,直線長め・持続型,ダ,中距離(1700-2000),良,中枠(3-6),父,キズナ,66,12,27,0.1818,0.4091,544.7,0.0,5.17,0.2184,0.1907,1.873,C,中京ダ中距離(1700-2000)・良・中枠(3-6)で父「キズナ」は基準比リフト1.873
京都,平坦・スピード型,芝,短中距離(1400-1600),稍,中枠(3-6),父,ディープインパクト,75,8,29,0.1067,0.3867,29.1,0.0,4.83,0.2103,0.1764,1.839,C,京都芝短中距離(1400-1600)・稍・中枠(3-6)で父「ディープインパクト」は基準比リフト1.839
中山,坂あり・パワー型,芝,短距離(1000-1300),良,中枠(3-6),父,アドマイヤムーン,73,7,27,0.0959,0.3699,36.0,0.0,6.03,0.2011,0.1688,1.839,C,中山芝短距離(1000-1300)・良・中枠(3-6)で父「アドマイヤムーン」は基準比リフト1.839
小倉,小回り・機動型,芝,短距離(1000-1300),稍,中枠(3-6),父,ロードカナロア,51,8,18,0.1569,0.3529,149.4,0.0,6.2,0.1925,0.1604,1.833,C,小倉芝短距離(1000-1300)・稍・中枠(3-6)で父「ロードカナロア」は基準比リフト1.833
福島,小回り・機動型,ダ,中距離(1700-2000),良,中枠(3-6),父,シニスターミニスター,74,7,27,0.0946,0.3649,85.5,0.0,7.3,0.2003,0.1646,1.822,C,福島ダ中距離(1700-2000)・良・中枠(3-6)で父「シニスターミニスター」は基準比リフト1.822
阪神,坂あり・パワー型,芝,中距離(1700-2000),良,中枠(3-6),父,ドゥラメンテ,62,10,27,0.1613,0.4355,119.8,0.0,4.66,0.2399,0.1956,1.815,C,阪神芝中距離(1700-2000)・良・中枠(3-6)で父「ドゥラメンテ」は基準比リフト1.815
東京,直線長め・持続型,ダ,中長距離(2100-2400),良,中枠(3-6),父,ディープインパクト,55,6,22,0.1091,0.4,94.2,0.0,5.98,0.2214,0.1786,1.807,C,東京ダ中長距離(2100-2400)・良・中枠(3-6)で父「ディープインパクト」は基準比リフト1.807
中京,直線長め・持続型,ダ,中距離(1700-2000),良,内枠(1-2),父,ゴールドアリュール,57,5,23,0.0877,0.4035,56.8,0.0,6.04,0.225,0.1785,1.793,C,中京ダ中距離(1700-2000)・良・内枠(1-2)で父「ゴールドアリュール」は基準比リフト1.793
新潟,直線長め・平坦型,芝,中距離(1700-2000),良,外枠(7-8),父,ゼンノロブロイ,64,7,24,0.1094,0.375,112.0,0.0,6.77,0.2107,0.1643,1.78,C,新潟芝中距離(1700-2000)・良・外枠(7-8)で父「ゼンノロブロイ」は基準比リフト1.78
福島,小回り・機動型,ダ,中距離(1700-2000),良,中枠(3-6),父,ネオユニヴァース,79,8,28,0.1013,0.3544,47.2,0.0,6.99,0.2003,0.1541,1.769,C,福島ダ中距離(1700-2000)・良・中枠(3-6)で父「ネオユニヴァース」は基準比リフト1.769
中山,坂あり・パワー型,ダ,中距離(1700-2000),良,内枠(1-2),父,アグネスデジタル,52,5,17,0.0962,0.3269,177.1,0.0,7.46,0.1848,0.1421,1.769,C,中山ダ中距離(1700-2000)・良・内枠(1-2)で父「アグネスデジタル」は基準比リフト1.769
中山,坂あり・パワー型,ダ,短距離(1000-1300),良,外枠(7-8),父,シニスターミニスター,53,8,19,0.1509,0.3585,145.7,0.0,7.21,0.2034,0.1551,1.763,C,中山ダ短距離(1000-1300)・良・外枠(7-8)で父「シニスターミニスター」は基準比リフト1.763
阪神,坂あり・パワー型,ダ,中距離(1700-2000),良,中枠(3-6),父,ドゥラメンテ,60,6,24,0.1,0.4,25.2,0.0,4.92,0.2273,0.1727,1.76,C,阪神ダ中距離(1700-2000)・良・中枠(3-6)で父「ドゥラメンテ」は基準比リフト1.76
東京,直線長め・持続型,ダ,中長距離(2100-2400),良,外枠(7-8),父,キングカメハメハ,72,11,25,0.1528,0.3472,648.2,0.0,6.29,0.1973,0.1499,1.76,C,東京ダ中長距離(2100-2400)・良・外枠(7-8)で父「キングカメハメハ」は基準比リフト1.76
小倉,小回り・機動型,ダ,中距離(1700-2000),良,内枠(1-2),父,ネオユニヴァース,51,5,19,0.098,0.3725,162.0,0.0,7.25,0.2118,0.1607,1.759,C,小倉ダ中距離(1700-2000)・良・内枠(1-2)で父「ネオユニヴァース」は基準比リフト1.759
京都,平坦・スピード型,芝,短距離(1000-1300),良,中枠(3-6),父,アドマイヤムーン,58,5,21,0.0862,0.3621,47.4,0.0,5.86,0.2064,0.1557,1.754,C,京都芝短距離(1000-1300)・良・中枠(3-6)で父「アドマイヤムーン」は基準比リフト1.754
新潟,直線長め・平坦型,芝,短中距離(1400-1600),良,内枠(1-2),父,キングカメハメハ,51,7,15,0.1373,0.2941,129.0,0.0,7.18,0.1682,0.1259,1.749,C,新潟芝短中距離(1400-1600)・良・内枠(1-2)で父「キングカメハメハ」は基準比リフト1.749
中京,直線長め・持続型,芝,短中距離(1400-1600),良,中枠(3-6),父,マンハッタンカフェ,53,7,19,0.1321,0.3585,81.9,0.0,6.32,0.2051,0.1534,1.748,C,中京芝短中距離(1400-1600)・良・中枠(3-6)で父「マンハッタンカフェ」は基準比リフト1.748
中山,坂あり・パワー型,ダ,短距離(1000-1300),稍,外枠(7-8),父,サウスヴィグラス,66,6,26,0.0909,0.3939,83.2,0.0,7.52,0.2257,0.1682,1.745,C,中山ダ短距離(1000-1300)・稍・外枠(7-8)で父「サウスヴィグラス」は基準比リフト1.745
東京,直線長め・持続型,芝,短中距離(1400-1600),良,内枠(1-2),父,クロフネ,59,6,21,0.1017,0.3559,124.2,0.0,7.14,0.2047,0.1512,1.739,C,東京芝短中距離(1400-1600)・良・内枠(1-2)で父「クロフネ」は基準比リフト1.739
阪神,坂あり・パワー型,ダ,中距離(1700-2000),稍,中枠(3-6),父,ネオユニヴァース,55,6,20,0.1091,0.3636,50.9,0.0,4.84,0.2095,0.1541,1.736,C,阪神ダ中距離(1700-2000)・稍・中枠(3-6)で父「ネオユニヴァース」は基準比リフト1.736
福島,小回り・機動型,芝,短距離(1000-1300),良,外枠(7-8),父,キングカメハメハ,50,6,17,0.12,0.34,93.2,0.0,6.34,0.1962,0.1438,1.733,C,福島芝短距離(1000-1300)・良・外枠(7-8)で父「キングカメハメハ」は基準比リフト1.733
中山,坂あり・パワー型,ダ,短距離(1000-1300),良,内枠(1-2),父,ファスリエフ,59,5,18,0.0847,0.3051,44.2,0.0,5.61,0.1768,0.1283,1.726,C,中山ダ短距離(1000-1300)・良・内枠(1-2)で父「ファスリエフ」は基準比リフト1.726
福島,小回り・機動型,ダ,中距離(1700-2000),良,中枠(3-6),父,サウスヴィグラス,55,8,19,0.1455,0.3455,191.3,0.0,7.07,0.2003,0.1452,1.725,C,福島ダ中距離(1700-2000)・良・中枠(3-6)で父「サウスヴィグラス」は基準比リフト1.725
阪神,坂あり・パワー型,芝,短距離(1000-1300),良,中枠(3-6),父,ロードカナロア,65,8,25,0.1231,0.3846,49.4,0.0,5.8,0.2234,0.1612,1.722,C,阪神芝短距離(1000-1300)・良・中枠(3-6)で父「ロードカナロア」は基準比リフト1.722
阪神,坂あり・パワー型,芝,中距離(1700-2000),良,内枠(1-2),父,ルーラーシップ,56,9,24,0.1607,0.4286,87.3,0.0,6.45,0.2505,0.1781,1.711,C,阪神芝中距離(1700-2000)・良・内枠(1-2)で父「ルーラーシップ」は基準比リフト1.711
東京,直線長め・持続型,芝,短中距離(1400-1600),良,内枠(1-2),父,スクリーンヒーロー,60,7,21,0.1167,0.35,147.3,0.0,7.05,0.2047,0.1453,1.71,C,東京芝短中距離(1400-1600)・良・内枠(1-2)で父「スクリーンヒーロー」は基準比リフト1.71
東京,直線長め・持続型,ダ,短距離(1000-1300),良,中枠(3-6),父,ゴールドアリュール,51,7,17,0.1373,0.3333,82.4,0.0,7.57,0.1967,0.1366,1.694,C,東京ダ短距離(1000-1300)・良・中枠(3-6)で父「ゴールドアリュール」は基準比リフト1.694
中京,直線長め・持続型,芝,短距離(1000-1300),良,中枠(3-6),父,ロードカナロア,57,7,19,0.1228,0.3333,295.3,0.0,7.32,0.1973,0.136,1.689,C,中京芝短距離(1000-1300)・良・中枠(3-6)で父「ロードカナロア」は基準比リフト1.689
中山,坂あり・パワー型,ダ,中距離(1700-2000),重不良,中枠(3-6),父,クロフネ,53,6,18,0.1132,0.3396,88.3,0.0,6.94,0.2032,0.1364,1.671,C,中山ダ中距離(1700-2000)・重不良・中枠(3-6)で父「クロフネ」は基準比リフト1.671
小倉,小回り・機動型,芝,中距離(1700-2000),稍,中枠(3-6),父,ハーツクライ,54,6,18,0.1111,0.3333,50.6,0.0,5.69,0.2,0.1333,1.666,C,小倉芝中距離(1700-2000)・稍・中枠(3-6)で父「ハーツクライ」は基準比リフト1.666
札幌,小回り・持続型,芝,中距離(1700-2000),良,内枠(1-2),父,ハービンジャー,50,4,23,0.08,0.46,95.0,0.0,6.22,0.2768,0.1832,1.662,C,札幌芝中距離(1700-2000)・良・内枠(1-2)で父「ハービンジャー」は基準比リフト1.662
札幌,小回り・持続型,芝,中距離(1700-2000),良,外枠(7-8),父,ステイゴールド,55,10,19,0.1818,0.3455,90.0,0.0,5.95,0.2079,0.1376,1.662,C,札幌芝中距離(1700-2000)・良・外枠(7-8)で父「ステイゴールド」は基準比リフト1.662
東京,直線長め・持続型,芝,中長距離(2100-2400),良,中枠(3-6),父,ルーラーシップ,64,10,24,0.1562,0.375,65.0,0.0,6.02,0.226,0.149,1.659,C,東京芝中長距離(2100-2400)・良・中枠(3-6)で父「ルーラーシップ」は基準比リフト1.659
東京,直線長め・持続型,ダ,短中距離(1400-1600),重不良,中枠(3-6),父,ヘニーヒューズ,53,5,17,0.0943,0.3208,111.1,0.0,5.13,0.1943,0.1265,1.651,C,東京ダ短中距離(1400-1600)・重不良・中枠(3-6)で父「ヘニーヒューズ」は基準比リフト1.651
新潟,直線長め・平坦型,芝,中距離(1700-2000),良,中枠(3-6),父,エピファネイア,67,8,24,0.1194,0.3582,87.3,0.0,5.99,0.2171,0.1411,1.65,C,新潟芝中距離(1700-2000)・良・中枠(3-6)で父「エピファネイア」は基準比リフト1.65
東京,直線長め・持続型,芝,中距離(1700-2000),良,外枠(7-8),父,ロードカナロア,76,8,27,0.1053,0.3553,30.4,0.0,5.37,0.2154,0.1399,1.649,C,東京芝中距離(1700-2000)・良・外枠(7-8)で父「ロードカナロア」は基準比リフト1.649
新潟,直線長め・平坦型,ダ,中距離(1700-2000),良,中枠(3-6),父,シニスターミニスター,68,8,24,0.1176,0.3529,109.9,0.0,5.76,0.2144,0.1385,1.646,C,新潟ダ中距離(1700-2000)・良・中枠(3-6)で父「シニスターミニスター」は基準比リフト1.646
東京,直線長め・持続型,ダ,短中距離(1400-1600),良,中枠(3-6),父,エスポワールシチー,73,4,24,0.0548,0.3288,54.2,0.0,7.36,0.1997,0.1291,1.646,C,東京ダ短中距離(1400-1600)・良・中枠(3-6)で父「エスポワールシチー」は基準比リフト1.646
東京,直線長め・持続型,ダ,短中距離(1400-1600),良,中枠(3-6),父,アグネスタキオン,64,7,21,0.1094,0.3281,57.8,0.0,7.3,0.1997,0.1284,1.643,C,東京ダ短中距離(1400-1600)・良・中枠(3-6)で父「アグネスタキオン」は基準比リフト1.643
阪神,坂あり・パワー型,ダ,短中距離(1400-1600),良,中枠(3-6),父,パイロ,66,4,22,0.0606,0.3333,47.9,0.0,5.97,0.2031,0.1302,1.641,C,阪神ダ短中距離(1400-1600)・良・中枠(3-6)で父「パイロ」は基準比リフト1.641
中山,坂あり・パワー型,ダ,中距離(1700-2000),重不良,中枠(3-6),父,シンボリクリスエス,54,6,18,0.1111,0.3333,63.5,0.0,6.8,0.2032,0.1301,1.64,C,中山ダ中距離(1700-2000)・重不良・中枠(3-6)で父「シンボリクリスエス」は基準比リフト1.64
中山,坂あり・パワー型,ダ,中距離(1700-2000),重不良,中枠(3-6),父,キングカメハメハ,51,9,17,0.1765,0.3333,129.2,0.0,5.55,0.2032,0.1301,1.64,C,中山ダ中距離(1700-2000)・重不良・中枠(3-6)で父「キングカメハメハ」は基準比リフト1.64
東京,直線長め・持続型,ダ,短中距離(1400-1600),良,中枠(3-6),父,マクフィ,55,6,18,0.1091,0.3273,59.3,0.0,6.73,0.1997,0.1276,1.639,C,東京ダ短中距離(1400-1600)・良・中枠(3-6)で父「マクフィ」は基準比リフト1.639
阪神,坂あり・パワー型,ダ,短距離(1000-1300),良,中枠(3-6),父,プリサイスエンド,50,5,17,0.1,0.34,166.8,0.0,7.52,0.2076,0.1324,1.638,C,阪神ダ短距離(1000-1300)・良・中枠(3-6)で父「プリサイスエンド」は基準比リフト1.638
中山,坂あり・パワー型,ダ,短距離(1000-1300),良,中枠(3-6),父,ノボジャック,54,8,17,0.1481,0.3148,114.6,0.0,7.48,0.1927,0.1221,1.634,C,中山ダ短距離(1000-1300)・良・中枠(3-6)で父「ノボジャック」は基準比リフト1.634
中山,坂あり・パワー型,ダ,中距離(1700-2000),良,外枠(7-8),父,シニスターミニスター,66,10,24,0.1515,0.3636,96.5,0.0,7.17,0.2226,0.141,1.633,C,中山ダ中距離(1700-2000)・良・外枠(7-8)で父「シニスターミニスター」は基準比リフト1.633
阪神,坂あり・パワー型,芝,短中距離(1400-1600),良,外枠(7-8),父,モーリス,61,5,19,0.082,0.3115,123.8,0.0,6.05,0.1907,0.1208,1.633,C,阪神芝短中距離(1400-1600)・良・外枠(7-8)で父「モーリス」は基準比リフト1.633
中京,直線長め・持続型,芝,中距離(1700-2000),良,中枠(3-6),父,キズナ,56,6,20,0.1071,0.3571,37.9,0.0,5.71,0.2207,0.1364,1.618,C,中京芝中距離(1700-2000)・良・中枠(3-6)で父「キズナ」は基準比リフト1.618
新潟,直線長め・平坦型,ダ,中距離(1700-2000),良,外枠(7-8),父,ネオユニヴァース,52,11,19,0.2115,0.3654,157.1,0.0,5.94,0.226,0.1394,1.617,C,新潟ダ中距離(1700-2000)・良・外枠(7-8)で父「ネオユニヴァース」は基準比リフト1.617
新潟,直線長め・平坦型,ダ,短距離(1000-1300),良,外枠(7-8),父,キンシャサノキセキ,57,10,21,0.1754,0.3684,87.5,0.0,5.79,0.2279,0.1405,1.616,C,新潟ダ短距離(1000-1300)・良・外枠(7-8)で父「キンシャサノキセキ」は基準比リフト1.616
新潟,直線長め・平坦型,芝,中距離(1700-2000),良,内枠(1-2),父,ハーツクライ,76,8,23,0.1053,0.3026,83.7,0.0,6.25,0.1874,0.1152,1.615,C,新潟芝中距離(1700-2000)・良・内枠(1-2)で父「ハーツクライ」は基準比リフト1.615
東京,直線長め・持続型,芝,短中距離(1400-1600),良,外枠(7-8),父,エピファネイア,75,6,24,0.08,0.32,33.7,0.0,7.23,0.1988,0.1212,1.61,C,東京芝短中距離(1400-1600)・良・外枠(7-8)で父「エピファネイア」は基準比リフト1.61
阪神,坂あり・パワー型,芝,中長距離(2100-2400),良,外枠(7-8),父,キングカメハメハ,65,9,23,0.1385,0.3538,130.9,0.0,6.37,0.2204,0.1334,1.605,C,阪神芝中長距離(2100-2400)・良・外枠(7-8)で父「キングカメハメハ」は基準比リフト1.605
小倉,小回り・機動型,ダ,中距離(1700-2000),良,内枠(1-2),父,シンボリクリスエス,50,5,17,0.1,0.34,64.4,0.0,6.66,0.2118,0.1282,1.605,C,小倉ダ中距離(1700-2000)・良・内枠(1-2)で父「シンボリクリスエス」は基準比リフト1.605
京都,平坦・スピード型,ダ,短距離(1000-1300),良,中枠(3-6),父,プリサイスエンド,64,4,20,0.0625,0.3125,305.6,0.0,7.55,0.1949,0.1176,1.603,C,京都ダ短距離(1000-1300)・良・中枠(3-6)で父「プリサイスエンド」は基準比リフト1.603
中山,坂あり・パワー型,芝,中距離(1700-2000),良,中枠(3-6),父,ドゥラメンテ,75,12,26,0.16,0.3467,260.3,0.0,5.64,0.2165,0.1302,1.601,C,中山芝中距離(1700-2000)・良・中枠(3-6)で父「ドゥラメンテ」は基準比リフト1.601
中山,坂あり・パワー型,ダ,短距離(1000-1300),良,中枠(3-6),父,ブライアンズタイム,52,7,16,0.1346,0.3077,78.3,0.0,7.21,0.1927,0.115,1.597,C,中山ダ短距離(1000-1300)・良・中枠(3-6)で父「ブライアンズタイム」は基準比リフト1.597
新潟,直線長め・平坦型,芝,短中距離(1400-1600),良,外枠(7-8),父,ハーツクライ,69,13,21,0.1884,0.3043,220.4,0.0,6.96,0.1905,0.1138,1.597,C,新潟芝短中距離(1400-1600)・良・外枠(7-8)で父「ハーツクライ」は基準比リフト1.597
京都,平坦・スピード型,ダ,短距離(1000-1300),良,中枠(3-6),父,キングカメハメハ,71,13,22,0.1831,0.3099,95.9,0.0,6.77,0.1949,0.115,1.59,C,京都ダ短距離(1000-1300)・良・中枠(3-6)で父「キングカメハメハ」は基準比リフト1.59
函館,小回り・持続型,芝,短距離(1000-1300),良,外枠(7-8),父,ロードカナロア,51,8,17,0.1569,0.3333,56.1,0.0,6.33,0.21,0.1233,1.587,C,函館芝短距離(1000-1300)・良・外枠(7-8)で父「ロードカナロア」は基準比リフト1.587
中山,坂あり・パワー型,ダ,中距離(1700-2000),稍,中枠(3-6),父,キングカメハメハ,73,11,24,0.1507,0.3288,75.1,0.0,5.66,0.2081,0.1207,1.58,C,中山ダ中距離(1700-2000)・稍・中枠(3-6)で父「キングカメハメハ」は基準比リフト1.58
中山,坂あり・パワー型,ダ,短距離(1000-1300),良,中枠(3-6),父,アジアエクスプレス,69,5,21,0.0725,0.3043,20.1,0.0,6.78,0.1927,0.1116,1.579,C,中山ダ短距離(1000-1300)・良・中枠(3-6)で父「アジアエクスプレス」は基準比リフト1.579
新潟,直線長め・平坦型,芝,短距離(1000-1300),良,中枠(3-6),父,ロードカナロア,74,9,20,0.1216,0.2703,87.0,0.0,6.81,0.1712,0.0991,1.579,C,新潟芝短距離(1000-1300)・良・中枠(3-6)で父「ロードカナロア」は基準比リフト1.579
新潟,直線長め・平坦型,ダ,中距離(1700-2000),良,内枠(1-2),父,キングカメハメハ,50,8,16,0.16,0.32,87.0,0.0,6.02,0.2028,0.1172,1.578,C,新潟ダ中距離(1700-2000)・良・内枠(1-2)で父「キングカメハメハ」は基準比リフト1.578
京都,平坦・スピード型,芝,短中距離(1400-1600),良,中枠(3-6),父,ヴィクトワールピサ,74,10,25,0.1351,0.3378,135.3,0.0,7.2,0.2142,0.1236,1.577,C,京都芝短中距離(1400-1600)・良・中枠(3-6)で父「ヴィクトワールピサ」は基準比リフト1.577
京都,平坦・スピード型,ダ,短距離(1000-1300),良,内枠(1-2),父,ゴールドアリュール,60,9,20,0.15,0.3333,82.8,0.0,6.12,0.2115,0.1218,1.576,C,京都ダ短距離(1000-1300)・良・内枠(1-2)で父「ゴールドアリュール」は基準比リフト1.576
福島,小回り・機動型,芝,短距離(1000-1300),良,内枠(1-2),父,キングカメハメハ,52,11,18,0.2115,0.3462,144.6,0.0,6.44,0.2198,0.1264,1.575,C,福島芝短距離(1000-1300)・良・内枠(1-2)で父「キングカメハメハ」は基準比リフト1.575
札幌,小回り・持続型,芝,中距離(1700-2000),良,内枠(1-2),父,ディープインパクト,62,14,27,0.2258,0.4355,81.5,0.0,4.69,0.2768,0.1587,1.573,C,札幌芝中距離(1700-2000)・良・内枠(1-2)で父「ディープインパクト」は基準比リフト1.573
小倉,小回り・機動型,芝,中距離(1700-2000),良,外枠(7-8),父,エピファネイア,56,6,18,0.1071,0.3214,84.3,0.0,6.46,0.2048,0.1166,1.569,C,小倉芝中距離(1700-2000)・良・外枠(7-8)で父「エピファネイア」は基準比リフト1.569
京都,平坦・スピード型,ダ,短中距離(1400-1600),良,中枠(3-6),父,ブライアンズタイム,51,5,16,0.098,0.3137,63.7,0.0,7.51,0.2,0.1137,1.568,C,京都ダ短中距離(1400-1600)・良・中枠(3-6)で父「ブライアンズタイム」は基準比リフト1.568
小倉,小回り・機動型,芝,中距離(1700-2000),良,外枠(7-8),父,アグネスタキオン,50,6,16,0.12,0.32,72.4,0.0,5.8,0.2048,0.1152,1.562,C,小倉芝中距離(1700-2000)・良・外枠(7-8)で父「アグネスタキオン」は基準比リフト1.562
阪神,坂あり・パワー型,ダ,中距離(1700-2000),良,中枠(3-6),父,キンシャサノキセキ,62,4,22,0.0645,0.3548,92.6,0.0,6.79,0.2273,0.1275,1.561,C,阪神ダ中距離(1700-2000)・良・中枠(3-6)で父「キンシャサノキセキ」は基準比リフト1.561
函館,小回り・持続型,芝,中距離(1700-2000),良,外枠(7-8),父,ディープインパクト,78,9,25,0.1154,0.3205,69.0,0.0,5.22,0.2056,0.1149,1.559,C,函館芝中距離(1700-2000)・良・外枠(7-8)で父「ディープインパクト」は基準比リフト1.559
新潟,直線長め・平坦型,ダ,短距離(1000-1300),稍,中枠(3-6),父,サウスヴィグラス,74,9,23,0.1216,0.3108,52.8,0.0,6.03,0.1993,0.1115,1.559,C,新潟ダ短距離(1000-1300)・稍・中枠(3-6)で父「サウスヴィグラス」は基準比リフト1.559
京都,平坦・スピード型,ダ,短距離(1000-1300),良,中枠(3-6),父,シニスターミニスター,56,9,17,0.1607,0.3036,376.4,0.0,6.95,0.1949,0.1087,1.558,C,京都ダ短距離(1000-1300)・良・中枠(3-6)で父「シニスターミニスター」は基準比リフト1.558
阪神,坂あり・パワー型,ダ,短距離(1000-1300),良,外枠(7-8),父,サウスヴィグラス,62,7,20,0.1129,0.3226,242.7,0.0,7.4,0.2072,0.1154,1.557,C,阪神ダ短距離(1000-1300)・良・外枠(7-8)で父「サウスヴィグラス」は基準比リフト1.557
中山,坂あり・パワー型,ダ,短距離(1000-1300),稍,中枠(3-6),父,ゴールドアリュール,58,7,16,0.1207,0.2759,133.6,0.0,7.59,0.1775,0.0984,1.554,C,中山ダ短距離(1000-1300)・稍・中枠(3-6)で父「ゴールドアリュール」は基準比リフト1.554
阪神,坂あり・パワー型,ダ,中距離(1700-2000),良,外枠(7-8),父,ルーラーシップ,74,8,27,0.1081,0.3649,62.0,0.0,6.0,0.2351,0.1298,1.552,C,阪神ダ中距離(1700-2000)・良・外枠(7-8)で父「ルーラーシップ」は基準比リフト1.552
新潟,直線長め・平坦型,芝,短中距離(1400-1600),良,中枠(3-6),父,フジキセキ,53,8,16,0.1509,0.3019,133.0,0.0,7.34,0.1947,0.1072,1.551,C,新潟芝短中距離(1400-1600)・良・中枠(3-6)で父「フジキセキ」は基準比リフト1.551
東京,直線長め・持続型,ダ,短中距離(1400-1600),良,内枠(1-2),父,ブライアンズタイム,50,2,13,0.04,0.26,18.4,0.0,7.2,0.1677,0.0923,1.55,C,東京ダ短中距離(1400-1600)・良・内枠(1-2)で父「ブライアンズタイム」は基準比リフト1.55
京都,平坦・スピード型,芝,中距離(1700-2000),稍,中枠(3-6),父,ディープインパクト,79,13,29,0.1646,0.3671,48.5,0.0,4.35,0.237,0.1301,1.549,C,京都芝中距離(1700-2000)・稍・中枠(3-6)で父「ディープインパクト」は基準比リフト1.549
新潟,直線長め・平坦型,ダ,短距離(1000-1300),良,中枠(3-6),父,フレンチデピュティ,51,7,16,0.1373,0.3137,207.1,0.0,6.73,0.2029,0.1108,1.546,C,新潟ダ短距離(1000-1300)・良・中枠(3-6)で父「フレンチデピュティ」は基準比リフト1.546
小倉,小回り・機動型,ダ,中距離(1700-2000),良,外枠(7-8),父,シンボリクリスエス,59,6,18,0.1017,0.3051,50.5,0.0,6.19,0.1974,0.1077,1.546,C,小倉ダ中距離(1700-2000)・良・外枠(7-8)で父「シンボリクリスエス」は基準比リフト1.546
福島,小回り・機動型,芝,長距離(2500以上),良,中枠(3-6),父,ディープインパクト,75,5,28,0.0667,0.3733,84.1,0.0,5.31,0.2423,0.131,1.541,C,福島芝長距離(2500以上)・良・中枠(3-6)で父「ディープインパクト」は基準比リフト1.541
中山,坂あり・パワー型,芝,中距離(1700-2000),良,中枠(3-6),父,アグネスタキオン,54,7,18,0.1296,0.3333,53.1,0.0,5.56,0.2165,0.1168,1.539,C,中山芝中距離(1700-2000)・良・中枠(3-6)で父「アグネスタキオン」は基準比リフト1.539
東京,直線長め・持続型,芝,中距離(1700-2000),良,内枠(1-2),父,エピファネイア,50,10,18,0.2,0.36,120.0,0.0,5.58,0.2345,0.1255,1.535,C,東京芝中距離(1700-2000)・良・内枠(1-2)で父「エピファネイア」は基準比リフト1.535
阪神,坂あり・パワー型,ダ,中距離(1700-2000),良,内枠(1-2),父,マンハッタンカフェ,57,6,18,0.1053,0.3158,78.2,0.0,6.93,0.206,0.1098,1.533,C,阪神ダ中距離(1700-2000)・良・内枠(1-2)で父「マンハッタンカフェ」は基準比リフト1.533
中京,直線長め・持続型,芝,短中距離(1400-1600),良,中枠(3-6),父,キズナ,70,10,22,0.1429,0.3143,83.7,0.0,6.29,0.2051,0.1092,1.532,C,中京芝短中距離(1400-1600)・良・中枠(3-6)で父「キズナ」は基準比リフト1.532
中京,直線長め・持続型,芝,中長距離(2100-2400),良,内枠(1-2),父,ディープインパクト,50,7,16,0.14,0.32,44.2,0.0,5.92,0.2094,0.1106,1.528,C,中京芝中長距離(2100-2400)・良・内枠(1-2)で父「ディープインパクト」は基準比リフト1.528
阪神,坂あり・パワー型,芝,短距離(1000-1300),良,中枠(3-6),父,アドマイヤムーン,53,7,18,0.1321,0.3396,127.2,0.0,5.77,0.2234,0.1162,1.52,C,阪神芝短距離(1000-1300)・良・中枠(3-6)で父「アドマイヤムーン」は基準比リフト1.52
小倉,小回り・機動型,芝,中距離(1700-2000),良,内枠(1-2),父,キングカメハメハ,71,9,24,0.1268,0.338,75.8,0.0,5.65,0.2226,0.1154,1.518,C,小倉芝中距離(1700-2000)・良・内枠(1-2)で父「キングカメハメハ」は基準比リフト1.518
小倉,小回り・機動型,芝,中距離(1700-2000),良,外枠(7-8),父,ルーラーシップ,74,9,23,0.1216,0.3108,80.7,0.0,6.96,0.2048,0.106,1.518,C,小倉芝中距離(1700-2000)・良・外枠(7-8)で父「ルーラーシップ」は基準比リフト1.518
新潟,直線長め・平坦型,芝,短距離(1000-1300),良,内枠(1-2),父,ダイワメジャー,66,3,14,0.0455,0.2121,14.8,0.0,7.88,0.14,0.0721,1.515,C,新潟芝短距離(1000-1300)・良・内枠(1-2)で父「ダイワメジャー」は基準比リフト1.515
京都,平坦・スピード型,芝,短中距離(1400-1600),良,外枠(7-8),父,ハービンジャー,65,6,19,0.0923,0.2923,149.7,0.0,7.38,0.1935,0.0988,1.511,C,京都芝短中距離(1400-1600)・良・外枠(7-8)で父「ハービンジャー」は基準比リフト1.511
小倉,小回り・機動型,芝,短距離(1000-1300),良,中枠(3-6),父,ルーラーシップ,51,1,15,0.0196,0.2941,3.3,0.0,7.1,0.1949,0.0992,1.509,C,小倉芝短距離(1000-1300)・良・中枠(3-6)で父「ルーラーシップ」は基準比リフト1.509
東京,直線長め・持続型,芝,短中距離(1400-1600),良,中枠(3-6),父,キズナ,72,3,22,0.0417,0.3056,18.2,0.0,6.11,0.2028,0.1028,1.507,C,東京芝短中距離(1400-1600)・良・中枠(3-6)で父「キズナ」は基準比リフト1.507
小倉,小回り・機動型,芝,短距離(1000-1300),良,内枠(1-2),父,キングカメハメハ,63,3,18,0.0476,0.2857,81.4,0.0,6.27,0.1897,0.096,1.506,C,小倉芝短距離(1000-1300)・良・内枠(1-2)で父「キングカメハメハ」は基準比リフト1.506
中山,坂あり・パワー型,芝,長距離(2500以上),良,外枠(7-8),父,ステイゴールド,60,8,20,0.1333,0.3333,32.8,0.0,6.12,0.2217,0.1116,1.503,C,中山芝長距離(2500以上)・良・外枠(7-8)で父「ステイゴールド」は基準比リフト1.503
中京,直線長め・持続型,ダ,中距離(1700-2000),良,外枠(7-8),父,キズナ,51,5,16,0.098,0.3137,94.7,0.0,6.06,0.2087,0.105,1.503,C,中京ダ中距離(1700-2000)・良・外枠(7-8)で父「キズナ」は基準比リフト1.503
京都,平坦・スピード型,ダ,中距離(1700-2000),良,中枠(3-6),父,ルーラーシップ,58,7,19,0.1207,0.3276,70.2,0.0,6.45,0.2181,0.1095,1.502,C,京都ダ中距離(1700-2000)・良・中枠(3-6)で父「ルーラーシップ」は基準比リフト1.502
福島,小回り・機動型,芝,短距離(1000-1300),良,中枠(3-6),父,ディープインパクト,60,7,17,0.1167,0.2833,52.3,0.0,6.18,0.1887,0.0946,1.501,C,福島芝短距離(1000-1300)・良・中枠(3-6)で父「ディープインパクト」は基準比リフト1.501
中京,直線長め・持続型,芝,短中距離(1400-1600),良,中枠(3-6),父,モーリス,78,8,24,0.1026,0.3077,40.6,0.0,6.27,0.2051,0.1026,1.5,C,中京芝短中距離(1400-1600)・良・中枠(3-6)で父「モーリス」は基準比リフト1.5
函館,小回り・持続型,芝,短距離(1000-1300),良,外枠(7-8),父,サクラバクシンオー,54,7,17,0.1296,0.3148,78.0,0.0,5.26,0.21,0.1048,1.499,C,函館芝短距離(1000-1300)・良・外枠(7-8)で父「サクラバクシンオー」は基準比リフト1.499
中山,坂あり・パワー型,芝,中距離(1700-2000),稍,中枠(3-6),父,ディープインパクト,66,7,22,0.1061,0.3333,34.1,0.0,5.64,0.2225,0.1108,1.498,C,中山芝中距離(1700-2000)・稍・中枠(3-6)で父「ディープインパクト」は基準比リフト1.498
中山,坂あり・パワー型,ダ,中距離(1700-2000),良,内枠(1-2),父,ハーツクライ,76,9,21,0.1184,0.2763,200.7,0.0,5.91,0.1848,0.0915,1.495,C,中山ダ中距離(1700-2000)・良・内枠(1-2)で父「ハーツクライ」は基準比リフト1.495
東京,直線長め・持続型,ダ,短中距離(1400-1600),良,内枠(1-2),父,フレンチデピュティ,60,6,15,0.1,0.25,68.8,0.0,8.02,0.1677,0.0823,1.491,C,東京ダ短中距離(1400-1600)・良・内枠(1-2)で父「フレンチデピュティ」は基準比リフト1.491
東京,直線長め・持続型,ダ,短中距離(1400-1600),良,内枠(1-2),父,ドレフォン,52,3,13,0.0577,0.25,19.4,0.0,6.13,0.1677,0.0823,1.491,C,東京ダ短中距離(1400-1600)・良・内枠(1-2)で父「ドレフォン」は基準比リフト1.491
東京,直線長め・持続型,芝,短中距離(1400-1600),良,内枠(1-2),父,ゼンノロブロイ,69,4,21,0.058,0.3043,61.4,0.0,6.93,0.2047,0.0996,1.487,C,東京芝短中距離(1400-1600)・良・内枠(1-2)で父「ゼンノロブロイ」は基準比リフト1.487
阪神,坂あり・パワー型,芝,中距離(1700-2000),良,外枠(7-8),父,ドゥラメンテ,55,5,19,0.0909,0.3455,40.4,0.0,5.8,0.2332,0.1123,1.482,C,阪神芝中距離(1700-2000)・良・外枠(7-8)で父「ドゥラメンテ」は基準比リフト1.482
東京,直線長め・持続型,ダ,短中距離(1400-1600),良,中枠(3-6),父,カレンブラックヒル,61,7,18,0.1148,0.2951,53.9,0.0,7.8,0.1997,0.0954,1.478,C,東京ダ短中距離(1400-1600)・良・中枠(3-6)で父「カレンブラックヒル」は基準比リフト1.478
新潟,直線長め・平坦型,芝,短距離(1000-1300),良,外枠(7-8),父,ダイワメジャー,64,9,22,0.1406,0.3438,75.3,0.0,5.28,0.2335,0.1103,1.472,C,新潟芝短距離(1000-1300)・良・外枠(7-8)で父「ダイワメジャー」は基準比リフト1.472
京都,平坦・スピード型,芝,中距離(1700-2000),良,中枠(3-6),父,オルフェーヴル,72,7,26,0.0972,0.3611,91.1,0.0,6.25,0.2454,0.1157,1.471,C,京都芝中距離(1700-2000)・良・中枠(3-6)で父「オルフェーヴル」は基準比リフト1.471
阪神,坂あり・パワー型,ダ,中距離(1700-2000),稍,外枠(7-8),父,クロフネ,56,15,20,0.2679,0.3571,209.5,0.0,6.21,0.2427,0.1144,1.471,C,阪神ダ中距離(1700-2000)・稍・外枠(7-8)で父「クロフネ」は基準比リフト1.471
東京,直線長め・持続型,芝,中長距離(2100-2400),良,内枠(1-2),父,ハーツクライ,60,13,23,0.2167,0.3833,165.0,0.0,6.68,0.261,0.1223,1.469,C,東京芝中長距離(2100-2400)・良・内枠(1-2)で父「ハーツクライ」は基準比リフト1.469
中山,坂あり・パワー型,ダ,中距離(1700-2000),良,外枠(7-8),父,ダイワメジャー,52,7,17,0.1346,0.3269,66.3,0.0,6.52,0.2226,0.1043,1.469,C,中山ダ中距離(1700-2000)・良・外枠(7-8)で父「ダイワメジャー」は基準比リフト1.469
新潟,直線長め・平坦型,芝,短中距離(1400-1600),良,外枠(7-8),父,ロードカナロア,68,9,19,0.1324,0.2794,114.9,0.0,7.1,0.1905,0.0889,1.467,C,新潟芝短中距離(1400-1600)・良・外枠(7-8)で父「ロードカナロア」は基準比リフト1.467
阪神,坂あり・パワー型,芝,短中距離(1400-1600),稍,中枠(3-6),父,ダイワメジャー,63,6,19,0.0952,0.3016,201.3,0.0,6.1,0.2062,0.0954,1.463,C,阪神芝短中距離(1400-1600)・稍・中枠(3-6)で父「ダイワメジャー」は基準比リフト1.463
京都,平坦・スピード型,芝,短距離(1000-1300),良,外枠(7-8),父,サクラバクシンオー,63,8,16,0.127,0.254,77.5,0.0,6.7,0.1739,0.0801,1.461,C,京都芝短距離(1000-1300)・良・外枠(7-8)で父「サクラバクシンオー」は基準比リフト1.461
東京,直線長め・持続型,ダ,短中距離(1400-1600),良,中枠(3-6),父,ドゥラメンテ,79,10,23,0.1266,0.2911,378.1,0.0,5.72,0.1997,0.0914,1.458,C,東京ダ短中距離(1400-1600)・良・中枠(3-6)で父「ドゥラメンテ」は基準比リフト1.458
中山,坂あり・パワー型,ダ,短距離(1000-1300),良,中枠(3-6),父,マンハッタンカフェ,57,7,16,0.1228,0.2807,398.9,0.0,7.33,0.1927,0.088,1.457,C,中山ダ短距離(1000-1300)・良・中枠(3-6)で父「マンハッタンカフェ」は基準比リフト1.457
東京,直線長め・持続型,芝,中距離(1700-2000),良,中枠(3-6),父,モーリス,58,9,20,0.1552,0.3448,73.1,0.0,5.76,0.237,0.1078,1.455,C,東京芝中距離(1700-2000)・良・中枠(3-6)で父「モーリス」は基準比リフト1.455
中山,坂あり・パワー型,芝,中距離(1700-2000),良,中枠(3-6),父,メイショウサムソン,73,11,23,0.1507,0.3151,69.2,0.0,6.68,0.2165,0.0986,1.455,C,中山芝中距離(1700-2000)・良・中枠(3-6)で父「メイショウサムソン」は基準比リフト1.455
東京,直線長め・持続型,ダ,短中距離(1400-1600),良,中枠(3-6),父,アポロキングダム,62,4,18,0.0645,0.2903,22.7,0.0,7.65,0.1997,0.0906,1.454,C,東京ダ短中距離(1400-1600)・良・中枠(3-6)で父「アポロキングダム」は基準比リフト1.454
小倉,小回り・機動型,芝,短距離(1000-1300),良,内枠(1-2),父,ロードカナロア,69,11,19,0.1594,0.2754,316.2,0.0,6.35,0.1897,0.0857,1.452,C,小倉芝短距離(1000-1300)・良・内枠(1-2)で父「ロードカナロア」は基準比リフト1.452
福島,小回り・機動型,芝,中距離(1700-2000),良,中枠(3-6),父,オルフェーヴル,63,7,20,0.1111,0.3175,56.7,0.0,7.1,0.2188,0.0987,1.451,C,福島芝中距離(1700-2000)・良・中枠(3-6)で父「オルフェーヴル」は基準比リフト1.451
京都,平坦・スピード型,芝,中距離(1700-2000),良,外枠(7-8),父,ダイワメジャー,58,4,19,0.069,0.3276,22.1,0.0,6.1,0.2263,0.1013,1.448,C,京都芝中距離(1700-2000)・良・外枠(7-8)で父「ダイワメジャー」は基準比リフト1.448
東京,直線長め・持続型,芝,中距離(1700-2000),良,外枠(7-8),父,エピファネイア,77,5,24,0.0649,0.3117,81.4,0.0,5.87,0.2154,0.0963,1.447,C,東京芝中距離(1700-2000)・良・外枠(7-8)で父「エピファネイア」は基準比リフト1.447
中京,直線長め・持続型,芝,短中距離(1400-1600),良,内枠(1-2),父,ロードカナロア,76,7,23,0.0921,0.3026,121.8,0.0,5.8,0.2091,0.0935,1.447,C,中京芝短中距離(1400-1600)・良・内枠(1-2)で父「ロードカナロア」は基準比リフト1.447
福島,小回り・機動型,ダ,短距離(1000-1300),良,内枠(1-2),父,サウスヴィグラス,54,7,15,0.1296,0.2778,140.2,0.0,6.07,0.1921,0.0857,1.446,C,福島ダ短距離(1000-1300)・良・内枠(1-2)で父「サウスヴィグラス」は基準比リフト1.446
京都,平坦・スピード型,芝,中長距離(2100-2400),良,内枠(1-2),父,ディープインパクト,69,13,29,0.1884,0.4203,126.1,0.0,3.99,0.2911,0.1292,1.444,C,京都芝中長距離(2100-2400)・良・内枠(1-2)で父「ディープインパクト」は基準比リフト1.444
中京,直線長め・持続型,芝,中距離(1700-2000),良,外枠(7-8),父,ハービンジャー,67,5,19,0.0746,0.2836,103.0,0.0,7.16,0.1964,0.0872,1.444,C,中京芝中距離(1700-2000)・良・外枠(7-8)で父「ハービンジャー」は基準比リフト1.444
福島,小回り・機動型,芝,短距離(1000-1300),良,外枠(7-8),父,アドマイヤムーン,60,5,17,0.0833,0.2833,40.2,0.0,6.88,0.1962,0.0871,1.444,C,福島芝短距離(1000-1300)・良・外枠(7-8)で父「アドマイヤムーン」は基準比リフト1.444
阪神,坂あり・パワー型,ダ,中距離(1700-2000),良,外枠(7-8),父,オルフェーヴル,56,4,19,0.0714,0.3393,24.6,0.0,5.36,0.2351,0.1042,1.443,C,阪神ダ中距離(1700-2000)・良・外枠(7-8)で父「オルフェーヴル」は基準比リフト1.443
京都,平坦・スピード型,芝,中長距離(2100-2400),良,中枠(3-6),父,ハービンジャー,74,11,25,0.1486,0.3378,240.5,0.0,6.35,0.2341,0.1037,1.443,C,京都芝中長距離(2100-2400)・良・中枠(3-6)で父「ハービンジャー」は基準比リフト1.443
京都,平坦・スピード型,ダ,短中距離(1400-1600),良,外枠(7-8),父,メイショウボーラー,50,5,14,0.1,0.28,90.0,0.0,8.18,0.1942,0.0858,1.442,C,京都ダ短中距離(1400-1600)・良・外枠(7-8)で父「メイショウボーラー」は基準比リフト1.442
中山,坂あり・パワー型,ダ,短距離(1000-1300),良,内枠(1-2),父,キングヘイロー,51,5,13,0.098,0.2549,66.5,0.0,8.08,0.1768,0.0781,1.442,C,中山ダ短距離(1000-1300)・良・内枠(1-2)で父「キングヘイロー」は基準比リフト1.442
新潟,直線長め・平坦型,芝,中距離(1700-2000),良,外枠(7-8),父,ルーラーシップ,56,5,17,0.0893,0.3036,143.2,0.0,5.89,0.2107,0.0929,1.441,C,新潟芝中距離(1700-2000)・良・外枠(7-8)で父「ルーラーシップ」は基準比リフト1.441
中山,坂あり・パワー型,芝,中距離(1700-2000),良,外枠(7-8),父,スクリーンヒーロー,57,4,17,0.0702,0.2982,28.6,0.0,7.63,0.2074,0.0908,1.438,C,中山芝中距離(1700-2000)・良・外枠(7-8)で父「スクリーンヒーロー」は基準比リフト1.438
福島,小回り・機動型,芝,短距離(1000-1300),良,内枠(1-2),父,サクラバクシンオー,76,6,24,0.0789,0.3158,126.8,0.0,6.92,0.2198,0.096,1.437,C,福島芝短距離(1000-1300)・良・内枠(1-2)で父「サクラバクシンオー」は基準比リフト1.437
中京,直線長め・持続型,ダ,短中距離(1400-1600),良,中枠(3-6),父,ロードカナロア,67,9,19,0.1343,0.2836,53.1,0.0,6.63,0.1973,0.0863,1.437,C,中京ダ短中距離(1400-1600)・良・中枠(3-6)で父「ロードカナロア」は基準比リフト1.437
中京,直線長め・持続型,芝,中距離(1700-2000),良,内枠(1-2),父,ハービンジャー,65,7,21,0.1077,0.3231,71.2,0.0,6.82,0.2251,0.098,1.435,C,中京芝中距離(1700-2000)・良・内枠(1-2)で父「ハービンジャー」は基準比リフト1.435
中京,直線長め・持続型,ダ,中距離(1700-2000),良,中枠(3-6),父,オルフェーヴル,67,6,21,0.0896,0.3134,62.1,0.0,6.9,0.2184,0.095,1.435,C,中京ダ中距離(1700-2000)・良・中枠(3-6)で父「オルフェーヴル」は基準比リフト1.435
函館,小回り・持続型,芝,短距離(1000-1300),良,中枠(3-6),父,クロフネ,63,9,21,0.1429,0.3333,130.2,0.0,7.25,0.2329,0.1004,1.431,C,函館芝短距離(1000-1300)・良・中枠(3-6)で父「クロフネ」は基準比リフト1.431
東京,直線長め・持続型,ダ,短中距離(1400-1600),良,内枠(1-2),父,ファスリエフ,50,3,12,0.06,0.24,699.6,0.0,8.0,0.1677,0.0723,1.431,C,東京ダ短中距離(1400-1600)・良・内枠(1-2)で父「ファスリエフ」は基準比リフト1.431
小倉,小回り・機動型,芝,中距離(1700-2000),稍,中枠(3-6),父,ディープインパクト,63,6,18,0.0952,0.2857,51.3,0.0,5.54,0.2,0.0857,1.428,C,小倉芝中距離(1700-2000)・稍・中枠(3-6)で父「ディープインパクト」は基準比リフト1.428
函館,小回り・持続型,ダ,短距離(1000-1300),良,外枠(7-8),父,サウスヴィグラス,62,3,23,0.0484,0.371,19.4,0.0,5.11,0.261,0.11,1.421,C,函館ダ短距離(1000-1300)・良・外枠(7-8)で父「サウスヴィグラス」は基準比リフト1.421
阪神,坂あり・パワー型,ダ,短距離(1000-1300),良,中枠(3-6),父,パイロ,61,6,18,0.0984,0.2951,83.1,0.0,6.62,0.2076,0.0875,1.421,C,阪神ダ短距離(1000-1300)・良・中枠(3-6)で父「パイロ」は基準比リフト1.421
東京,直線長め・持続型,ダ,短中距離(1400-1600),重不良,中枠(3-6),父,キングカメハメハ,58,6,16,0.1034,0.2759,99.8,0.0,6.48,0.1943,0.0816,1.42,C,東京ダ短中距離(1400-1600)・重不良・中枠(3-6)で父「キングカメハメハ」は基準比リフト1.42
京都,平坦・スピード型,ダ,短中距離(1400-1600),良,中枠(3-6),父,キンシャサノキセキ,74,8,21,0.1081,0.2838,55.7,0.0,6.78,0.2,0.0838,1.419,C,京都ダ短中距離(1400-1600)・良・中枠(3-6)で父「キンシャサノキセキ」は基準比リフト1.419
新潟,直線長め・平坦型,ダ,短距離(1000-1300),良,内枠(1-2),父,サウスヴィグラス,68,7,17,0.1029,0.25,49.6,0.0,7.31,0.1762,0.0738,1.419,C,新潟ダ短距離(1000-1300)・良・内枠(1-2)で父「サウスヴィグラス」は基準比リフト1.419
新潟,直線長め・平坦型,芝,中長距離(2100-2400),良,中枠(3-6),父,ステイゴールド,77,11,25,0.1429,0.3247,104.3,0.0,6.09,0.229,0.0957,1.418,C,新潟芝中長距離(2100-2400)・良・中枠(3-6)で父「ステイゴールド」は基準比リフト1.418
小倉,小回り・機動型,ダ,中距離(1700-2000),良,外枠(7-8),父,ゴールドアリュール,50,8,14,0.16,0.28,125.2,0.0,7.24,0.1974,0.0826,1.418,C,小倉ダ中距離(1700-2000)・良・外枠(7-8)で父「ゴールドアリュール」は基準比リフト1.418
小倉,小回り・機動型,芝,短距離(1000-1300),良,中枠(3-6),父,バゴ,69,6,19,0.087,0.2754,85.5,0.0,8.81,0.1949,0.0805,1.413,C,小倉芝短距離(1000-1300)・良・中枠(3-6)で父「バゴ」は基準比リフト1.413
新潟,直線長め・平坦型,芝,中距離(1700-2000),良,中枠(3-6),父,ヴィクトワールピサ,62,5,19,0.0806,0.3065,32.3,0.0,6.58,0.2171,0.0894,1.412,C,新潟芝中距離(1700-2000)・良・中枠(3-6)で父「ヴィクトワールピサ」は基準比リフト1.412
東京,直線長め・持続型,芝,短中距離(1400-1600),稍,中枠(3-6),父,ディープインパクト,69,10,19,0.1449,0.2754,49.6,0.0,5.8,0.195,0.0804,1.412,C,東京芝短中距離(1400-1600)・稍・中枠(3-6)で父「ディープインパクト」は基準比リフト1.412
中山,坂あり・パワー型,ダ,短距離(1000-1300),稍,内枠(1-2),父,サウスヴィグラス,51,6,13,0.1176,0.2549,52.7,0.0,6.82,0.1805,0.0744,1.412,C,中山ダ短距離(1000-1300)・稍・内枠(1-2)で父「サウスヴィグラス」は基準比リフト1.412
東京,直線長め・持続型,芝,短中距離(1400-1600),良,中枠(3-6),父,リアルインパクト,56,4,16,0.0714,0.2857,70.2,0.0,8.18,0.2028,0.0829,1.409,C,東京芝短中距離(1400-1600)・良・中枠(3-6)で父「リアルインパクト」は基準比リフト1.409
中京,直線長め・持続型,ダ,中距離(1700-2000),良,内枠(1-2),父,クロフネ,60,7,19,0.1167,0.3167,40.8,0.0,7.18,0.225,0.0917,1.408,C,中京ダ中距離(1700-2000)・良・内枠(1-2)で父「クロフネ」は基準比リフト1.408
中山,坂あり・パワー型,ダ,短距離(1000-1300),稍,中枠(3-6),父,パイロ,52,4,13,0.0769,0.25,24.2,0.0,6.42,0.1775,0.0725,1.408,C,中山ダ短距離(1000-1300)・稍・中枠(3-6)で父「パイロ」は基準比リフト1.408
中山,坂あり・パワー型,芝,短中距離(1400-1600),良,中枠(3-6),父,ルーラーシップ,60,5,17,0.0833,0.2833,32.3,0.0,7.47,0.2014,0.0819,1.407,C,中山芝短中距離(1400-1600)・良・中枠(3-6)で父「ルーラーシップ」は基準比リフト1.407
新潟,直線長め・平坦型,芝,短距離(1000-1300),良,中枠(3-6),父,アドマイヤマックス,54,6,13,0.1111,0.2407,122.0,0.0,9.78,0.1712,0.0695,1.406,C,新潟芝短距離(1000-1300)・良・中枠(3-6)で父「アドマイヤマックス」は基準比リフト1.406
京都,平坦・スピード型,芝,中距離(1700-2000),良,中枠(3-6),父,キズナ,58,12,20,0.2069,0.3448,122.6,0.0,5.47,0.2454,0.0994,1.405,C,京都芝中距離(1700-2000)・良・中枠(3-6)で父「キズナ」は基準比リフト1.405
東京,直線長め・持続型,芝,短中距離(1400-1600),良,外枠(7-8),父,モーリス,68,5,19,0.0735,0.2794,36.9,0.0,6.12,0.1988,0.0806,1.405,C,東京芝短中距離(1400-1600)・良・外枠(7-8)で父「モーリス」は基準比リフト1.405
京都,平坦・スピード型,芝,短中距離(1400-1600),良,外枠(7-8),父,フジキセキ,70,4,19,0.0571,0.2714,30.3,0.0,7.51,0.1935,0.0779,1.403,C,京都芝短中距離(1400-1600)・良・外枠(7-8)で父「フジキセキ」は基準比リフト1.403
新潟,直線長め・平坦型,ダ,中距離(1700-2000),稍,中枠(3-6),父,キングカメハメハ,56,5,18,0.0893,0.3214,46.6,0.0,5.32,0.2292,0.0922,1.402,C,新潟ダ中距離(1700-2000)・稍・中枠(3-6)で父「キングカメハメハ」は基準比リフト1.402
東京,直線長め・持続型,ダ,短中距離(1400-1600),稍,中枠(3-6),父,シニスターミニスター,64,6,17,0.0938,0.2656,118.3,0.0,7.91,0.1894,0.0762,1.402,C,東京ダ短中距離(1400-1600)・稍・中枠(3-6)で父「シニスターミニスター」は基準比リフト1.402
新潟,直線長め・平坦型,芝,長距離(2500以上),良,中枠(3-6),父,ディープインパクト,57,7,18,0.1228,0.3158,56.3,0.0,5.14,0.2255,0.0903,1.4,C,新潟芝長距離(2500以上)・良・中枠(3-6)で父「ディープインパクト」は基準比リフト1.4
新潟,直線長め・平坦型,芝,短中距離(1400-1600),良,外枠(7-8),父,ステイゴールド,60,4,16,0.0667,0.2667,55.0,0.0,8.12,0.1905,0.0762,1.4,C,新潟芝短中距離(1400-1600)・良・外枠(7-8)で父「ステイゴールド」は基準比リフト1.4
阪神,坂あり・パワー型,芝,中長距離(2100-2400),良,内枠(1-2),父,ディープインパクト,77,9,29,0.1169,0.3766,62.7,0.0,4.23,0.2691,0.1075,1.399,C,阪神芝中長距離(2100-2400)・良・内枠(1-2)で父「ディープインパクト」は基準比リフト1.399
京都,平坦・スピード型,ダ,短距離(1000-1300),良,中枠(3-6),父,キンシャサノキセキ,66,7,18,0.1061,0.2727,87.7,0.0,6.98,0.1949,0.0778,1.399,C,京都ダ短距離(1000-1300)・良・中枠(3-6)で父「キンシャサノキセキ」は基準比リフト1.399
京都,平坦・スピード型,芝,短距離(1000-1300),良,中枠(3-6),父,ディープインパクト,52,5,15,0.0962,0.2885,33.5,0.0,5.62,0.2064,0.0821,1.398,C,京都芝短距離(1000-1300)・良・中枠(3-6)で父「ディープインパクト」は基準比リフト1.398
東京,直線長め・持続型,ダ,短中距離(1400-1600),良,内枠(1-2),父,ハーツクライ,64,3,15,0.0469,0.2344,18.4,0.0,7.14,0.1677,0.0667,1.398,C,東京ダ短中距離(1400-1600)・良・内枠(1-2)で父「ハーツクライ」は基準比リフト1.398
函館,小回り・持続型,芝,短距離(1000-1300),良,外枠(7-8),父,ダイワメジャー,65,8,19,0.1231,0.2923,94.0,0.0,6.08,0.21,0.0823,1.392,C,函館芝短距離(1000-1300)・良・外枠(7-8)で父「ダイワメジャー」は基準比リフト1.392
京都,平坦・スピード型,ダ,中距離(1700-2000),稍,中枠(3-6),父,ゴールドアリュール,73,11,23,0.1507,0.3151,222.3,0.0,5.9,0.2269,0.0882,1.389,C,京都ダ中距離(1700-2000)・稍・中枠(3-6)で父「ゴールドアリュール」は基準比リフト1.389
中山,坂あり・パワー型,芝,中長距離(2100-2400),良,中枠(3-6),父,ハーツクライ,69,4,20,0.058,0.2899,12.9,0.0,6.1,0.2088,0.0811,1.388,C,中山芝中長距離(2100-2400)・良・中枠(3-6)で父「ハーツクライ」は基準比リフト1.388
小倉,小回り・機動型,ダ,中距離(1700-2000),稍,中枠(3-6),父,キングカメハメハ,63,6,18,0.0952,0.2857,56.2,0.0,6.33,0.2059,0.0798,1.388,C,小倉ダ中距離(1700-2000)・稍・中枠(3-6)で父「キングカメハメハ」は基準比リフト1.388
中京,直線長め・持続型,ダ,中距離(1700-2000),良,中枠(3-6),父,ダイワメジャー,66,7,20,0.1061,0.303,55.8,0.0,7.24,0.2184,0.0846,1.387,C,中京ダ中距離(1700-2000)・良・中枠(3-6)で父「ダイワメジャー」は基準比リフト1.387
東京,直線長め・持続型,芝,短中距離(1400-1600),良,内枠(1-2),父,マンハッタンカフェ,60,2,17,0.0333,0.2833,28.2,0.0,7.17,0.2047,0.0786,1.384,C,東京芝短中距離(1400-1600)・良・内枠(1-2)で父「マンハッタンカフェ」は基準比リフト1.384
中山,坂あり・パワー型,ダ,短距離(1000-1300),稍,中枠(3-6),父,ファスリエフ,53,5,13,0.0943,0.2453,176.2,0.0,7.38,0.1775,0.0678,1.382,C,中山ダ短距離(1000-1300)・稍・中枠(3-6)で父「ファスリエフ」は基準比リフト1.382
中山,坂あり・パワー型,ダ,短距離(1000-1300),稍,中枠(3-6),父,ヘニーヒューズ,53,6,13,0.1132,0.2453,182.6,0.0,7.28,0.1775,0.0678,1.382,C,中山ダ短距離(1000-1300)・稍・中枠(3-6)で父「ヘニーヒューズ」は基準比リフト1.382
京都,平坦・スピード型,ダ,短中距離(1400-1600),良,外枠(7-8),父,ダイワメジャー,56,7,15,0.125,0.2679,111.2,0.0,6.27,0.1942,0.0737,1.38,C,京都ダ短中距離(1400-1600)・良・外枠(7-8)で父「ダイワメジャー」は基準比リフト1.38
福島,小回り・機動型,ダ,短距離(1000-1300),良,中枠(3-6),父,ダイワメジャー,54,6,14,0.1111,0.2593,41.1,0.0,6.98,0.1882,0.0711,1.378,C,福島ダ短距離(1000-1300)・良・中枠(3-6)で父「ダイワメジャー」は基準比リフト1.378
中山,坂あり・パワー型,芝,短距離(1000-1300),良,外枠(7-8),父,ダイワメジャー,64,7,17,0.1094,0.2656,98.4,0.0,6.39,0.1929,0.0727,1.377,C,中山芝短距離(1000-1300)・良・外枠(7-8)で父「ダイワメジャー」は基準比リフト1.377
中山,坂あり・パワー型,芝,短中距離(1400-1600),良,中枠(3-6),父,ゼンノロブロイ,65,5,18,0.0769,0.2769,159.4,0.0,6.95,0.2014,0.0755,1.375,C,中山芝短中距離(1400-1600)・良・中枠(3-6)で父「ゼンノロブロイ」は基準比リフト1.375
中山,坂あり・パワー型,芝,長距離(2500以上),良,中枠(3-6),父,ハーツクライ,60,6,20,0.1,0.3333,131.8,0.0,7.63,0.2429,0.0904,1.372,C,中山芝長距離(2500以上)・良・中枠(3-6)で父「ハーツクライ」は基準比リフト1.372
阪神,坂あり・パワー型,ダ,中距離(1700-2000),良,中枠(3-6),父,マジェスティックウォリアー,77,8,24,0.1039,0.3117,86.2,0.0,6.55,0.2273,0.0844,1.371,C,阪神ダ中距離(1700-2000)・良・中枠(3-6)で父「マジェスティックウォリアー」は基準比リフト1.371
東京,直線長め・持続型,芝,中距離(1700-2000),稍,外枠(7-8),父,ディープインパクト,59,5,16,0.0847,0.2712,35.3,0.0,4.81,0.1978,0.0734,1.371,C,東京芝中距離(1700-2000)・稍・外枠(7-8)で父「ディープインパクト」は基準比リフト1.371
阪神,坂あり・パワー型,ダ,中距離(1700-2000),良,外枠(7-8),父,パイロ,59,6,19,0.1017,0.322,91.2,0.0,6.36,0.2351,0.0869,1.37,C,阪神ダ中距離(1700-2000)・良・外枠(7-8)で父「パイロ」は基準比リフト1.37
中山,坂あり・パワー型,ダ,中距離(1700-2000),良,中枠(3-6),父,アグネスタキオン,55,8,15,0.1455,0.2727,63.3,0.0,6.02,0.199,0.0737,1.37,C,中山ダ中距離(1700-2000)・良・中枠(3-6)で父「アグネスタキオン」は基準比リフト1.37
函館,小回り・持続型,ダ,中距離(1700-2000),良,中枠(3-6),父,ネオユニヴァース,62,9,20,0.1452,0.3226,79.4,0.0,5.02,0.2356,0.087,1.369,C,函館ダ中距離(1700-2000)・良・中枠(3-6)で父「ネオユニヴァース」は基準比リフト1.369
新潟,直線長め・平坦型,芝,短距離(1000-1300),良,中枠(3-6),父,キングヘイロー,64,7,15,0.1094,0.2344,238.9,0.0,8.77,0.1712,0.0632,1.369,C,新潟芝短距離(1000-1300)・良・中枠(3-6)で父「キングヘイロー」は基準比リフト1.369
新潟,直線長め・平坦型,芝,中距離(1700-2000),稍,中枠(3-6),父,ディープインパクト,64,9,19,0.1406,0.2969,36.7,0.0,5.3,0.217,0.0799,1.368,C,新潟芝中距離(1700-2000)・稍・中枠(3-6)で父「ディープインパクト」は基準比リフト1.368
京都,平坦・スピード型,ダ,中距離(1700-2000),良,中枠(3-6),父,ヴァーミリアン,57,1,17,0.0175,0.2982,17.7,0.0,8.56,0.2181,0.0801,1.367,C,京都ダ中距離(1700-2000)・良・中枠(3-6)で父「ヴァーミリアン」は基準比リフト1.367
阪神,坂あり・パワー型,芝,中距離(1700-2000),良,中枠(3-6),父,モーリス,58,9,19,0.1552,0.3276,49.5,0.0,6.17,0.2399,0.0877,1.366,C,阪神芝中距離(1700-2000)・良・中枠(3-6)で父「モーリス」は基準比リフト1.366
阪神,坂あり・パワー型,芝,中長距離(2100-2400),良,中枠(3-6),父,マンハッタンカフェ,73,13,26,0.1781,0.3562,193.8,0.0,6.79,0.2609,0.0953,1.365,C,阪神芝中長距離(2100-2400)・良・中枠(3-6)で父「マンハッタンカフェ」は基準比リフト1.365
中山,坂あり・パワー型,芝,短中距離(1400-1600),良,内枠(1-2),父,ロードカナロア,55,6,18,0.1091,0.3273,76.5,0.0,5.44,0.2397,0.0876,1.365,C,中山芝短中距離(1400-1600)・良・内枠(1-2)で父「ロードカナロア」は基準比リフト1.365
中山,坂あり・パワー型,芝,短距離(1000-1300),良,中枠(3-6),父,マツリダゴッホ,51,1,14,0.0196,0.2745,3.3,0.0,7.43,0.2011,0.0734,1.365,C,中山芝短距離(1000-1300)・良・中枠(3-6)で父「マツリダゴッホ」は基準比リフト1.365
新潟,直線長め・平坦型,芝,短中距離(1400-1600),良,外枠(7-8),父,シンボリクリスエス,50,5,13,0.1,0.26,45.2,0.0,7.06,0.1905,0.0695,1.365,C,新潟芝短中距離(1400-1600)・良・外枠(7-8)で父「シンボリクリスエス」は基準比リフト1.365
小倉,小回り・機動型,芝,短距離(1000-1300),良,外枠(7-8),父,アドマイヤムーン,74,5,20,0.0676,0.2703,61.9,0.0,6.84,0.1981,0.0722,1.364,C,小倉芝短距離(1000-1300)・良・外枠(7-8)で父「アドマイヤムーン」は基準比リフト1.364
阪神,坂あり・パワー型,ダ,短中距離(1400-1600),良,外枠(7-8),父,ヘニーヒューズ,63,7,19,0.1111,0.3016,64.0,0.0,5.7,0.2213,0.0803,1.363,C,阪神ダ短中距離(1400-1600)・良・外枠(7-8)で父「ヘニーヒューズ」は基準比リフト1.363
京都,平坦・スピード型,芝,短距離(1000-1300),良,中枠(3-6),父,キングカメハメハ,64,3,18,0.0469,0.2812,13.8,0.0,7.5,0.2064,0.0748,1.362,C,京都芝短距離(1000-1300)・良・中枠(3-6)で父「キングカメハメハ」は基準比リフト1.362
東京,直線長め・持続型,芝,短中距離(1400-1600),良,中枠(3-6),父,ドゥラメンテ,76,7,21,0.0921,0.2763,38.2,0.0,6.39,0.2028,0.0735,1.362,C,東京芝短中距離(1400-1600)・良・中枠(3-6)で父「ドゥラメンテ」は基準比リフト1.362
小倉,小回り・機動型,芝,短距離(1000-1300),良,外枠(7-8),父,キングカメハメハ,63,8,17,0.127,0.2698,169.8,0.0,7.33,0.1981,0.0717,1.362,C,小倉芝短距離(1000-1300)・良・外枠(7-8)で父「キングカメハメハ」は基準比リフト1.362
阪神,坂あり・パワー型,ダ,中距離(1700-2000),良,中枠(3-6),父,タニノギムレット,55,5,17,0.0909,0.3091,92.9,0.0,6.58,0.2273,0.0818,1.36,C,阪神ダ中距離(1700-2000)・良・中枠(3-6)で父「タニノギムレット」は基準比リフト1.36
阪神,坂あり・パワー型,芝,短中距離(1400-1600),良,外枠(7-8),父,ブラックタイド,54,5,14,0.0926,0.2593,198.0,0.0,9.39,0.1907,0.0686,1.36,C,阪神芝短中距離(1400-1600)・良・外枠(7-8)で父「ブラックタイド」は基準比リフト1.36
京都,平坦・スピード型,ダ,中距離(1700-2000),良,外枠(7-8),父,ロージズインメイ,57,8,16,0.1404,0.2807,155.6,0.0,7.44,0.2066,0.0741,1.359,C,京都ダ中距離(1700-2000)・良・外枠(7-8)で父「ロージズインメイ」は基準比リフト1.359
京都,平坦・スピード型,芝,短中距離(1400-1600),良,中枠(3-6),父,エピファネイア,55,7,16,0.1273,0.2909,85.1,0.0,6.91,0.2142,0.0767,1.358,C,京都芝短中距離(1400-1600)・良・中枠(3-6)で父「エピファネイア」は基準比リフト1.358
阪神,坂あり・パワー型,ダ,短中距離(1400-1600),稍,中枠(3-6),父,ダイワメジャー,60,4,16,0.0667,0.2667,45.0,0.0,6.27,0.1968,0.0699,1.355,C,阪神ダ短中距離(1400-1600)・稍・中枠(3-6)で父「ダイワメジャー」は基準比リフト1.355
京都,平坦・スピード型,ダ,短中距離(1400-1600),良,外枠(7-8),父,サウスヴィグラス,57,5,15,0.0877,0.2632,43.9,0.0,7.12,0.1942,0.069,1.355,C,京都ダ短中距離(1400-1600)・良・外枠(7-8)で父「サウスヴィグラス」は基準比リフト1.355
札幌,小回り・持続型,芝,中距離(1700-2000),良,中枠(3-6),父,ジャングルポケット,70,5,23,0.0714,0.3286,80.7,0.0,6.74,0.2428,0.0858,1.353,C,札幌芝中距離(1700-2000)・良・中枠(3-6)で父「ジャングルポケット」は基準比リフト1.353
京都,平坦・スピード型,芝,短中距離(1400-1600),良,外枠(7-8),父,マンハッタンカフェ,65,6,17,0.0923,0.2615,98.2,0.0,8.42,0.1935,0.068,1.351,C,京都芝短中距離(1400-1600)・良・外枠(7-8)で父「マンハッタンカフェ」は基準比リフト1.351
東京,直線長め・持続型,ダ,短中距離(1400-1600),良,中枠(3-6),父,アッミラーレ,52,5,14,0.0962,0.2692,119.4,0.0,7.73,0.1997,0.0695,1.348,C,東京ダ短中距離(1400-1600)・良・中枠(3-6)で父「アッミラーレ」は基準比リフト1.348
阪神,坂あり・パワー型,ダ,中距離(1700-2000),稍,中枠(3-6),父,クロフネ,78,4,22,0.0513,0.2821,7.2,0.0,6.62,0.2095,0.0726,1.347,C,阪神ダ中距離(1700-2000)・稍・中枠(3-6)で父「クロフネ」は基準比リフト1.347
札幌,小回り・持続型,芝,短中距離(1400-1600),良,中枠(3-6),父,ディープインパクト,63,9,21,0.1429,0.3333,86.3,0.0,4.54,0.2476,0.0857,1.346,C,札幌芝短中距離(1400-1600)・良・中枠(3-6)で父「ディープインパクト」は基準比リフト1.346
新潟,直線長め・平坦型,ダ,中距離(1700-2000),良,中枠(3-6),父,フジキセキ,52,5,15,0.0962,0.2885,52.7,0.0,7.17,0.2144,0.0741,1.346,C,新潟ダ中距離(1700-2000)・良・中枠(3-6)で父「フジキセキ」は基準比リフト1.346
阪神,坂あり・パワー型,ダ,中距離(1700-2000),良,中枠(3-6),父,ジャスタウェイ,72,8,22,0.1111,0.3056,83.9,0.0,7.4,0.2273,0.0783,1.344,C,阪神ダ中距離(1700-2000)・良・中枠(3-6)で父「ジャスタウェイ」は基準比リフト1.344
新潟,直線長め・平坦型,芝,中距離(1700-2000),良,中枠(3-6),父,ダイワメジャー,72,7,21,0.0972,0.2917,86.2,0.0,7.01,0.2171,0.0746,1.344,C,新潟芝中距離(1700-2000)・良・中枠(3-6)で父「ダイワメジャー」は基準比リフト1.344
東京,直線長め・持続型,ダ,短中距離(1400-1600),稍,中枠(3-6),父,ゼンノロブロイ,55,4,14,0.0727,0.2545,93.5,0.0,7.71,0.1894,0.0651,1.344,C,東京ダ短中距離(1400-1600)・稍・中枠(3-6)で父「ゼンノロブロイ」は基準比リフト1.344
小倉,小回り・機動型,芝,長距離(2500以上),良,中枠(3-6),父,ディープインパクト,70,7,24,0.1,0.3429,39.4,0.0,4.67,0.2556,0.0873,1.342,C,小倉芝長距離(2500以上)・良・中枠(3-6)で父「ディープインパクト」は基準比リフト1.342
阪神,坂あり・パワー型,芝,短中距離(1400-1600),良,中枠(3-6),父,ヴィクトワールピサ,79,5,23,0.0633,0.2911,73.3,0.0,6.8,0.2169,0.0742,1.342,C,阪神芝短中距離(1400-1600)・良・中枠(3-6)で父「ヴィクトワールピサ」は基準比リフト1.342
小倉,小回り・機動型,芝,短距離(1000-1300),良,中枠(3-6),父,マツリダゴッホ,65,8,17,0.1231,0.2615,130.0,0.0,7.57,0.1949,0.0666,1.342,C,小倉芝短距離(1000-1300)・良・中枠(3-6)で父「マツリダゴッホ」は基準比リフト1.342
函館,小回り・持続型,ダ,中距離(1700-2000),良,外枠(7-8),父,ゴールドアリュール,59,6,19,0.1017,0.322,60.5,0.0,5.85,0.2402,0.0818,1.341,C,函館ダ中距離(1700-2000)・良・外枠(7-8)で父「ゴールドアリュール」は基準比リフト1.341
阪神,坂あり・パワー型,芝,中距離(1700-2000),稍,中枠(3-6),父,ハーツクライ,51,6,16,0.1176,0.3137,65.1,0.0,5.92,0.2342,0.0795,1.339,C,阪神芝中距離(1700-2000)・稍・中枠(3-6)で父「ハーツクライ」は基準比リフト1.339
東京,直線長め・持続型,ダ,短中距離(1400-1600),良,外枠(7-8),父,ロードカナロア,69,6,20,0.087,0.2899,147.4,0.0,6.72,0.2165,0.0734,1.339,C,東京ダ短中距離(1400-1600)・良・外枠(7-8)で父「ロードカナロア」は基準比リフト1.339
中山,坂あり・パワー型,ダ,中距離(1700-2000),良,中枠(3-6),父,ヴィクトワールピサ,79,8,21,0.1013,0.2658,68.9,0.0,6.9,0.199,0.0668,1.336,C,中山ダ中距離(1700-2000)・良・中枠(3-6)で父「ヴィクトワールピサ」は基準比リフト1.336
中京,直線長め・持続型,ダ,短距離(1000-1300),良,中枠(3-6),父,ゴールドアリュール,74,6,18,0.0811,0.2432,55.7,0.0,7.97,0.182,0.0612,1.336,C,中京ダ短距離(1000-1300)・良・中枠(3-6)で父「ゴールドアリュール」は基準比リフト1.336
阪神,坂あり・パワー型,ダ,短距離(1000-1300),良,中枠(3-6),父,シニスターミニスター,65,5,18,0.0769,0.2769,44.0,0.0,7.55,0.2076,0.0693,1.334,C,阪神ダ短距離(1000-1300)・良・中枠(3-6)で父「シニスターミニスター」は基準比リフト1.334
阪神,坂あり・パワー型,ダ,短中距離(1400-1600),良,外枠(7-8),父,クロフネ,78,10,23,0.1282,0.2949,76.3,0.0,6.76,0.2213,0.0736,1.333,C,阪神ダ短中距離(1400-1600)・良・外枠(7-8)で父「クロフネ」は基準比リフト1.333
新潟,直線長め・平坦型,ダ,中距離(1700-2000),良,中枠(3-6),父,ルーラーシップ,70,5,20,0.0714,0.2857,72.7,0.0,6.54,0.2144,0.0713,1.333,C,新潟ダ中距離(1700-2000)・良・中枠(3-6)で父「ルーラーシップ」は基準比リフト1.333
小倉,小回り・機動型,芝,中距離(1700-2000),良,中枠(3-6),父,モーリス,61,10,18,0.1639,0.2951,209.3,0.0,6.21,0.2218,0.0733,1.33,C,小倉芝中距離(1700-2000)・良・中枠(3-6)で父「モーリス」は基準比リフト1.33
中京,直線長め・持続型,芝,中長距離(2100-2400),良,外枠(7-8),父,ディープインパクト,75,8,23,0.1067,0.3067,29.9,0.0,5.47,0.2308,0.0759,1.329,C,中京芝中長距離(2100-2400)・良・外枠(7-8)で父「ディープインパクト」は基準比リフト1.329
東京,直線長め・持続型,ダ,短中距離(1400-1600),良,外枠(7-8),父,ブライアンズタイム,73,5,21,0.0685,0.2877,51.8,0.0,6.56,0.2165,0.0712,1.329,C,東京ダ短中距離(1400-1600)・良・外枠(7-8)で父「ブライアンズタイム」は基準比リフト1.329
札幌,小回り・持続型,芝,中距離(1700-2000),良,外枠(7-8),父,キングカメハメハ,76,11,21,0.1447,0.2763,104.5,0.0,5.5,0.2079,0.0684,1.329,C,札幌芝中距離(1700-2000)・良・外枠(7-8)で父「キングカメハメハ」は基準比リフト1.329
札幌,小回り・持続型,ダ,短距離(1000-1300),良,中枠(3-6),父,サウスヴィグラス,53,6,18,0.1132,0.3396,99.1,0.0,4.92,0.2558,0.0838,1.328,C,札幌ダ短距離(1000-1300)・良・中枠(3-6)で父「サウスヴィグラス」は基準比リフト1.328
中京,直線長め・持続型,ダ,中距離(1700-2000),良,内枠(1-2),父,キングカメハメハ,77,7,23,0.0909,0.2987,78.8,0.0,5.77,0.225,0.0737,1.328,C,中京ダ中距離(1700-2000)・良・内枠(1-2)で父「キングカメハメハ」は基準比リフト1.328
札幌,小回り・持続型,ダ,中距離(1700-2000),良,中枠(3-6),父,ハーツクライ,58,5,19,0.0862,0.3276,84.7,0.0,6.29,0.2469,0.0807,1.327,C,札幌ダ中距離(1700-2000)・良・中枠(3-6)で父「ハーツクライ」は基準比リフト1.327
新潟,直線長め・平坦型,芝,中距離(1700-2000),良,外枠(7-8),父,マンハッタンカフェ,68,9,19,0.1324,0.2794,97.2,0.0,7.94,0.2107,0.0687,1.326,C,新潟芝中距離(1700-2000)・良・外枠(7-8)で父「マンハッタンカフェ」は基準比リフト1.326
東京,直線長め・持続型,芝,短中距離(1400-1600),良,内枠(1-2),父,フジキセキ,59,4,16,0.0678,0.2712,358.1,0.0,7.03,0.2047,0.0665,1.325,C,東京芝短中距離(1400-1600)・良・内枠(1-2)で父「フジキセキ」は基準比リフト1.325
東京,直線長め・持続型,ダ,短中距離(1400-1600),良,内枠(1-2),父,マンハッタンカフェ,63,4,14,0.0635,0.2222,33.7,0.0,7.03,0.1677,0.0545,1.325,C,東京ダ短中距離(1400-1600)・良・内枠(1-2)で父「マンハッタンカフェ」は基準比リフト1.325
東京,直線長め・持続型,ダ,短中距離(1400-1600),良,内枠(1-2),父,ルーラーシップ,54,3,12,0.0556,0.2222,23.1,0.0,8.11,0.1677,0.0545,1.325,C,東京ダ短中距離(1400-1600)・良・内枠(1-2)で父「ルーラーシップ」は基準比リフト1.325
中山,坂あり・パワー型,芝,短中距離(1400-1600),良,中枠(3-6),父,フジキセキ,60,3,16,0.05,0.2667,23.3,0.0,6.3,0.2014,0.0653,1.324,C,中山芝短中距離(1400-1600)・良・中枠(3-6)で父「フジキセキ」は基準比リフト1.324
中山,坂あり・パワー型,芝,中距離(1700-2000),良,内枠(1-2),父,ゼンノロブロイ,58,4,17,0.069,0.2931,35.5,0.0,6.88,0.2217,0.0714,1.322,C,中山芝中距離(1700-2000)・良・内枠(1-2)で父「ゼンノロブロイ」は基準比リフト1.322
阪神,坂あり・パワー型,ダ,中距離(1700-2000),良,外枠(7-8),父,ヘニーヒューズ,58,8,18,0.1379,0.3103,41.0,0.0,6.03,0.2351,0.0752,1.32,C,阪神ダ中距離(1700-2000)・良・外枠(7-8)で父「ヘニーヒューズ」は基準比リフト1.32
阪神,坂あり・パワー型,芝,中距離(1700-2000),良,外枠(7-8),父,キズナ,78,7,24,0.0897,0.3077,51.4,0.0,6.42,0.2332,0.0745,1.319,C,阪神芝中距離(1700-2000)・良・外枠(7-8)で父「キズナ」は基準比リフト1.319
函館,小回り・持続型,芝,中距離(1700-2000),良,内枠(1-2),父,ハービンジャー,51,7,19,0.1373,0.3725,93.9,0.0,6.67,0.2826,0.0899,1.318,C,函館芝中距離(1700-2000)・良・内枠(1-2)で父「ハービンジャー」は基準比リフト1.318
新潟,直線長め・平坦型,芝,長距離(2500以上),良,中枠(3-6),父,キングカメハメハ,64,10,19,0.1562,0.2969,98.9,0.0,5.92,0.2255,0.0714,1.317,C,新潟芝長距離(2500以上)・良・中枠(3-6)で父「キングカメハメハ」は基準比リフト1.317
中山,坂あり・パワー型,ダ,短距離(1000-1300),稍,中枠(3-6),父,キンシャサノキセキ,77,6,18,0.0779,0.2338,65.5,0.0,7.21,0.1775,0.0563,1.317,C,中山ダ短距離(1000-1300)・稍・中枠(3-6)で父「キンシャサノキセキ」は基準比リフト1.317
阪神,坂あり・パワー型,ダ,短中距離(1400-1600),良,内枠(1-2),父,クロフネ,58,2,13,0.0345,0.2241,21.7,0.0,7.71,0.1701,0.054,1.317,C,阪神ダ短中距離(1400-1600)・良・内枠(1-2)で父「クロフネ」は基準比リフト1.317
東京,直線長め・持続型,芝,短中距離(1400-1600),良,中枠(3-6),父,ノヴェリスト,60,5,16,0.0833,0.2667,52.2,0.0,6.13,0.2028,0.0639,1.315,C,東京芝短中距離(1400-1600)・良・中枠(3-6)で父「ノヴェリスト」は基準比リフト1.315
中京,直線長め・持続型,ダ,中距離(1700-2000),良,外枠(7-8),父,ルーラーシップ,62,6,17,0.0968,0.2742,68.7,0.0,6.52,0.2087,0.0655,1.314,C,中京ダ中距離(1700-2000)・良・外枠(7-8)で父「ルーラーシップ」は基準比リフト1.314
新潟,直線長め・平坦型,ダ,中距離(1700-2000),良,外枠(7-8),父,ゼンノロブロイ,54,6,16,0.1111,0.2963,110.6,0.0,6.28,0.226,0.0703,1.311,C,新潟ダ中距離(1700-2000)・良・外枠(7-8)で父「ゼンノロブロイ」は基準比リフト1.311
中山,坂あり・パワー型,ダ,中距離(1700-2000),良,外枠(7-8),父,アイルハヴアナザー,72,7,21,0.0972,0.2917,69.2,0.0,6.76,0.2226,0.0691,1.31,C,中山ダ中距離(1700-2000)・良・外枠(7-8)で父「アイルハヴアナザー」は基準比リフト1.31
東京,直線長め・持続型,芝,短中距離(1400-1600),良,内枠(1-2),父,ハービンジャー,56,5,15,0.0893,0.2679,45.2,0.0,7.43,0.2047,0.0632,1.309,C,東京芝短中距離(1400-1600)・良・内枠(1-2)で父「ハービンジャー」は基準比リフト1.309
阪神,坂あり・パワー型,芝,中距離(1700-2000),良,中枠(3-6),父,ジャスタウェイ,51,6,16,0.1176,0.3137,35.9,0.0,6.14,0.2399,0.0738,1.308,C,阪神芝中距離(1700-2000)・良・中枠(3-6)で父「ジャスタウェイ」は基準比リフト1.308
京都,平坦・スピード型,芝,短中距離(1400-1600),良,内枠(1-2),父,マンハッタンカフェ,70,3,20,0.0429,0.2857,33.7,0.0,7.87,0.2185,0.0672,1.308,C,京都芝短中距離(1400-1600)・良・内枠(1-2)で父「マンハッタンカフェ」は基準比リフト1.308
中京,直線長め・持続型,ダ,中距離(1700-2000),良,中枠(3-6),父,パイロ,63,8,18,0.127,0.2857,92.7,0.0,7.46,0.2184,0.0673,1.308,C,中京ダ中距離(1700-2000)・良・中枠(3-6)で父「パイロ」は基準比リフト1.308
京都,平坦・スピード型,芝,短中距離(1400-1600),良,内枠(1-2),父,ステイゴールド,56,3,16,0.0536,0.2857,14.6,0.0,7.71,0.2185,0.0672,1.308,C,京都芝短中距離(1400-1600)・良・内枠(1-2)で父「ステイゴールド」は基準比リフト1.308
中京,直線長め・持続型,ダ,短中距離(1400-1600),良,中枠(3-6),父,クロフネ,62,6,16,0.0968,0.2581,68.9,0.0,7.61,0.1973,0.0608,1.308,C,中京ダ短中距離(1400-1600)・良・中枠(3-6)で父「クロフネ」は基準比リフト1.308
新潟,直線長め・平坦型,芝,短距離(1000-1300),良,中枠(3-6),父,マツリダゴッホ,67,3,15,0.0448,0.2239,54.8,0.0,7.81,0.1712,0.0527,1.308,C,新潟芝短距離(1000-1300)・良・中枠(3-6)で父「マツリダゴッホ」は基準比リフト1.308
新潟,直線長め・平坦型,ダ,中距離(1700-2000),良,中枠(3-6),父,オルフェーヴル,50,5,14,0.1,0.28,41.2,0.0,5.88,0.2144,0.0656,1.306,C,新潟ダ中距離(1700-2000)・良・中枠(3-6)で父「オルフェーヴル」は基準比リフト1.306
東京,直線長め・持続型,ダ,短距離(1000-1300),良,中枠(3-6),父,サウスヴィグラス,78,4,20,0.0513,0.2564,15.4,0.0,7.0,0.1967,0.0597,1.304,C,東京ダ短距離(1000-1300)・良・中枠(3-6)で父「サウスヴィグラス」は基準比リフト1.304
阪神,坂あり・パワー型,芝,中距離(1700-2000),良,外枠(7-8),父,アグネスタキオン,56,7,17,0.125,0.3036,140.5,0.0,5.95,0.2332,0.0704,1.302,C,阪神芝中距離(1700-2000)・良・外枠(7-8)で父「アグネスタキオン」は基準比リフト1.302
札幌,小回り・持続型,芝,短中距離(1400-1600),良,中枠(3-6),父,ダイワメジャー,56,6,18,0.1071,0.3214,72.9,0.0,5.29,0.2476,0.0738,1.298,C,札幌芝短中距離(1400-1600)・良・中枠(3-6)で父「ダイワメジャー」は基準比リフト1.298
新潟,直線長め・平坦型,ダ,短距離(1000-1300),良,中枠(3-6),父,プリサイスエンド,57,2,15,0.0351,0.2632,13.9,0.0,8.37,0.2029,0.0603,1.297,C,新潟ダ短距離(1000-1300)・良・中枠(3-6)で父「プリサイスエンド」は基準比リフト1.297
中山,坂あり・パワー型,ダ,短距離(1000-1300),良,中枠(3-6),父,ブラックタイド,60,3,15,0.05,0.25,202.8,0.0,8.73,0.1927,0.0573,1.297,C,中山ダ短距離(1000-1300)・良・中枠(3-6)で父「ブラックタイド」は基準比リフト1.297
新潟,直線長め・平坦型,ダ,中距離(1700-2000),良,中枠(3-6),父,ダイワメジャー,54,6,15,0.1111,0.2778,80.7,0.0,7.69,0.2144,0.0634,1.296,C,新潟ダ中距離(1700-2000)・良・中枠(3-6)で父「ダイワメジャー」は基準比リフト1.296
函館,小回り・持続型,芝,中距離(1700-2000),良,中枠(3-6),父,ネオユニヴァース,58,3,18,0.0517,0.3103,30.7,0.0,6.48,0.2397,0.0706,1.295,C,函館芝中距離(1700-2000)・良・中枠(3-6)で父「ネオユニヴァース」は基準比リフト1.295
中京,直線長め・持続型,芝,短中距離(1400-1600),良,中枠(3-6),父,エピファネイア,64,3,17,0.0469,0.2656,35.6,0.0,6.62,0.2051,0.0605,1.295,C,中京芝短中距離(1400-1600)・良・中枠(3-6)で父「エピファネイア」は基準比リフト1.295
中山,坂あり・パワー型,芝,短中距離(1400-1600),良,中枠(3-6),父,キンシャサノキセキ,69,5,18,0.0725,0.2609,34.1,0.0,7.36,0.2014,0.0595,1.295,C,中山芝短中距離(1400-1600)・良・中枠(3-6)で父「キンシャサノキセキ」は基準比リフト1.295
福島,小回り・機動型,ダ,中距離(1700-2000),良,中枠(3-6),父,パイロ,54,5,14,0.0926,0.2593,40.7,0.0,7.72,0.2003,0.059,1.295,C,福島ダ中距離(1700-2000)・良・中枠(3-6)で父「パイロ」は基準比リフト1.295
京都,平坦・スピード型,芝,短中距離(1400-1600),良,外枠(7-8),父,ブラックタイド,52,4,13,0.0769,0.25,122.7,0.0,9.33,0.1935,0.0565,1.292,C,京都芝短中距離(1400-1600)・良・外枠(7-8)で父「ブラックタイド」は基準比リフト1.292
阪神,坂あり・パワー型,芝,短中距離(1400-1600),良,外枠(7-8),父,キズナ,69,5,17,0.0725,0.2464,109.4,0.0,6.96,0.1907,0.0557,1.292,C,阪神芝短中距離(1400-1600)・良・外枠(7-8)で父「キズナ」は基準比リフト1.292
京都,平坦・スピード型,ダ,中距離(1700-2000),良,外枠(7-8),父,ディープインパクト,60,4,16,0.0667,0.2667,55.8,0.0,5.67,0.2066,0.0601,1.291,C,京都ダ中距離(1700-2000)・良・外枠(7-8)で父「ディープインパクト」は基準比リフト1.291
東京,直線長め・持続型,芝,中長距離(2100-2400),良,外枠(7-8),父,キングカメハメハ,72,9,21,0.125,0.2917,58.3,0.0,7.12,0.2262,0.0655,1.29,C,東京芝中長距離(2100-2400)・良・外枠(7-8)で父「キングカメハメハ」は基準比リフト1.29
新潟,直線長め・平坦型,芝,中距離(1700-2000),良,中枠(3-6),父,フジキセキ,50,7,14,0.14,0.28,243.4,0.0,7.4,0.2171,0.0629,1.29,C,新潟芝中距離(1700-2000)・良・中枠(3-6)で父「フジキセキ」は基準比リフト1.29
京都,平坦・スピード型,ダ,中距離(1700-2000),良,中枠(3-6),父,カネヒキリ,64,5,18,0.0781,0.2812,81.9,0.0,6.44,0.2181,0.0631,1.289,C,京都ダ中距離(1700-2000)・良・中枠(3-6)で父「カネヒキリ」は基準比リフト1.289
小倉,小回り・機動型,芝,短距離(1000-1300),良,外枠(7-8),父,グラスワンダー,51,4,13,0.0784,0.2549,97.1,0.0,8.08,0.1981,0.0568,1.287,C,小倉芝短距離(1000-1300)・良・外枠(7-8)で父「グラスワンダー」は基準比リフト1.287
中山,坂あり・パワー型,芝,中距離(1700-2000),良,外枠(7-8),父,エピファネイア,60,4,16,0.0667,0.2667,172.2,0.0,7.32,0.2074,0.0593,1.286,C,中山芝中距離(1700-2000)・良・外枠(7-8)で父「エピファネイア」は基準比リフト1.286
中京,直線長め・持続型,ダ,短中距離(1400-1600),良,中枠(3-6),父,キンシャサノキセキ,67,8,17,0.1194,0.2537,48.8,0.0,7.21,0.1973,0.0564,1.286,C,中京ダ短中距離(1400-1600)・良・中枠(3-6)で父「キンシャサノキセキ」は基準比リフト1.286
阪神,坂あり・パワー型,芝,短中距離(1400-1600),良,外枠(7-8),父,シンボリクリスエス,53,4,13,0.0755,0.2453,53.0,0.0,7.74,0.1907,0.0546,1.286,C,阪神芝短中距離(1400-1600)・良・外枠(7-8)で父「シンボリクリスエス」は基準比リフト1.286
京都,平坦・スピード型,芝,短中距離(1400-1600),良,内枠(1-2),父,アグネスタキオン,57,6,16,0.1053,0.2807,101.2,0.0,5.93,0.2185,0.0622,1.285,C,京都芝短中距離(1400-1600)・良・内枠(1-2)で父「アグネスタキオン」は基準比リフト1.285
京都,平坦・スピード型,ダ,短中距離(1400-1600),良,中枠(3-6),父,フジキセキ,74,4,19,0.0541,0.2568,39.3,0.0,6.88,0.2,0.0568,1.284,C,京都ダ短中距離(1400-1600)・良・中枠(3-6)で父「フジキセキ」は基準比リフト1.284
中京,直線長め・持続型,芝,短中距離(1400-1600),良,外枠(7-8),父,キングカメハメハ,67,6,17,0.0896,0.2537,71.0,0.0,6.78,0.1978,0.0559,1.283,C,中京芝短中距離(1400-1600)・良・外枠(7-8)で父「キングカメハメハ」は基準比リフト1.283
福島,小回り・機動型,ダ,中距離(1700-2000),良,外枠(7-8),父,クロフネ,68,9,19,0.1324,0.2794,220.4,0.0,6.34,0.2183,0.0611,1.28,C,福島ダ中距離(1700-2000)・良・外枠(7-8)で父「クロフネ」は基準比リフト1.28
小倉,小回り・機動型,ダ,中距離(1700-2000),良,内枠(1-2),父,クロフネ,59,6,16,0.1017,0.2712,138.0,0.0,6.8,0.2118,0.0594,1.28,C,小倉ダ中距離(1700-2000)・良・内枠(1-2)で父「クロフネ」は基準比リフト1.28
中山,坂あり・パワー型,ダ,中距離(1700-2000),良,中枠(3-6),父,ドゥラメンテ,55,10,14,0.1818,0.2545,104.9,0.0,5.31,0.199,0.0555,1.279,C,中山ダ中距離(1700-2000)・良・中枠(3-6)で父「ドゥラメンテ」は基準比リフト1.279
阪神,坂あり・パワー型,ダ,中距離(1700-2000),良,内枠(1-2),父,ゼンノロブロイ,57,6,15,0.1053,0.2632,140.7,0.0,6.58,0.206,0.0572,1.278,C,阪神ダ中距離(1700-2000)・良・内枠(1-2)で父「ゼンノロブロイ」は基準比リフト1.278
東京,直線長め・持続型,芝,中長距離(2100-2400),良,内枠(1-2),父,ステイゴールド,63,5,21,0.0794,0.3333,27.3,0.0,6.1,0.261,0.0723,1.277,C,東京芝中長距離(2100-2400)・良・内枠(1-2)で父「ステイゴールド」は基準比リフト1.277
東京,直線長め・持続型,芝,中長距離(2100-2400),良,中枠(3-6),父,シンボリクリスエス,52,3,15,0.0577,0.2885,109.6,0.0,7.15,0.226,0.0625,1.277,C,東京芝中長距離(2100-2400)・良・中枠(3-6)で父「シンボリクリスエス」は基準比リフト1.277
福島,小回り・機動型,芝,長距離(2500以上),良,中枠(3-6),父,ゼンノロブロイ,55,4,17,0.0727,0.3091,174.0,0.0,7.38,0.2423,0.0668,1.276,C,福島芝長距離(2500以上)・良・中枠(3-6)で父「ゼンノロブロイ」は基準比リフト1.276
東京,直線長め・持続型,ダ,短中距離(1400-1600),良,中枠(3-6),父,スタチューオブリバティ,55,4,14,0.0727,0.2545,119.3,0.0,8.07,0.1997,0.0548,1.274,C,東京ダ短中距離(1400-1600)・良・中枠(3-6)で父「スタチューオブリバティ」は基準比リフト1.274
中山,坂あり・パワー型,芝,短中距離(1400-1600),良,中枠(3-6),父,ジャングルポケット,78,5,20,0.0641,0.2564,130.3,0.0,7.0,0.2014,0.055,1.273,C,中山芝短中距離(1400-1600)・良・中枠(3-6)で父「ジャングルポケット」は基準比リフト1.273
福島,小回り・機動型,ダ,中距離(1700-2000),良,中枠(3-6),父,アグネスデジタル,51,2,13,0.0392,0.2549,47.3,0.0,8.65,0.2003,0.0546,1.273,C,福島ダ中距離(1700-2000)・良・中枠(3-6)で父「アグネスデジタル」は基準比リフト1.273
中山,坂あり・パワー型,芝,短距離(1000-1300),良,外枠(7-8),父,サクラバクシンオー,57,5,14,0.0877,0.2456,70.9,0.0,6.96,0.1929,0.0527,1.273,C,中山芝短距離(1000-1300)・良・外枠(7-8)で父「サクラバクシンオー」は基準比リフト1.273
中山,坂あり・パワー型,ダ,中距離(1700-2000),良,内枠(1-2),父,ネオユニヴァース,68,6,16,0.0882,0.2353,31.3,0.0,5.87,0.1848,0.0505,1.273,C,中山ダ中距離(1700-2000)・良・内枠(1-2)で父「ネオユニヴァース」は基準比リフト1.273
函館,小回り・持続型,芝,短距離(1000-1300),良,内枠(1-2),父,ダイワメジャー,51,9,17,0.1765,0.3333,113.9,0.0,6.73,0.262,0.0713,1.272,C,函館芝短距離(1000-1300)・良・内枠(1-2)で父「ダイワメジャー」は基準比リフト1.272
中京,直線長め・持続型,ダ,中距離(1700-2000),良,中枠(3-6),父,エンパイアメーカー,54,3,15,0.0556,0.2778,87.6,0.0,6.98,0.2184,0.0594,1.272,C,中京ダ中距離(1700-2000)・良・中枠(3-6)で父「エンパイアメーカー」は基準比リフト1.272
京都,平坦・スピード型,ダ,短中距離(1400-1600),良,中枠(3-6),父,ハーツクライ,55,3,14,0.0545,0.2545,34.0,0.0,6.8,0.2,0.0545,1.272,C,京都ダ短中距離(1400-1600)・良・中枠(3-6)で父「ハーツクライ」は基準比リフト1.272
函館,小回り・持続型,芝,中距離(1700-2000),良,外枠(7-8),父,ステイゴールド,69,4,18,0.058,0.2609,70.3,0.0,6.81,0.2056,0.0553,1.269,C,函館芝中距離(1700-2000)・良・外枠(7-8)で父「ステイゴールド」は基準比リフト1.269
阪神,坂あり・パワー型,ダ,中距離(1700-2000),稍,外枠(7-8),父,キングカメハメハ,65,7,20,0.1077,0.3077,74.3,0.0,5.51,0.2427,0.065,1.268,C,阪神ダ中距離(1700-2000)・稍・外枠(7-8)で父「キングカメハメハ」は基準比リフト1.268
東京,直線長め・持続型,芝,中距離(1700-2000),良,外枠(7-8),父,ジャスタウェイ,55,5,15,0.0909,0.2727,17.5,0.0,6.67,0.2154,0.0573,1.266,C,東京芝中距離(1700-2000)・良・外枠(7-8)で父「ジャスタウェイ」は基準比リフト1.266
中山,坂あり・パワー型,芝,短中距離(1400-1600),良,外枠(7-8),父,ハーツクライ,67,5,16,0.0746,0.2388,47.6,0.0,7.81,0.1887,0.0501,1.266,C,中山芝短中距離(1400-1600)・良・外枠(7-8)で父「ハーツクライ」は基準比リフト1.266
中山,坂あり・パワー型,芝,短中距離(1400-1600),良,内枠(1-2),父,キングカメハメハ,66,7,20,0.1061,0.303,55.3,0.0,6.05,0.2397,0.0633,1.264,C,中山芝短中距離(1400-1600)・良・内枠(1-2)で父「キングカメハメハ」は基準比リフト1.264
福島,小回り・機動型,ダ,中距離(1700-2000),良,外枠(7-8),父,キングカメハメハ,69,11,19,0.1594,0.2754,66.2,0.0,6.68,0.2183,0.0571,1.262,C,福島ダ中距離(1700-2000)・良・外枠(7-8)で父「キングカメハメハ」は基準比リフト1.262
阪神,坂あり・パワー型,芝,短中距離(1400-1600),良,内枠(1-2),父,ハービンジャー,57,7,16,0.1228,0.2807,88.2,0.0,8.16,0.2227,0.058,1.26,C,阪神芝短中距離(1400-1600)・良・内枠(1-2)で父「ハービンジャー」は基準比リフト1.26
阪神,坂あり・パワー型,ダ,中距離(1700-2000),良,外枠(7-8),父,ゼンノロブロイ,71,11,21,0.1549,0.2958,306.2,0.0,6.87,0.2351,0.0607,1.258,C,阪神ダ中距離(1700-2000)・良・外枠(7-8)で父「ゼンノロブロイ」は基準比リフト1.258
中京,直線長め・持続型,芝,短中距離(1400-1600),良,中枠(3-6),父,ヴィクトワールピサ,62,6,16,0.0968,0.2581,75.6,0.0,6.74,0.2051,0.053,1.258,C,中京芝短中距離(1400-1600)・良・中枠(3-6)で父「ヴィクトワールピサ」は基準比リフト1.258
中山,坂あり・パワー型,ダ,中距離(1700-2000),良,中枠(3-6),父,ワイルドラッシュ,56,4,14,0.0714,0.25,366.6,0.0,7.48,0.199,0.051,1.256,C,中山ダ中距離(1700-2000)・良・中枠(3-6)で父「ワイルドラッシュ」は基準比リフト1.256
阪神,坂あり・パワー型,ダ,短中距離(1400-1600),良,外枠(7-8),父,キングカメハメハ,54,7,15,0.1296,0.2778,88.9,0.0,6.85,0.2213,0.0565,1.255,C,阪神ダ短中距離(1400-1600)・良・外枠(7-8)で父「キングカメハメハ」は基準比リフト1.255
阪神,坂あり・パワー型,ダ,短距離(1000-1300),良,外枠(7-8),父,ダイワメジャー,50,5,13,0.1,0.26,198.8,0.0,7.82,0.2072,0.0528,1.255,C,阪神ダ短距離(1000-1300)・良・外枠(7-8)で父「ダイワメジャー」は基準比リフト1.255
京都,平坦・スピード型,ダ,短中距離(1400-1600),良,内枠(1-2),父,サウスヴィグラス,50,5,13,0.1,0.26,148.6,0.0,8.28,0.2074,0.0526,1.254,C,京都ダ短中距離(1400-1600)・良・内枠(1-2)で父「サウスヴィグラス」は基準比リフト1.254
新潟,直線長め・平坦型,ダ,短距離(1000-1300),良,中枠(3-6),父,キングカメハメハ,55,5,14,0.0909,0.2545,59.1,0.0,8.15,0.2029,0.0516,1.254,C,新潟ダ短距離(1000-1300)・良・中枠(3-6)で父「キングカメハメハ」は基準比リフト1.254
阪神,坂あり・パワー型,ダ,短中距離(1400-1600),良,中枠(3-6),父,マジェスティックウォリアー,55,1,14,0.0182,0.2545,4.7,0.0,7.07,0.2031,0.0514,1.253,C,阪神ダ短中距離(1400-1600)・良・中枠(3-6)で父「マジェスティックウォリアー」は基準比リフト1.253
札幌,小回り・持続型,芝,中距離(1700-2000),良,中枠(3-6),父,ルーラーシップ,56,7,17,0.125,0.3036,112.7,0.0,6.79,0.2428,0.0608,1.25,C,札幌芝中距離(1700-2000)・良・中枠(3-6)で父「ルーラーシップ」は基準比リフト1.25
中山,坂あり・パワー型,ダ,短距離(1000-1300),良,外枠(7-8),父,アグネスデジタル,59,4,15,0.0678,0.2542,29.7,0.0,7.2,0.2034,0.0508,1.25,C,中山ダ短距離(1000-1300)・良・外枠(7-8)で父「アグネスデジタル」は基準比リフト1.25
小倉,小回り・機動型,芝,短距離(1000-1300),稍,中枠(3-6),父,ダイワメジャー,54,4,13,0.0741,0.2407,154.1,0.0,8.33,0.1925,0.0482,1.25,C,小倉芝短距離(1000-1300)・稍・中枠(3-6)で父「ダイワメジャー」は基準比リフト1.25
中京,直線長め・持続型,ダ,中距離(1700-2000),良,中枠(3-6),父,ヘニーヒューズ,66,7,18,0.1061,0.2727,75.6,0.0,6.98,0.2184,0.0543,1.249,C,中京ダ中距離(1700-2000)・良・中枠(3-6)で父「ヘニーヒューズ」は基準比リフト1.249
中山,坂あり・パワー型,ダ,短距離(1000-1300),良,中枠(3-6),父,ヨハネスブルグ,79,6,19,0.0759,0.2405,34.8,0.0,7.63,0.1927,0.0478,1.248,C,中山ダ短距離(1000-1300)・良・中枠(3-6)で父「ヨハネスブルグ」は基準比リフト1.248
京都,平坦・スピード型,ダ,中距離(1700-2000),良,内枠(1-2),父,エンパイアメーカー,52,7,15,0.1346,0.2885,50.2,0.0,6.02,0.2314,0.0571,1.247,C,京都ダ中距離(1700-2000)・良・内枠(1-2)で父「エンパイアメーカー」は基準比リフト1.247
東京,直線長め・持続型,芝,短中距離(1400-1600),良,内枠(1-2),父,エピファネイア,55,3,14,0.0545,0.2545,43.1,0.0,6.56,0.2047,0.0498,1.243,C,東京芝短中距離(1400-1600)・良・内枠(1-2)で父「エピファネイア」は基準比リフト1.243
阪神,坂あり・パワー型,芝,短中距離(1400-1600),良,外枠(7-8),父,ゼンノロブロイ,76,4,18,0.0526,0.2368,22.6,0.0,8.51,0.1907,0.0461,1.242,C,阪神芝短中距離(1400-1600)・良・外枠(7-8)で父「ゼンノロブロイ」は基準比リフト1.242
小倉,小回り・機動型,芝,長距離(2500以上),良,中枠(3-6),父,ハーツクライ,57,9,18,0.1579,0.3158,111.4,0.0,5.61,0.2556,0.0602,1.236,C,小倉芝長距離(2500以上)・良・中枠(3-6)で父「ハーツクライ」は基準比リフト1.236
阪神,坂あり・パワー型,ダ,中距離(1700-2000),良,外枠(7-8),父,シニスターミニスター,62,5,18,0.0806,0.2903,47.1,0.0,6.44,0.2351,0.0552,1.235,C,阪神ダ中距離(1700-2000)・良・外枠(7-8)で父「シニスターミニスター」は基準比リフト1.235
阪神,坂あり・パワー型,ダ,中距離(1700-2000),良,内枠(1-2),父,エンパイアメーカー,55,4,14,0.0727,0.2545,25.8,0.0,6.42,0.206,0.0485,1.235,C,阪神ダ中距離(1700-2000)・良・内枠(1-2)で父「エンパイアメーカー」は基準比リフト1.235
京都,平坦・スピード型,ダ,中距離(1700-2000),稍,中枠(3-6),父,マンハッタンカフェ,50,5,14,0.1,0.28,37.6,0.0,6.28,0.2269,0.0531,1.234,C,京都ダ中距離(1700-2000)・稍・中枠(3-6)で父「マンハッタンカフェ」は基準比リフト1.234
新潟,直線長め・平坦型,芝,短中距離(1400-1600),良,内枠(1-2),父,ハーツクライ,53,8,11,0.1509,0.2075,124.2,0.0,6.55,0.1682,0.0393,1.234,C,新潟芝短中距離(1400-1600)・良・内枠(1-2)で父「ハーツクライ」は基準比リフト1.234
阪神,坂あり・パワー型,ダ,短中距離(1400-1600),良,外枠(7-8),父,ゴールドアリュール,77,9,21,0.1169,0.2727,87.4,0.0,6.82,0.2213,0.0514,1.232,C,阪神ダ短中距離(1400-1600)・良・外枠(7-8)で父「ゴールドアリュール」は基準比リフト1.232
中山,坂あり・パワー型,ダ,中距離(1700-2000),稍,中枠(3-6),父,シンボリクリスエス,78,6,20,0.0769,0.2564,27.3,0.0,7.18,0.2081,0.0483,1.232,C,中山ダ中距離(1700-2000)・稍・中枠(3-6)で父「シンボリクリスエス」は基準比リフト1.232
新潟,直線長め・平坦型,ダ,短距離(1000-1300),良,中枠(3-6),父,メイショウボーラー,56,3,14,0.0536,0.25,22.7,0.0,7.62,0.2029,0.0471,1.232,C,新潟ダ短距離(1000-1300)・良・中枠(3-6)で父「メイショウボーラー」は基準比リフト1.232
阪神,坂あり・パワー型,ダ,短中距離(1400-1600),良,中枠(3-6),父,ロードカナロア,76,9,19,0.1184,0.25,37.6,0.0,7.38,0.2031,0.0469,1.231,C,阪神ダ短中距離(1400-1600)・良・中枠(3-6)で父「ロードカナロア」は基準比リフト1.231
阪神,坂あり・パワー型,ダ,短中距離(1400-1600),良,中枠(3-6),父,ルーラーシップ,56,4,14,0.0714,0.25,37.5,0.0,7.04,0.2031,0.0469,1.231,C,阪神ダ短中距離(1400-1600)・良・中枠(3-6)で父「ルーラーシップ」は基準比リフト1.231
京都,平坦・スピード型,ダ,短中距離(1400-1600),良,中枠(3-6),父,アグネスデジタル,65,8,16,0.1231,0.2462,144.9,0.0,7.69,0.2,0.0462,1.231,C,京都ダ短中距離(1400-1600)・良・中枠(3-6)で父「アグネスデジタル」は基準比リフト1.231
阪神,坂あり・パワー型,ダ,中距離(1700-2000),重不良,中枠(3-6),父,クロフネ,58,9,16,0.1552,0.2759,106.4,0.0,7.22,0.2243,0.0516,1.23,C,阪神ダ中距離(1700-2000)・重不良・中枠(3-6)で父「クロフネ」は基準比リフト1.23
福島,小回り・機動型,芝,中距離(1700-2000),良,中枠(3-6),父,ジャスタウェイ,52,5,14,0.0962,0.2692,41.5,0.0,6.92,0.2188,0.0504,1.23,C,福島芝中距離(1700-2000)・良・中枠(3-6)で父「ジャスタウェイ」は基準比リフト1.23
京都,平坦・スピード型,芝,短中距離(1400-1600),良,中枠(3-6),父,キズナ,57,5,15,0.0877,0.2632,20.5,0.0,7.35,0.2142,0.049,1.229,C,京都芝短中距離(1400-1600)・良・中枠(3-6)で父「キズナ」は基準比リフト1.229
京都,平坦・スピード型,ダ,短中距離(1400-1600),良,内枠(1-2),父,シンボリクリスエス,51,5,13,0.098,0.2549,102.0,0.0,7.63,0.2074,0.0475,1.229,C,京都ダ短中距離(1400-1600)・良・内枠(1-2)で父「シンボリクリスエス」は基準比リフト1.229
小倉,小回り・機動型,芝,短距離(1000-1300),良,中枠(3-6),父,マンハッタンカフェ,71,7,17,0.0986,0.2394,46.9,0.0,7.56,0.1949,0.0445,1.228,C,小倉芝短距離(1000-1300)・良・中枠(3-6)で父「マンハッタンカフェ」は基準比リフト1.228
福島,小回り・機動型,芝,短距離(1000-1300),良,外枠(7-8),父,ロードカナロア,54,7,13,0.1296,0.2407,93.0,0.0,6.33,0.1962,0.0445,1.227,C,福島芝短距離(1000-1300)・良・外枠(7-8)で父「ロードカナロア」は基準比リフト1.227
京都,平坦・スピード型,芝,短中距離(1400-1600),良,外枠(7-8),父,サクラバクシンオー,59,4,14,0.0678,0.2373,82.7,0.0,7.44,0.1935,0.0438,1.226,C,京都芝短中距離(1400-1600)・良・外枠(7-8)で父「サクラバクシンオー」は基準比リフト1.226
阪神,坂あり・パワー型,ダ,中距離(1700-2000),良,外枠(7-8),父,ネオユニヴァース,73,7,21,0.0959,0.2877,104.7,0.0,6.36,0.2351,0.0526,1.224,C,阪神ダ中距離(1700-2000)・良・外枠(7-8)で父「ネオユニヴァース」は基準比リフト1.224
京都,平坦・スピード型,芝,中距離(1700-2000),良,外枠(7-8),父,ルーラーシップ,65,5,18,0.0769,0.2769,54.5,0.0,6.54,0.2263,0.0506,1.224,C,京都芝中距離(1700-2000)・良・外枠(7-8)で父「ルーラーシップ」は基準比リフト1.224
福島,小回り・機動型,芝,中距離(1700-2000),良,外枠(7-8),父,キングカメハメハ,74,8,17,0.1081,0.2297,96.1,0.0,6.7,0.1878,0.0419,1.223,C,福島芝中距離(1700-2000)・良・外枠(7-8)で父「キングカメハメハ」は基準比リフト1.223
阪神,坂あり・パワー型,ダ,中距離(1700-2000),重不良,中枠(3-6),父,キングカメハメハ,62,10,17,0.1613,0.2742,96.6,0.0,6.76,0.2243,0.0499,1.222,C,阪神ダ中距離(1700-2000)・重不良・中枠(3-6)で父「キングカメハメハ」は基準比リフト1.222
中京,直線長め・持続型,ダ,中距離(1700-2000),良,中枠(3-6),父,ブラックタイド,75,3,20,0.04,0.2667,22.8,0.0,8.41,0.2184,0.0483,1.221,C,中京ダ中距離(1700-2000)・良・中枠(3-6)で父「ブラックタイド」は基準比リフト1.221
阪神,坂あり・パワー型,ダ,短距離(1000-1300),稍,中枠(3-6),父,ゴールドアリュール,54,6,13,0.1111,0.2407,55.4,0.0,7.11,0.1971,0.0436,1.221,C,阪神ダ短距離(1000-1300)・稍・中枠(3-6)で父「ゴールドアリュール」は基準比リフト1.221
阪神,坂あり・パワー型,ダ,中距離(1700-2000),良,中枠(3-6),父,スペシャルウィーク,65,10,18,0.1538,0.2769,120.8,0.0,6.6,0.2273,0.0496,1.218,C,阪神ダ中距離(1700-2000)・良・中枠(3-6)で父「スペシャルウィーク」は基準比リフト1.218
阪神,坂あり・パワー型,芝,短中距離(1400-1600),良,内枠(1-2),父,クロフネ,59,4,16,0.0678,0.2712,25.9,0.0,6.64,0.2227,0.0485,1.218,C,阪神芝短中距離(1400-1600)・良・内枠(1-2)で父「クロフネ」は基準比リフト1.218
京都,平坦・スピード型,ダ,中距離(1700-2000),良,中枠(3-6),父,ホワイトマズル,64,6,17,0.0938,0.2656,44.8,0.0,7.33,0.2181,0.0475,1.218,C,京都ダ中距離(1700-2000)・良・中枠(3-6)で父「ホワイトマズル」は基準比リフト1.218
阪神,坂あり・パワー型,芝,短中距離(1400-1600),良,中枠(3-6),父,オルフェーヴル,72,9,19,0.125,0.2639,53.8,0.0,6.6,0.2169,0.047,1.217,C,阪神芝短中距離(1400-1600)・良・中枠(3-6)で父「オルフェーヴル」は基準比リフト1.217
福島,小回り・機動型,芝,短距離(1000-1300),良,中枠(3-6),父,タイキシャトル,74,4,17,0.0541,0.2297,86.9,0.0,8.04,0.1887,0.041,1.217,C,福島芝短距離(1000-1300)・良・中枠(3-6)で父「タイキシャトル」は基準比リフト1.217
小倉,小回り・機動型,芝,中距離(1700-2000),良,中枠(3-6),父,ヴィクトワールピサ,63,4,17,0.0635,0.2698,26.8,0.0,6.67,0.2218,0.048,1.216,C,小倉芝中距離(1700-2000)・良・中枠(3-6)で父「ヴィクトワールピサ」は基準比リフト1.216
京都,平坦・スピード型,芝,短距離(1000-1300),良,外枠(7-8),父,ダイワメジャー,52,3,11,0.0577,0.2115,36.7,0.0,7.81,0.1739,0.0376,1.216,C,京都芝短距離(1000-1300)・良・外枠(7-8)で父「ダイワメジャー」は基準比リフト1.216
中京,直線長め・持続型,芝,中長距離(2100-2400),良,中枠(3-6),父,ディープインパクト,75,13,21,0.1733,0.28,125.7,0.0,5.72,0.2304,0.0496,1.215,C,中京芝中長距離(2100-2400)・良・中枠(3-6)で父「ディープインパクト」は基準比リフト1.215
阪神,坂あり・パワー型,ダ,中距離(1700-2000),良,内枠(1-2),父,ルーラーシップ,56,4,14,0.0714,0.25,168.8,0.0,6.82,0.206,0.044,1.214,C,阪神ダ中距離(1700-2000)・良・内枠(1-2)で父「ルーラーシップ」は基準比リフト1.214
中山,坂あり・パワー型,ダ,中距離(1700-2000),良,中枠(3-6),父,サウスヴィグラス,58,4,14,0.069,0.2414,62.8,0.0,9.07,0.199,0.0424,1.213,C,中山ダ中距離(1700-2000)・良・中枠(3-6)で父「サウスヴィグラス」は基準比リフト1.213
阪神,坂あり・パワー型,芝,短中距離(1400-1600),稍,中枠(3-6),父,キングカメハメハ,52,5,13,0.0962,0.25,70.6,0.0,6.9,0.2062,0.0438,1.212,C,阪神芝短中距離(1400-1600)・稍・中枠(3-6)で父「キングカメハメハ」は基準比リフト1.212
京都,平坦・スピード型,ダ,短中距離(1400-1600),良,中枠(3-6),父,プリサイスエンド,66,6,16,0.0909,0.2424,186.8,0.0,8.53,0.2,0.0424,1.212,C,京都ダ短中距離(1400-1600)・良・中枠(3-6)で父「プリサイスエンド」は基準比リフト1.212
京都,平坦・スピード型,ダ,短中距離(1400-1600),良,外枠(7-8),父,シンボリクリスエス,51,4,12,0.0784,0.2353,284.7,0.0,9.12,0.1942,0.0411,1.212,C,京都ダ短中距離(1400-1600)・良・外枠(7-8)で父「シンボリクリスエス」は基準比リフト1.212
東京,直線長め・持続型,ダ,短中距離(1400-1600),良,内枠(1-2),父,エンパイアメーカー,64,3,13,0.0469,0.2031,80.2,0.0,8.56,0.1677,0.0354,1.211,C,東京ダ短中距離(1400-1600)・良・内枠(1-2)で父「エンパイアメーカー」は基準比リフト1.211
京都,平坦・スピード型,芝,中長距離(2100-2400),良,中枠(3-6),父,ジャングルポケット,60,7,17,0.1167,0.2833,164.0,0.0,6.45,0.2341,0.0492,1.21,C,京都芝中長距離(2100-2400)・良・中枠(3-6)で父「ジャングルポケット」は基準比リフト1.21
中京,直線長め・持続型,ダ,中距離(1700-2000),良,中枠(3-6),父,ホッコータルマエ,53,7,14,0.1321,0.2642,85.7,0.0,7.11,0.2184,0.0458,1.21,C,中京ダ中距離(1700-2000)・良・中枠(3-6)で父「ホッコータルマエ」は基準比リフト1.21
新潟,直線長め・平坦型,芝,短中距離(1400-1600),良,中枠(3-6),父,ゼンノロブロイ,68,3,16,0.0441,0.2353,20.4,0.0,7.69,0.1947,0.0406,1.209,C,新潟芝短中距離(1400-1600)・良・中枠(3-6)で父「ゼンノロブロイ」は基準比リフト1.209
東京,直線長め・持続型,ダ,短中距離(1400-1600),良,内枠(1-2),父,キンシャサノキセキ,79,8,16,0.1013,0.2025,125.3,0.0,7.3,0.1677,0.0348,1.208,C,東京ダ短中距離(1400-1600)・良・内枠(1-2)で父「キンシャサノキセキ」は基準比リフト1.208
京都,平坦・スピード型,芝,中距離(1700-2000),良,中枠(3-6),父,ヴィクトワールピサ,54,4,16,0.0741,0.2963,64.8,0.0,6.5,0.2454,0.0509,1.207,C,京都芝中距離(1700-2000)・良・中枠(3-6)で父「ヴィクトワールピサ」は基準比リフト1.207
中山,坂あり・パワー型,芝,中長距離(2100-2400),良,外枠(7-8),父,ステイゴールド,62,4,16,0.0645,0.2581,53.2,0.0,7.27,0.2138,0.0443,1.207,C,中山芝中長距離(2100-2400)・良・外枠(7-8)で父「ステイゴールド」は基準比リフト1.207
東京,直線長め・持続型,芝,中距離(1700-2000),良,中枠(3-6),父,フジキセキ,63,7,18,0.1111,0.2857,32.9,0.0,5.79,0.237,0.0487,1.205,C,東京芝中距離(1700-2000)・良・中枠(3-6)で父「フジキセキ」は基準比リフト1.205
中山,坂あり・パワー型,芝,中距離(1700-2000),良,外枠(7-8),父,オルフェーヴル,60,6,15,0.1,0.25,216.7,0.0,7.92,0.2074,0.0426,1.205,C,中山芝中距離(1700-2000)・良・外枠(7-8)で父「オルフェーヴル」は基準比リフト1.205
京都,平坦・スピード型,ダ,短中距離(1400-1600),良,内枠(1-2),父,ダイワメジャー,60,6,15,0.1,0.25,51.0,0.0,6.82,0.2074,0.0426,1.205,C,京都ダ短中距離(1400-1600)・良・内枠(1-2)で父「ダイワメジャー」は基準比リフト1.205
東京,直線長め・持続型,芝,短中距離(1400-1600),良,内枠(1-2),父,ステイゴールド,73,8,18,0.1096,0.2466,164.5,0.0,7.42,0.2047,0.0419,1.205,C,東京芝短中距離(1400-1600)・良・内枠(1-2)で父「ステイゴールド」は基準比リフト1.205
函館,小回り・持続型,芝,中距離(1700-2000),良,内枠(1-2),父,ディープインパクト,53,4,18,0.0755,0.3396,26.0,0.0,5.04,0.2826,0.057,1.202,C,函館芝中距離(1700-2000)・良・内枠(1-2)で父「ディープインパクト」は基準比リフト1.202
東京,直線長め・持続型,芝,短中距離(1400-1600),稍,中枠(3-6),父,ダイワメジャー,64,11,15,0.1719,0.2344,107.0,0.0,6.2,0.195,0.0394,1.202,C,東京芝短中距離(1400-1600)・稍・中枠(3-6)で父「ダイワメジャー」は基準比リフト1.202
東京,直線長め・持続型,ダ,短中距離(1400-1600),良,外枠(7-8),父,アグネスタキオン,50,4,13,0.08,0.26,183.4,0.0,6.98,0.2165,0.0435,1.201,C,東京ダ短中距離(1400-1600)・良・外枠(7-8)で父「アグネスタキオン」は基準比リフト1.201
中山,坂あり・パワー型,ダ,中距離(1700-2000),良,中枠(3-6),父,ホッコータルマエ,67,9,16,0.1343,0.2388,82.7,0.0,6.6,0.199,0.0398,1.2,C,中山ダ中距離(1700-2000)・良・中枠(3-6)で父「ホッコータルマエ」は基準比リフト1.2
福島,小回り・機動型,ダ,短距離(1000-1300),良,中枠(3-6),父,ゴールドアリュール,62,7,14,0.1129,0.2258,78.7,0.0,7.81,0.1882,0.0376,1.2,C,福島ダ短距離(1000-1300)・良・中枠(3-6)で父「ゴールドアリュール」は基準比リフト1.2
福島,小回り・機動型,芝,中距離(1700-2000),良,中枠(3-6),父,メイショウサムソン,61,7,16,0.1148,0.2623,87.4,0.0,7.41,0.2188,0.0435,1.199,C,福島芝中距離(1700-2000)・良・中枠(3-6)で父「メイショウサムソン」は基準比リフト1.199
京都,平坦・スピード型,ダ,中距離(1700-2000),良,中枠(3-6),父,ワイルドラッシュ,65,8,17,0.1231,0.2615,142.9,0.0,7.38,0.2181,0.0434,1.199,C,京都ダ中距離(1700-2000)・良・中枠(3-6)で父「ワイルドラッシュ」は基準比リフト1.199
阪神,坂あり・パワー型,芝,中距離(1700-2000),良,内枠(1-2),父,ネオユニヴァース,60,7,18,0.1167,0.3,39.0,0.0,6.68,0.2505,0.0495,1.198,C,阪神芝中距離(1700-2000)・良・内枠(1-2)で父「ネオユニヴァース」は基準比リフト1.198
小倉,小回り・機動型,芝,中距離(1700-2000),良,内枠(1-2),父,ジャングルポケット,60,7,16,0.1167,0.2667,29.3,0.0,6.55,0.2226,0.0441,1.198,C,小倉芝中距離(1700-2000)・良・内枠(1-2)で父「ジャングルポケット」は基準比リフト1.198
新潟,直線長め・平坦型,芝,中距離(1700-2000),良,中枠(3-6),父,ロードカナロア,50,7,13,0.14,0.26,87.2,0.0,5.94,0.2171,0.0429,1.198,C,新潟芝中距離(1700-2000)・良・中枠(3-6)で父「ロードカナロア」は基準比リフト1.198
新潟,直線長め・平坦型,芝,短距離(1000-1300),良,中枠(3-6),父,アドマイヤムーン,78,2,16,0.0256,0.2051,6.3,0.0,7.42,0.1712,0.0339,1.198,C,新潟芝短距離(1000-1300)・良・中枠(3-6)で父「アドマイヤムーン」は基準比リフト1.198
新潟,直線長め・平坦型,ダ,中距離(1700-2000),良,外枠(7-8),父,ゴールドアリュール,63,8,17,0.127,0.2698,46.3,0.0,6.03,0.226,0.0438,1.194,C,新潟ダ中距離(1700-2000)・良・外枠(7-8)で父「ゴールドアリュール」は基準比リフト1.194
中山,坂あり・パワー型,芝,中距離(1700-2000),良,中枠(3-6),父,キズナ,58,5,15,0.0862,0.2586,33.4,0.0,6.38,0.2165,0.0421,1.194,C,中山芝中距離(1700-2000)・良・中枠(3-6)で父「キズナ」は基準比リフト1.194
阪神,坂あり・パワー型,ダ,中距離(1700-2000),稍,中枠(3-6),父,ゴールドアリュール,72,6,18,0.0833,0.25,44.2,0.0,7.1,0.2095,0.0405,1.193,C,阪神ダ中距離(1700-2000)・稍・中枠(3-6)で父「ゴールドアリュール」は基準比リフト1.193
東京,直線長め・持続型,ダ,短中距離(1400-1600),良,内枠(1-2),父,ケイムホーム,60,7,12,0.1167,0.2,115.3,0.0,8.27,0.1677,0.0323,1.193,C,東京ダ短中距離(1400-1600)・良・内枠(1-2)で父「ケイムホーム」は基準比リフト1.193
阪神,坂あり・パワー型,芝,中距離(1700-2000),良,外枠(7-8),父,ロードカナロア,54,7,15,0.1296,0.2778,71.3,0.0,5.72,0.2332,0.0446,1.191,C,阪神芝中距離(1700-2000)・良・外枠(7-8)で父「ロードカナロア」は基準比リフト1.191
小倉,小回り・機動型,ダ,中距離(1700-2000),稍,中枠(3-6),父,シンボリクリスエス,53,2,13,0.0377,0.2453,10.6,0.0,6.38,0.2059,0.0394,1.191,C,小倉ダ中距離(1700-2000)・稍・中枠(3-6)で父「シンボリクリスエス」は基準比リフト1.191
小倉,小回り・機動型,芝,中距離(1700-2000),良,中枠(3-6),父,キズナ,72,8,19,0.1111,0.2639,43.6,0.0,5.61,0.2218,0.0421,1.19,C,小倉芝中距離(1700-2000)・良・中枠(3-6)で父「キズナ」は基準比リフト1.19
阪神,坂あり・パワー型,芝,短中距離(1400-1600),稍,中枠(3-6),父,ロードカナロア,53,5,13,0.0943,0.2453,68.5,0.0,7.47,0.2062,0.0391,1.19,C,阪神芝短中距離(1400-1600)・稍・中枠(3-6)で父「ロードカナロア」は基準比リフト1.19
新潟,直線長め・平坦型,ダ,短距離(1000-1300),良,中枠(3-6),父,ロードカナロア,58,5,14,0.0862,0.2414,45.3,0.0,6.05,0.2029,0.0385,1.19,C,新潟ダ短距離(1000-1300)・良・中枠(3-6)で父「ロードカナロア」は基準比リフト1.19
函館,小回り・持続型,ダ,短距離(1000-1300),良,中枠(3-6),父,サウスヴィグラス,75,10,23,0.1333,0.3067,88.4,0.0,5.61,0.2579,0.0488,1.189,C,函館ダ短距離(1000-1300)・良・中枠(3-6)で父「サウスヴィグラス」は基準比リフト1.189
中京,直線長め・持続型,芝,中長距離(2100-2400),良,外枠(7-8),父,ハーツクライ,51,3,14,0.0588,0.2745,17.1,0.0,6.71,0.2308,0.0437,1.189,C,中京芝中長距離(2100-2400)・良・外枠(7-8)で父「ハーツクライ」は基準比リフト1.189
京都,平坦・スピード型,芝,中長距離(2100-2400),良,外枠(7-8),父,ステイゴールド,71,6,19,0.0845,0.2676,146.6,0.0,6.99,0.225,0.0426,1.189,C,京都芝中長距離(2100-2400)・良・外枠(7-8)で父「ステイゴールド」は基準比リフト1.189
東京,直線長め・持続型,芝,短中距離(1400-1600),良,内枠(1-2),父,ジャングルポケット,74,6,18,0.0811,0.2432,52.6,0.0,8.61,0.2047,0.0385,1.188,C,東京芝短中距離(1400-1600)・良・内枠(1-2)で父「ジャングルポケット」は基準比リフト1.188
福島,小回り・機動型,芝,短距離(1000-1300),良,中枠(3-6),父,アドマイヤマックス,58,5,13,0.0862,0.2241,108.1,0.0,7.1,0.1887,0.0354,1.188,C,福島芝短距離(1000-1300)・良・中枠(3-6)で父「アドマイヤマックス」は基準比リフト1.188
阪神,坂あり・パワー型,芝,中距離(1700-2000),稍,中枠(3-6),父,ハービンジャー,54,5,15,0.0926,0.2778,48.7,0.0,6.04,0.2342,0.0436,1.186,C,阪神芝中距離(1700-2000)・稍・中枠(3-6)で父「ハービンジャー」は基準比リフト1.186
函館,小回り・持続型,芝,短距離(1000-1300),良,中枠(3-6),父,キンシャサノキセキ,76,8,21,0.1053,0.2763,29.2,0.0,5.64,0.2329,0.0434,1.186,C,函館芝短距離(1000-1300)・良・中枠(3-6)で父「キンシャサノキセキ」は基準比リフト1.186
新潟,直線長め・平坦型,芝,中距離(1700-2000),良,内枠(1-2),父,キングカメハメハ,72,5,16,0.0694,0.2222,44.9,0.0,6.96,0.1874,0.0348,1.186,C,新潟芝中距離(1700-2000)・良・内枠(1-2)で父「キングカメハメハ」は基準比リフト1.186
中京,直線長め・持続型,ダ,中距離(1700-2000),良,中枠(3-6),父,ロードカナロア,58,4,15,0.069,0.2586,51.0,0.0,7.48,0.2184,0.0402,1.184,C,中京ダ中距離(1700-2000)・良・中枠(3-6)で父「ロードカナロア」は基準比リフト1.184
福島,小回り・機動型,ダ,中距離(1700-2000),良,外枠(7-8),父,ゴールドアリュール,62,3,16,0.0484,0.2581,98.9,0.0,7.37,0.2183,0.0398,1.182,C,福島ダ中距離(1700-2000)・良・外枠(7-8)で父「ゴールドアリュール」は基準比リフト1.182
東京,直線長め・持続型,ダ,短中距離(1400-1600),良,中枠(3-6),父,ディスクリートキャット,72,6,17,0.0833,0.2361,65.7,0.0,7.4,0.1997,0.0364,1.182,C,東京ダ短中距離(1400-1600)・良・中枠(3-6)で父「ディスクリートキャット」は基準比リフト1.182
小倉,小回り・機動型,ダ,短距離(1000-1300),良,中枠(3-6),父,ゴールドアリュール,57,2,15,0.0351,0.2632,15.6,0.0,6.51,0.2229,0.0403,1.181,C,小倉ダ短距離(1000-1300)・良・中枠(3-6)で父「ゴールドアリュール」は基準比リフト1.181
東京,直線長め・持続型,芝,中距離(1700-2000),稍,中枠(3-6),父,ステイゴールド,50,3,14,0.06,0.28,106.0,0.0,7.4,0.2372,0.0428,1.18,C,東京芝中距離(1700-2000)・稍・中枠(3-6)で父「ステイゴールド」は基準比リフト1.18
新潟,直線長め・平坦型,ダ,中距離(1700-2000),良,外枠(7-8),父,クロフネ,75,10,20,0.1333,0.2667,101.9,0.0,6.79,0.226,0.0407,1.18,C,新潟ダ中距離(1700-2000)・良・外枠(7-8)で父「クロフネ」は基準比リフト1.18
福島,小回り・機動型,芝,中距離(1700-2000),良,中枠(3-6),父,ダンスインザダーク,62,5,16,0.0806,0.2581,174.5,0.0,7.35,0.2188,0.0393,1.18,C,福島芝中距離(1700-2000)・良・中枠(3-6)で父「ダンスインザダーク」は基準比リフト1.18
中京,直線長め・持続型,ダ,中距離(1700-2000),良,外枠(7-8),父,シンボリクリスエス,65,6,16,0.0923,0.2462,312.8,0.0,7.29,0.2087,0.0375,1.18,C,中京ダ中距離(1700-2000)・良・外枠(7-8)で父「シンボリクリスエス」は基準比リフト1.18
京都,平坦・スピード型,ダ,中距離(1700-2000),良,内枠(1-2),父,マンハッタンカフェ,55,3,15,0.0545,0.2727,51.5,0.0,6.93,0.2314,0.0413,1.178,C,京都ダ中距離(1700-2000)・良・内枠(1-2)で父「マンハッタンカフェ」は基準比リフト1.178
福島,小回り・機動型,芝,短距離(1000-1300),良,中枠(3-6),父,ハーツクライ,54,4,12,0.0741,0.2222,48.0,0.0,7.17,0.1887,0.0335,1.178,C,福島芝短距離(1000-1300)・良・中枠(3-6)で父「ハーツクライ」は基準比リフト1.178
阪神,坂あり・パワー型,芝,短中距離(1400-1600),良,外枠(7-8),父,キンシャサノキセキ,58,1,13,0.0172,0.2241,7.2,0.0,8.9,0.1907,0.0334,1.175,C,阪神芝短中距離(1400-1600)・良・外枠(7-8)で父「キンシャサノキセキ」は基準比リフト1.175
小倉,小回り・機動型,芝,長距離(2500以上),良,中枠(3-6),父,キングカメハメハ,50,5,15,0.1,0.3,63.4,0.0,5.96,0.2556,0.0444,1.174,C,小倉芝長距離(2500以上)・良・中枠(3-6)で父「キングカメハメハ」は基準比リフト1.174
京都,平坦・スピード型,芝,中距離(1700-2000),良,内枠(1-2),父,シンボリクリスエス,57,3,16,0.0526,0.2807,59.5,0.0,6.6,0.239,0.0417,1.174,C,京都芝中距離(1700-2000)・良・内枠(1-2)で父「シンボリクリスエス」は基準比リフト1.174
福島,小回り・機動型,芝,中距離(1700-2000),良,中枠(3-6),父,ゴールドシップ,74,8,19,0.1081,0.2568,47.8,0.0,7.23,0.2188,0.038,1.174,C,福島芝中距離(1700-2000)・良・中枠(3-6)で父「ゴールドシップ」は基準比リフト1.174
東京,直線長め・持続型,芝,短中距離(1400-1600),良,外枠(7-8),父,クロフネ,73,7,17,0.0959,0.2329,73.7,0.0,7.79,0.1988,0.0341,1.172,C,東京芝短中距離(1400-1600)・良・外枠(7-8)で父「クロフネ」は基準比リフト1.172
新潟,直線長め・平坦型,芝,短中距離(1400-1600),良,中枠(3-6),父,ルーラーシップ,57,3,13,0.0526,0.2281,33.9,0.0,6.67,0.1947,0.0334,1.172,C,新潟芝短中距離(1400-1600)・良・中枠(3-6)で父「ルーラーシップ」は基準比リフト1.172
中山,坂あり・パワー型,芝,短距離(1000-1300),良,中枠(3-6),父,ロードカナロア,68,2,16,0.0294,0.2353,11.5,0.0,6.4,0.2011,0.0342,1.17,C,中山芝短距離(1000-1300)・良・中枠(3-6)で父「ロードカナロア」は基準比リフト1.17
中山,坂あり・パワー型,ダ,中距離(1700-2000),良,外枠(7-8),父,ブライアンズタイム,54,5,14,0.0926,0.2593,78.5,0.0,7.39,0.2226,0.0367,1.165,C,中山ダ中距離(1700-2000)・良・外枠(7-8)で父「ブライアンズタイム」は基準比リフト1.165
福島,小回り・機動型,芝,中距離(1700-2000),良,中枠(3-6),父,エピファネイア,51,5,13,0.098,0.2549,46.1,0.0,7.12,0.2188,0.0361,1.165,C,福島芝中距離(1700-2000)・良・中枠(3-6)で父「エピファネイア」は基準比リフト1.165
中京,直線長め・持続型,芝,短距離(1000-1300),良,中枠(3-6),父,ダイワメジャー,74,5,17,0.0676,0.2297,42.4,0.0,7.28,0.1973,0.0324,1.164,C,中京芝短距離(1000-1300)・良・中枠(3-6)で父「ダイワメジャー」は基準比リフト1.164
中京,直線長め・持続型,芝,中距離(1700-2000),良,外枠(7-8),父,キングカメハメハ,70,5,16,0.0714,0.2286,47.3,0.0,7.17,0.1964,0.0322,1.164,C,中京芝中距離(1700-2000)・良・外枠(7-8)で父「キングカメハメハ」は基準比リフト1.164
小倉,小回り・機動型,芝,短距離(1000-1300),良,中枠(3-6),父,フジキセキ,75,7,17,0.0933,0.2267,39.9,0.0,6.43,0.1949,0.0318,1.163,C,小倉芝短距離(1000-1300)・良・中枠(3-6)で父「フジキセキ」は基準比リフト1.163
函館,小回り・持続型,芝,中距離(1700-2000),良,中枠(3-6),父,マンハッタンカフェ,79,8,22,0.1013,0.2785,93.9,0.0,6.59,0.2397,0.0388,1.162,C,函館芝中距離(1700-2000)・良・中枠(3-6)で父「マンハッタンカフェ」は基準比リフト1.162
小倉,小回り・機動型,ダ,中距離(1700-2000),良,内枠(1-2),父,キングカメハメハ,65,4,16,0.0615,0.2462,60.2,0.0,7.03,0.2118,0.0344,1.162,C,小倉ダ中距離(1700-2000)・良・内枠(1-2)で父「キングカメハメハ」は基準比リフト1.162
京都,平坦・スピード型,ダ,中距離(1700-2000),良,外枠(7-8),父,ゼンノロブロイ,75,4,18,0.0533,0.24,56.0,0.0,6.77,0.2066,0.0334,1.162,C,京都ダ中距離(1700-2000)・良・外枠(7-8)で父「ゼンノロブロイ」は基準比リフト1.162
東京,直線長め・持続型,ダ,短中距離(1400-1600),稍,内枠(1-2),父,ゴールドアリュール,59,4,12,0.0678,0.2034,52.0,0.0,7.83,0.1751,0.0283,1.162,C,東京ダ短中距離(1400-1600)・稍・内枠(1-2)で父「ゴールドアリュール」は基準比リフト1.162
東京,直線長め・持続型,ダ,短中距離(1400-1600),良,中枠(3-6),父,アフリート,69,5,16,0.0725,0.2319,42.6,0.0,8.55,0.1997,0.0322,1.161,C,東京ダ短中距離(1400-1600)・良・中枠(3-6)で父「アフリート」は基準比リフト1.161
京都,平坦・スピード型,ダ,短距離(1000-1300),良,外枠(7-8),父,ゴールドアリュール,76,8,18,0.1053,0.2368,67.1,0.0,8.36,0.2043,0.0325,1.159,C,京都ダ短距離(1000-1300)・良・外枠(7-8)で父「ゴールドアリュール」は基準比リフト1.159
阪神,坂あり・パワー型,ダ,短中距離(1400-1600),稍,中枠(3-6),父,ゴールドアリュール,57,5,13,0.0877,0.2281,44.2,0.0,7.14,0.1968,0.0313,1.159,C,阪神ダ短中距離(1400-1600)・稍・中枠(3-6)で父「ゴールドアリュール」は基準比リフト1.159
中山,坂あり・パワー型,芝,中距離(1700-2000),良,外枠(7-8),父,マンハッタンカフェ,75,3,18,0.04,0.24,15.1,0.0,6.87,0.2074,0.0326,1.157,C,中山芝中距離(1700-2000)・良・外枠(7-8)で父「マンハッタンカフェ」は基準比リフト1.157
東京,直線長め・持続型,ダ,短中距離(1400-1600),良,内枠(1-2),父,ロードカナロア,67,6,13,0.0896,0.194,78.2,0.0,6.88,0.1677,0.0263,1.157,C,東京ダ短中距離(1400-1600)・良・内枠(1-2)で父「ロードカナロア」は基準比リフト1.157
福島,小回り・機動型,ダ,短距離(1000-1300),良,外枠(7-8),父,サウスヴィグラス,74,4,18,0.0541,0.2432,55.1,0.0,7.76,0.2103,0.0329,1.156,C,福島ダ短距離(1000-1300)・良・外枠(7-8)で父「サウスヴィグラス」は基準比リフト1.156
阪神,坂あり・パワー型,ダ,短中距離(1400-1600),良,内枠(1-2),父,ヘニーヒューズ,56,5,11,0.0893,0.1964,43.6,0.0,7.09,0.1701,0.0263,1.155,C,阪神ダ短中距離(1400-1600)・良・内枠(1-2)で父「ヘニーヒューズ」は基準比リフト1.155
中山,坂あり・パワー型,芝,中距離(1700-2000),良,外枠(7-8),父,ダイワメジャー,71,3,17,0.0423,0.2394,36.5,0.0,7.31,0.2074,0.032,1.154,C,中山芝中距離(1700-2000)・良・外枠(7-8)で父「ダイワメジャー」は基準比リフト1.154
中山,坂あり・パワー型,ダ,短距離(1000-1300),良,外枠(7-8),父,パイロ,64,5,15,0.0781,0.2344,27.0,0.0,7.61,0.2034,0.031,1.152,C,中山ダ短距離(1000-1300)・良・外枠(7-8)で父「パイロ」は基準比リフト1.152
東京,直線長め・持続型,芝,中距離(1700-2000),良,中枠(3-6),父,ジャスタウェイ,55,6,15,0.1091,0.2727,61.3,0.0,6.49,0.237,0.0357,1.151,C,東京芝中距離(1700-2000)・良・中枠(3-6)で父「ジャスタウェイ」は基準比リフト1.151
東京,直線長め・持続型,ダ,短中距離(1400-1600),良,中枠(3-6),父,リオンディーズ,61,5,14,0.082,0.2295,87.2,0.0,7.54,0.1997,0.0298,1.149,C,東京ダ短中距離(1400-1600)・良・中枠(3-6)で父「リオンディーズ」は基準比リフト1.149
京都,平坦・スピード型,芝,中長距離(2100-2400),良,外枠(7-8),父,キングカメハメハ,62,6,16,0.0968,0.2581,205.8,0.0,6.58,0.225,0.0331,1.147,C,京都芝中長距離(2100-2400)・良・外枠(7-8)で父「キングカメハメハ」は基準比リフト1.147
阪神,坂あり・パワー型,芝,短中距離(1400-1600),良,外枠(7-8),父,ハービンジャー,64,4,14,0.0625,0.2188,49.7,0.0,8.0,0.1907,0.0281,1.147,C,阪神芝短中距離(1400-1600)・良・外枠(7-8)で父「ハービンジャー」は基準比リフト1.147
福島,小回り・機動型,芝,中距離(1700-2000),良,外枠(7-8),父,シンボリクリスエス,65,7,14,0.1077,0.2154,119.1,0.0,8.12,0.1878,0.0276,1.147,C,福島芝中距離(1700-2000)・良・外枠(7-8)で父「シンボリクリスエス」は基準比リフト1.147
京都,平坦・スピード型,ダ,中距離(1700-2000),良,中枠(3-6),父,ステイゴールド,72,7,18,0.0972,0.25,90.7,0.0,7.81,0.2181,0.0319,1.146,C,京都ダ中距離(1700-2000)・良・中枠(3-6)で父「ステイゴールド」は基準比リフト1.146
京都,平坦・スピード型,芝,短中距離(1400-1600),良,内枠(1-2),父,ロードカナロア,72,6,18,0.0833,0.25,83.9,0.0,5.97,0.2185,0.0315,1.144,C,京都芝短中距離(1400-1600)・良・内枠(1-2)で父「ロードカナロア」は基準比リフト1.144
中山,坂あり・パワー型,ダ,短距離(1000-1300),良,中枠(3-6),父,タイムパラドックス,59,2,13,0.0339,0.2203,106.9,0.0,8.42,0.1927,0.0276,1.143,C,中山ダ短距離(1000-1300)・良・中枠(3-6)で父「タイムパラドックス」は基準比リフト1.143
札幌,小回り・持続型,芝,中距離(1700-2000),良,内枠(1-2),父,キングカメハメハ,57,6,18,0.1053,0.3158,251.1,0.0,5.56,0.2768,0.039,1.141,C,札幌芝中距離(1700-2000)・良・内枠(1-2)で父「キングカメハメハ」は基準比リフト1.141
阪神,坂あり・パワー型,芝,短距離(1000-1300),良,中枠(3-6),父,ディープインパクト,51,4,13,0.0784,0.2549,74.9,0.0,6.67,0.2234,0.0315,1.141,C,阪神芝短距離(1000-1300)・良・中枠(3-6)で父「ディープインパクト」は基準比リフト1.141
京都,平坦・スピード型,芝,中長距離(2100-2400),良,外枠(7-8),父,ハーツクライ,78,6,20,0.0769,0.2564,35.0,0.0,5.73,0.225,0.0314,1.14,C,京都芝中長距離(2100-2400)・良・外枠(7-8)で父「ハーツクライ」は基準比リフト1.14
東京,直線長め・持続型,芝,中距離(1700-2000),良,外枠(7-8),父,ヴィクトワールピサ,57,4,14,0.0702,0.2456,187.7,0.0,7.14,0.2154,0.0302,1.14,C,東京芝中距離(1700-2000)・良・外枠(7-8)で父「ヴィクトワールピサ」は基準比リフト1.14
小倉,小回り・機動型,芝,長距離(2500以上),良,外枠(7-8),父,ディープインパクト,56,7,15,0.125,0.2679,120.7,0.0,5.57,0.2352,0.0327,1.139,C,小倉芝長距離(2500以上)・良・外枠(7-8)で父「ディープインパクト」は基準比リフト1.139
新潟,直線長め・平坦型,芝,中距離(1700-2000),良,外枠(7-8),父,スペシャルウィーク,50,5,12,0.1,0.24,261.2,0.0,7.38,0.2107,0.0293,1.139,C,新潟芝中距離(1700-2000)・良・外枠(7-8)で父「スペシャルウィーク」は基準比リフト1.139
東京,直線長め・持続型,ダ,短中距離(1400-1600),稍,中枠(3-6),父,ハーツクライ,51,1,11,0.0196,0.2157,11.2,0.0,7.27,0.1894,0.0263,1.139,C,東京ダ短中距離(1400-1600)・稍・中枠(3-6)で父「ハーツクライ」は基準比リフト1.139
京都,平坦・スピード型,ダ,短距離(1000-1300),良,内枠(1-2),父,クロフネ,54,7,13,0.1296,0.2407,69.4,0.0,6.57,0.2115,0.0292,1.138,C,京都ダ短距離(1000-1300)・良・内枠(1-2)で父「クロフネ」は基準比リフト1.138
新潟,直線長め・平坦型,ダ,短距離(1000-1300),良,中枠(3-6),父,スウェプトオーヴァーボード,78,6,18,0.0769,0.2308,61.4,0.0,8.21,0.2029,0.0279,1.138,C,新潟ダ短距離(1000-1300)・良・中枠(3-6)で父「スウェプトオーヴァーボード」は基準比リフト1.138
東京,直線長め・持続型,芝,短中距離(1400-1600),良,中枠(3-6),父,ダンスインザダーク,78,6,18,0.0769,0.2308,44.5,0.0,8.21,0.2028,0.028,1.138,C,東京芝短中距離(1400-1600)・良・中枠(3-6)で父「ダンスインザダーク」は基準比リフト1.138
東京,直線長め・持続型,ダ,短中距離(1400-1600),稍,中枠(3-6),父,ダイワメジャー,65,3,14,0.0462,0.2154,106.6,0.0,7.52,0.1894,0.026,1.137,C,東京ダ短中距離(1400-1600)・稍・中枠(3-6)で父「ダイワメジャー」は基準比リフト1.137
中山,坂あり・パワー型,芝,短中距離(1400-1600),良,外枠(7-8),父,ロードカナロア,56,5,12,0.0893,0.2143,46.8,0.0,5.23,0.1887,0.0256,1.136,C,中山芝短中距離(1400-1600)・良・外枠(7-8)で父「ロードカナロア」は基準比リフト1.136
新潟,直線長め・平坦型,ダ,短距離(1000-1300),良,外枠(7-8),父,ゴールドアリュール,58,7,15,0.1207,0.2586,84.5,0.0,6.72,0.2279,0.0307,1.135,C,新潟ダ短距離(1000-1300)・良・外枠(7-8)で父「ゴールドアリュール」は基準比リフト1.135
新潟,直線長め・平坦型,芝,中距離(1700-2000),良,中枠(3-6),父,アグネスタキオン,65,6,16,0.0923,0.2462,57.7,0.0,6.58,0.2171,0.0291,1.134,C,新潟芝中距離(1700-2000)・良・中枠(3-6)で父「アグネスタキオン」は基準比リフト1.134
東京,直線長め・持続型,芝,短中距離(1400-1600),良,内枠(1-2),父,ルーラーシップ,69,7,16,0.1014,0.2319,78.4,0.0,7.22,0.2047,0.0272,1.133,C,東京芝短中距離(1400-1600)・良・内枠(1-2)で父「ルーラーシップ」は基準比リフト1.133
中山,坂あり・パワー型,芝,短中距離(1400-1600),良,中枠(3-6),父,ヴィクトワールピサ,57,4,13,0.0702,0.2281,70.2,0.0,7.21,0.2014,0.0267,1.133,C,中山芝短中距離(1400-1600)・良・中枠(3-6)で父「ヴィクトワールピサ」は基準比リフト1.133
福島,小回り・機動型,芝,長距離(2500以上),良,中枠(3-6),父,シンボリクリスエス,62,5,17,0.0806,0.2742,46.0,0.0,7.23,0.2423,0.0319,1.132,C,福島芝長距離(2500以上)・良・中枠(3-6)で父「シンボリクリスエス」は基準比リフト1.132
小倉,小回り・機動型,芝,中距離(1700-2000),良,外枠(7-8),父,ネオユニヴァース,69,7,16,0.1014,0.2319,35.7,0.0,7.29,0.2048,0.0271,1.132,C,小倉芝中距離(1700-2000)・良・外枠(7-8)で父「ネオユニヴァース」は基準比リフト1.132
阪神,坂あり・パワー型,ダ,中距離(1700-2000),稍,外枠(7-8),父,シンボリクリスエス,51,5,14,0.098,0.2745,82.7,0.0,6.16,0.2427,0.0318,1.131,C,阪神ダ中距離(1700-2000)・稍・外枠(7-8)で父「シンボリクリスエス」は基準比リフト1.131
東京,直線長め・持続型,ダ,短中距離(1400-1600),良,内枠(1-2),父,ブラックタイド,58,6,11,0.1034,0.1897,64.7,0.0,8.66,0.1677,0.022,1.131,C,東京ダ短中距離(1400-1600)・良・内枠(1-2)で父「ブラックタイド」は基準比リフト1.131
中京,直線長め・持続型,ダ,中距離(1700-2000),良,内枠(1-2),父,ハーツクライ,59,6,15,0.1017,0.2542,78.3,0.0,6.22,0.225,0.0292,1.13,C,中京ダ中距離(1700-2000)・良・内枠(1-2)で父「ハーツクライ」は基準比リフト1.13
小倉,小回り・機動型,芝,短距離(1000-1300),良,中枠(3-6),父,マイネルラヴ,50,6,11,0.12,0.22,131.2,0.0,8.86,0.1949,0.0251,1.129,C,小倉芝短距離(1000-1300)・良・中枠(3-6)で父「マイネルラヴ」は基準比リフト1.129
福島,小回り・機動型,ダ,中距離(1700-2000),良,中枠(3-6),父,ルーラーシップ,62,5,14,0.0806,0.2258,236.0,0.0,7.56,0.2003,0.0255,1.127,C,福島ダ中距離(1700-2000)・良・中枠(3-6)で父「ルーラーシップ」は基準比リフト1.127
東京,直線長め・持続型,芝,中長距離(2100-2400),良,中枠(3-6),父,ゼンノロブロイ,55,5,14,0.0909,0.2545,128.7,0.0,7.65,0.226,0.0285,1.126,C,東京芝中長距離(2100-2400)・良・中枠(3-6)で父「ゼンノロブロイ」は基準比リフト1.126
中山,坂あり・パワー型,ダ,短距離(1000-1300),良,中枠(3-6),父,ワイルドラッシュ,60,6,13,0.1,0.2167,37.5,0.0,7.87,0.1927,0.024,1.125,C,中山ダ短距離(1000-1300)・良・中枠(3-6)で父「ワイルドラッシュ」は基準比リフト1.125
中山,坂あり・パワー型,芝,中距離(1700-2000),稍,中枠(3-6),父,ハーツクライ,68,8,17,0.1176,0.25,147.5,0.0,6.07,0.2225,0.0275,1.124,C,中山芝中距離(1700-2000)・稍・中枠(3-6)で父「ハーツクライ」は基準比リフト1.124
中山,坂あり・パワー型,ダ,中距離(1700-2000),良,中枠(3-6),父,スペシャルウィーク,76,6,17,0.0789,0.2237,33.0,0.0,7.13,0.199,0.0247,1.124,C,中山ダ中距離(1700-2000)・良・中枠(3-6)で父「スペシャルウィーク」は基準比リフト1.124
福島,小回り・機動型,芝,中距離(1700-2000),良,中枠(3-6),父,スクリーンヒーロー,57,5,14,0.0877,0.2456,36.7,0.0,7.37,0.2188,0.0268,1.122,C,福島芝中距離(1700-2000)・良・中枠(3-6)で父「スクリーンヒーロー」は基準比リフト1.122
東京,直線長め・持続型,ダ,短中距離(1400-1600),良,外枠(7-8),父,フレンチデピュティ,70,5,17,0.0714,0.2429,39.3,0.0,7.21,0.2165,0.0264,1.122,C,東京ダ短中距離(1400-1600)・良・外枠(7-8)で父「フレンチデピュティ」は基準比リフト1.122
京都,平坦・スピード型,ダ,中距離(1700-2000),良,内枠(1-2),父,ロージズインメイ,54,6,14,0.1111,0.2593,821.3,0.0,9.8,0.2314,0.0279,1.121,C,京都ダ中距離(1700-2000)・良・内枠(1-2)で父「ロージズインメイ」は基準比リフト1.121
阪神,坂あり・パワー型,ダ,中距離(1700-2000),良,外枠(7-8),父,ダイワメジャー,57,6,15,0.1053,0.2632,398.6,0.0,6.02,0.2351,0.0281,1.12,C,阪神ダ中距離(1700-2000)・良・外枠(7-8)で父「ダイワメジャー」は基準比リフト1.12
京都,平坦・スピード型,ダ,短中距離(1400-1600),良,中枠(3-6),父,シニスターミニスター,58,3,13,0.0517,0.2241,16.9,0.0,6.93,0.2,0.0241,1.12,C,京都ダ短中距離(1400-1600)・良・中枠(3-6)で父「シニスターミニスター」は基準比リフト1.12
東京,直線長め・持続型,ダ,短中距離(1400-1600),重不良,中枠(3-6),父,クロフネ,69,4,15,0.058,0.2174,193.8,0.0,7.84,0.1943,0.0231,1.119,C,東京ダ短中距離(1400-1600)・重不良・中枠(3-6)で父「クロフネ」は基準比リフト1.119
阪神,坂あり・パワー型,芝,短中距離(1400-1600),良,外枠(7-8),父,ルーラーシップ,75,5,16,0.0667,0.2133,34.9,0.0,7.21,0.1907,0.0226,1.119,C,阪神芝短中距離(1400-1600)・良・外枠(7-8)で父「ルーラーシップ」は基準比リフト1.119
中山,坂あり・パワー型,ダ,短距離(1000-1300),良,中枠(3-6),父,デュランダル,65,6,14,0.0923,0.2154,39.4,0.0,7.85,0.1927,0.0227,1.118,C,中山ダ短距離(1000-1300)・良・中枠(3-6)で父「デュランダル」は基準比リフト1.118
中山,坂あり・パワー型,ダ,短距離(1000-1300),重不良,中枠(3-6),父,サウスヴィグラス,56,3,12,0.0536,0.2143,33.4,0.0,7.39,0.1917,0.0226,1.118,C,中山ダ短距離(1000-1300)・重不良・中枠(3-6)で父「サウスヴィグラス」は基準比リフト1.118
京都,平坦・スピード型,ダ,中距離(1700-2000),稍,中枠(3-6),父,シンボリクリスエス,71,7,18,0.0986,0.2535,58.6,0.0,6.65,0.2269,0.0266,1.117,C,京都ダ中距離(1700-2000)・稍・中枠(3-6)で父「シンボリクリスエス」は基準比リフト1.117
京都,平坦・スピード型,ダ,中距離(1700-2000),重不良,中枠(3-6),父,キングカメハメハ,56,6,14,0.1071,0.25,62.1,0.0,5.95,0.2239,0.0261,1.117,C,京都ダ中距離(1700-2000)・重不良・中枠(3-6)で父「キングカメハメハ」は基準比リフト1.117
京都,平坦・スピード型,ダ,中距離(1700-2000),良,中枠(3-6),父,シニスターミニスター,78,7,19,0.0897,0.2436,52.8,0.0,6.86,0.2181,0.0255,1.117,C,京都ダ中距離(1700-2000)・良・中枠(3-6)で父「シニスターミニスター」は基準比リフト1.117
中山,坂あり・パワー型,ダ,中距離(1700-2000),良,中枠(3-6),父,ディープインパクト,72,6,16,0.0833,0.2222,78.9,0.0,6.4,0.199,0.0232,1.117,C,中山ダ中距離(1700-2000)・良・中枠(3-6)で父「ディープインパクト」は基準比リフト1.117
中山,坂あり・パワー型,ダ,短距離(1000-1300),良,中枠(3-6),父,マイネルラヴ,79,5,17,0.0633,0.2152,66.2,0.0,8.06,0.1927,0.0225,1.117,C,中山ダ短距離(1000-1300)・良・中枠(3-6)で父「マイネルラヴ」は基準比リフト1.117
福島,小回り・機動型,芝,長距離(2500以上),良,中枠(3-6),父,キングカメハメハ,74,8,20,0.1081,0.2703,115.3,0.0,6.26,0.2423,0.028,1.116,C,福島芝長距離(2500以上)・良・中枠(3-6)で父「キングカメハメハ」は基準比リフト1.116
阪神,坂あり・パワー型,芝,中長距離(2100-2400),良,中枠(3-6),父,ハービンジャー,55,3,16,0.0545,0.2909,120.7,0.0,6.53,0.2609,0.03,1.115,C,阪神芝中長距離(2100-2400)・良・中枠(3-6)で父「ハービンジャー」は基準比リフト1.115
東京,直線長め・持続型,芝,中距離(1700-2000),良,内枠(1-2),父,マンハッタンカフェ,65,6,17,0.0923,0.2615,54.9,0.0,7.22,0.2345,0.027,1.115,C,東京芝中距離(1700-2000)・良・内枠(1-2)で父「マンハッタンカフェ」は基準比リフト1.115
阪神,坂あり・パワー型,ダ,短中距離(1400-1600),良,中枠(3-6),父,エンパイアメーカー,53,3,12,0.0566,0.2264,43.2,0.0,7.43,0.2031,0.0233,1.115,C,阪神ダ短中距離(1400-1600)・良・中枠(3-6)で父「エンパイアメーカー」は基準比リフト1.115
東京,直線長め・持続型,芝,中距離(1700-2000),良,外枠(7-8),父,ゴールドシップ,75,3,18,0.04,0.24,28.9,0.0,7.44,0.2154,0.0246,1.114,C,東京芝中距離(1700-2000)・良・外枠(7-8)で父「ゴールドシップ」は基準比リフト1.114
中山,坂あり・パワー型,芝,短距離(1000-1300),良,中枠(3-6),父,キングカメハメハ,58,7,13,0.1207,0.2241,71.0,0.0,7.03,0.2011,0.023,1.114,C,中山芝短距離(1000-1300)・良・中枠(3-6)で父「キングカメハメハ」は基準比リフト1.114
中山,坂あり・パワー型,ダ,短距離(1000-1300),良,外枠(7-8),父,フレンチデピュティ,53,3,12,0.0566,0.2264,34.2,0.0,8.45,0.2034,0.023,1.113,C,中山ダ短距離(1000-1300)・良・外枠(7-8)で父「フレンチデピュティ」は基準比リフト1.113
東京,直線長め・持続型,芝,中距離(1700-2000),良,中枠(3-6),父,キングヘイロー,57,2,15,0.0351,0.2632,41.9,0.0,9.37,0.237,0.0262,1.111,C,東京芝中距離(1700-2000)・良・中枠(3-6)で父「キングヘイロー」は基準比リフト1.111
中京,直線長め・持続型,芝,中距離(1700-2000),良,中枠(3-6),父,オルフェーヴル,53,3,13,0.0566,0.2453,39.6,0.0,7.11,0.2207,0.0246,1.111,C,中京芝中距離(1700-2000)・良・中枠(3-6)で父「オルフェーヴル」は基準比リフト1.111
中山,坂あり・パワー型,芝,短中距離(1400-1600),良,中枠(3-6),父,シンボリクリスエス,76,3,17,0.0395,0.2237,26.8,0.0,6.83,0.2014,0.0223,1.111,C,中山芝短中距離(1400-1600)・良・中枠(3-6)で父「シンボリクリスエス」は基準比リフト1.111
京都,平坦・スピード型,芝,短中距離(1400-1600),稍,中枠(3-6),父,ダイワメジャー,60,1,14,0.0167,0.2333,2.3,0.0,6.5,0.2103,0.023,1.109,C,京都芝短中距離(1400-1600)・稍・中枠(3-6)で父「ダイワメジャー」は基準比リフト1.109
小倉,小回り・機動型,芝,短距離(1000-1300),良,中枠(3-6),父,グラスワンダー,51,4,11,0.0784,0.2157,62.4,0.0,8.25,0.1949,0.0208,1.107,C,小倉芝短距離(1000-1300)・良・中枠(3-6)で父「グラスワンダー」は基準比リフト1.107
小倉,小回り・機動型,芝,中距離(1700-2000),良,中枠(3-6),父,ロージズインメイ,53,7,13,0.1321,0.2453,114.3,0.0,7.47,0.2218,0.0235,1.106,C,小倉芝中距離(1700-2000)・良・中枠(3-6)で父「ロージズインメイ」は基準比リフト1.106
新潟,直線長め・平坦型,芝,短中距離(1400-1600),良,中枠(3-6),父,エピファネイア,65,5,14,0.0769,0.2154,159.2,0.0,7.6,0.1947,0.0207,1.106,C,新潟芝短中距離(1400-1600)・良・中枠(3-6)で父「エピファネイア」は基準比リフト1.106
新潟,直線長め・平坦型,芝,中距離(1700-2000),良,中枠(3-6),父,ゴールドシップ,50,4,12,0.08,0.24,43.2,0.0,7.16,0.2171,0.0229,1.105,C,新潟芝中距離(1700-2000)・良・中枠(3-6)で父「ゴールドシップ」は基準比リフト1.105
東京,直線長め・持続型,芝,短中距離(1400-1600),良,中枠(3-6),父,ダノンシャンティ,58,1,13,0.0172,0.2241,8.3,0.0,6.97,0.2028,0.0213,1.105,C,東京芝短中距離(1400-1600)・良・中枠(3-6)で父「ダノンシャンティ」は基準比リフト1.105
東京,直線長め・持続型,芝,短中距離(1400-1600),良,中枠(3-6),父,サクラプレジデント,67,9,15,0.1343,0.2239,65.4,0.0,7.01,0.2028,0.0211,1.104,C,東京芝短中距離(1400-1600)・良・中枠(3-6)で父「サクラプレジデント」は基準比リフト1.104
東京,直線長め・持続型,ダ,短中距離(1400-1600),稍,外枠(7-8),父,クロフネ,57,4,14,0.0702,0.2456,35.4,0.0,7.0,0.2227,0.0229,1.103,C,東京ダ短中距離(1400-1600)・稍・外枠(7-8)で父「クロフネ」は基準比リフト1.103
京都,平坦・スピード型,芝,短中距離(1400-1600),良,内枠(1-2),父,クロフネ,54,2,13,0.037,0.2407,37.0,0.0,8.22,0.2185,0.0222,1.102,C,京都芝短中距離(1400-1600)・良・内枠(1-2)で父「クロフネ」は基準比リフト1.102
京都,平坦・スピード型,ダ,短中距離(1400-1600),良,中枠(3-6),父,パイロ,59,7,13,0.1186,0.2203,67.3,0.0,6.53,0.2,0.0203,1.102,C,京都ダ短中距離(1400-1600)・良・中枠(3-6)で父「パイロ」は基準比リフト1.102
中山,坂あり・パワー型,ダ,中距離(1700-2000),良,中枠(3-6),父,タニノギムレット,73,5,16,0.0685,0.2192,127.3,0.0,8.75,0.199,0.0202,1.102,C,中山ダ中距離(1700-2000)・良・中枠(3-6)で父「タニノギムレット」は基準比リフト1.102
中京,直線長め・持続型,芝,短距離(1000-1300),良,中枠(3-6),父,サクラバクシンオー,69,7,15,0.1014,0.2174,75.1,0.0,6.72,0.1973,0.0201,1.102,C,中京芝短距離(1000-1300)・良・中枠(3-6)で父「サクラバクシンオー」は基準比リフト1.102
中山,坂あり・パワー型,ダ,中距離(1700-2000),良,内枠(1-2),父,ブラックタイド,54,4,11,0.0741,0.2037,124.4,0.0,9.07,0.1848,0.0189,1.102,C,中山ダ中距離(1700-2000)・良・内枠(1-2)で父「ブラックタイド」は基準比リフト1.102
東京,直線長め・持続型,芝,中距離(1700-2000),良,中枠(3-6),父,スペシャルウィーク,69,4,18,0.058,0.2609,72.9,0.0,7.32,0.237,0.0239,1.101,C,東京芝中距離(1700-2000)・良・中枠(3-6)で父「スペシャルウィーク」は基準比リフト1.101
新潟,直線長め・平坦型,芝,中距離(1700-2000),良,外枠(7-8),父,ジャングルポケット,69,6,16,0.087,0.2319,62.3,0.0,7.45,0.2107,0.0212,1.101,C,新潟芝中距離(1700-2000)・良・外枠(7-8)で父「ジャングルポケット」は基準比リフト1.101
小倉,小回り・機動型,芝,短距離(1000-1300),良,中枠(3-6),父,ショウナンカンプ,56,3,12,0.0536,0.2143,39.6,0.0,8.61,0.1949,0.0194,1.1,C,小倉芝短距離(1000-1300)・良・中枠(3-6)で父「ショウナンカンプ」は基準比リフト1.1
福島,小回り・機動型,芝,中距離(1700-2000),良,内枠(1-2),父,マンハッタンカフェ,53,6,12,0.1132,0.2264,56.4,0.0,6.53,0.2066,0.0198,1.096,C,福島芝中距離(1700-2000)・良・内枠(1-2)で父「マンハッタンカフェ」は基準比リフト1.096
京都,平坦・スピード型,ダ,短中距離(1400-1600),良,中枠(3-6),父,エンパイアメーカー,73,6,16,0.0822,0.2192,57.8,0.0,6.9,0.2,0.0192,1.096,C,京都ダ短中距離(1400-1600)・良・中枠(3-6)で父「エンパイアメーカー」は基準比リフト1.096
東京,直線長め・持続型,ダ,短中距離(1400-1600),良,中枠(3-6),父,カジノドライヴ,64,6,14,0.0938,0.2188,46.6,0.0,7.36,0.1997,0.0191,1.096,C,東京ダ短中距離(1400-1600)・良・中枠(3-6)で父「カジノドライヴ」は基準比リフト1.096
函館,小回り・持続型,芝,短距離(1000-1300),良,中枠(3-6),父,ディープインパクト,51,3,13,0.0588,0.2549,74.1,0.0,6.24,0.2329,0.022,1.094,C,函館芝短距離(1000-1300)・良・中枠(3-6)で父「ディープインパクト」は基準比リフト1.094
京都,平坦・スピード型,ダ,短距離(1000-1300),良,中枠(3-6),父,スウェプトオーヴァーボード,75,5,16,0.0667,0.2133,34.0,0.0,8.16,0.1949,0.0184,1.094,C,京都ダ短距離(1000-1300)・良・中枠(3-6)で父「スウェプトオーヴァーボード」は基準比リフト1.094
中山,坂あり・パワー型,芝,中距離(1700-2000),良,中枠(3-6),父,スペシャルウィーク,55,4,13,0.0727,0.2364,28.7,0.0,7.56,0.2165,0.0199,1.092,C,中山芝中距離(1700-2000)・良・中枠(3-6)で父「スペシャルウィーク」は基準比リフト1.092
中山,坂あり・パワー型,芝,中距離(1700-2000),良,中枠(3-6),父,ロージズインメイ,72,7,17,0.0972,0.2361,80.7,0.0,7.51,0.2165,0.0196,1.091,C,中山芝中距離(1700-2000)・良・中枠(3-6)で父「ロージズインメイ」は基準比リフト1.091
阪神,坂あり・パワー型,ダ,中距離(1700-2000),稍,中枠(3-6),父,シンボリクリスエス,70,5,16,0.0714,0.2286,84.0,0.0,6.07,0.2095,0.0191,1.091,C,阪神ダ中距離(1700-2000)・稍・中枠(3-6)で父「シンボリクリスエス」は基準比リフト1.091
福島,小回り・機動型,ダ,中距離(1700-2000),良,中枠(3-6),父,ジャングルポケット,55,4,12,0.0727,0.2182,52.5,0.0,7.25,0.2003,0.0179,1.089,C,福島ダ中距離(1700-2000)・良・中枠(3-6)で父「ジャングルポケット」は基準比リフト1.089
福島,小回り・機動型,芝,中距離(1700-2000),良,中枠(3-6),父,スペシャルウィーク,63,7,15,0.1111,0.2381,108.4,0.0,7.25,0.2188,0.0193,1.088,C,福島芝中距離(1700-2000)・良・中枠(3-6)で父「スペシャルウィーク」は基準比リフト1.088
京都,平坦・スピード型,ダ,短距離(1000-1300),良,中枠(3-6),父,ヘニーヒューズ,66,5,14,0.0758,0.2121,42.4,0.0,7.11,0.1949,0.0172,1.088,C,京都ダ短距離(1000-1300)・良・中枠(3-6)で父「ヘニーヒューズ」は基準比リフト1.088
東京,直線長め・持続型,ダ,短中距離(1400-1600),良,外枠(7-8),父,ワイルドラッシュ,68,7,16,0.1029,0.2353,73.7,0.0,7.51,0.2165,0.0188,1.087,C,東京ダ短中距離(1400-1600)・良・外枠(7-8)で父「ワイルドラッシュ」は基準比リフト1.087
阪神,坂あり・パワー型,ダ,短中距離(1400-1600),良,中枠(3-6),父,フジキセキ,68,6,15,0.0882,0.2206,98.2,0.0,8.07,0.2031,0.0175,1.086,C,阪神ダ短中距離(1400-1600)・良・中枠(3-6)で父「フジキセキ」は基準比リフト1.086
新潟,直線長め・平坦型,芝,短中距離(1400-1600),良,中枠(3-6),父,デュランダル,52,5,11,0.0962,0.2115,197.1,0.0,8.13,0.1947,0.0168,1.086,C,新潟芝短中距離(1400-1600)・良・中枠(3-6)で父「デュランダル」は基準比リフト1.086
阪神,坂あり・パワー型,ダ,中距離(1700-2000),良,中枠(3-6),父,ホッコータルマエ,73,11,18,0.1507,0.2466,224.1,0.0,7.32,0.2273,0.0193,1.085,C,阪神ダ中距離(1700-2000)・良・中枠(3-6)で父「ホッコータルマエ」は基準比リフト1.085
京都,平坦・スピード型,ダ,中距離(1700-2000),良,外枠(7-8),父,アグネスタキオン,58,7,13,0.1207,0.2241,177.8,0.0,7.03,0.2066,0.0175,1.085,C,京都ダ中距離(1700-2000)・良・外枠(7-8)で父「アグネスタキオン」は基準比リフト1.085
小倉,小回り・機動型,芝,中距離(1700-2000),良,外枠(7-8),父,ダンスインザダーク,72,4,16,0.0556,0.2222,38.5,0.0,7.44,0.2048,0.0174,1.085,C,小倉芝中距離(1700-2000)・良・外枠(7-8)で父「ダンスインザダーク」は基準比リフト1.085
東京,直線長め・持続型,芝,短中距離(1400-1600),良,中枠(3-6),父,ストロングリターン,50,2,11,0.04,0.22,25.8,0.0,9.08,0.2028,0.0172,1.085,C,東京芝短中距離(1400-1600)・良・中枠(3-6)で父「ストロングリターン」は基準比リフト1.085
福島,小回り・機動型,芝,中距離(1700-2000),良,内枠(1-2),父,ハービンジャー,67,1,15,0.0149,0.2239,4.0,0.0,7.73,0.2066,0.0173,1.084,C,福島芝中距離(1700-2000)・良・内枠(1-2)で父「ハービンジャー」は基準比リフト1.084
東京,直線長め・持続型,ダ,短中距離(1400-1600),良,外枠(7-8),父,エンパイアメーカー,64,4,15,0.0625,0.2344,30.2,0.0,7.52,0.2165,0.0179,1.083,C,東京ダ短中距離(1400-1600)・良・外枠(7-8)で父「エンパイアメーカー」は基準比リフト1.083
京都,平坦・スピード型,芝,中距離(1700-2000),良,中枠(3-6),父,フジキセキ,64,7,17,0.1094,0.2656,70.2,0.0,6.25,0.2454,0.0202,1.082,C,京都芝中距離(1700-2000)・良・中枠(3-6)で父「フジキセキ」は基準比リフト1.082
中山,坂あり・パワー型,ダ,短距離(1000-1300),良,外枠(7-8),父,タイキシャトル,50,6,11,0.12,0.22,97.2,0.0,7.9,0.2034,0.0166,1.082,C,中山ダ短距離(1000-1300)・良・外枠(7-8)で父「タイキシャトル」は基準比リフト1.082
東京,直線長め・持続型,ダ,短中距離(1400-1600),良,中枠(3-6),父,フサイチコンコルド,51,3,11,0.0588,0.2157,34.5,0.0,9.55,0.1997,0.016,1.08,C,東京ダ短中距離(1400-1600)・良・中枠(3-6)で父「フサイチコンコルド」は基準比リフト1.08
小倉,小回り・機動型,芝,短距離(1000-1300),良,中枠(3-6),父,スペシャルウィーク,57,4,12,0.0702,0.2105,346.3,0.0,8.23,0.1949,0.0156,1.08,C,小倉芝短距離(1000-1300)・良・中枠(3-6)で父「スペシャルウィーク」は基準比リフト1.08
新潟,直線長め・平坦型,芝,短距離(1000-1300),良,内枠(1-2),父,サクラバクシンオー,53,2,8,0.0377,0.1509,64.3,0.0,8.09,0.14,0.0109,1.078,C,新潟芝短距離(1000-1300)・良・内枠(1-2)で父「サクラバクシンオー」は基準比リフト1.078
京都,平坦・スピード型,芝,短中距離(1400-1600),良,中枠(3-6),父,キンシャサノキセキ,78,5,18,0.0641,0.2308,40.4,0.0,7.17,0.2142,0.0166,1.077,C,京都芝短中距離(1400-1600)・良・中枠(3-6)で父「キンシャサノキセキ」は基準比リフト1.077
京都,平坦・スピード型,芝,短中距離(1400-1600),良,中枠(3-6),父,バゴ,52,5,12,0.0962,0.2308,68.7,0.0,9.56,0.2142,0.0166,1.077,C,京都芝短中距離(1400-1600)・良・中枠(3-6)で父「バゴ」は基準比リフト1.077
中山,坂あり・パワー型,ダ,中距離(1700-2000),稍,中枠(3-6),父,ハーツクライ,58,3,13,0.0517,0.2241,12.9,0.0,6.69,0.2081,0.016,1.077,C,中山ダ中距離(1700-2000)・稍・中枠(3-6)で父「ハーツクライ」は基準比リフト1.077
小倉,小回り・機動型,芝,中距離(1700-2000),良,外枠(7-8),父,ダイワメジャー,68,5,15,0.0735,0.2206,172.4,0.0,7.5,0.2048,0.0158,1.077,C,小倉芝中距離(1700-2000)・良・外枠(7-8)で父「ダイワメジャー」は基準比リフト1.077
福島,小回り・機動型,ダ,中距離(1700-2000),良,中枠(3-6),父,ロージズインメイ,51,5,11,0.098,0.2157,51.4,0.0,8.18,0.2003,0.0154,1.077,C,福島ダ中距離(1700-2000)・良・中枠(3-6)で父「ロージズインメイ」は基準比リフト1.077
阪神,坂あり・パワー型,芝,短中距離(1400-1600),良,中枠(3-6),父,グラスワンダー,60,7,14,0.1167,0.2333,82.8,0.0,7.68,0.2169,0.0164,1.076,C,阪神芝短中距離(1400-1600)・良・中枠(3-6)で父「グラスワンダー」は基準比リフト1.076
東京,直線長め・持続型,ダ,短中距離(1400-1600),良,中枠(3-6),父,ストロングリターン,70,5,15,0.0714,0.2143,32.4,0.0,9.41,0.1997,0.0146,1.073,C,東京ダ短中距離(1400-1600)・良・中枠(3-6)で父「ストロングリターン」は基準比リフト1.073
東京,直線長め・持続型,ダ,短中距離(1400-1600),良,中枠(3-6),父,ゴールドヘイロー,56,5,12,0.0893,0.2143,20.4,0.0,8.23,0.1997,0.0146,1.073,C,東京ダ短中距離(1400-1600)・良・中枠(3-6)で父「ゴールドヘイロー」は基準比リフト1.073
新潟,直線長め・平坦型,芝,短中距離(1400-1600),良,中枠(3-6),父,クロフネ,67,6,14,0.0896,0.209,42.2,0.0,8.45,0.1947,0.0143,1.073,C,新潟芝短中距離(1400-1600)・良・中枠(3-6)で父「クロフネ」は基準比リフト1.073
中京,直線長め・持続型,ダ,短中距離(1400-1600),良,中枠(3-6),父,サウスヴィグラス,52,4,11,0.0769,0.2115,90.8,0.0,8.62,0.1973,0.0142,1.072,C,中京ダ短中距離(1400-1600)・良・中枠(3-6)で父「サウスヴィグラス」は基準比リフト1.072
東京,直線長め・持続型,芝,中距離(1700-2000),良,外枠(7-8),父,スクリーンヒーロー,52,3,12,0.0577,0.2308,83.8,0.0,6.88,0.2154,0.0154,1.071,C,東京芝中距離(1700-2000)・良・外枠(7-8)で父「スクリーンヒーロー」は基準比リフト1.071
東京,直線長め・持続型,芝,中距離(1700-2000),良,中枠(3-6),父,メイショウサムソン,67,7,17,0.1045,0.2537,105.1,0.0,7.76,0.237,0.0167,1.07,C,東京芝中距離(1700-2000)・良・中枠(3-6)で父「メイショウサムソン」は基準比リフト1.07
小倉,小回り・機動型,芝,中距離(1700-2000),良,内枠(1-2),父,ルーラーシップ,63,4,15,0.0635,0.2381,27.1,0.0,6.79,0.2226,0.0155,1.07,C,小倉芝中距離(1700-2000)・良・内枠(1-2)で父「ルーラーシップ」は基準比リフト1.07
東京,直線長め・持続型,ダ,中長距離(2100-2400),良,中枠(3-6),父,ゴールドアリュール,76,2,18,0.0263,0.2368,6.2,0.0,6.59,0.2214,0.0154,1.07,C,東京ダ中長距離(2100-2400)・良・中枠(3-6)で父「ゴールドアリュール」は基準比リフト1.07
京都,平坦・スピード型,ダ,中距離(1700-2000),良,中枠(3-6),父,パイロ,60,3,14,0.05,0.2333,199.8,0.0,7.48,0.2181,0.0152,1.07,C,京都ダ中距離(1700-2000)・良・中枠(3-6)で父「パイロ」は基準比リフト1.07
阪神,坂あり・パワー型,ダ,短距離(1000-1300),良,中枠(3-6),父,ロードカナロア,72,5,16,0.0694,0.2222,40.0,0.0,6.72,0.2076,0.0146,1.07,C,阪神ダ短距離(1000-1300)・良・中枠(3-6)で父「ロードカナロア」は基準比リフト1.07
中京,直線長め・持続型,ダ,中距離(1700-2000),良,中枠(3-6),父,ジャスタウェイ,60,5,14,0.0833,0.2333,152.8,0.0,6.75,0.2184,0.0149,1.068,C,中京ダ中距離(1700-2000)・良・中枠(3-6)で父「ジャスタウェイ」は基準比リフト1.068
中山,坂あり・パワー型,芝,中長距離(2100-2400),良,外枠(7-8),父,ハーツクライ,57,2,13,0.0351,0.2281,39.6,0.0,7.56,0.2138,0.0143,1.067,C,中山芝中長距離(2100-2400)・良・外枠(7-8)で父「ハーツクライ」は基準比リフト1.067
中山,坂あり・パワー型,ダ,短距離(1000-1300),良,内枠(1-2),父,ダイワメジャー,53,4,10,0.0755,0.1887,63.4,0.0,7.06,0.1768,0.0119,1.067,C,中山ダ短距離(1000-1300)・良・内枠(1-2)で父「ダイワメジャー」は基準比リフト1.067
東京,直線長め・持続型,芝,中距離(1700-2000),良,内枠(1-2),父,ゼンノロブロイ,56,4,14,0.0714,0.25,33.4,0.0,7.07,0.2345,0.0155,1.066,C,東京芝中距離(1700-2000)・良・内枠(1-2)で父「ゼンノロブロイ」は基準比リフト1.066
東京,直線長め・持続型,芝,中距離(1700-2000),良,内枠(1-2),父,ルーラーシップ,52,5,13,0.0962,0.25,33.5,0.0,6.21,0.2345,0.0155,1.066,C,東京芝中距離(1700-2000)・良・内枠(1-2)で父「ルーラーシップ」は基準比リフト1.066
東京,直線長め・持続型,ダ,短中距離(1400-1600),良,外枠(7-8),父,ファスリエフ,52,2,12,0.0385,0.2308,23.7,0.0,8.52,0.2165,0.0143,1.066,C,東京ダ短中距離(1400-1600)・良・外枠(7-8)で父「ファスリエフ」は基準比リフト1.066
小倉,小回り・機動型,ダ,中距離(1700-2000),良,中枠(3-6),父,マンハッタンカフェ,53,3,11,0.0566,0.2075,117.0,0.0,7.77,0.1947,0.0128,1.066,C,小倉ダ中距離(1700-2000)・良・中枠(3-6)で父「マンハッタンカフェ」は基準比リフト1.066
阪神,坂あり・パワー型,芝,短中距離(1400-1600),良,外枠(7-8),父,タイキシャトル,64,2,13,0.0312,0.2031,16.6,0.0,8.72,0.1907,0.0124,1.065,C,阪神芝短中距離(1400-1600)・良・外枠(7-8)で父「タイキシャトル」は基準比リフト1.065
阪神,坂あり・パワー型,ダ,中距離(1700-2000),良,中枠(3-6),父,ハービンジャー,62,5,15,0.0806,0.2419,205.0,0.0,7.66,0.2273,0.0146,1.064,C,阪神ダ中距離(1700-2000)・良・中枠(3-6)で父「ハービンジャー」は基準比リフト1.064
福島,小回り・機動型,芝,中距離(1700-2000),良,中枠(3-6),父,ブラックタイド,73,8,17,0.1096,0.2329,173.4,0.0,8.59,0.2188,0.0141,1.064,C,福島芝中距離(1700-2000)・良・中枠(3-6)で父「ブラックタイド」は基準比リフト1.064
函館,小回り・持続型,芝,中距離(1700-2000),良,中枠(3-6),父,クロフネ,51,5,13,0.098,0.2549,39.4,0.0,7.41,0.2397,0.0152,1.063,C,函館芝中距離(1700-2000)・良・中枠(3-6)で父「クロフネ」は基準比リフト1.063
福島,小回り・機動型,ダ,中距離(1700-2000),良,外枠(7-8),父,ネオユニヴァース,56,8,13,0.1429,0.2321,222.7,0.0,6.66,0.2183,0.0138,1.063,C,福島ダ中距離(1700-2000)・良・外枠(7-8)で父「ネオユニヴァース」は基準比リフト1.063
中山,坂あり・パワー型,ダ,短距離(1000-1300),稍,中枠(3-6),父,プリサイスエンド,53,2,10,0.0377,0.1887,9.6,0.0,7.72,0.1775,0.0112,1.063,C,中山ダ短距離(1000-1300)・稍・中枠(3-6)で父「プリサイスエンド」は基準比リフト1.063
中山,坂あり・パワー型,ダ,中距離(1700-2000),良,外枠(7-8),父,エンパイアメーカー,55,4,13,0.0727,0.2364,40.9,0.0,7.36,0.2226,0.0138,1.062,C,中山ダ中距離(1700-2000)・良・外枠(7-8)で父「エンパイアメーカー」は基準比リフト1.062
東京,直線長め・持続型,芝,短中距離(1400-1600),良,中枠(3-6),父,ファルブラヴ,65,4,14,0.0615,0.2154,23.8,0.0,8.17,0.2028,0.0126,1.062,C,東京芝短中距離(1400-1600)・良・中枠(3-6)で父「ファルブラヴ」は基準比リフト1.062
東京,直線長め・持続型,ダ,短中距離(1400-1600),良,内枠(1-2),父,アグネスデジタル,73,4,13,0.0548,0.1781,17.9,0.0,8.37,0.1677,0.0104,1.062,C,東京ダ短中距離(1400-1600)・良・内枠(1-2)で父「アグネスデジタル」は基準比リフト1.062
福島,小回り・機動型,芝,中距離(1700-2000),良,中枠(3-6),父,ロージズインメイ,56,4,13,0.0714,0.2321,47.5,0.0,7.64,0.2188,0.0133,1.061,C,福島芝中距離(1700-2000)・良・中枠(3-6)で父「ロージズインメイ」は基準比リフト1.061
新潟,直線長め・平坦型,芝,短中距離(1400-1600),良,中枠(3-6),父,キングヘイロー,63,0,13,0.0,0.2063,0.0,0.0,9.49,0.1947,0.0116,1.06,C,新潟芝短中距離(1400-1600)・良・中枠(3-6)で父「キングヘイロー」は基準比リフト1.06
中山,坂あり・パワー型,芝,短中距離(1400-1600),良,中枠(3-6),父,スクリーンヒーロー,75,8,16,0.1067,0.2133,214.5,0.0,7.43,0.2014,0.0119,1.059,C,中山芝短中距離(1400-1600)・良・中枠(3-6)で父「スクリーンヒーロー」は基準比リフト1.059
京都,平坦・スピード型,芝,中距離(1700-2000),良,中枠(3-6),父,ロードカナロア,77,10,20,0.1299,0.2597,76.2,0.0,5.55,0.2454,0.0143,1.058,C,京都芝中距離(1700-2000)・良・中枠(3-6)で父「ロードカナロア」は基準比リフト1.058
阪神,坂あり・パワー型,芝,中距離(1700-2000),良,内枠(1-2),父,マンハッタンカフェ,68,5,18,0.0735,0.2647,68.8,0.0,6.85,0.2505,0.0142,1.057,C,阪神芝中距離(1700-2000)・良・内枠(1-2)で父「マンハッタンカフェ」は基準比リフト1.057
函館,小回り・持続型,芝,短距離(1000-1300),良,中枠(3-6),父,マツリダゴッホ,65,5,16,0.0769,0.2462,93.4,0.0,7.14,0.2329,0.0133,1.057,C,函館芝短距離(1000-1300)・良・中枠(3-6)で父「マツリダゴッホ」は基準比リフト1.057
東京,直線長め・持続型,ダ,短中距離(1400-1600),稍,外枠(7-8),父,キングカメハメハ,68,6,16,0.0882,0.2353,75.7,0.0,6.56,0.2227,0.0126,1.057,C,東京ダ短中距離(1400-1600)・稍・外枠(7-8)で父「キングカメハメハ」は基準比リフト1.057
中山,坂あり・パワー型,ダ,中距離(1700-2000),良,外枠(7-8),父,マンハッタンカフェ,51,3,12,0.0588,0.2353,16.5,0.0,8.55,0.2226,0.0127,1.057,C,中山ダ中距離(1700-2000)・良・外枠(7-8)で父「マンハッタンカフェ」は基準比リフト1.057
小倉,小回り・機動型,芝,中距離(1700-2000),良,内枠(1-2),父,シンボリクリスエス,51,6,12,0.1176,0.2353,161.8,0.0,7.18,0.2226,0.0127,1.057,C,小倉芝中距離(1700-2000)・良・内枠(1-2)で父「シンボリクリスエス」は基準比リフト1.057
中京,直線長め・持続型,ダ,中距離(1700-2000),良,中枠(3-6),父,マジェスティックウォリアー,65,7,15,0.1077,0.2308,95.4,0.0,6.74,0.2184,0.0124,1.057,C,中京ダ中距離(1700-2000)・良・中枠(3-6)で父「マジェスティックウォリアー」は基準比リフト1.057
京都,平坦・スピード型,ダ,短中距離(1400-1600),良,中枠(3-6),父,フレンチデピュティ,52,3,11,0.0577,0.2115,254.6,0.0,7.04,0.2,0.0115,1.057,C,京都ダ短中距離(1400-1600)・良・中枠(3-6)で父「フレンチデピュティ」は基準比リフト1.057
小倉,小回り・機動型,ダ,中距離(1700-2000),良,中枠(3-6),父,ルーラーシップ,73,6,15,0.0822,0.2055,69.9,0.0,8.11,0.1947,0.0108,1.055,C,小倉ダ中距離(1700-2000)・良・中枠(3-6)で父「ルーラーシップ」は基準比リフト1.055
新潟,直線長め・平坦型,芝,短距離(1000-1300),良,中枠(3-6),父,タイキシャトル,72,3,13,0.0417,0.1806,37.8,0.0,8.93,0.1712,0.0094,1.055,C,新潟芝短距離(1000-1300)・良・中枠(3-6)で父「タイキシャトル」は基準比リフト1.055
阪神,坂あり・パワー型,ダ,中距離(1700-2000),良,中枠(3-6),父,アグネスタキオン,71,5,17,0.0704,0.2394,48.3,0.0,6.45,0.2273,0.0121,1.053,C,阪神ダ中距離(1700-2000)・良・中枠(3-6)で父「アグネスタキオン」は基準比リフト1.053
阪神,坂あり・パワー型,芝,中長距離(2100-2400),良,内枠(1-2),父,キングカメハメハ,53,9,15,0.1698,0.283,119.2,0.0,6.02,0.2691,0.0139,1.052,C,阪神芝中長距離(2100-2400)・良・内枠(1-2)で父「キングカメハメハ」は基準比リフト1.052
京都,平坦・スピード型,ダ,短中距離(1400-1600),良,中枠(3-6),父,アグネスタキオン,76,6,16,0.0789,0.2105,30.4,0.0,6.45,0.2,0.0105,1.052,C,京都ダ短中距離(1400-1600)・良・中枠(3-6)で父「アグネスタキオン」は基準比リフト1.052
小倉,小回り・機動型,芝,短距離(1000-1300),良,外枠(7-8),父,キンシャサノキセキ,72,3,15,0.0417,0.2083,10.7,0.0,7.64,0.1981,0.0102,1.051,C,小倉芝短距離(1000-1300)・良・外枠(7-8)で父「キンシャサノキセキ」は基準比リフト1.051
阪神,坂あり・パワー型,芝,中距離(1700-2000),稍,中枠(3-6),父,キングカメハメハ,61,4,15,0.0656,0.2459,21.1,0.0,6.16,0.2342,0.0117,1.05,C,阪神芝中距離(1700-2000)・稍・中枠(3-6)で父「キングカメハメハ」は基準比リフト1.05
小倉,小回り・機動型,芝,中距離(1700-2000),良,中枠(3-6),父,シンボリクリスエス,129,7,30,0.0543,0.2326,29.5,0.0,7.88,0.2218,0.0108,1.049,C,小倉芝中距離(1700-2000)・良・中枠(3-6)で父「シンボリクリスエス」は基準比リフト1.049
京都,平坦・スピード型,ダ,短距離(1000-1300),良,中枠(3-6),父,ダイワメジャー,88,11,18,0.125,0.2045,59.2,0.0,7.49,0.1949,0.0096,1.049,C,京都ダ短距離(1000-1300)・良・中枠(3-6)で父「ダイワメジャー」は基準比リフト1.049
福島,小回り・機動型,芝,中距離(1700-2000),良,外枠(7-8),父,ルーラーシップ,66,8,13,0.1212,0.197,58.2,0.0,7.32,0.1878,0.0092,1.049,C,福島芝中距離(1700-2000)・良・外枠(7-8)で父「ルーラーシップ」は基準比リフト1.049
東京,直線長め・持続型,芝,短中距離(1400-1600),良,外枠(7-8),父,アドマイヤムーン,144,7,30,0.0486,0.2083,26.5,0.0,8.0,0.1988,0.0095,1.048,C,東京芝短中距離(1400-1600)・良・外枠(7-8)で父「アドマイヤムーン」は基準比リフト1.048
新潟,直線長め・平坦型,ダ,中距離(1700-2000),稍,中枠(3-6),父,シンボリクリスエス,50,4,12,0.08,0.24,119.6,0.0,6.38,0.2292,0.0108,1.047,C,新潟ダ中距離(1700-2000)・稍・中枠(3-6)で父「シンボリクリスエス」は基準比リフト1.047
中山,坂あり・パワー型,芝,中距離(1700-2000),良,内枠(1-2),父,ダイワメジャー,56,3,13,0.0536,0.2321,81.4,0.0,6.14,0.2217,0.0104,1.047,C,中山芝中距離(1700-2000)・良・内枠(1-2)で父「ダイワメジャー」は基準比リフト1.047
中山,坂あり・パワー型,ダ,短距離(1000-1300),良,中枠(3-6),父,パイロ,119,7,24,0.0588,0.2017,40.3,0.0,7.61,0.1927,0.009,1.047,C,中山ダ短距離(1000-1300)・良・中枠(3-6)で父「パイロ」は基準比リフト1.047
中京,直線長め・持続型,ダ,中距離(1700-2000),稍,中枠(3-6),父,キングカメハメハ,55,5,13,0.0909,0.2364,33.1,0.0,6.29,0.2261,0.0103,1.046,C,中京ダ中距離(1700-2000)・稍・中枠(3-6)で父「キングカメハメハ」は基準比リフト1.046
中山,坂あり・パワー型,芝,中距離(1700-2000),良,中枠(3-6),父,ジャスタウェイ,53,7,12,0.1321,0.2264,195.7,0.0,6.89,0.2165,0.0099,1.046,C,中山芝中距離(1700-2000)・良・中枠(3-6)で父「ジャスタウェイ」は基準比リフト1.046
小倉,小回り・機動型,芝,中距離(1700-2000),良,外枠(7-8),父,ステイゴールド,126,9,27,0.0714,0.2143,40.6,0.0,7.62,0.2048,0.0095,1.046,C,小倉芝中距離(1700-2000)・良・外枠(7-8)で父「ステイゴールド」は基準比リフト1.046
京都,平坦・スピード型,ダ,短中距離(1400-1600),良,中枠(3-6),父,ネオユニヴァース,86,6,18,0.0698,0.2093,117.2,0.0,8.44,0.2,0.0093,1.046,C,京都ダ短中距離(1400-1600)・良・中枠(3-6)で父「ネオユニヴァース」は基準比リフト1.046
東京,直線長め・持続型,芝,中距離(1700-2000),良,中枠(3-6),父,ハービンジャー,218,20,54,0.0917,0.2477,37.0,0.0,6.46,0.237,0.0107,1.045,C,東京芝中距離(1700-2000)・良・中枠(3-6)で父「ハービンジャー」は基準比リフト1.045
東京,直線長め・持続型,芝,中距離(1700-2000),良,中枠(3-6),父,ステイゴールド,295,24,73,0.0814,0.2475,57.5,0.0,6.78,0.237,0.0105,1.044,C,東京芝中距離(1700-2000)・良・中枠(3-6)で父「ステイゴールド」は基準比リフト1.044
京都,平坦・スピード型,ダ,中距離(1700-2000),良,内枠(1-2),父,ゼンノロブロイ,58,6,14,0.1034,0.2414,99.7,0.0,6.84,0.2314,0.01,1.043,C,京都ダ中距離(1700-2000)・良・内枠(1-2)で父「ゼンノロブロイ」は基準比リフト1.043
札幌,小回り・持続型,ダ,中距離(1700-2000),良,外枠(7-8),父,キングカメハメハ,59,3,14,0.0508,0.2373,24.9,0.0,6.34,0.2278,0.0095,1.042,C,札幌ダ中距離(1700-2000)・良・外枠(7-8)で父「キングカメハメハ」は基準比リフト1.042
中山,坂あり・パワー型,芝,中距離(1700-2000),良,外枠(7-8),父,ルーラーシップ,74,4,16,0.0541,0.2162,23.4,0.0,8.01,0.2074,0.0088,1.042,C,中山芝中距離(1700-2000)・良・外枠(7-8)で父「ルーラーシップ」は基準比リフト1.042
阪神,坂あり・パワー型,ダ,短中距離(1400-1600),良,中枠(3-6),父,ゴールドアリュール,142,12,30,0.0845,0.2113,152.6,0.0,7.32,0.2031,0.0082,1.04,C,阪神ダ短中距離(1400-1600)・良・中枠(3-6)で父「ゴールドアリュール」は基準比リフト1.04
中山,坂あり・パワー型,ダ,短距離(1000-1300),良,中枠(3-6),父,ボストンハーバー,50,5,10,0.1,0.2,111.4,0.0,8.54,0.1927,0.0073,1.038,C,中山ダ短距離(1000-1300)・良・中枠(3-6)で父「ボストンハーバー」は基準比リフト1.038
中京,直線長め・持続型,芝,短中距離(1400-1600),良,中枠(3-6),父,キングカメハメハ,113,9,24,0.0796,0.2124,83.7,0.0,7.58,0.2051,0.0073,1.036,C,中京芝短中距離(1400-1600)・良・中枠(3-6)で父「キングカメハメハ」は基準比リフト1.036
東京,直線長め・持続型,ダ,短中距離(1400-1600),良,外枠(7-8),父,メイショウボーラー,58,3,13,0.0517,0.2241,145.2,0.0,9.02,0.2165,0.0076,1.035,C,東京ダ短中距離(1400-1600)・良・外枠(7-8)で父「メイショウボーラー」は基準比リフト1.035
東京,直線長め・持続型,ダ,短中距離(1400-1600),良,外枠(7-8),父,ルーラーシップ,58,7,13,0.1207,0.2241,73.1,0.0,7.53,0.2165,0.0076,1.035,C,東京ダ短中距離(1400-1600)・良・外枠(7-8)で父「ルーラーシップ」は基準比リフト1.035
東京,直線長め・持続型,ダ,短中距離(1400-1600),良,中枠(3-6),父,ホッコータルマエ,63,6,13,0.0952,0.2063,31.0,0.0,7.76,0.1997,0.0066,1.033,C,東京ダ短中距離(1400-1600)・良・中枠(3-6)で父「ホッコータルマエ」は基準比リフト1.033
福島,小回り・機動型,芝,短距離(1000-1300),良,中枠(3-6),父,キンシャサノキセキ,113,8,22,0.0708,0.1947,161.7,0.0,6.86,0.1887,0.006,1.032,C,福島芝短距離(1000-1300)・良・中枠(3-6)で父「キンシャサノキセキ」は基準比リフト1.032
京都,平坦・スピード型,芝,中距離(1700-2000),良,中枠(3-6),父,ダイワメジャー,87,4,22,0.046,0.2529,28.6,0.0,6.63,0.2454,0.0075,1.031,C,京都芝中距離(1700-2000)・良・中枠(3-6)で父「ダイワメジャー」は基準比リフト1.031
小倉,小回り・機動型,芝,中距離(1700-2000),良,内枠(1-2),父,マンハッタンカフェ,61,7,14,0.1148,0.2295,78.4,0.0,6.16,0.2226,0.0069,1.031,C,小倉芝中距離(1700-2000)・良・内枠(1-2)で父「マンハッタンカフェ」は基準比リフト1.031
阪神,坂あり・パワー型,芝,中長距離(2100-2400),良,外枠(7-8),父,ステイゴールド,66,9,15,0.1364,0.2273,136.7,0.0,6.97,0.2204,0.0069,1.031,C,阪神芝中長距離(2100-2400)・良・外枠(7-8)で父「ステイゴールド」は基準比リフト1.031
中京,直線長め・持続型,芝,短中距離(1400-1600),良,中枠(3-6),父,シンボリクリスエス,52,1,11,0.0192,0.2115,95.0,0.0,8.56,0.2051,0.0064,1.031,C,中京芝短中距離(1400-1600)・良・中枠(3-6)で父「シンボリクリスエス」は基準比リフト1.031
函館,小回り・持続型,芝,短距離(1000-1300),良,中枠(3-6),父,サクラバクシンオー,100,11,24,0.11,0.24,135.5,0.0,6.12,0.2329,0.0071,1.03,C,函館芝短距離(1000-1300)・良・中枠(3-6)で父「サクラバクシンオー」は基準比リフト1.03
東京,直線長め・持続型,ダ,短中距離(1400-1600),重不良,中枠(3-6),父,ダイワメジャー,50,3,10,0.06,0.2,42.8,0.0,7.38,0.1943,0.0057,1.029,C,東京ダ短中距離(1400-1600)・重不良・中枠(3-6)で父「ダイワメジャー」は基準比リフト1.029
東京,直線長め・持続型,芝,中距離(1700-2000),良,中枠(3-6),父,ネオユニヴァース,156,14,38,0.0897,0.2436,65.9,0.0,7.1,0.237,0.0066,1.028,C,東京芝中距離(1700-2000)・良・中枠(3-6)で父「ネオユニヴァース」は基準比リフト1.028
小倉,小回り・機動型,芝,中距離(1700-2000),良,中枠(3-6),父,ジャスタウェイ,57,5,13,0.0877,0.2281,62.1,0.0,7.58,0.2218,0.0063,1.028,C,小倉芝中距離(1700-2000)・良・中枠(3-6)で父「ジャスタウェイ」は基準比リフト1.028
新潟,直線長め・平坦型,芝,短中距離(1400-1600),良,中枠(3-6),父,アドマイヤムーン,80,9,16,0.1125,0.2,84.1,0.0,8.7,0.1947,0.0053,1.027,C,新潟芝短中距離(1400-1600)・良・中枠(3-6)で父「アドマイヤムーン」は基準比リフト1.027
新潟,直線長め・平坦型,芝,短中距離(1400-1600),良,中枠(3-6),父,キンシャサノキセキ,55,4,11,0.0727,0.2,47.6,0.0,7.96,0.1947,0.0053,1.027,C,新潟芝短中距離(1400-1600)・良・中枠(3-6)で父「キンシャサノキセキ」は基準比リフト1.027
阪神,坂あり・パワー型,ダ,中距離(1700-2000),良,中枠(3-6),父,ヴァーミリアン,60,2,14,0.0333,0.2333,9.2,0.0,7.62,0.2273,0.006,1.026,C,阪神ダ中距離(1700-2000)・良・中枠(3-6)で父「ヴァーミリアン」は基準比リフト1.026
東京,直線長め・持続型,ダ,短中距離(1400-1600),良,外枠(7-8),父,ネオユニヴァース,108,10,24,0.0926,0.2222,59.1,0.0,7.47,0.2165,0.0057,1.026,C,東京ダ短中距離(1400-1600)・良・外枠(7-8)で父「ネオユニヴァース」は基準比リフト1.026
中京,直線長め・持続型,芝,短中距離(1400-1600),良,中枠(3-6),父,オルフェーヴル,57,5,12,0.0877,0.2105,67.7,0.0,7.28,0.2051,0.0054,1.026,C,中京芝短中距離(1400-1600)・良・中枠(3-6)で父「オルフェーヴル」は基準比リフト1.026
小倉,小回り・機動型,芝,短距離(1000-1300),良,中枠(3-6),父,ゼンノロブロイ,70,7,14,0.1,0.2,126.3,0.0,7.69,0.1949,0.0051,1.026,C,小倉芝短距離(1000-1300)・良・中枠(3-6)で父「ゼンノロブロイ」は基準比リフト1.026
京都,平坦・スピード型,ダ,中距離(1700-2000),良,内枠(1-2),父,ハーツクライ,59,6,14,0.1017,0.2373,72.5,0.0,6.25,0.2314,0.0059,1.025,C,京都ダ中距離(1700-2000)・良・内枠(1-2)で父「ハーツクライ」は基準比リフト1.025
京都,平坦・スピード型,芝,中距離(1700-2000),良,外枠(7-8),父,アグネスタキオン,69,8,16,0.1159,0.2319,110.6,0.0,7.13,0.2263,0.0056,1.025,C,京都芝中距離(1700-2000)・良・外枠(7-8)で父「アグネスタキオン」は基準比リフト1.025
東京,直線長め・持続型,芝,短中距離(1400-1600),良,中枠(3-6),父,ヴィクトワールピサ,101,8,21,0.0792,0.2079,35.9,0.0,6.99,0.2028,0.0051,1.025,C,東京芝短中距離(1400-1600)・良・中枠(3-6)で父「ヴィクトワールピサ」は基準比リフト1.025
福島,小回り・機動型,芝,短距離(1000-1300),良,中枠(3-6),父,デュランダル,62,4,12,0.0645,0.1935,51.8,0.0,7.66,0.1887,0.0048,1.025,C,福島芝短距離(1000-1300)・良・中枠(3-6)で父「デュランダル」は基準比リフト1.025
函館,小回り・持続型,ダ,中距離(1700-2000),良,外枠(7-8),父,キングカメハメハ,61,5,15,0.082,0.2459,47.0,0.0,6.66,0.2402,0.0057,1.024,C,函館ダ中距離(1700-2000)・良・外枠(7-8)で父「キングカメハメハ」は基準比リフト1.024
阪神,坂あり・パワー型,芝,短中距離(1400-1600),良,内枠(1-2),父,アドマイヤムーン,57,3,13,0.0526,0.2281,88.9,0.0,9.16,0.2227,0.0054,1.024,C,阪神芝短中距離(1400-1600)・良・内枠(1-2)で父「アドマイヤムーン」は基準比リフト1.024
京都,平坦・スピード型,ダ,中距離(1700-2000),良,中枠(3-6),父,アグネスデジタル,94,8,21,0.0851,0.2234,85.5,0.0,7.3,0.2181,0.0053,1.024,C,京都ダ中距離(1700-2000)・良・中枠(3-6)で父「アグネスデジタル」は基準比リフト1.024
阪神,坂あり・パワー型,芝,短中距離(1400-1600),良,中枠(3-6),父,リオンディーズ,54,3,12,0.0556,0.2222,221.7,0.0,7.17,0.2169,0.0053,1.024,C,阪神芝短中距離(1400-1600)・良・中枠(3-6)で父「リオンディーズ」は基準比リフト1.024
東京,直線長め・持続型,ダ,短中距離(1400-1600),稍,中枠(3-6),父,キンシャサノキセキ,67,5,13,0.0746,0.194,25.1,0.0,7.37,0.1894,0.0046,1.024,C,東京ダ短中距離(1400-1600)・稍・中枠(3-6)で父「キンシャサノキセキ」は基準比リフト1.024
中山,坂あり・パワー型,芝,中距離(1700-2000),良,内枠(1-2),父,ルーラーシップ,75,4,17,0.0533,0.2267,34.4,0.0,6.68,0.2217,0.005,1.023,C,中山芝中距離(1700-2000)・良・内枠(1-2)で父「ルーラーシップ」は基準比リフト1.023
新潟,直線長め・平坦型,ダ,短距離(1000-1300),良,中枠(3-6),父,タイキシャトル,53,4,11,0.0755,0.2075,57.9,0.0,7.83,0.2029,0.0046,1.023,C,新潟ダ短距離(1000-1300)・良・中枠(3-6)で父「タイキシャトル」は基準比リフト1.023
福島,小回り・機動型,芝,中距離(1700-2000),良,中枠(3-6),父,ゼンノロブロイ,85,6,19,0.0706,0.2235,83.9,0.0,7.47,0.2188,0.0047,1.021,C,福島芝中距離(1700-2000)・良・中枠(3-6)で父「ゼンノロブロイ」は基準比リフト1.021
京都,平坦・スピード型,芝,短中距離(1400-1600),良,中枠(3-6),父,サクラバクシンオー,96,8,21,0.0833,0.2188,84.1,0.0,6.84,0.2142,0.0046,1.021,C,京都芝短中距離(1400-1600)・良・中枠(3-6)で父「サクラバクシンオー」は基準比リフト1.021
東京,直線長め・持続型,ダ,短中距離(1400-1600),良,中枠(3-6),父,マイネルラヴ,103,4,21,0.0388,0.2039,109.8,0.0,9.88,0.1997,0.0042,1.021,C,東京ダ短中距離(1400-1600)・良・中枠(3-6)で父「マイネルラヴ」は基準比リフト1.021
中山,坂あり・パワー型,ダ,中距離(1700-2000),良,内枠(1-2),父,シニスターミニスター,53,6,10,0.1132,0.1887,100.8,0.0,8.11,0.1848,0.0039,1.021,C,中山ダ中距離(1700-2000)・良・内枠(1-2)で父「シニスターミニスター」は基準比リフト1.021
阪神,坂あり・パワー型,芝,短中距離(1400-1600),良,中枠(3-6),父,アドマイヤムーン,122,7,27,0.0574,0.2213,84.2,0.0,8.25,0.2169,0.0044,1.02,C,阪神芝短中距離(1400-1600)・良・中枠(3-6)で父「アドマイヤムーン」は基準比リフト1.02
東京,直線長め・持続型,芝,短中距離(1400-1600),良,外枠(7-8),父,ヴィクトワールピサ,74,6,15,0.0811,0.2027,65.3,0.0,8.03,0.1988,0.0039,1.02,C,東京芝短中距離(1400-1600)・良・外枠(7-8)で父「ヴィクトワールピサ」は基準比リフト1.02
中山,坂あり・パワー型,ダ,短距離(1000-1300),良,内枠(1-2),父,パイロ,61,2,11,0.0328,0.1803,6.7,0.0,8.02,0.1768,0.0035,1.02,C,中山ダ短距離(1000-1300)・良・内枠(1-2)で父「パイロ」は基準比リフト1.02
阪神,坂あり・パワー型,ダ,中距離(1700-2000),良,中枠(3-6),父,シンボリクリスエス,190,10,44,0.0526,0.2316,26.4,0.0,7.09,0.2273,0.0043,1.019,C,阪神ダ中距離(1700-2000)・良・中枠(3-6)で父「シンボリクリスエス」は基準比リフト1.019
中京,直線長め・持続型,芝,中距離(1700-2000),良,中枠(3-6),父,ハービンジャー,120,12,27,0.1,0.225,72.9,0.0,6.72,0.2207,0.0043,1.019,C,中京芝中距離(1700-2000)・良・中枠(3-6)で父「ハービンジャー」は基準比リフト1.019
中山,坂あり・パワー型,ダ,短距離(1000-1300),良,中枠(3-6),父,フジキセキ,56,5,11,0.0893,0.1964,52.3,0.0,6.61,0.1927,0.0037,1.019,C,中山ダ短距離(1000-1300)・良・中枠(3-6)で父「フジキセキ」は基準比リフト1.019
中山,坂あり・パワー型,芝,中距離(1700-2000),良,内枠(1-2),父,マンハッタンカフェ,62,3,14,0.0484,0.2258,78.1,0.0,7.03,0.2217,0.0041,1.018,C,中山芝中距離(1700-2000)・良・内枠(1-2)で父「マンハッタンカフェ」は基準比リフト1.018
京都,平坦・スピード型,ダ,中距離(1700-2000),良,内枠(1-2),父,ブライアンズタイム,51,4,12,0.0784,0.2353,43.9,0.0,7.8,0.2314,0.0039,1.017,C,京都ダ中距離(1700-2000)・良・内枠(1-2)で父「ブライアンズタイム」は基準比リフト1.017
京都,平坦・スピード型,芝,中距離(1700-2000),良,外枠(7-8),父,ステイゴールド,113,9,26,0.0796,0.2301,28.7,0.0,7.06,0.2263,0.0038,1.017,C,京都芝中距離(1700-2000)・良・外枠(7-8)で父「ステイゴールド」は基準比リフト1.017
中京,直線長め・持続型,ダ,中距離(1700-2000),良,外枠(7-8),父,クロフネ,66,4,14,0.0606,0.2121,25.9,0.0,7.41,0.2087,0.0034,1.016,C,中京ダ中距離(1700-2000)・良・外枠(7-8)で父「クロフネ」は基準比リフト1.016
東京,直線長め・持続型,芝,短中距離(1400-1600),良,外枠(7-8),父,スクリーンヒーロー,99,5,20,0.0505,0.202,33.2,0.0,8.24,0.1988,0.0032,1.016,C,東京芝短中距離(1400-1600)・良・外枠(7-8)で父「スクリーンヒーロー」は基準比リフト1.016
阪神,坂あり・パワー型,芝,中距離(1700-2000),良,中枠(3-6),父,フジキセキ,78,3,19,0.0385,0.2436,43.3,0.0,7.53,0.2399,0.0037,1.015,C,阪神芝中距離(1700-2000)・良・中枠(3-6)で父「フジキセキ」は基準比リフト1.015
阪神,坂あり・パワー型,ダ,中距離(1700-2000),良,内枠(1-2),父,ネオユニヴァース,67,4,14,0.0597,0.209,34.9,0.0,7.25,0.206,0.003,1.015,C,阪神ダ中距離(1700-2000)・良・内枠(1-2)で父「ネオユニヴァース」は基準比リフト1.015
新潟,直線長め・平坦型,芝,中距離(1700-2000),良,中枠(3-6),父,マンハッタンカフェ,109,13,24,0.1193,0.2202,161.8,0.0,8.61,0.2171,0.0031,1.014,C,新潟芝中距離(1700-2000)・良・中枠(3-6)で父「マンハッタンカフェ」は基準比リフト1.014
中京,直線長め・持続型,ダ,短中距離(1400-1600),良,中枠(3-6),父,ヘニーヒューズ,85,4,17,0.0471,0.2,58.7,0.0,6.62,0.1973,0.0027,1.014,C,中京ダ短中距離(1400-1600)・良・中枠(3-6)で父「ヘニーヒューズ」は基準比リフト1.014
京都,平坦・スピード型,ダ,短中距離(1400-1600),良,外枠(7-8),父,キングカメハメハ,66,2,13,0.0303,0.197,7.7,0.0,6.97,0.1942,0.0028,1.014,C,京都ダ短中距離(1400-1600)・良・外枠(7-8)で父「キングカメハメハ」は基準比リフト1.014
東京,直線長め・持続型,ダ,短中距離(1400-1600),良,中枠(3-6),父,シニスターミニスター,178,6,36,0.0337,0.2022,10.7,0.0,7.3,0.1997,0.0025,1.013,C,東京ダ短中距離(1400-1600)・良・中枠(3-6)で父「シニスターミニスター」は基準比リフト1.013
京都,平坦・スピード型,ダ,中距離(1700-2000),良,中枠(3-6),父,ブラックタイド,77,8,17,0.1039,0.2208,284.2,0.0,8.26,0.2181,0.0027,1.012,C,京都ダ中距離(1700-2000)・良・中枠(3-6)で父「ブラックタイド」は基準比リフト1.012
京都,平坦・スピード型,芝,短中距離(1400-1600),良,中枠(3-6),父,マンハッタンカフェ,143,10,31,0.0699,0.2168,71.8,0.0,7.01,0.2142,0.0026,1.012,C,京都芝短中距離(1400-1600)・良・中枠(3-6)で父「マンハッタンカフェ」は基準比リフト1.012
京都,平坦・スピード型,芝,短中距離(1400-1600),良,中枠(3-6),父,グラスワンダー,60,4,13,0.0667,0.2167,118.2,0.0,10.0,0.2142,0.0025,1.012,C,京都芝短中距離(1400-1600)・良・中枠(3-6)で父「グラスワンダー」は基準比リフト1.012
東京,直線長め・持続型,芝,短中距離(1400-1600),良,内枠(1-2),父,ディープブリランテ,58,5,12,0.0862,0.2069,86.2,0.0,8.48,0.2047,0.0022,1.011,C,東京芝短中距離(1400-1600)・良・内枠(1-2)で父「ディープブリランテ」は基準比リフト1.011
阪神,坂あり・パワー型,ダ,中距離(1700-2000),良,中枠(3-6),父,ワイルドラッシュ,61,5,14,0.082,0.2295,99.5,0.0,7.1,0.2273,0.0022,1.01,C,阪神ダ中距離(1700-2000)・良・中枠(3-6)で父「ワイルドラッシュ」は基準比リフト1.01
新潟,直線長め・平坦型,芝,中距離(1700-2000),良,中枠(3-6),父,オルフェーヴル,73,5,16,0.0685,0.2192,31.5,0.0,7.67,0.2171,0.0021,1.01,C,新潟芝中距離(1700-2000)・良・中枠(3-6)で父「オルフェーヴル」は基準比リフト1.01
小倉,小回り・機動型,芝,短距離(1000-1300),良,外枠(7-8),父,タイキシャトル,80,3,16,0.0375,0.2,56.6,0.0,8.48,0.1981,0.0019,1.01,C,小倉芝短距離(1000-1300)・良・外枠(7-8)で父「タイキシャトル」は基準比リフト1.01
小倉,小回り・機動型,芝,短距離(1000-1300),良,外枠(7-8),父,アグネスタキオン,50,3,10,0.06,0.2,14.6,0.0,5.94,0.1981,0.0019,1.01,C,小倉芝短距離(1000-1300)・良・外枠(7-8)で父「アグネスタキオン」は基準比リフト1.01
函館,小回り・持続型,芝,中距離(1700-2000),良,中枠(3-6),父,ジャングルポケット,62,9,15,0.1452,0.2419,184.8,0.0,7.02,0.2397,0.0022,1.009,C,函館芝中距離(1700-2000)・良・中枠(3-6)で父「ジャングルポケット」は基準比リフト1.009
阪神,坂あり・パワー型,ダ,中距離(1700-2000),良,外枠(7-8),父,ゴールドアリュール,118,13,28,0.1102,0.2373,33.0,0.0,6.39,0.2351,0.0022,1.009,C,阪神ダ中距離(1700-2000)・良・外枠(7-8)で父「ゴールドアリュール」は基準比リフト1.009
京都,平坦・スピード型,芝,中距離(1700-2000),良,外枠(7-8),父,ネオユニヴァース,92,8,21,0.087,0.2283,35.4,0.0,6.49,0.2263,0.002,1.009,C,京都芝中距離(1700-2000)・良・外枠(7-8)で父「ネオユニヴァース」は基準比リフト1.009
小倉,小回り・機動型,芝,中距離(1700-2000),良,中枠(3-6),父,ロードカナロア,85,10,19,0.1176,0.2235,124.0,0.0,6.6,0.2218,0.0017,1.008,C,小倉芝中距離(1700-2000)・良・中枠(3-6)で父「ロードカナロア」は基準比リフト1.008
阪神,坂あり・パワー型,芝,短中距離(1400-1600),良,外枠(7-8),父,マンハッタンカフェ,78,6,15,0.0769,0.1923,42.7,0.0,8.36,0.1907,0.0016,1.008,C,阪神芝短中距離(1400-1600)・良・外枠(7-8)で父「マンハッタンカフェ」は基準比リフト1.008
中京,直線長め・持続型,芝,中距離(1700-2000),良,中枠(3-6),父,マンハッタンカフェ,99,7,22,0.0707,0.2222,30.3,0.0,7.82,0.2207,0.0015,1.007,C,中京芝中距離(1700-2000)・良・中枠(3-6)で父「マンハッタンカフェ」は基準比リフト1.007
新潟,直線長め・平坦型,ダ,短距離(1000-1300),良,中枠(3-6),父,ダイワメジャー,93,8,19,0.086,0.2043,40.6,0.0,7.37,0.2029,0.0014,1.007,C,新潟ダ短距離(1000-1300)・良・中枠(3-6)で父「ダイワメジャー」は基準比リフト1.007
函館,小回り・持続型,ダ,中距離(1700-2000),良,中枠(3-6),父,シンボリクリスエス,97,9,23,0.0928,0.2371,55.7,0.0,5.88,0.2356,0.0015,1.006,C,函館ダ中距離(1700-2000)・良・中枠(3-6)で父「シンボリクリスエス」は基準比リフト1.006
新潟,直線長め・平坦型,ダ,短距離(1000-1300),良,中枠(3-6),父,サウスヴィグラス,142,13,29,0.0915,0.2042,56.0,0.0,7.15,0.2029,0.0013,1.006,C,新潟ダ短距離(1000-1300)・良・中枠(3-6)で父「サウスヴィグラス」は基準比リフト1.006
東京,直線長め・持続型,芝,短中距離(1400-1600),良,外枠(7-8),父,サクラバクシンオー,80,6,16,0.075,0.2,92.8,0.0,7.65,0.1988,0.0012,1.006,C,東京芝短中距離(1400-1600)・良・外枠(7-8)で父「サクラバクシンオー」は基準比リフト1.006
東京,直線長め・持続型,芝,短中距離(1400-1600),良,外枠(7-8),父,スペシャルウィーク,55,6,11,0.1091,0.2,67.3,0.0,8.27,0.1988,0.0012,1.006,C,東京芝短中距離(1400-1600)・良・外枠(7-8)で父「スペシャルウィーク」は基準比リフト1.006
中京,直線長め・持続型,ダ,中距離(1700-2000),良,中枠(3-6),父,ネオユニヴァース,82,3,18,0.0366,0.2195,35.9,0.0,7.21,0.2184,0.0011,1.005,C,中京ダ中距離(1700-2000)・良・中枠(3-6)で父「ネオユニヴァース」は基準比リフト1.005
中山,坂あり・パワー型,ダ,中距離(1700-2000),良,中枠(3-6),父,オルフェーヴル,85,4,17,0.0471,0.2,9.1,0.0,7.27,0.199,0.001,1.005,C,中山ダ中距離(1700-2000)・良・中枠(3-6)で父「オルフェーヴル」は基準比リフト1.005
中山,坂あり・パワー型,ダ,中距離(1700-2000),良,内枠(1-2),父,ゼンノロブロイ,70,2,13,0.0286,0.1857,15.3,0.0,7.86,0.1848,0.0009,1.005,C,中山ダ中距離(1700-2000)・良・内枠(1-2)で父「ゼンノロブロイ」は基準比リフト1.005
京都,平坦・スピード型,芝,中距離(1700-2000),良,中枠(3-6),父,ネオユニヴァース,142,12,35,0.0845,0.2465,140.1,0.0,6.56,0.2454,0.0011,1.004,C,京都芝中距離(1700-2000)・良・中枠(3-6)で父「ネオユニヴァース」は基準比リフト1.004
東京,直線長め・持続型,芝,短中距離(1400-1600),良,中枠(3-6),父,アグネスデジタル,54,4,11,0.0741,0.2037,44.4,0.0,7.85,0.2028,0.0009,1.004,C,東京芝短中距離(1400-1600)・良・中枠(3-6)で父「アグネスデジタル」は基準比リフト1.004
函館,小回り・持続型,芝,中距離(1700-2000),良,中枠(3-6),父,シンボリクリスエス,79,8,19,0.1013,0.2405,81.6,0.0,6.11,0.2397,0.0008,1.003,C,函館芝中距離(1700-2000)・良・中枠(3-6)で父「シンボリクリスエス」は基準比リフト1.003
函館,小回り・持続型,芝,中距離(1700-2000),良,中枠(3-6),父,ハーツクライ,104,10,25,0.0962,0.2404,35.2,0.0,6.39,0.2397,0.0007,1.003,C,函館芝中距離(1700-2000)・良・中枠(3-6)で父「ハーツクライ」は基準比リフト1.003
東京,直線長め・持続型,芝,中距離(1700-2000),良,中枠(3-6),父,シンボリクリスエス,164,12,39,0.0732,0.2378,53.5,0.0,6.98,0.237,0.0008,1.003,C,東京芝中距離(1700-2000)・良・中枠(3-6)で父「シンボリクリスエス」は基準比リフト1.003
東京,直線長め・持続型,芝,中距離(1700-2000),良,内枠(1-2),父,ハービンジャー,85,8,20,0.0941,0.2353,127.2,0.0,6.94,0.2345,0.0008,1.003,C,東京芝中距離(1700-2000)・良・内枠(1-2)で父「ハービンジャー」は基準比リフト1.003
中京,直線長め・持続型,芝,短中距離(1400-1600),良,中枠(3-6),父,キンシャサノキセキ,73,4,15,0.0548,0.2055,50.8,0.0,8.32,0.2051,0.0004,1.002,C,中京芝短中距離(1400-1600)・良・中枠(3-6)で父「キンシャサノキセキ」は基準比リフト1.002
東京,直線長め・持続型,ダ,短中距離(1400-1600),良,中枠(3-6),父,ノボジャック,55,5,11,0.0909,0.2,104.4,0.0,8.82,0.1997,0.0003,1.002,C,東京ダ短中距離(1400-1600)・良・中枠(3-6)で父「ノボジャック」は基準比リフト1.002
京都,平坦・スピード型,ダ,中距離(1700-2000),良,中枠(3-6),父,キンシャサノキセキ,55,2,12,0.0364,0.2182,50.5,0.0,9.05,0.2181,0.0001,1.0,C,京都ダ中距離(1700-2000)・良・中枠(3-6)で父「キンシャサノキセキ」は基準比リフト1.0
中山,坂あり・パワー型,芝,中距離(1700-2000),良,外枠(7-8),父,ヴィクトワールピサ,53,4,11,0.0755,0.2075,110.6,0.0,6.87,0.2074,0.0001,1.0,C,中山芝中距離(1700-2000)・良・外枠(7-8)で父「ヴィクトワールピサ」は基準比リフト1.0
東京,直線長め・持続型,芝,短中距離(1400-1600),良,中枠(3-6),父,ゼンノロブロイ,143,11,29,0.0769,0.2028,67.7,0.0,7.78,0.2028,0.0,1.0,C,東京芝短中距離(1400-1600)・良・中枠(3-6)で父「ゼンノロブロイ」は基準比リフト1.0
東京,直線長め・持続型,芝,短中距離(1400-1600),良,中枠(3-6),父,キンシャサノキセキ,148,10,30,0.0676,0.2027,49.7,0.0,7.65,0.2028,-0.0001,1.0,C,東京芝短中距離(1400-1600)・良・中枠(3-6)で父「キンシャサノキセキ」は基準比リフト1.0
中京,直線長め・持続型,芝,中距離(1700-2000),良,外枠(7-8),父,マンハッタンカフェ,56,3,11,0.0536,0.1964,29.8,0.0,8.12,0.1964,0.0,1.0,C,中京芝中距離(1700-2000)・良・外枠(7-8)で父「マンハッタンカフェ」は基準比リフト1.0
中山,坂あり・パワー型,ダ,中距離(1700-2000),良,外枠(7-8),父,ゼンノロブロイ,72,4,16,0.0556,0.2222,35.1,0.0,6.97,0.2226,-0.0004,0.998,参考,中山ダ中距離(1700-2000)・良・外枠(7-8)で父「ゼンノロブロイ」は基準比リフト0.998
阪神,坂あり・パワー型,芝,短中距離(1400-1600),良,内枠(1-2),父,ステイゴールド,63,4,14,0.0635,0.2222,26.8,0.0,7.52,0.2227,-0.0005,0.998,参考,阪神芝短中距離(1400-1600)・良・内枠(1-2)で父「ステイゴールド」は基準比リフト0.998
中山,坂あり・パワー型,ダ,中距離(1700-2000),良,外枠(7-8),父,ルーラーシップ,54,2,12,0.037,0.2222,55.9,0.0,7.28,0.2226,-0.0004,0.998,参考,中山ダ中距離(1700-2000)・良・外枠(7-8)で父「ルーラーシップ」は基準比リフト0.998
阪神,坂あり・パワー型,ダ,短距離(1000-1300),稍,中枠(3-6),父,サウスヴィグラス,61,6,12,0.0984,0.1967,41.3,0.0,7.07,0.1971,-0.0004,0.998,参考,阪神ダ短距離(1000-1300)・稍・中枠(3-6)で父「サウスヴィグラス」は基準比リフト0.998
中山,坂あり・パワー型,ダ,中距離(1700-2000),良,中枠(3-6),父,アイルハヴアナザー,126,6,25,0.0476,0.1984,28.4,0.0,7.73,0.199,-0.0006,0.997,参考,中山ダ中距離(1700-2000)・良・中枠(3-6)で父「アイルハヴアナザー」は基準比リフト0.997
阪神,坂あり・パワー型,芝,中距離(1700-2000),良,中枠(3-6),父,スペシャルウィーク,88,3,21,0.0341,0.2386,14.0,0.0,7.86,0.2399,-0.0013,0.995,参考,阪神芝中距離(1700-2000)・良・中枠(3-6)で父「スペシャルウィーク」は基準比リフト0.995
札幌,小回り・持続型,ダ,中距離(1700-2000),良,中枠(3-6),父,ゼンノロブロイ,53,5,13,0.0943,0.2453,65.3,0.0,6.25,0.2469,-0.0016,0.994,参考,札幌ダ中距離(1700-2000)・良・中枠(3-6)で父「ゼンノロブロイ」は基準比リフト0.994
京都,平坦・スピード型,ダ,中距離(1700-2000),良,中枠(3-6),父,ジャングルポケット,83,6,18,0.0723,0.2169,50.1,0.0,7.99,0.2181,-0.0012,0.994,参考,京都ダ中距離(1700-2000)・良・中枠(3-6)で父「ジャングルポケット」は基準比リフト0.994
東京,直線長め・持続型,ダ,短中距離(1400-1600),良,内枠(1-2),父,ワイルドラッシュ,60,1,10,0.0167,0.1667,3.0,0.0,8.55,0.1677,-0.001,0.994,参考,東京ダ短中距離(1400-1600)・良・内枠(1-2)で父「ワイルドラッシュ」は基準比リフト0.994
中山,坂あり・パワー型,芝,短中距離(1400-1600),良,中枠(3-6),父,ロージズインメイ,55,5,11,0.0909,0.2,177.3,0.0,8.89,0.2014,-0.0014,0.993,参考,中山芝短中距離(1400-1600)・良・中枠(3-6)で父「ロージズインメイ」は基準比リフト0.993
中山,坂あり・パワー型,芝,短中距離(1400-1600),良,中枠(3-6),父,オルフェーヴル,50,4,10,0.08,0.2,63.0,0.0,7.34,0.2014,-0.0014,0.993,参考,中山芝短中距離(1400-1600)・良・中枠(3-6)で父「オルフェーヴル」は基準比リフト0.993
中山,坂あり・パワー型,ダ,中距離(1700-2000),良,中枠(3-6),父,ジャスタウェイ,86,7,17,0.0814,0.1977,100.3,0.0,7.73,0.199,-0.0013,0.993,参考,中山ダ中距離(1700-2000)・良・中枠(3-6)で父「ジャスタウェイ」は基準比リフト0.993
中京,直線長め・持続型,芝,短中距離(1400-1600),良,外枠(7-8),父,ハービンジャー,56,4,11,0.0714,0.1964,36.4,0.0,8.43,0.1978,-0.0014,0.993,参考,中京芝短中距離(1400-1600)・良・外枠(7-8)で父「ハービンジャー」は基準比リフト0.993
小倉,小回り・機動型,芝,短距離(1000-1300),良,中枠(3-6),父,ハーツクライ,62,5,12,0.0806,0.1935,95.8,0.0,7.02,0.1949,-0.0014,0.993,参考,小倉芝短距離(1000-1300)・良・中枠(3-6)で父「ハーツクライ」は基準比リフト0.993
福島,小回り・機動型,芝,中距離(1700-2000),良,中枠(3-6),父,キングカメハメハ,129,10,28,0.0775,0.2171,56.0,0.0,6.88,0.2188,-0.0017,0.992,参考,福島芝中距離(1700-2000)・良・中枠(3-6)で父「キングカメハメハ」は基準比リフト0.992
中山,坂あり・パワー型,芝,中長距離(2100-2400),良,中枠(3-6),父,キングカメハメハ,58,4,12,0.069,0.2069,31.4,0.0,6.66,0.2088,-0.0019,0.991,参考,中山芝中長距離(2100-2400)・良・中枠(3-6)で父「キングカメハメハ」は基準比リフト0.991
中山,坂あり・パワー型,ダ,中距離(1700-2000),稍,中枠(3-6),父,ネオユニヴァース,63,5,13,0.0794,0.2063,66.2,0.0,7.65,0.2081,-0.0018,0.991,参考,中山ダ中距離(1700-2000)・稍・中枠(3-6)で父「ネオユニヴァース」は基準比リフト0.991
札幌,小回り・持続型,芝,短距離(1000-1300),良,中枠(3-6),父,ダイワメジャー,68,3,14,0.0441,0.2059,68.4,0.0,7.4,0.2078,-0.0019,0.991,参考,札幌芝短距離(1000-1300)・良・中枠(3-6)で父「ダイワメジャー」は基準比リフト0.991
京都,平坦・スピード型,ダ,中距離(1700-2000),良,中枠(3-6),父,ホッコータルマエ,51,4,11,0.0784,0.2157,27.5,0.0,6.61,0.2181,-0.0024,0.989,参考,京都ダ中距離(1700-2000)・良・中枠(3-6)で父「ホッコータルマエ」は基準比リフト0.989
中京,直線長め・持続型,ダ,短距離(1000-1300),良,中枠(3-6),父,サウスヴィグラス,100,8,18,0.08,0.18,108.3,0.0,7.86,0.182,-0.002,0.989,参考,中京ダ短距離(1000-1300)・良・中枠(3-6)で父「サウスヴィグラス」は基準比リフト0.989
中山,坂あり・パワー型,ダ,中距離(1700-2000),良,外枠(7-8),父,プリサイスエンド,50,3,11,0.06,0.22,101.0,0.0,7.58,0.2226,-0.0026,0.988,参考,中山ダ中距離(1700-2000)・良・外枠(7-8)で父「プリサイスエンド」は基準比リフト0.988
新潟,直線長め・平坦型,芝,短中距離(1400-1600),良,中枠(3-6),父,キズナ,52,4,10,0.0769,0.1923,40.4,0.0,8.27,0.1947,-0.0024,0.988,参考,新潟芝短中距離(1400-1600)・良・中枠(3-6)で父「キズナ」は基準比リフト0.988
福島,小回り・機動型,芝,短距離(1000-1300),良,中枠(3-6),父,タニノギムレット,59,2,11,0.0339,0.1864,26.9,0.0,8.51,0.1887,-0.0023,0.988,参考,福島芝短距離(1000-1300)・良・中枠(3-6)で父「タニノギムレット」は基準比リフト0.988
福島,小回り・機動型,芝,短距離(1000-1300),良,内枠(1-2),父,ダイワメジャー,83,9,18,0.1084,0.2169,114.5,0.0,6.82,0.2198,-0.0029,0.987,参考,福島芝短距離(1000-1300)・良・内枠(1-2)で父「ダイワメジャー」は基準比リフト0.987
京都,平坦・スピード型,芝,短中距離(1400-1600),良,内枠(1-2),父,ネオユニヴァース,51,1,11,0.0196,0.2157,43.5,0.0,7.73,0.2185,-0.0028,0.987,参考,京都芝短中距離(1400-1600)・良・内枠(1-2)で父「ネオユニヴァース」は基準比リフト0.987
中山,坂あり・パワー型,ダ,中距離(1700-2000),良,中枠(3-6),父,フジキセキ,56,2,11,0.0357,0.1964,17.0,0.0,7.62,0.199,-0.0026,0.987,参考,中山ダ中距離(1700-2000)・良・中枠(3-6)で父「フジキセキ」は基準比リフト0.987
阪神,坂あり・パワー型,芝,中距離(1700-2000),良,内枠(1-2),父,ハービンジャー,81,5,20,0.0617,0.2469,30.9,0.0,6.64,0.2505,-0.0036,0.986,参考,阪神芝中距離(1700-2000)・良・内枠(1-2)で父「ハービンジャー」は基準比リフト0.986
京都,平坦・スピード型,芝,短中距離(1400-1600),良,中枠(3-6),父,デュランダル,71,7,15,0.0986,0.2113,103.2,0.0,7.79,0.2142,-0.0029,0.986,参考,京都芝短中距離(1400-1600)・良・中枠(3-6)で父「デュランダル」は基準比リフト0.986
東京,直線長め・持続型,芝,短中距離(1400-1600),良,外枠(7-8),父,オルフェーヴル,51,3,10,0.0588,0.1961,51.8,0.0,6.57,0.1988,-0.0027,0.986,参考,東京芝短中距離(1400-1600)・良・外枠(7-8)で父「オルフェーヴル」は基準比リフト0.986
東京,直線長め・持続型,芝,短中距離(1400-1600),良,外枠(7-8),父,ロージズインメイ,51,5,10,0.098,0.1961,100.2,0.0,8.22,0.1988,-0.0027,0.986,参考,東京芝短中距離(1400-1600)・良・外枠(7-8)で父「ロージズインメイ」は基準比リフト0.986
東京,直線長め・持続型,ダ,短中距離(1400-1600),良,内枠(1-2),父,シンボリクリスエス,121,7,20,0.0579,0.1653,38.4,0.0,7.52,0.1677,-0.0024,0.986,参考,東京ダ短中距離(1400-1600)・良・内枠(1-2)で父「シンボリクリスエス」は基準比リフト0.986
函館,小回り・持続型,芝,短距離(1000-1300),良,中枠(3-6),父,キングカメハメハ,61,5,14,0.082,0.2295,18.0,0.0,6.15,0.2329,-0.0034,0.985,参考,函館芝短距離(1000-1300)・良・中枠(3-6)で父「キングカメハメハ」は基準比リフト0.985
阪神,坂あり・パワー型,ダ,短中距離(1400-1600),良,中枠(3-6),父,プリサイスエンド,50,7,10,0.14,0.2,157.6,0.0,8.46,0.2031,-0.0031,0.985,参考,阪神ダ短中距離(1400-1600)・良・中枠(3-6)で父「プリサイスエンド」は基準比リフト0.985
中京,直線長め・持続型,芝,短中距離(1400-1600),良,外枠(7-8),父,ハーツクライ,77,7,15,0.0909,0.1948,62.6,0.0,6.9,0.1978,-0.003,0.985,参考,中京芝短中距離(1400-1600)・良・外枠(7-8)で父「ハーツクライ」は基準比リフト0.985
東京,直線長め・持続型,ダ,短中距離(1400-1600),良,内枠(1-2),父,ネオユニヴァース,115,7,19,0.0609,0.1652,43.1,0.0,8.18,0.1677,-0.0025,0.985,参考,東京ダ短中距離(1400-1600)・良・内枠(1-2)で父「ネオユニヴァース」は基準比リフト0.985
札幌,小回り・持続型,芝,中距離(1700-2000),良,中枠(3-6),父,シンボリクリスエス,67,11,16,0.1642,0.2388,270.0,0.0,7.81,0.2428,-0.004,0.984,参考,札幌芝中距離(1700-2000)・良・中枠(3-6)で父「シンボリクリスエス」は基準比リフト0.984
阪神,坂あり・パワー型,芝,中距離(1700-2000),良,外枠(7-8),父,オルフェーヴル,61,2,14,0.0328,0.2295,9.3,0.0,6.3,0.2332,-0.0037,0.984,参考,阪神芝中距離(1700-2000)・良・外枠(7-8)で父「オルフェーヴル」は基準比リフト0.984
小倉,小回り・機動型,芝,短距離(1000-1300),良,中枠(3-6),父,アグネスタキオン,73,2,14,0.0274,0.1918,7.0,0.0,7.78,0.1949,-0.0031,0.984,参考,小倉芝短距離(1000-1300)・良・中枠(3-6)で父「アグネスタキオン」は基準比リフト0.984
中山,坂あり・パワー型,ダ,短距離(1000-1300),良,中枠(3-6),父,シンボリクリスエス,58,5,11,0.0862,0.1897,55.9,0.0,7.86,0.1927,-0.003,0.984,参考,中山ダ短距離(1000-1300)・良・中枠(3-6)で父「シンボリクリスエス」は基準比リフト0.984
小倉,小回り・機動型,芝,中距離(1700-2000),良,内枠(1-2),父,ハービンジャー,64,4,14,0.0625,0.2188,28.6,0.0,7.39,0.2226,-0.0038,0.983,参考,小倉芝中距離(1700-2000)・良・内枠(1-2)で父「ハービンジャー」は基準比リフト0.983
東京,直線長め・持続型,ダ,短中距離(1400-1600),良,外枠(7-8),父,フジキセキ,94,8,20,0.0851,0.2128,79.3,0.0,6.66,0.2165,-0.0037,0.983,参考,東京ダ短中距離(1400-1600)・良・外枠(7-8)で父「フジキセキ」は基準比リフト0.983
東京,直線長め・持続型,芝,中距離(1700-2000),良,外枠(7-8),父,ステイゴールド,203,15,43,0.0739,0.2118,83.3,0.0,7.62,0.2154,-0.0036,0.983,参考,東京芝中距離(1700-2000)・良・外枠(7-8)で父「ステイゴールド」は基準比リフト0.983
阪神,坂あり・パワー型,ダ,中距離(1700-2000),良,外枠(7-8),父,マンハッタンカフェ,78,5,18,0.0641,0.2308,24.6,0.0,6.27,0.2351,-0.0043,0.982,参考,阪神ダ中距離(1700-2000)・良・外枠(7-8)で父「マンハッタンカフェ」は基準比リフト0.982
京都,平坦・スピード型,芝,中距離(1700-2000),良,外枠(7-8),父,ブラックタイド,63,4,14,0.0635,0.2222,80.5,0.0,8.65,0.2263,-0.0041,0.982,参考,京都芝中距離(1700-2000)・良・外枠(7-8)で父「ブラックタイド」は基準比リフト0.982
新潟,直線長め・平坦型,ダ,中距離(1700-2000),良,中枠(3-6),父,マンハッタンカフェ,57,4,12,0.0702,0.2105,72.5,0.0,7.3,0.2144,-0.0039,0.982,参考,新潟ダ中距離(1700-2000)・良・中枠(3-6)で父「マンハッタンカフェ」は基準比リフト0.982
福島,小回り・機動型,芝,中距離(1700-2000),良,内枠(1-2),父,ハーツクライ,69,5,14,0.0725,0.2029,78.3,0.0,6.97,0.2066,-0.0037,0.982,参考,福島芝中距離(1700-2000)・良・内枠(1-2)で父「ハーツクライ」は基準比リフト0.982
東京,直線長め・持続型,芝,中距離(1700-2000),良,外枠(7-8),父,ゼンノロブロイ,109,8,23,0.0734,0.211,58.7,0.0,7.59,0.2154,-0.0044,0.98,参考,東京芝中距離(1700-2000)・良・外枠(7-8)で父「ゼンノロブロイ」は基準比リフト0.98
東京,直線長め・持続型,芝,中距離(1700-2000),良,外枠(7-8),父,マンハッタンカフェ,109,10,23,0.0917,0.211,181.0,0.0,6.63,0.2154,-0.0044,0.98,参考,東京芝中距離(1700-2000)・良・外枠(7-8)で父「マンハッタンカフェ」は基準比リフト0.98
福島,小回り・機動型,芝,短距離(1000-1300),良,外枠(7-8),父,マツリダゴッホ,52,2,10,0.0385,0.1923,47.1,0.0,9.04,0.1962,-0.0039,0.98,参考,福島芝短距離(1000-1300)・良・外枠(7-8)で父「マツリダゴッホ」は基準比リフト0.98
新潟,直線長め・平坦型,芝,中長距離(2100-2400),良,外枠(7-8),父,ステイゴールド,59,2,11,0.0339,0.1864,30.5,0.0,7.44,0.1903,-0.0039,0.98,参考,新潟芝中長距離(2100-2400)・良・外枠(7-8)で父「ステイゴールド」は基準比リフト0.98
福島,小回り・機動型,ダ,中距離(1700-2000),良,中枠(3-6),父,マヤノトップガン,51,2,10,0.0392,0.1961,10.6,0.0,8.71,0.2003,-0.0042,0.979,参考,福島ダ中距離(1700-2000)・良・中枠(3-6)で父「マヤノトップガン」は基準比リフト0.979
中山,坂あり・パワー型,ダ,短距離(1000-1300),良,中枠(3-6),父,エスポワールシチー,53,1,10,0.0189,0.1887,57.4,0.0,8.38,0.1927,-0.004,0.979,参考,中山ダ短距離(1000-1300)・良・中枠(3-6)で父「エスポワールシチー」は基準比リフト0.979
小倉,小回り・機動型,芝,中距離(1700-2000),良,外枠(7-8),父,タニノギムレット,60,4,12,0.0667,0.2,53.8,0.0,9.03,0.2048,-0.0048,0.977,参考,小倉芝中距離(1700-2000)・良・外枠(7-8)で父「タニノギムレット」は基準比リフト0.977
中京,直線長め・持続型,ダ,中距離(1700-2000),良,外枠(7-8),父,ハーツクライ,59,5,12,0.0847,0.2034,35.4,0.0,6.14,0.2087,-0.0053,0.975,参考,中京ダ中距離(1700-2000)・良・外枠(7-8)で父「ハーツクライ」は基準比リフト0.975
中京,直線長め・持続型,芝,短中距離(1400-1600),良,中枠(3-6),父,クロフネ,60,5,12,0.0833,0.2,37.2,0.0,8.52,0.2051,-0.0051,0.975,参考,中京芝短中距離(1400-1600)・良・中枠(3-6)で父「クロフネ」は基準比リフト0.975
中山,坂あり・パワー型,ダ,短距離(1000-1300),良,中枠(3-6),父,スウェプトオーヴァーボード,197,14,37,0.0711,0.1878,45.0,0.0,8.39,0.1927,-0.0049,0.975,参考,中山ダ短距離(1000-1300)・良・中枠(3-6)で父「スウェプトオーヴァーボード」は基準比リフト0.975
京都,平坦・スピード型,芝,中長距離(2100-2400),良,中枠(3-6),父,キングカメハメハ,114,11,26,0.0965,0.2281,59.9,0.0,5.95,0.2341,-0.006,0.974,参考,京都芝中長距離(2100-2400)・良・中枠(3-6)で父「キングカメハメハ」は基準比リフト0.974
小倉,小回り・機動型,芝,短距離(1000-1300),良,外枠(7-8),父,クロフネ,57,4,11,0.0702,0.193,139.3,0.0,10.09,0.1981,-0.0051,0.974,参考,小倉芝短距離(1000-1300)・良・外枠(7-8)で父「クロフネ」は基準比リフト0.974
東京,直線長め・持続型,芝,中距離(1700-2000),良,内枠(1-2),父,ロードカナロア,57,4,13,0.0702,0.2281,19.3,0.0,5.28,0.2345,-0.0064,0.973,参考,東京芝中距離(1700-2000)・良・内枠(1-2)で父「ロードカナロア」は基準比リフト0.973
京都,平坦・スピード型,ダ,中距離(1700-2000),良,中枠(3-6),父,キングヘイロー,66,4,14,0.0606,0.2121,101.5,0.0,8.76,0.2181,-0.006,0.972,参考,京都ダ中距離(1700-2000)・良・中枠(3-6)で父「キングヘイロー」は基準比リフト0.972
阪神,坂あり・パワー型,ダ,短中距離(1400-1600),稍,中枠(3-6),父,クロフネ,68,4,13,0.0588,0.1912,27.9,0.0,7.29,0.1968,-0.0056,0.972,参考,阪神ダ短中距離(1400-1600)・稍・中枠(3-6)で父「クロフネ」は基準比リフト0.972
京都,平坦・スピード型,芝,短中距離(1400-1600),良,外枠(7-8),父,ハーツクライ,133,8,25,0.0602,0.188,30.3,0.0,6.61,0.1935,-0.0055,0.972,参考,京都芝短中距離(1400-1600)・良・外枠(7-8)で父「ハーツクライ」は基準比リフト0.972
阪神,坂あり・パワー型,芝,中長距離(2100-2400),良,中枠(3-6),父,ステイゴールド,75,6,19,0.08,0.2533,24.0,0.0,6.4,0.2609,-0.0076,0.971,参考,阪神芝中長距離(2100-2400)・良・中枠(3-6)で父「ステイゴールド」は基準比リフト0.971
中京,直線長め・持続型,芝,中距離(1700-2000),良,中枠(3-6),父,ジャングルポケット,70,4,15,0.0571,0.2143,54.4,0.0,7.14,0.2207,-0.0064,0.971,参考,中京芝中距離(1700-2000)・良・中枠(3-6)で父「ジャングルポケット」は基準比リフト0.971
京都,平坦・スピード型,芝,短中距離(1400-1600),良,中枠(3-6),父,ハーツクライ,178,10,37,0.0562,0.2079,88.7,0.0,7.25,0.2142,-0.0063,0.971,参考,京都芝短中距離(1400-1600)・良・中枠(3-6)で父「ハーツクライ」は基準比リフト0.971
京都,平坦・スピード型,芝,短中距離(1400-1600),良,中枠(3-6),父,ハービンジャー,101,3,21,0.0297,0.2079,64.0,0.0,6.97,0.2142,-0.0063,0.971,参考,京都芝短中距離(1400-1600)・良・中枠(3-6)で父「ハービンジャー」は基準比リフト0.971
東京,直線長め・持続型,ダ,短中距離(1400-1600),良,中枠(3-6),父,スズカマンボ,67,4,13,0.0597,0.194,25.4,0.0,8.85,0.1997,-0.0057,0.971,参考,東京ダ短中距離(1400-1600)・良・中枠(3-6)で父「スズカマンボ」は基準比リフト0.971
阪神,坂あり・パワー型,芝,短中距離(1400-1600),良,中枠(3-6),父,タイキシャトル,95,5,20,0.0526,0.2105,63.9,0.0,8.58,0.2169,-0.0064,0.97,参考,阪神芝短中距離(1400-1600)・良・中枠(3-6)で父「タイキシャトル」は基準比リフト0.97
阪神,坂あり・パワー型,芝,短中距離(1400-1600),良,中枠(3-6),父,ブラックタイド,95,5,20,0.0526,0.2105,21.8,0.0,8.8,0.2169,-0.0064,0.97,参考,阪神芝短中距離(1400-1600)・良・中枠(3-6)で父「ブラックタイド」は基準比リフト0.97
京都,平坦・スピード型,芝,短中距離(1400-1600),良,外枠(7-8),父,ネオユニヴァース,96,7,18,0.0729,0.1875,68.1,0.0,8.81,0.1935,-0.006,0.969,参考,京都芝短中距離(1400-1600)・良・外枠(7-8)で父「ネオユニヴァース」は基準比リフト0.969
東京,直線長め・持続型,芝,中距離(1700-2000),良,中枠(3-6),父,マンハッタンカフェ,183,18,42,0.0984,0.2295,76.8,0.0,6.89,0.237,-0.0075,0.968,参考,東京芝中距離(1700-2000)・良・中枠(3-6)で父「マンハッタンカフェ」は基準比リフト0.968
京都,平坦・スピード型,ダ,中距離(1700-2000),良,外枠(7-8),父,ブライアンズタイム,65,4,13,0.0615,0.2,85.4,0.0,8.06,0.2066,-0.0066,0.968,参考,京都ダ中距離(1700-2000)・良・外枠(7-8)で父「ブライアンズタイム」は基準比リフト0.968
東京,直線長め・持続型,芝,中長距離(2100-2400),良,外枠(7-8),父,ステイゴールド,87,3,19,0.0345,0.2184,10.9,0.0,7.28,0.2262,-0.0078,0.966,参考,東京芝中長距離(2100-2400)・良・外枠(7-8)で父「ステイゴールド」は基準比リフト0.966
小倉,小回り・機動型,芝,中距離(1700-2000),良,中枠(3-6),父,バゴ,56,2,12,0.0357,0.2143,27.7,0.0,8.48,0.2218,-0.0075,0.966,参考,小倉芝中距離(1700-2000)・良・中枠(3-6)で父「バゴ」は基準比リフト0.966
中山,坂あり・パワー型,芝,中距離(1700-2000),良,中枠(3-6),父,ダイワメジャー,115,5,24,0.0435,0.2087,20.0,0.0,6.86,0.2165,-0.0078,0.964,参考,中山芝中距離(1700-2000)・良・中枠(3-6)で父「ダイワメジャー」は基準比リフト0.964
中京,直線長め・持続型,芝,短中距離(1400-1600),良,中枠(3-6),父,ハービンジャー,86,6,17,0.0698,0.1977,20.8,0.0,7.6,0.2051,-0.0074,0.964,参考,中京芝短中距離(1400-1600)・良・中枠(3-6)で父「ハービンジャー」は基準比リフト0.964
中山,坂あり・パワー型,ダ,短距離(1000-1300),良,中枠(3-6),父,サクラバクシンオー,113,7,21,0.0619,0.1858,35.8,0.0,7.1,0.1927,-0.0069,0.964,参考,中山ダ短距離(1000-1300)・良・中枠(3-6)で父「サクラバクシンオー」は基準比リフト0.964
阪神,坂あり・パワー型,ダ,中距離(1700-2000),良,中枠(3-6),父,ダイワメジャー,105,8,23,0.0762,0.219,74.0,0.0,7.13,0.2273,-0.0083,0.963,参考,阪神ダ中距離(1700-2000)・良・中枠(3-6)で父「ダイワメジャー」は基準比リフト0.963
福島,小回り・機動型,芝,短距離(1000-1300),良,中枠(3-6),父,アドマイヤムーン,110,7,20,0.0636,0.1818,63.3,0.0,7.38,0.1887,-0.0069,0.963,参考,福島芝短距離(1000-1300)・良・中枠(3-6)で父「アドマイヤムーン」は基準比リフト0.963
札幌,小回り・持続型,芝,中距離(1700-2000),良,外枠(7-8),父,ハービンジャー,65,8,13,0.1231,0.2,49.4,0.0,6.15,0.2079,-0.0079,0.962,参考,札幌芝中距離(1700-2000)・良・外枠(7-8)で父「ハービンジャー」は基準比リフト0.962
中山,坂あり・パワー型,芝,短中距離(1400-1600),良,中枠(3-6),父,マツリダゴッホ,93,5,18,0.0538,0.1935,35.3,0.0,8.34,0.2014,-0.0079,0.961,参考,中山芝短中距離(1400-1600)・良・中枠(3-6)で父「マツリダゴッホ」は基準比リフト0.961
中京,直線長め・持続型,ダ,中距離(1700-2000),良,中枠(3-6),父,キンシャサノキセキ,62,2,13,0.0323,0.2097,15.8,0.0,7.31,0.2184,-0.0087,0.96,参考,中京ダ中距離(1700-2000)・良・中枠(3-6)で父「キンシャサノキセキ」は基準比リフト0.96
福島,小回り・機動型,ダ,中距離(1700-2000),良,中枠(3-6),父,ダイワメジャー,52,2,10,0.0385,0.1923,12.1,0.0,6.81,0.2003,-0.008,0.96,参考,福島ダ中距離(1700-2000)・良・中枠(3-6)で父「ダイワメジャー」は基準比リフト0.96
阪神,坂あり・パワー型,芝,短中距離(1400-1600),良,中枠(3-6),父,ネオユニヴァース,130,7,27,0.0538,0.2077,52.9,0.0,7.15,0.2169,-0.0092,0.958,参考,阪神芝短中距離(1400-1600)・良・中枠(3-6)で父「ネオユニヴァース」は基準比リフト0.958
函館,小回り・持続型,芝,中距離(1700-2000),良,中枠(3-6),父,ルーラーシップ,61,2,14,0.0328,0.2295,16.6,0.0,6.41,0.2397,-0.0102,0.957,参考,函館芝中距離(1700-2000)・良・中枠(3-6)で父「ルーラーシップ」は基準比リフト0.957
阪神,坂あり・パワー型,ダ,中距離(1700-2000),良,内枠(1-2),父,ハーツクライ,66,4,13,0.0606,0.197,37.6,0.0,6.71,0.206,-0.009,0.956,参考,阪神ダ中距離(1700-2000)・良・内枠(1-2)で父「ハーツクライ」は基準比リフト0.956
京都,平坦・スピード型,ダ,短距離(1000-1300),良,中枠(3-6),父,フレンチデピュティ,59,5,11,0.0847,0.1864,29.8,0.0,7.05,0.1949,-0.0085,0.956,参考,京都ダ短距離(1000-1300)・良・中枠(3-6)で父「フレンチデピュティ」は基準比リフト0.956
小倉,小回り・機動型,芝,中距離(1700-2000),良,外枠(7-8),父,マンハッタンカフェ,87,6,17,0.069,0.1954,53.8,0.0,8.06,0.2048,-0.0094,0.954,参考,小倉芝中距離(1700-2000)・良・外枠(7-8)で父「マンハッタンカフェ」は基準比リフト0.954
京都,平坦・スピード型,芝,中距離(1700-2000),良,外枠(7-8),父,スペシャルウィーク,65,5,14,0.0769,0.2154,80.3,0.0,7.38,0.2263,-0.0109,0.952,参考,京都芝中距離(1700-2000)・良・外枠(7-8)で父「スペシャルウィーク」は基準比リフト0.952
京都,平坦・スピード型,ダ,中距離(1700-2000),良,外枠(7-8),父,シンボリクリスエス,122,5,24,0.041,0.1967,76.0,0.0,7.04,0.2066,-0.0099,0.952,参考,京都ダ中距離(1700-2000)・良・外枠(7-8)で父「シンボリクリスエス」は基準比リフト0.952
東京,直線長め・持続型,ダ,短中距離(1400-1600),良,中枠(3-6),父,パイロ,205,8,39,0.039,0.1902,18.7,0.0,8.35,0.1997,-0.0095,0.952,参考,東京ダ短中距離(1400-1600)・良・中枠(3-6)で父「パイロ」は基準比リフト0.952
東京,直線長め・持続型,芝,短中距離(1400-1600),良,外枠(7-8),父,タニノギムレット,90,2,17,0.0222,0.1889,16.2,0.0,8.54,0.1988,-0.0099,0.95,参考,東京芝短中距離(1400-1600)・良・外枠(7-8)で父「タニノギムレット」は基準比リフト0.95
阪神,坂あり・パワー型,ダ,中距離(1700-2000),良,中枠(3-6),父,メイショウボーラー,51,1,11,0.0196,0.2157,9.2,0.0,9.22,0.2273,-0.0116,0.949,参考,阪神ダ中距離(1700-2000)・良・中枠(3-6)で父「メイショウボーラー」は基準比リフト0.949
東京,直線長め・持続型,芝,中距離(1700-2000),良,外枠(7-8),父,ジャングルポケット,88,4,18,0.0455,0.2045,29.1,0.0,7.74,0.2154,-0.0109,0.949,参考,東京芝中距離(1700-2000)・良・外枠(7-8)で父「ジャングルポケット」は基準比リフト0.949
新潟,直線長め・平坦型,ダ,中距離(1700-2000),良,中枠(3-6),父,ロージズインメイ,59,2,12,0.0339,0.2034,38.5,0.0,6.68,0.2144,-0.011,0.949,参考,新潟ダ中距離(1700-2000)・良・中枠(3-6)で父「ロージズインメイ」は基準比リフト0.949
阪神,坂あり・パワー型,ダ,短中距離(1400-1600),良,中枠(3-6),父,ダイワメジャー,109,8,21,0.0734,0.1927,109.4,0.0,6.46,0.2031,-0.0104,0.949,参考,阪神ダ短中距離(1400-1600)・良・中枠(3-6)で父「ダイワメジャー」は基準比リフト0.949
東京,直線長め・持続型,芝,短中距離(1400-1600),良,外枠(7-8),父,ジャングルポケット,106,7,20,0.066,0.1887,40.2,0.0,8.54,0.1988,-0.0101,0.949,参考,東京芝短中距離(1400-1600)・良・外枠(7-8)で父「ジャングルポケット」は基準比リフト0.949
福島,小回り・機動型,ダ,中距離(1700-2000),良,中枠(3-6),父,ハーツクライ,79,5,15,0.0633,0.1899,40.1,0.0,6.96,0.2003,-0.0104,0.948,参考,福島ダ中距離(1700-2000)・良・中枠(3-6)で父「ハーツクライ」は基準比リフト0.948
阪神,坂あり・パワー型,芝,中長距離(2100-2400),良,内枠(1-2),父,ハーツクライ,51,2,13,0.0392,0.2549,94.7,0.0,5.9,0.2691,-0.0142,0.947,参考,阪神芝中長距離(2100-2400)・良・内枠(1-2)で父「ハーツクライ」は基準比リフト0.947
京都,平坦・スピード型,芝,中距離(1700-2000),良,内枠(1-2),父,ネオユニヴァース,53,8,12,0.1509,0.2264,70.4,0.0,5.79,0.239,-0.0126,0.947,参考,京都芝中距離(1700-2000)・良・内枠(1-2)で父「ネオユニヴァース」は基準比リフト0.947
福島,小回り・機動型,芝,中距離(1700-2000),良,中枠(3-6),父,シンボリクリスエス,111,2,23,0.018,0.2072,14.9,0.0,8.43,0.2188,-0.0116,0.947,参考,福島芝中距離(1700-2000)・良・中枠(3-6)で父「シンボリクリスエス」は基準比リフト0.947
東京,直線長め・持続型,芝,中距離(1700-2000),良,外枠(7-8),父,ネオユニヴァース,103,6,21,0.0583,0.2039,34.1,0.0,7.37,0.2154,-0.0115,0.947,参考,東京芝中距離(1700-2000)・良・外枠(7-8)で父「ネオユニヴァース」は基準比リフト0.947
阪神,坂あり・パワー型,ダ,短距離(1000-1300),良,中枠(3-6),父,サクラバクシンオー,61,4,12,0.0656,0.1967,54.6,0.0,7.66,0.2076,-0.0109,0.947,参考,阪神ダ短距離(1000-1300)・良・中枠(3-6)で父「サクラバクシンオー」は基準比リフト0.947
京都,平坦・スピード型,芝,中距離(1700-2000),良,中枠(3-6),父,グラスワンダー,56,6,13,0.1071,0.2321,131.6,0.0,7.36,0.2454,-0.0133,0.946,参考,京都芝中距離(1700-2000)・良・中枠(3-6)で父「グラスワンダー」は基準比リフト0.946
阪神,坂あり・パワー型,ダ,中距離(1700-2000),稍,外枠(7-8),父,ゴールドアリュール,61,6,14,0.0984,0.2295,167.0,0.0,7.0,0.2427,-0.0132,0.946,参考,阪神ダ中距離(1700-2000)・稍・外枠(7-8)で父「ゴールドアリュール」は基準比リフト0.946
東京,直線長め・持続型,ダ,短中距離(1400-1600),良,内枠(1-2),父,ロージズインメイ,63,0,10,0.0,0.1587,0.0,0.0,8.67,0.1677,-0.009,0.946,参考,東京ダ短中距離(1400-1600)・良・内枠(1-2)で父「ロージズインメイ」は基準比リフト0.946
新潟,直線長め・平坦型,芝,短中距離(1400-1600),良,中枠(3-6),父,シンボリクリスエス,87,6,16,0.069,0.1839,33.4,0.0,8.02,0.1947,-0.0108,0.945,参考,新潟芝短中距離(1400-1600)・良・中枠(3-6)で父「シンボリクリスエス」は基準比リフト0.945
福島,小回り・機動型,芝,中距離(1700-2000),良,外枠(7-8),父,マンハッタンカフェ,62,5,11,0.0806,0.1774,46.9,0.0,6.63,0.1878,-0.0104,0.945,参考,福島芝中距離(1700-2000)・良・外枠(7-8)で父「マンハッタンカフェ」は基準比リフト0.945
阪神,坂あり・パワー型,芝,短中距離(1400-1600),良,中枠(3-6),父,スペシャルウィーク,83,8,17,0.0964,0.2048,60.2,0.0,7.33,0.2169,-0.0121,0.944,参考,阪神芝短中距離(1400-1600)・良・中枠(3-6)で父「スペシャルウィーク」は基準比リフト0.944
福島,小回り・機動型,ダ,中距離(1700-2000),良,外枠(7-8),父,シンボリクリスエス,68,5,14,0.0735,0.2059,21.6,0.0,7.49,0.2183,-0.0124,0.943,参考,福島ダ中距離(1700-2000)・良・外枠(7-8)で父「シンボリクリスエス」は基準比リフト0.943
東京,直線長め・持続型,芝,短中距離(1400-1600),良,中枠(3-6),父,サクラバクシンオー,115,8,22,0.0696,0.1913,51.0,0.0,8.2,0.2028,-0.0115,0.943,参考,東京芝短中距離(1400-1600)・良・中枠(3-6)で父「サクラバクシンオー」は基準比リフト0.943
京都,平坦・スピード型,ダ,中距離(1700-2000),良,中枠(3-6),父,スズカマンボ,73,5,15,0.0685,0.2055,58.5,0.0,8.11,0.2181,-0.0126,0.942,参考,京都ダ中距離(1700-2000)・良・中枠(3-6)で父「スズカマンボ」は基準比リフト0.942
中京,直線長め・持続型,ダ,中距離(1700-2000),良,中枠(3-6),父,シニスターミニスター,73,7,15,0.0959,0.2055,61.6,0.0,7.08,0.2184,-0.0129,0.941,参考,中京ダ中距離(1700-2000)・良・中枠(3-6)で父「シニスターミニスター」は基準比リフト0.941
中山,坂あり・パワー型,芝,中距離(1700-2000),良,外枠(7-8),父,ゴールドシップ,82,4,16,0.0488,0.1951,77.1,0.0,7.62,0.2074,-0.0123,0.941,参考,中山芝中距離(1700-2000)・良・外枠(7-8)で父「ゴールドシップ」は基準比リフト0.941
阪神,坂あり・パワー型,芝,短中距離(1400-1600),良,外枠(7-8),父,アドマイヤムーン,78,9,14,0.1154,0.1795,130.4,0.0,8.59,0.1907,-0.0112,0.941,参考,阪神芝短中距離(1400-1600)・良・外枠(7-8)で父「アドマイヤムーン」は基準比リフト0.941
阪神,坂あり・パワー型,ダ,中距離(1700-2000),良,中枠(3-6),父,ゴールドアリュール,206,22,44,0.1068,0.2136,118.1,0.0,7.14,0.2273,-0.0137,0.94,参考,阪神ダ中距離(1700-2000)・良・中枠(3-6)で父「ゴールドアリュール」は基準比リフト0.94
京都,平坦・スピード型,ダ,中距離(1700-2000),良,中枠(3-6),父,スペシャルウィーク,78,6,16,0.0769,0.2051,45.1,0.0,6.72,0.2181,-0.013,0.94,参考,京都ダ中距離(1700-2000)・良・中枠(3-6)で父「スペシャルウィーク」は基準比リフト0.94
京都,平坦・スピード型,芝,短中距離(1400-1600),良,外枠(7-8),父,ゼンノロブロイ,66,5,12,0.0758,0.1818,94.8,0.0,8.14,0.1935,-0.0117,0.94,参考,京都芝短中距離(1400-1600)・良・外枠(7-8)で父「ゼンノロブロイ」は基準比リフト0.94
阪神,坂あり・パワー型,芝,短中距離(1400-1600),良,中枠(3-6),父,デュランダル,54,3,11,0.0556,0.2037,52.2,0.0,8.5,0.2169,-0.0132,0.939,参考,阪神芝短中距離(1400-1600)・良・中枠(3-6)で父「デュランダル」は基準比リフト0.939
中山,坂あり・パワー型,芝,中距離(1700-2000),良,外枠(7-8),父,ハービンジャー,113,9,22,0.0796,0.1947,31.7,0.0,7.06,0.2074,-0.0127,0.939,参考,中山芝中距離(1700-2000)・良・外枠(7-8)で父「ハービンジャー」は基準比リフト0.939
東京,直線長め・持続型,ダ,短中距離(1400-1600),良,中枠(3-6),父,サムライハート,64,1,12,0.0156,0.1875,18.1,0.0,9.44,0.1997,-0.0122,0.939,参考,東京ダ短中距離(1400-1600)・良・中枠(3-6)で父「サムライハート」は基準比リフト0.939
阪神,坂あり・パワー型,芝,中距離(1700-2000),良,外枠(7-8),父,シンボリクリスエス,64,3,14,0.0469,0.2188,15.9,0.0,7.61,0.2332,-0.0144,0.938,参考,阪神芝中距離(1700-2000)・良・外枠(7-8)で父「シンボリクリスエス」は基準比リフト0.938
新潟,直線長め・平坦型,芝,中距離(1700-2000),良,外枠(7-8),父,ハービンジャー,86,9,17,0.1047,0.1977,84.8,0.0,6.94,0.2107,-0.013,0.938,参考,新潟芝中距離(1700-2000)・良・外枠(7-8)で父「ハービンジャー」は基準比リフト0.938
東京,直線長め・持続型,芝,短中距離(1400-1600),良,外枠(7-8),父,アグネスタキオン,59,6,11,0.1017,0.1864,112.2,0.0,6.83,0.1988,-0.0124,0.938,参考,東京芝短中距離(1400-1600)・良・外枠(7-8)で父「アグネスタキオン」は基準比リフト0.938
中山,坂あり・パワー型,芝,中距離(1700-2000),良,中枠(3-6),父,ネオユニヴァース,143,10,29,0.0699,0.2028,31.0,0.0,6.94,0.2165,-0.0137,0.937,参考,中山芝中距離(1700-2000)・良・中枠(3-6)で父「ネオユニヴァース」は基準比リフト0.937
京都,平坦・スピード型,ダ,短距離(1000-1300),稍,中枠(3-6),父,サウスヴィグラス,57,2,10,0.0351,0.1754,11.9,0.0,8.09,0.1872,-0.0118,0.937,参考,京都ダ短距離(1000-1300)・稍・中枠(3-6)で父「サウスヴィグラス」は基準比リフト0.937
中京,直線長め・持続型,芝,中長距離(2100-2400),良,中枠(3-6),父,ステイゴールド,51,5,11,0.098,0.2157,209.6,0.0,8.0,0.2304,-0.0147,0.936,参考,中京芝中長距離(2100-2400)・良・中枠(3-6)で父「ステイゴールド」は基準比リフト0.936
東京,直線長め・持続型,ダ,中長距離(2100-2400),良,中枠(3-6),父,シンボリクリスエス,82,4,17,0.0488,0.2073,14.5,0.0,7.26,0.2214,-0.0141,0.936,参考,東京ダ中長距離(2100-2400)・良・中枠(3-6)で父「シンボリクリスエス」は基準比リフト0.936
東京,直線長め・持続型,ダ,短中距離(1400-1600),良,中枠(3-6),父,ブラックタイド,123,6,23,0.0488,0.187,29.3,0.0,8.79,0.1997,-0.0127,0.936,参考,東京ダ短中距離(1400-1600)・良・中枠(3-6)で父「ブラックタイド」は基準比リフト0.936
阪神,坂あり・パワー型,芝,短中距離(1400-1600),良,中枠(3-6),父,ディープブリランテ,69,4,14,0.058,0.2029,138.1,0.0,8.0,0.2169,-0.014,0.935,参考,阪神芝短中距離(1400-1600)・良・中枠(3-6)で父「ディープブリランテ」は基準比リフト0.935
東京,直線長め・持続型,ダ,短中距離(1400-1600),良,中枠(3-6),父,ダイワメジャー,241,20,45,0.083,0.1867,43.3,0.0,6.76,0.1997,-0.013,0.935,参考,東京ダ短中距離(1400-1600)・良・中枠(3-6)で父「ダイワメジャー」は基準比リフト0.935
京都,平坦・スピード型,芝,短中距離(1400-1600),良,中枠(3-6),父,タイキシャトル,100,5,20,0.05,0.2,153.5,0.0,8.16,0.2142,-0.0142,0.934,参考,京都芝短中距離(1400-1600)・良・中枠(3-6)で父「タイキシャトル」は基準比リフト0.934
京都,平坦・スピード型,芝,短中距離(1400-1600),良,中枠(3-6),父,メイショウボーラー,50,2,10,0.04,0.2,52.2,0.0,8.76,0.2142,-0.0142,0.934,参考,京都芝短中距離(1400-1600)・良・中枠(3-6)で父「メイショウボーラー」は基準比リフト0.934
阪神,坂あり・パワー型,ダ,中距離(1700-2000),良,中枠(3-6),父,ステイゴールド,66,5,14,0.0758,0.2121,34.4,0.0,7.29,0.2273,-0.0152,0.933,参考,阪神ダ中距離(1700-2000)・良・中枠(3-6)で父「ステイゴールド」は基準比リフト0.933
小倉,小回り・機動型,芝,中距離(1700-2000),良,外枠(7-8),父,ジャングルポケット,89,2,17,0.0225,0.191,9.7,0.0,8.07,0.2048,-0.0138,0.933,参考,小倉芝中距離(1700-2000)・良・外枠(7-8)で父「ジャングルポケット」は基準比リフト0.933
東京,直線長め・持続型,芝,短中距離(1400-1600),良,中枠(3-6),父,ジャングルポケット,169,6,32,0.0355,0.1893,7.8,0.0,8.09,0.2028,-0.0135,0.933,参考,東京芝短中距離(1400-1600)・良・中枠(3-6)で父「ジャングルポケット」は基準比リフト0.933
京都,平坦・スピード型,芝,短中距離(1400-1600),良,内枠(1-2),父,タニノギムレット,59,1,12,0.0169,0.2034,14.1,0.0,8.41,0.2185,-0.0151,0.931,参考,京都芝短中距離(1400-1600)・良・内枠(1-2)で父「タニノギムレット」は基準比リフト0.931
中山,坂あり・パワー型,芝,中距離(1700-2000),良,中枠(3-6),父,ジャングルポケット,129,7,26,0.0543,0.2016,44.2,0.0,8.16,0.2165,-0.0149,0.931,参考,中山芝中距離(1700-2000)・良・中枠(3-6)で父「ジャングルポケット」は基準比リフト0.931
中山,坂あり・パワー型,芝,中距離(1700-2000),良,中枠(3-6),父,ゼンノロブロイ,134,13,27,0.097,0.2015,70.4,0.0,7.34,0.2165,-0.015,0.931,参考,中山芝中距離(1700-2000)・良・中枠(3-6)で父「ゼンノロブロイ」は基準比リフト0.931
東京,直線長め・持続型,芝,短中距離(1400-1600),良,内枠(1-2),父,シンボリクリスエス,63,7,12,0.1111,0.1905,135.4,0.0,7.27,0.2047,-0.0142,0.931,参考,東京芝短中距離(1400-1600)・良・内枠(1-2)で父「シンボリクリスエス」は基準比リフト0.931
京都,平坦・スピード型,芝,中距離(1700-2000),良,内枠(1-2),父,ステイゴールド,81,7,18,0.0864,0.2222,49.1,0.0,7.06,0.239,-0.0168,0.93,参考,京都芝中距離(1700-2000)・良・内枠(1-2)で父「ステイゴールド」は基準比リフト0.93
阪神,坂あり・パワー型,ダ,中距離(1700-2000),良,中枠(3-6),父,フレンチデピュティ,52,3,11,0.0577,0.2115,28.8,0.0,7.87,0.2273,-0.0158,0.93,参考,阪神ダ中距離(1700-2000)・良・中枠(3-6)で父「フレンチデピュティ」は基準比リフト0.93
東京,直線長め・持続型,ダ,短中距離(1400-1600),良,中枠(3-6),父,スペシャルウィーク,70,6,13,0.0857,0.1857,52.6,0.0,8.13,0.1997,-0.014,0.93,参考,東京ダ短中距離(1400-1600)・良・中枠(3-6)で父「スペシャルウィーク」は基準比リフト0.93
京都,平坦・スピード型,芝,短中距離(1400-1600),良,外枠(7-8),父,ダンスインザダーク,50,6,9,0.12,0.18,293.8,0.0,10.2,0.1935,-0.0135,0.93,参考,京都芝短中距離(1400-1600)・良・外枠(7-8)で父「ダンスインザダーク」は基準比リフト0.93
阪神,坂あり・パワー型,芝,短中距離(1400-1600),良,外枠(7-8),父,ヴィクトワールピサ,62,2,11,0.0323,0.1774,27.1,0.0,8.06,0.1907,-0.0133,0.93,参考,阪神芝短中距離(1400-1600)・良・外枠(7-8)で父「ヴィクトワールピサ」は基準比リフト0.93
東京,直線長め・持続型,芝,中距離(1700-2000),良,内枠(1-2),父,シンボリクリスエス,78,7,17,0.0897,0.2179,40.0,0.0,7.29,0.2345,-0.0166,0.929,参考,東京芝中距離(1700-2000)・良・内枠(1-2)で父「シンボリクリスエス」は基準比リフト0.929
東京,直線長め・持続型,芝,中距離(1700-2000),良,外枠(7-8),父,アグネスタキオン,50,4,10,0.08,0.2,55.6,0.0,6.16,0.2154,-0.0154,0.929,参考,東京芝中距離(1700-2000)・良・外枠(7-8)で父「アグネスタキオン」は基準比リフト0.929
東京,直線長め・持続型,芝,短中距離(1400-1600),良,中枠(3-6),父,クロフネ,154,14,29,0.0909,0.1883,53.4,0.0,8.05,0.2028,-0.0145,0.929,参考,東京芝短中距離(1400-1600)・良・中枠(3-6)で父「クロフネ」は基準比リフト0.929
東京,直線長め・持続型,ダ,短中距離(1400-1600),良,中枠(3-6),父,ハーツクライ,167,11,31,0.0659,0.1856,61.8,0.0,7.37,0.1997,-0.0141,0.929,参考,東京ダ短中距離(1400-1600)・良・中枠(3-6)で父「ハーツクライ」は基準比リフト0.929
札幌,小回り・持続型,芝,中距離(1700-2000),良,中枠(3-6),父,ネオユニヴァース,71,5,16,0.0704,0.2254,45.6,0.0,7.17,0.2428,-0.0174,0.928,参考,札幌芝中距離(1700-2000)・良・中枠(3-6)で父「ネオユニヴァース」は基準比リフト0.928
東京,直線長め・持続型,芝,短中距離(1400-1600),良,中枠(3-6),父,ディープブリランテ,85,3,16,0.0353,0.1882,39.6,0.0,8.59,0.2028,-0.0146,0.928,参考,東京芝短中距離(1400-1600)・良・中枠(3-6)で父「ディープブリランテ」は基準比リフト0.928
中山,坂あり・パワー型,ダ,中距離(1700-2000),良,中枠(3-6),父,ステイゴールド,65,3,12,0.0462,0.1846,58.0,0.0,8.06,0.199,-0.0144,0.928,参考,中山ダ中距離(1700-2000)・良・中枠(3-6)で父「ステイゴールド」は基準比リフト0.928
小倉,小回り・機動型,芝,中距離(1700-2000),良,中枠(3-6),父,ルーラーシップ,141,11,29,0.078,0.2057,37.9,0.0,7.09,0.2218,-0.0161,0.927,参考,小倉芝中距離(1700-2000)・良・中枠(3-6)で父「ルーラーシップ」は基準比リフト0.927
札幌,小回り・持続型,ダ,中距離(1700-2000),良,中枠(3-6),父,ネオユニヴァース,70,2,16,0.0286,0.2286,18.1,0.0,5.74,0.2469,-0.0183,0.926,参考,札幌ダ中距離(1700-2000)・良・中枠(3-6)で父「ネオユニヴァース」は基準比リフト0.926
中京,直線長め・持続型,芝,短中距離(1400-1600),良,中枠(3-6),父,ステイゴールド,79,5,15,0.0633,0.1899,47.2,0.0,7.86,0.2051,-0.0152,0.926,参考,中京芝短中距離(1400-1600)・良・中枠(3-6)で父「ステイゴールド」は基準比リフト0.926
東京,直線長め・持続型,ダ,短中距離(1400-1600),良,内枠(1-2),父,パイロ,103,5,16,0.0485,0.1553,46.2,0.0,7.9,0.1677,-0.0124,0.926,参考,東京ダ短中距離(1400-1600)・良・内枠(1-2)で父「パイロ」は基準比リフト0.926
京都,平坦・スピード型,芝,中長距離(2100-2400),良,内枠(1-2),父,ハーツクライ,52,3,14,0.0577,0.2692,61.0,0.0,6.33,0.2911,-0.0219,0.925,参考,京都芝中長距離(2100-2400)・良・内枠(1-2)で父「ハーツクライ」は基準比リフト0.925
中山,坂あり・パワー型,芝,長距離(2500以上),良,中枠(3-6),父,ディープインパクト,89,6,20,0.0674,0.2247,31.3,0.0,5.81,0.2429,-0.0182,0.925,参考,中山芝長距離(2500以上)・良・中枠(3-6)で父「ディープインパクト」は基準比リフト0.925
東京,直線長め・持続型,ダ,短中距離(1400-1600),良,外枠(7-8),父,キンシャサノキセキ,95,8,19,0.0842,0.2,86.8,0.0,8.89,0.2165,-0.0165,0.924,参考,東京ダ短中距離(1400-1600)・良・外枠(7-8)で父「キンシャサノキセキ」は基準比リフト0.924
東京,直線長め・持続型,ダ,短中距離(1400-1600),良,外枠(7-8),父,タイキシャトル,60,4,12,0.0667,0.2,79.3,0.0,7.73,0.2165,-0.0165,0.924,参考,東京ダ短中距離(1400-1600)・良・外枠(7-8)で父「タイキシャトル」は基準比リフト0.924
東京,直線長め・持続型,ダ,短中距離(1400-1600),良,中枠(3-6),父,ディープスカイ,65,3,12,0.0462,0.1846,52.3,0.0,8.77,0.1997,-0.0151,0.924,参考,東京ダ短中距離(1400-1600)・良・中枠(3-6)で父「ディープスカイ」は基準比リフト0.924
阪神,坂あり・パワー型,芝,中距離(1700-2000),良,中枠(3-6),父,アグネスタキオン,113,9,25,0.0796,0.2212,33.0,0.0,6.14,0.2399,-0.0187,0.922,参考,阪神芝中距離(1700-2000)・良・中枠(3-6)で父「アグネスタキオン」は基準比リフト0.922
東京,直線長め・持続型,ダ,短中距離(1400-1600),良,中枠(3-6),父,アグネスデジタル,190,7,35,0.0368,0.1842,42.1,0.0,7.95,0.1997,-0.0155,0.922,参考,東京ダ短中距離(1400-1600)・良・中枠(3-6)で父「アグネスデジタル」は基準比リフト0.922
東京,直線長め・持続型,ダ,短中距離(1400-1600),良,中枠(3-6),父,ディープブリランテ,76,3,14,0.0395,0.1842,29.9,0.0,8.7,0.1997,-0.0155,0.922,参考,東京ダ短中距離(1400-1600)・良・中枠(3-6)で父「ディープブリランテ」は基準比リフト0.922
東京,直線長め・持続型,ダ,短中距離(1400-1600),良,内枠(1-2),父,ゼンノロブロイ,97,4,15,0.0412,0.1546,27.2,0.0,7.68,0.1677,-0.0131,0.922,参考,東京ダ短中距離(1400-1600)・良・内枠(1-2)で父「ゼンノロブロイ」は基準比リフト0.922
函館,小回り・持続型,ダ,中距離(1700-2000),良,中枠(3-6),父,クロフネ,83,7,18,0.0843,0.2169,88.0,0.0,6.17,0.2356,-0.0187,0.921,参考,函館ダ中距離(1700-2000)・良・中枠(3-6)で父「クロフネ」は基準比リフト0.921
新潟,直線長め・平坦型,芝,中距離(1700-2000),良,中枠(3-6),父,クロフネ,55,1,11,0.0182,0.2,37.3,0.0,9.64,0.2171,-0.0171,0.921,参考,新潟芝中距離(1700-2000)・良・中枠(3-6)で父「クロフネ」は基準比リフト0.921
東京,直線長め・持続型,芝,短中距離(1400-1600),良,中枠(3-6),父,マツリダゴッホ,150,9,28,0.06,0.1867,293.8,0.0,9.18,0.2028,-0.0161,0.921,参考,東京芝短中距離(1400-1600)・良・中枠(3-6)で父「マツリダゴッホ」は基準比リフト0.921
中山,坂あり・パワー型,ダ,中距離(1700-2000),良,中枠(3-6),父,キンシャサノキセキ,60,4,11,0.0667,0.1833,26.2,0.0,7.48,0.199,-0.0157,0.921,参考,中山ダ中距離(1700-2000)・良・中枠(3-6)で父「キンシャサノキセキ」は基準比リフト0.921
小倉,小回り・機動型,芝,中距離(1700-2000),良,中枠(3-6),父,ネオユニヴァース,98,5,20,0.051,0.2041,214.6,0.0,8.15,0.2218,-0.0177,0.92,参考,小倉芝中距離(1700-2000)・良・中枠(3-6)で父「ネオユニヴァース」は基準比リフト0.92
東京,直線長め・持続型,ダ,中長距離(2100-2400),良,中枠(3-6),父,ゼンノロブロイ,54,5,11,0.0926,0.2037,65.2,0.0,7.56,0.2214,-0.0177,0.92,参考,東京ダ中長距離(2100-2400)・良・中枠(3-6)で父「ゼンノロブロイ」は基準比リフト0.92
阪神,坂あり・パワー型,ダ,中距離(1700-2000),稍,中枠(3-6),父,ハーツクライ,83,2,16,0.0241,0.1928,13.6,0.0,6.9,0.2095,-0.0167,0.92,参考,阪神ダ中距離(1700-2000)・稍・中枠(3-6)で父「ハーツクライ」は基準比リフト0.92
京都,平坦・スピード型,芝,短距離(1000-1300),良,外枠(7-8),父,アドマイヤムーン,50,4,8,0.08,0.16,65.6,0.0,6.86,0.1739,-0.0139,0.92,参考,京都芝短距離(1000-1300)・良・外枠(7-8)で父「アドマイヤムーン」は基準比リフト0.92
阪神,坂あり・パワー型,ダ,中距離(1700-2000),良,中枠(3-6),父,アグネスデジタル,67,6,14,0.0896,0.209,165.5,0.0,7.42,0.2273,-0.0183,0.919,参考,阪神ダ中距離(1700-2000)・良・中枠(3-6)で父「アグネスデジタル」は基準比リフト0.919
東京,直線長め・持続型,ダ,短中距離(1400-1600),良,中枠(3-6),父,ワイルドラッシュ,109,14,20,0.1284,0.1835,112.8,0.0,8.49,0.1997,-0.0162,0.919,参考,東京ダ短中距離(1400-1600)・良・中枠(3-6)で父「ワイルドラッシュ」は基準比リフト0.919
阪神,坂あり・パワー型,ダ,短中距離(1400-1600),良,外枠(7-8),父,ダイワメジャー,64,2,13,0.0312,0.2031,5.6,0.0,6.45,0.2213,-0.0182,0.918,参考,阪神ダ短中距離(1400-1600)・良・外枠(7-8)で父「ダイワメジャー」は基準比リフト0.918
京都,平坦・スピード型,ダ,中距離(1700-2000),良,中枠(3-6),父,マヤノトップガン,70,5,14,0.0714,0.2,183.3,0.0,8.24,0.2181,-0.0181,0.917,参考,京都ダ中距離(1700-2000)・良・中枠(3-6)で父「マヤノトップガン」は基準比リフト0.917
京都,平坦・スピード型,芝,短中距離(1400-1600),良,中枠(3-6),父,ロージズインメイ,56,1,11,0.0179,0.1964,13.0,0.0,8.5,0.2142,-0.0178,0.917,参考,京都芝短中距離(1400-1600)・良・中枠(3-6)で父「ロージズインメイ」は基準比リフト0.917
新潟,直線長め・平坦型,芝,短中距離(1400-1600),良,中枠(3-6),父,ブラックタイド,56,2,10,0.0357,0.1786,14.8,0.0,9.57,0.1947,-0.0161,0.917,参考,新潟芝短中距離(1400-1600)・良・中枠(3-6)で父「ブラックタイド」は基準比リフト0.917
新潟,直線長め・平坦型,芝,中長距離(2100-2400),良,中枠(3-6),父,ハーツクライ,62,6,13,0.0968,0.2097,82.9,0.0,5.16,0.229,-0.0193,0.916,参考,新潟芝中長距離(2100-2400)・良・中枠(3-6)で父「ハーツクライ」は基準比リフト0.916
東京,直線長め・持続型,ダ,短中距離(1400-1600),良,外枠(7-8),父,ダイワメジャー,121,6,24,0.0496,0.1983,23.6,0.0,7.8,0.2165,-0.0182,0.916,参考,東京ダ短中距離(1400-1600)・良・外枠(7-8)で父「ダイワメジャー」は基準比リフト0.916
阪神,坂あり・パワー型,芝,短中距離(1400-1600),良,内枠(1-2),父,ルーラーシップ,54,5,11,0.0926,0.2037,82.6,0.0,7.46,0.2227,-0.019,0.915,参考,阪神芝短中距離(1400-1600)・良・内枠(1-2)で父「ルーラーシップ」は基準比リフト0.915
東京,直線長め・持続型,ダ,中長距離(2100-2400),良,中枠(3-6),父,ハーツクライ,79,10,16,0.1266,0.2025,200.1,0.0,7.22,0.2214,-0.0189,0.915,参考,東京ダ中長距離(2100-2400)・良・中枠(3-6)で父「ハーツクライ」は基準比リフト0.915
福島,小回り・機動型,芝,中距離(1700-2000),良,中枠(3-6),父,ネオユニヴァース,105,3,21,0.0286,0.2,30.4,0.0,7.71,0.2188,-0.0188,0.914,参考,福島芝中距離(1700-2000)・良・中枠(3-6)で父「ネオユニヴァース」は基準比リフト0.914
中山,坂あり・パワー型,ダ,中距離(1700-2000),良,中枠(3-6),父,ロージズインメイ,154,11,28,0.0714,0.1818,190.5,0.0,8.69,0.199,-0.0172,0.914,参考,中山ダ中距離(1700-2000)・良・中枠(3-6)で父「ロージズインメイ」は基準比リフト0.914
阪神,坂あり・パワー型,ダ,中距離(1700-2000),良,中枠(3-6),父,エンパイアメーカー,106,8,22,0.0755,0.2075,62.2,0.0,7.14,0.2273,-0.0198,0.913,参考,阪神ダ中距離(1700-2000)・良・中枠(3-6)で父「エンパイアメーカー」は基準比リフト0.913
福島,小回り・機動型,ダ,短距離(1000-1300),良,中枠(3-6),父,スウェプトオーヴァーボード,64,6,11,0.0938,0.1719,78.1,0.0,7.69,0.1882,-0.0163,0.913,参考,福島ダ短距離(1000-1300)・良・中枠(3-6)で父「スウェプトオーヴァーボード」は基準比リフト0.913
東京,直線長め・持続型,ダ,短中距離(1400-1600),稍,中枠(3-6),父,サウスヴィグラス,81,7,14,0.0864,0.1728,56.5,0.0,8.88,0.1894,-0.0166,0.912,参考,東京ダ短中距離(1400-1600)・稍・中枠(3-6)で父「サウスヴィグラス」は基準比リフト0.912
京都,平坦・スピード型,芝,短中距離(1400-1600),良,中枠(3-6),父,ブラックタイド,82,3,16,0.0366,0.1951,28.4,0.0,9.18,0.2142,-0.0191,0.911,参考,京都芝短中距離(1400-1600)・良・中枠(3-6)で父「ブラックタイド」は基準比リフト0.911
東京,直線長め・持続型,芝,短中距離(1400-1600),良,内枠(1-2),父,タニノギムレット,59,5,11,0.0847,0.1864,42.5,0.0,8.88,0.2047,-0.0183,0.911,参考,東京芝短中距離(1400-1600)・良・内枠(1-2)で父「タニノギムレット」は基準比リフト0.911
阪神,坂あり・パワー型,ダ,中距離(1700-2000),良,中枠(3-6),父,スズカマンボ,58,2,12,0.0345,0.2069,160.0,0.0,8.91,0.2273,-0.0204,0.91,参考,阪神ダ中距離(1700-2000)・良・中枠(3-6)で父「スズカマンボ」は基準比リフト0.91
阪神,坂あり・パワー型,ダ,中距離(1700-2000),良,中枠(3-6),父,ドレフォン,58,5,12,0.0862,0.2069,83.1,0.0,6.76,0.2273,-0.0204,0.91,参考,阪神ダ中距離(1700-2000)・良・中枠(3-6)で父「ドレフォン」は基準比リフト0.91
中山,坂あり・パワー型,芝,短中距離(1400-1600),良,中枠(3-6),父,ローエングリン,60,4,11,0.0667,0.1833,59.8,0.0,7.45,0.2014,-0.0181,0.91,参考,中山芝短中距離(1400-1600)・良・中枠(3-6)で父「ローエングリン」は基準比リフト0.91
新潟,直線長め・平坦型,芝,中距離(1700-2000),良,内枠(1-2),父,ステイゴールド,88,4,15,0.0455,0.1705,47.4,0.0,7.15,0.1874,-0.0169,0.91,参考,新潟芝中距離(1700-2000)・良・内枠(1-2)で父「ステイゴールド」は基準比リフト0.91
阪神,坂あり・パワー型,芝,短中距離(1400-1600),良,中枠(3-6),父,サクラバクシンオー,71,7,14,0.0986,0.1972,94.9,0.0,8.3,0.2169,-0.0197,0.909,参考,阪神芝短中距離(1400-1600)・良・中枠(3-6)で父「サクラバクシンオー」は基準比リフト0.909
札幌,小回り・持続型,ダ,中距離(1700-2000),良,外枠(7-8),父,ゴールドアリュール,58,2,12,0.0345,0.2069,82.8,0.0,6.21,0.2278,-0.0209,0.908,参考,札幌ダ中距離(1700-2000)・良・外枠(7-8)で父「ゴールドアリュール」は基準比リフト0.908
中京,直線長め・持続型,芝,中距離(1700-2000),良,中枠(3-6),父,ステイゴールド,105,11,21,0.1048,0.2,110.9,0.0,8.56,0.2207,-0.0207,0.906,参考,中京芝中距離(1700-2000)・良・中枠(3-6)で父「ステイゴールド」は基準比リフト0.906
小倉,小回り・機動型,芝,短距離(1000-1300),良,中枠(3-6),父,キングヘイロー,68,4,12,0.0588,0.1765,59.3,0.0,8.99,0.1949,-0.0184,0.906,参考,小倉芝短距離(1000-1300)・良・中枠(3-6)で父「キングヘイロー」は基準比リフト0.906
中山,坂あり・パワー型,ダ,短距離(1000-1300),良,内枠(1-2),父,サクラバクシンオー,50,3,8,0.06,0.16,137.4,0.0,8.6,0.1768,-0.0168,0.905,参考,中山ダ短距離(1000-1300)・良・内枠(1-2)で父「サクラバクシンオー」は基準比リフト0.905
福島,小回り・機動型,芝,中距離(1700-2000),良,外枠(7-8),父,ゼンノロブロイ,53,3,9,0.0566,0.1698,14.5,0.0,8.08,0.1878,-0.018,0.904,参考,福島芝中距離(1700-2000)・良・外枠(7-8)で父「ゼンノロブロイ」は基準比リフト0.904
新潟,直線長め・平坦型,芝,長距離(2500以上),良,中枠(3-6),父,シンボリクリスエス,54,6,11,0.1111,0.2037,43.7,0.0,6.52,0.2255,-0.0218,0.903,参考,新潟芝長距離(2500以上)・良・中枠(3-6)で父「シンボリクリスエス」は基準比リフト0.903
阪神,坂あり・パワー型,ダ,短距離(1000-1300),良,中枠(3-6),父,タイキシャトル,64,4,12,0.0625,0.1875,23.1,0.0,7.67,0.2076,-0.0201,0.903,参考,阪神ダ短距離(1000-1300)・良・中枠(3-6)で父「タイキシャトル」は基準比リフト0.903
京都,平坦・スピード型,ダ,中距離(1700-2000),良,外枠(7-8),父,エンパイアメーカー,59,5,11,0.0847,0.1864,104.9,0.0,6.83,0.2066,-0.0202,0.902,参考,京都ダ中距離(1700-2000)・良・外枠(7-8)で父「エンパイアメーカー」は基準比リフト0.902
福島,小回り・機動型,ダ,中距離(1700-2000),良,中枠(3-6),父,ゼンノロブロイ,72,1,13,0.0139,0.1806,67.6,0.0,7.75,0.2003,-0.0197,0.902,参考,福島ダ中距離(1700-2000)・良・中枠(3-6)で父「ゼンノロブロイ」は基準比リフト0.902
中山,坂あり・パワー型,ダ,中距離(1700-2000),良,中枠(3-6),父,スクリーンヒーロー,78,4,14,0.0513,0.1795,35.8,0.0,7.12,0.199,-0.0195,0.902,参考,中山ダ中距離(1700-2000)・良・中枠(3-6)で父「スクリーンヒーロー」は基準比リフト0.902
東京,直線長め・持続型,芝,中距離(1700-2000),良,中枠(3-6),父,オルフェーヴル,89,8,19,0.0899,0.2135,102.5,0.0,7.45,0.237,-0.0235,0.901,参考,東京芝中距離(1700-2000)・良・中枠(3-6)で父「オルフェーヴル」は基準比リフト0.901
阪神,坂あり・パワー型,ダ,短距離(1000-1300),良,中枠(3-6),父,ダイワメジャー,91,4,17,0.044,0.1868,79.8,0.0,7.23,0.2076,-0.0208,0.9,参考,阪神ダ短距離(1000-1300)・良・中枠(3-6)で父「ダイワメジャー」は基準比リフト0.9
東京,直線長め・持続型,芝,短中距離(1400-1600),良,中枠(3-6),父,ブラックタイド,115,5,21,0.0435,0.1826,45.6,0.0,8.89,0.2028,-0.0202,0.9,参考,東京芝短中距離(1400-1600)・良・中枠(3-6)で父「ブラックタイド」は基準比リフト0.9
京都,平坦・スピード型,ダ,短中距離(1400-1600),良,中枠(3-6),父,タニノギムレット,50,2,9,0.04,0.18,10.0,0.0,7.36,0.2,-0.02,0.9,参考,京都ダ短中距離(1400-1600)・良・中枠(3-6)で父「タニノギムレット」は基準比リフト0.9
福島,小回り・機動型,芝,中距離(1700-2000),良,外枠(7-8),父,ハービンジャー,71,2,12,0.0282,0.169,10.7,0.0,7.3,0.1878,-0.0188,0.9,参考,福島芝中距離(1700-2000)・良・外枠(7-8)で父「ハービンジャー」は基準比リフト0.9
京都,平坦・スピード型,芝,中距離(1700-2000),良,内枠(1-2),父,ジャングルポケット,70,1,15,0.0143,0.2143,27.3,0.0,7.29,0.239,-0.0247,0.897,参考,京都芝中距離(1700-2000)・良・内枠(1-2)で父「ジャングルポケット」は基準比リフト0.897
阪神,坂あり・パワー型,ダ,短中距離(1400-1600),稍,中枠(3-6),父,キングカメハメハ,51,2,9,0.0392,0.1765,36.7,0.0,6.86,0.1968,-0.0203,0.897,参考,阪神ダ短中距離(1400-1600)・稍・中枠(3-6)で父「キングカメハメハ」は基準比リフト0.897
阪神,坂あり・パワー型,芝,短中距離(1400-1600),良,外枠(7-8),父,クロフネ,76,4,13,0.0526,0.1711,78.4,0.0,8.62,0.1907,-0.0196,0.897,参考,阪神芝短中距離(1400-1600)・良・外枠(7-8)で父「クロフネ」は基準比リフト0.897
京都,平坦・スピード型,ダ,中距離(1700-2000),良,中枠(3-6),父,ダイワメジャー,82,4,16,0.0488,0.1951,33.7,0.0,6.99,0.2181,-0.023,0.895,参考,京都ダ中距離(1700-2000)・良・中枠(3-6)で父「ダイワメジャー」は基準比リフト0.895
阪神,坂あり・パワー型,芝,中長距離(2100-2400),良,外枠(7-8),父,ハーツクライ,66,3,13,0.0455,0.197,15.6,0.0,6.3,0.2204,-0.0234,0.894,参考,阪神芝中長距離(2100-2400)・良・外枠(7-8)で父「ハーツクライ」は基準比リフト0.894
中山,坂あり・パワー型,ダ,短距離(1000-1300),良,外枠(7-8),父,ダイワメジャー,66,3,12,0.0455,0.1818,34.4,0.0,7.15,0.2034,-0.0216,0.894,参考,中山ダ短距離(1000-1300)・良・外枠(7-8)で父「ダイワメジャー」は基準比リフト0.894
中山,坂あり・パワー型,ダ,短距離(1000-1300),良,外枠(7-8),父,プリサイスエンド,55,4,10,0.0727,0.1818,48.7,0.0,7.95,0.2034,-0.0216,0.894,参考,中山ダ短距離(1000-1300)・良・外枠(7-8)で父「プリサイスエンド」は基準比リフト0.894
福島,小回り・機動型,芝,長距離(2500以上),良,外枠(7-8),父,ステイゴールド,50,5,9,0.1,0.18,102.0,0.0,5.88,0.2014,-0.0214,0.894,参考,福島芝長距離(2500以上)・良・外枠(7-8)で父「ステイゴールド」は基準比リフト0.894
東京,直線長め・持続型,芝,中距離(1700-2000),良,外枠(7-8),父,ロージズインメイ,52,3,10,0.0577,0.1923,75.0,0.0,9.02,0.2154,-0.0231,0.893,参考,東京芝中距離(1700-2000)・良・外枠(7-8)で父「ロージズインメイ」は基準比リフト0.893
阪神,坂あり・パワー型,芝,短中距離(1400-1600),良,外枠(7-8),父,フジキセキ,94,5,16,0.0532,0.1702,74.3,0.0,7.94,0.1907,-0.0205,0.893,参考,阪神芝短中距離(1400-1600)・良・外枠(7-8)で父「フジキセキ」は基準比リフト0.893
函館,小回り・持続型,芝,中距離(1700-2000),良,外枠(7-8),父,ハーツクライ,60,3,11,0.05,0.1833,108.3,0.0,6.97,0.2056,-0.0223,0.892,参考,函館芝中距離(1700-2000)・良・外枠(7-8)で父「ハーツクライ」は基準比リフト0.892
札幌,小回り・持続型,ダ,中距離(1700-2000),良,中枠(3-6),父,ディープインパクト,50,8,11,0.16,0.22,220.8,0.0,6.74,0.2469,-0.0269,0.891,参考,札幌ダ中距離(1700-2000)・良・中枠(3-6)で父「ディープインパクト」は基準比リフト0.891
東京,直線長め・持続型,芝,中距離(1700-2000),良,中枠(3-6),父,ジャングルポケット,161,13,34,0.0807,0.2112,56.4,0.0,7.45,0.237,-0.0258,0.891,参考,東京芝中距離(1700-2000)・良・中枠(3-6)で父「ジャングルポケット」は基準比リフト0.891
中山,坂あり・パワー型,ダ,中距離(1700-2000),良,中枠(3-6),父,ハービンジャー,62,3,11,0.0484,0.1774,115.2,0.0,7.73,0.199,-0.0216,0.891,参考,中山ダ中距離(1700-2000)・良・中枠(3-6)で父「ハービンジャー」は基準比リフト0.891
札幌,小回り・持続型,芝,中距離(1700-2000),良,中枠(3-6),父,ハーツクライ,125,12,27,0.096,0.216,106.6,0.0,6.68,0.2428,-0.0268,0.89,参考,札幌芝中距離(1700-2000)・良・中枠(3-6)で父「ハーツクライ」は基準比リフト0.89
京都,平坦・スピード型,ダ,短中距離(1400-1600),良,内枠(1-2),父,ゴールドアリュール,65,3,12,0.0462,0.1846,25.5,0.0,8.37,0.2074,-0.0228,0.89,参考,京都ダ短中距離(1400-1600)・良・内枠(1-2)で父「ゴールドアリュール」は基準比リフト0.89
京都,平坦・スピード型,芝,中距離(1700-2000),良,内枠(1-2),父,マンハッタンカフェ,80,6,17,0.075,0.2125,26.6,0.0,6.21,0.239,-0.0265,0.889,参考,京都芝中距離(1700-2000)・良・内枠(1-2)で父「マンハッタンカフェ」は基準比リフト0.889
小倉,小回り・機動型,芝,中距離(1700-2000),良,中枠(3-6),父,フジキセキ,71,2,14,0.0282,0.1972,14.4,0.0,7.73,0.2218,-0.0246,0.889,参考,小倉芝中距離(1700-2000)・良・中枠(3-6)で父「フジキセキ」は基準比リフト0.889
小倉,小回り・機動型,ダ,中距離(1700-2000),良,中枠(3-6),父,アグネスタキオン,52,3,9,0.0577,0.1731,33.3,0.0,6.71,0.1947,-0.0216,0.889,参考,小倉ダ中距離(1700-2000)・良・中枠(3-6)で父「アグネスタキオン」は基準比リフト0.889
小倉,小回り・機動型,芝,中距離(1700-2000),良,中枠(3-6),父,オルフェーヴル,66,5,13,0.0758,0.197,29.5,0.0,6.32,0.2218,-0.0248,0.888,参考,小倉芝中距離(1700-2000)・良・中枠(3-6)で父「オルフェーヴル」は基準比リフト0.888
新潟,直線長め・平坦型,ダ,短距離(1000-1300),良,中枠(3-6),父,ゴールドアリュール,100,9,18,0.09,0.18,58.4,0.0,7.78,0.2029,-0.0229,0.887,参考,新潟ダ短距離(1000-1300)・良・中枠(3-6)で父「ゴールドアリュール」は基準比リフト0.887
京都,平坦・スピード型,ダ,短中距離(1400-1600),良,中枠(3-6),父,タイキシャトル,62,5,11,0.0806,0.1774,45.2,0.0,8.05,0.2,-0.0226,0.887,参考,京都ダ短中距離(1400-1600)・良・中枠(3-6)で父「タイキシャトル」は基準比リフト0.887
東京,直線長め・持続型,ダ,短中距離(1400-1600),良,中枠(3-6),父,マジェスティックウォリアー,79,7,14,0.0886,0.1772,60.8,0.0,7.87,0.1997,-0.0225,0.887,参考,東京ダ短中距離(1400-1600)・良・中枠(3-6)で父「マジェスティックウォリアー」は基準比リフト0.887
中山,坂あり・パワー型,芝,中距離(1700-2000),良,中枠(3-6),父,ダンスインザダーク,73,3,14,0.0411,0.1918,29.6,0.0,8.07,0.2165,-0.0247,0.886,参考,中山芝中距離(1700-2000)・良・中枠(3-6)で父「ダンスインザダーク」は基準比リフト0.886
中山,坂あり・パワー型,芝,中距離(1700-2000),良,中枠(3-6),父,ブラックタイド,94,7,18,0.0745,0.1915,40.7,0.0,8.57,0.2165,-0.025,0.885,参考,中山芝中距離(1700-2000)・良・中枠(3-6)で父「ブラックタイド」は基準比リフト0.885
新潟,直線長め・平坦型,芝,短中距離(1400-1600),良,中枠(3-6),父,ジャングルポケット,87,8,15,0.092,0.1724,200.6,0.0,8.29,0.1947,-0.0223,0.885,参考,新潟芝短中距離(1400-1600)・良・中枠(3-6)で父「ジャングルポケット」は基準比リフト0.885
新潟,直線長め・平坦型,芝,短中距離(1400-1600),良,中枠(3-6),父,サクラバクシンオー,58,5,10,0.0862,0.1724,87.9,0.0,8.31,0.1947,-0.0223,0.885,参考,新潟芝短中距離(1400-1600)・良・中枠(3-6)で父「サクラバクシンオー」は基準比リフト0.885
京都,平坦・スピード型,ダ,中距離(1700-2000),良,中枠(3-6),父,ハーツクライ,140,7,27,0.05,0.1929,46.4,0.0,6.91,0.2181,-0.0252,0.884,参考,京都ダ中距離(1700-2000)・良・中枠(3-6)で父「ハーツクライ」は基準比リフト0.884
京都,平坦・スピード型,ダ,中距離(1700-2000),良,中枠(3-6),父,フジキセキ,83,4,16,0.0482,0.1928,71.9,0.0,7.0,0.2181,-0.0253,0.884,参考,京都ダ中距離(1700-2000)・良・中枠(3-6)で父「フジキセキ」は基準比リフト0.884
東京,直線長め・持続型,ダ,短中距離(1400-1600),良,中枠(3-6),父,スクリーンヒーロー,68,3,12,0.0441,0.1765,57.9,0.0,8.28,0.1997,-0.0232,0.884,参考,東京ダ短中距離(1400-1600)・良・中枠(3-6)で父「スクリーンヒーロー」は基準比リフト0.884
京都,平坦・スピード型,芝,短中距離(1400-1600),良,外枠(7-8),父,クロフネ,76,4,13,0.0526,0.1711,53.3,0.0,8.79,0.1935,-0.0224,0.884,参考,京都芝短中距離(1400-1600)・良・外枠(7-8)で父「クロフネ」は基準比リフト0.884
中山,坂あり・パワー型,芝,短距離(1000-1300),良,内枠(1-2),父,サクラバクシンオー,53,4,10,0.0755,0.1887,52.3,0.0,6.51,0.2138,-0.0251,0.883,参考,中山芝短距離(1000-1300)・良・内枠(1-2)で父「サクラバクシンオー」は基準比リフト0.883
中山,坂あり・パワー型,ダ,短距離(1000-1300),良,内枠(1-2),父,プリサイスエンド,64,3,10,0.0469,0.1562,80.9,0.0,8.69,0.1768,-0.0206,0.883,参考,中山ダ短距離(1000-1300)・良・内枠(1-2)で父「プリサイスエンド」は基準比リフト0.883
京都,平坦・スピード型,ダ,中距離(1700-2000),良,中枠(3-6),父,ディープスカイ,52,3,10,0.0577,0.1923,32.1,0.0,8.04,0.2181,-0.0258,0.882,参考,京都ダ中距離(1700-2000)・良・中枠(3-6)で父「ディープスカイ」は基準比リフト0.882
中山,坂あり・パワー型,芝,中距離(1700-2000),良,外枠(7-8),父,ネオユニヴァース,82,6,15,0.0732,0.1829,74.3,0.0,7.37,0.2074,-0.0245,0.882,参考,中山芝中距離(1700-2000)・良・外枠(7-8)で父「ネオユニヴァース」は基準比リフト0.882
函館,小回り・持続型,ダ,中距離(1700-2000),良,外枠(7-8),父,クロフネ,52,3,11,0.0577,0.2115,22.1,0.0,5.92,0.2402,-0.0287,0.881,参考,函館ダ中距離(1700-2000)・良・外枠(7-8)で父「クロフネ」は基準比リフト0.881
東京,直線長め・持続型,芝,短中距離(1400-1600),良,内枠(1-2),父,キンシャサノキセキ,61,0,11,0.0,0.1803,0.0,0.0,7.44,0.2047,-0.0244,0.881,参考,東京芝短中距離(1400-1600)・良・内枠(1-2)で父「キンシャサノキセキ」は基準比リフト0.881
中京,直線長め・持続型,ダ,短中距離(1400-1600),良,中枠(3-6),父,ゴールドアリュール,92,4,16,0.0435,0.1739,51.1,0.0,7.41,0.1973,-0.0234,0.881,参考,中京ダ短中距離(1400-1600)・良・中枠(3-6)で父「ゴールドアリュール」は基準比リフト0.881
福島,小回り・機動型,芝,中距離(1700-2000),良,中枠(3-6),父,ステイゴールド,213,13,41,0.061,0.1925,52.9,0.0,7.61,0.2188,-0.0263,0.88,参考,福島芝中距離(1700-2000)・良・中枠(3-6)で父「ステイゴールド」は基準比リフト0.88
福島,小回り・機動型,芝,中距離(1700-2000),良,中枠(3-6),父,アドマイヤムーン,52,5,10,0.0962,0.1923,42.5,0.0,7.08,0.2188,-0.0265,0.879,参考,福島芝中距離(1700-2000)・良・中枠(3-6)で父「アドマイヤムーン」は基準比リフト0.879
中京,直線長め・持続型,ダ,中距離(1700-2000),良,中枠(3-6),父,ルーラーシップ,99,8,19,0.0808,0.1919,36.7,0.0,6.99,0.2184,-0.0265,0.879,参考,中京ダ中距離(1700-2000)・良・中枠(3-6)で父「ルーラーシップ」は基準比リフト0.879
中山,坂あり・パワー型,芝,短距離(1000-1300),良,中枠(3-6),父,キンシャサノキセキ,85,4,15,0.0471,0.1765,16.6,0.0,7.28,0.2011,-0.0246,0.878,参考,中山芝短距離(1000-1300)・良・中枠(3-6)で父「キンシャサノキセキ」は基準比リフト0.878
東京,直線長め・持続型,芝,短中距離(1400-1600),良,中枠(3-6),父,スペシャルウィーク,90,4,16,0.0444,0.1778,15.3,0.0,8.47,0.2028,-0.025,0.877,参考,東京芝短中距離(1400-1600)・良・中枠(3-6)で父「スペシャルウィーク」は基準比リフト0.877
中京,直線長め・持続型,芝,短距離(1000-1300),良,中枠(3-6),父,タイキシャトル,52,4,9,0.0769,0.1731,96.0,0.0,9.04,0.1973,-0.0242,0.877,参考,中京芝短距離(1000-1300)・良・中枠(3-6)で父「タイキシャトル」は基準比リフト0.877
阪神,坂あり・パワー型,ダ,中距離(1700-2000),良,中枠(3-6),父,クロフネ,221,14,44,0.0633,0.1991,24.0,0.0,6.81,0.2273,-0.0282,0.876,参考,阪神ダ中距離(1700-2000)・良・中枠(3-6)で父「クロフネ」は基準比リフト0.876
京都,平坦・スピード型,芝,短中距離(1400-1600),良,外枠(7-8),父,タイキシャトル,59,2,10,0.0339,0.1695,11.0,0.0,8.92,0.1935,-0.024,0.876,参考,京都芝短中距離(1400-1600)・良・外枠(7-8)で父「タイキシャトル」は基準比リフト0.876
中京,直線長め・持続型,ダ,中距離(1700-2000),良,中枠(3-6),父,クロフネ,136,11,26,0.0809,0.1912,84.9,0.0,7.07,0.2184,-0.0272,0.875,参考,中京ダ中距離(1700-2000)・良・中枠(3-6)で父「クロフネ」は基準比リフト0.875
新潟,直線長め・平坦型,芝,中距離(1700-2000),良,中枠(3-6),父,ジャングルポケット,100,9,19,0.09,0.19,55.2,0.0,7.33,0.2171,-0.0271,0.875,参考,新潟芝中距離(1700-2000)・良・中枠(3-6)で父「ジャングルポケット」は基準比リフト0.875
阪神,坂あり・パワー型,芝,短中距離(1400-1600),良,中枠(3-6),父,クロフネ,116,7,22,0.0603,0.1897,36.6,0.0,8.46,0.2169,-0.0272,0.875,参考,阪神芝短中距離(1400-1600)・良・中枠(3-6)で父「クロフネ」は基準比リフト0.875
東京,直線長め・持続型,ダ,短中距離(1400-1600),良,中枠(3-6),父,ダンカーク,63,4,11,0.0635,0.1746,48.1,0.0,7.86,0.1997,-0.0251,0.874,参考,東京ダ短中距離(1400-1600)・良・中枠(3-6)で父「ダンカーク」は基準比リフト0.874
中京,直線長め・持続型,ダ,短中距離(1400-1600),良,中枠(3-6),父,シニスターミニスター,58,4,10,0.069,0.1724,39.5,0.0,7.67,0.1973,-0.0249,0.874,参考,中京ダ短中距離(1400-1600)・良・中枠(3-6)で父「シニスターミニスター」は基準比リフト0.874
京都,平坦・スピード型,芝,短中距離(1400-1600),良,中枠(3-6),父,ステイゴールド,139,13,26,0.0935,0.1871,64.5,0.0,7.33,0.2142,-0.0271,0.873,参考,京都芝短中距離(1400-1600)・良・中枠(3-6)で父「ステイゴールド」は基準比リフト0.873
東京,直線長め・持続型,芝,短中距離(1400-1600),良,外枠(7-8),父,キンシャサノキセキ,98,4,17,0.0408,0.1735,121.8,0.0,8.69,0.1988,-0.0253,0.873,参考,東京芝短中距離(1400-1600)・良・外枠(7-8)で父「キンシャサノキセキ」は基準比リフト0.873
阪神,坂あり・パワー型,芝,中距離(1700-2000),良,外枠(7-8),父,エピファネイア,59,3,12,0.0508,0.2034,22.5,0.0,6.85,0.2332,-0.0298,0.872,参考,阪神芝中距離(1700-2000)・良・外枠(7-8)で父「エピファネイア」は基準比リフト0.872
京都,平坦・スピード型,芝,中距離(1700-2000),良,外枠(7-8),父,ゼンノロブロイ,76,4,15,0.0526,0.1974,39.3,0.0,7.83,0.2263,-0.0289,0.872,参考,京都芝中距離(1700-2000)・良・外枠(7-8)で父「ゼンノロブロイ」は基準比リフト0.872
東京,直線長め・持続型,芝,短中距離(1400-1600),良,外枠(7-8),父,マイネルラヴ,52,2,9,0.0385,0.1731,46.9,0.0,9.13,0.1988,-0.0257,0.871,参考,東京芝短中距離(1400-1600)・良・外枠(7-8)で父「マイネルラヴ」は基準比リフト0.871
阪神,坂あり・パワー型,ダ,中距離(1700-2000),良,中枠(3-6),父,ロージズインメイ,86,2,17,0.0233,0.1977,83.3,0.0,7.94,0.2273,-0.0296,0.87,参考,阪神ダ中距離(1700-2000)・良・中枠(3-6)で父「ロージズインメイ」は基準比リフト0.87
阪神,坂あり・パワー型,芝,短中距離(1400-1600),良,中枠(3-6),父,タニノギムレット,106,3,20,0.0283,0.1887,58.5,0.0,8.51,0.2169,-0.0282,0.87,参考,阪神芝短中距離(1400-1600)・良・中枠(3-6)で父「タニノギムレット」は基準比リフト0.87
東京,直線長め・持続型,芝,短中距離(1400-1600),良,中枠(3-6),父,タイキシャトル,85,6,15,0.0706,0.1765,126.6,0.0,9.16,0.2028,-0.0263,0.87,参考,東京芝短中距離(1400-1600)・良・中枠(3-6)で父「タイキシャトル」は基準比リフト0.87
小倉,小回り・機動型,芝,短距離(1000-1300),良,外枠(7-8),父,ジャングルポケット,58,3,10,0.0517,0.1724,41.6,0.0,7.97,0.1981,-0.0257,0.87,参考,小倉芝短距離(1000-1300)・良・外枠(7-8)で父「ジャングルポケット」は基準比リフト0.87
新潟,直線長め・平坦型,芝,中距離(1700-2000),良,中枠(3-6),父,エイシンフラッシュ,53,5,10,0.0943,0.1887,98.5,0.0,9.21,0.2171,-0.0284,0.869,参考,新潟芝中距離(1700-2000)・良・中枠(3-6)で父「エイシンフラッシュ」は基準比リフト0.869
新潟,直線長め・平坦型,ダ,短距離(1000-1300),稍,中枠(3-6),父,ゴールドアリュール,52,2,9,0.0385,0.1731,18.5,0.0,7.77,0.1993,-0.0262,0.869,参考,新潟ダ短距離(1000-1300)・稍・中枠(3-6)で父「ゴールドアリュール」は基準比リフト0.869
小倉,小回り・機動型,芝,中距離(1700-2000),良,中枠(3-6),父,ジャングルポケット,156,11,30,0.0705,0.1923,91.5,0.0,7.38,0.2218,-0.0295,0.867,参考,小倉芝中距離(1700-2000)・良・中枠(3-6)で父「ジャングルポケット」は基準比リフト0.867
小倉,小回り・機動型,芝,短距離(1000-1300),良,中枠(3-6),父,デュランダル,71,2,12,0.0282,0.169,52.7,0.0,9.18,0.1949,-0.0259,0.867,参考,小倉芝短距離(1000-1300)・良・中枠(3-6)で父「デュランダル」は基準比リフト0.867
東京,直線長め・持続型,ダ,中長距離(2100-2400),良,中枠(3-6),父,クロフネ,73,3,14,0.0411,0.1918,11.9,0.0,8.32,0.2214,-0.0296,0.866,参考,東京ダ中長距離(2100-2400)・良・中枠(3-6)で父「クロフネ」は基準比リフト0.866
京都,平坦・スピード型,ダ,短距離(1000-1300),良,中枠(3-6),父,タイキシャトル,77,4,13,0.0519,0.1688,26.4,0.0,7.87,0.1949,-0.0261,0.866,参考,京都ダ短距離(1000-1300)・良・中枠(3-6)で父「タイキシャトル」は基準比リフト0.866
中山,坂あり・パワー型,ダ,短距離(1000-1300),良,中枠(3-6),父,タイキシャトル,120,6,20,0.05,0.1667,61.1,0.0,9.07,0.1927,-0.026,0.865,参考,中山ダ短距離(1000-1300)・良・中枠(3-6)で父「タイキシャトル」は基準比リフト0.865
阪神,坂あり・パワー型,芝,短中距離(1400-1600),良,外枠(7-8),父,ネオユニヴァース,85,7,14,0.0824,0.1647,49.2,0.0,8.35,0.1907,-0.026,0.864,参考,阪神芝短中距離(1400-1600)・良・外枠(7-8)で父「ネオユニヴァース」は基準比リフト0.864
東京,直線長め・持続型,芝,短中距離(1400-1600),良,中枠(3-6),父,ネオユニヴァース,160,9,28,0.0562,0.175,55.3,0.0,7.96,0.2028,-0.0278,0.863,参考,東京芝短中距離(1400-1600)・良・中枠(3-6)で父「ネオユニヴァース」は基準比リフト0.863
阪神,坂あり・パワー型,ダ,短距離(1000-1300),良,外枠(7-8),父,キンシャサノキセキ,56,4,10,0.0714,0.1786,27.9,0.0,8.41,0.2072,-0.0286,0.862,参考,阪神ダ短距離(1000-1300)・良・外枠(7-8)で父「キンシャサノキセキ」は基準比リフト0.862
阪神,坂あり・パワー型,芝,中距離(1700-2000),良,内枠(1-2),父,オルフェーヴル,51,2,11,0.0392,0.2157,31.4,0.0,6.8,0.2505,-0.0348,0.861,参考,阪神芝中距離(1700-2000)・良・内枠(1-2)で父「オルフェーヴル」は基準比リフト0.861
新潟,直線長め・平坦型,芝,中距離(1700-2000),良,中枠(3-6),父,シンボリクリスエス,123,10,23,0.0813,0.187,39.9,0.0,7.65,0.2171,-0.0301,0.861,参考,新潟芝中距離(1700-2000)・良・中枠(3-6)で父「シンボリクリスエス」は基準比リフト0.861
東京,直線長め・持続型,芝,短中距離(1400-1600),良,中枠(3-6),父,アドマイヤムーン,166,10,29,0.0602,0.1747,65.7,0.0,8.7,0.2028,-0.0281,0.861,参考,東京芝短中距離(1400-1600)・良・中枠(3-6)で父「アドマイヤムーン」は基準比リフト0.861
東京,直線長め・持続型,ダ,短中距離(1400-1600),稍,中枠(3-6),父,クロフネ,92,3,15,0.0326,0.163,24.9,0.0,7.29,0.1894,-0.0264,0.861,参考,東京ダ短中距離(1400-1600)・稍・中枠(3-6)で父「クロフネ」は基準比リフト0.861
阪神,坂あり・パワー型,ダ,中距離(1700-2000),良,中枠(3-6),父,ロードカナロア,87,7,17,0.0805,0.1954,85.2,0.0,6.01,0.2273,-0.0319,0.86,参考,阪神ダ中距離(1700-2000)・良・中枠(3-6)で父「ロードカナロア」は基準比リフト0.86
京都,平坦・スピード型,ダ,中距離(1700-2000),良,中枠(3-6),父,プリサイスエンド,64,3,12,0.0469,0.1875,15.6,0.0,8.12,0.2181,-0.0306,0.86,参考,京都ダ中距離(1700-2000)・良・中枠(3-6)で父「プリサイスエンド」は基準比リフト0.86
阪神,坂あり・パワー型,ダ,短中距離(1400-1600),良,中枠(3-6),父,ハーツクライ,63,3,11,0.0476,0.1746,24.0,0.0,7.65,0.2031,-0.0285,0.86,参考,阪神ダ短中距離(1400-1600)・良・中枠(3-6)で父「ハーツクライ」は基準比リフト0.86
函館,小回り・持続型,芝,短距離(1000-1300),良,中枠(3-6),父,タイキシャトル,50,5,10,0.1,0.2,100.2,0.0,8.32,0.2329,-0.0329,0.859,参考,函館芝短距離(1000-1300)・良・中枠(3-6)で父「タイキシャトル」は基準比リフト0.859
福島,小回り・機動型,芝,中距離(1700-2000),良,中枠(3-6),父,ヴィクトワールピサ,64,1,12,0.0156,0.1875,10.8,0.0,6.8,0.2188,-0.0313,0.857,参考,福島芝中距離(1700-2000)・良・中枠(3-6)で父「ヴィクトワールピサ」は基準比リフト0.857
京都,平坦・スピード型,ダ,短中距離(1400-1600),良,中枠(3-6),父,ゼンノロブロイ,70,4,12,0.0571,0.1714,17.3,0.0,8.63,0.2,-0.0286,0.857,参考,京都ダ短中距離(1400-1600)・良・中枠(3-6)で父「ゼンノロブロイ」は基準比リフト0.857
小倉,小回り・機動型,芝,短距離(1000-1300),良,外枠(7-8),父,スウェプトオーヴァーボード,53,1,9,0.0189,0.1698,7.0,0.0,8.43,0.1981,-0.0283,0.857,参考,小倉芝短距離(1000-1300)・良・外枠(7-8)で父「スウェプトオーヴァーボード」は基準比リフト0.857
東京,直線長め・持続型,芝,短中距離(1400-1600),良,中枠(3-6),父,スクリーンヒーロー,121,6,21,0.0496,0.1736,25.5,0.0,7.84,0.2028,-0.0292,0.856,参考,東京芝短中距離(1400-1600)・良・中枠(3-6)で父「スクリーンヒーロー」は基準比リフト0.856
東京,直線長め・持続型,芝,中距離(1700-2000),良,内枠(1-2),父,ダイワメジャー,65,4,13,0.0615,0.2,118.0,0.0,6.25,0.2345,-0.0345,0.853,参考,東京芝中距離(1700-2000)・良・内枠(1-2)で父「ダイワメジャー」は基準比リフト0.853
阪神,坂あり・パワー型,ダ,中距離(1700-2000),良,中枠(3-6),父,ブライアンズタイム,67,7,13,0.1045,0.194,75.7,0.0,7.39,0.2273,-0.0333,0.853,参考,阪神ダ中距離(1700-2000)・良・中枠(3-6)で父「ブライアンズタイム」は基準比リフト0.853
京都,平坦・スピード型,芝,中距離(1700-2000),良,外枠(7-8),父,ダンスインザダーク,57,2,11,0.0351,0.193,25.4,0.0,6.96,0.2263,-0.0333,0.853,参考,京都芝中距離(1700-2000)・良・外枠(7-8)で父「ダンスインザダーク」は基準比リフト0.853
中京,直線長め・持続型,芝,中距離(1700-2000),良,中枠(3-6),父,ルーラーシップ,85,6,16,0.0706,0.1882,21.4,0.0,7.44,0.2207,-0.0325,0.853,参考,中京芝中距離(1700-2000)・良・中枠(3-6)で父「ルーラーシップ」は基準比リフト0.853
東京,直線長め・持続型,芝,中距離(1700-2000),良,中枠(3-6),父,タニノギムレット,99,9,20,0.0909,0.202,73.3,0.0,8.53,0.237,-0.035,0.852,参考,東京芝中距離(1700-2000)・良・中枠(3-6)で父「タニノギムレット」は基準比リフト0.852
阪神,坂あり・パワー型,ダ,短中距離(1400-1600),良,中枠(3-6),父,ワイルドラッシュ,52,2,9,0.0385,0.1731,89.2,0.0,7.71,0.2031,-0.03,0.852,参考,阪神ダ短中距離(1400-1600)・良・中枠(3-6)で父「ワイルドラッシュ」は基準比リフト0.852
東京,直線長め・持続型,ダ,短中距離(1400-1600),良,中枠(3-6),父,スウェプトオーヴァーボード,141,9,24,0.0638,0.1702,57.7,0.0,8.33,0.1997,-0.0295,0.852,参考,東京ダ短中距離(1400-1600)・良・中枠(3-6)で父「スウェプトオーヴァーボード」は基準比リフト0.852
小倉,小回り・機動型,芝,中距離(1700-2000),良,中枠(3-6),父,メイショウサムソン,53,2,10,0.0377,0.1887,17.5,0.0,7.47,0.2218,-0.0331,0.851,参考,小倉芝中距離(1700-2000)・良・中枠(3-6)で父「メイショウサムソン」は基準比リフト0.851
阪神,坂あり・パワー型,芝,短中距離(1400-1600),良,中枠(3-6),父,ジャスタウェイ,65,2,12,0.0308,0.1846,19.7,0.0,8.14,0.2169,-0.0323,0.851,参考,阪神芝短中距離(1400-1600)・良・中枠(3-6)で父「ジャスタウェイ」は基準比リフト0.851
阪神,坂あり・パワー型,ダ,短中距離(1400-1600),良,中枠(3-6),父,サウスヴィグラス,81,5,14,0.0617,0.1728,34.6,0.0,7.96,0.2031,-0.0303,0.851,参考,阪神ダ短中距離(1400-1600)・良・中枠(3-6)で父「サウスヴィグラス」は基準比リフト0.851
東京,直線長め・持続型,芝,短中距離(1400-1600),良,外枠(7-8),父,ディープブリランテ,65,3,11,0.0462,0.1692,36.0,0.0,8.85,0.1988,-0.0296,0.851,参考,東京芝短中距離(1400-1600)・良・外枠(7-8)で父「ディープブリランテ」は基準比リフト0.851
小倉,小回り・機動型,芝,短距離(1000-1300),良,内枠(1-2),父,アドマイヤムーン,62,4,10,0.0645,0.1613,23.7,0.0,7.74,0.1897,-0.0284,0.85,参考,小倉芝短距離(1000-1300)・良・内枠(1-2)で父「アドマイヤムーン」は基準比リフト0.85
中山,坂あり・パワー型,芝,短中距離(1400-1600),良,内枠(1-2),父,ハーツクライ,59,5,12,0.0847,0.2034,91.0,0.0,6.02,0.2397,-0.0363,0.849,参考,中山芝短中距離(1400-1600)・良・内枠(1-2)で父「ハーツクライ」は基準比リフト0.849
京都,平坦・スピード型,ダ,中距離(1700-2000),良,中枠(3-6),父,メイショウサムソン,54,2,10,0.037,0.1852,14.8,0.0,8.96,0.2181,-0.0329,0.849,参考,京都ダ中距離(1700-2000)・良・中枠(3-6)で父「メイショウサムソン」は基準比リフト0.849
東京,直線長め・持続型,ダ,短中距離(1400-1600),稍,中枠(3-6),父,ロードカナロア,56,4,9,0.0714,0.1607,51.8,0.0,6.48,0.1894,-0.0287,0.848,参考,東京ダ短中距離(1400-1600)・稍・中枠(3-6)で父「ロードカナロア」は基準比リフト0.848
東京,直線長め・持続型,ダ,短中距離(1400-1600),良,中枠(3-6),父,ヴィクトワールピサ,71,4,12,0.0563,0.169,11.5,0.0,7.89,0.1997,-0.0307,0.846,参考,東京ダ短中距離(1400-1600)・良・中枠(3-6)で父「ヴィクトワールピサ」は基準比リフト0.846
札幌,小回り・持続型,ダ,中距離(1700-2000),良,中枠(3-6),父,クロフネ,96,5,20,0.0521,0.2083,25.4,0.0,6.74,0.2469,-0.0386,0.844,参考,札幌ダ中距離(1700-2000)・良・中枠(3-6)で父「クロフネ」は基準比リフト0.844
函館,小回り・持続型,芝,中距離(1700-2000),良,外枠(7-8),父,キングカメハメハ,75,4,13,0.0533,0.1733,16.0,0.0,7.05,0.2056,-0.0323,0.843,参考,函館芝中距離(1700-2000)・良・外枠(7-8)で父「キングカメハメハ」は基準比リフト0.843
京都,平坦・スピード型,ダ,短距離(1000-1300),良,中枠(3-6),父,ファスリエフ,61,1,10,0.0164,0.1639,9.7,0.0,8.28,0.1949,-0.031,0.841,参考,京都ダ短距離(1000-1300)・良・中枠(3-6)で父「ファスリエフ」は基準比リフト0.841
札幌,小回り・持続型,ダ,中距離(1700-2000),良,中枠(3-6),父,シニスターミニスター,53,6,11,0.1132,0.2075,155.1,0.0,6.51,0.2469,-0.0394,0.84,参考,札幌ダ中距離(1700-2000)・良・中枠(3-6)で父「シニスターミニスター」は基準比リフト0.84
新潟,直線長め・平坦型,芝,短距離(1000-1300),良,外枠(7-8),父,キンシャサノキセキ,51,2,10,0.0392,0.1961,13.3,0.0,7.22,0.2335,-0.0374,0.84,参考,新潟芝短距離(1000-1300)・良・外枠(7-8)で父「キンシャサノキセキ」は基準比リフト0.84
新潟,直線長め・平坦型,ダ,中距離(1700-2000),良,中枠(3-6),父,ディープインパクト,50,5,9,0.1,0.18,116.2,0.0,6.24,0.2144,-0.0344,0.84,参考,新潟ダ中距離(1700-2000)・良・中枠(3-6)で父「ディープインパクト」は基準比リフト0.84
阪神,坂あり・パワー型,ダ,短中距離(1400-1600),良,中枠(3-6),父,メイショウボーラー,82,6,14,0.0732,0.1707,40.6,0.0,7.65,0.2031,-0.0324,0.84,参考,阪神ダ短中距離(1400-1600)・良・中枠(3-6)で父「メイショウボーラー」は基準比リフト0.84
東京,直線長め・持続型,ダ,短中距離(1400-1600),良,内枠(1-2),父,スウェプトオーヴァーボード,64,4,9,0.0625,0.1406,85.3,0.0,8.88,0.1677,-0.0271,0.838,参考,東京ダ短中距離(1400-1600)・良・内枠(1-2)で父「スウェプトオーヴァーボード」は基準比リフト0.838
阪神,坂あり・パワー型,ダ,中距離(1700-2000),良,外枠(7-8),父,ハービンジャー,56,4,11,0.0714,0.1964,55.2,0.0,7.52,0.2351,-0.0387,0.835,参考,阪神ダ中距離(1700-2000)・良・外枠(7-8)で父「ハービンジャー」は基準比リフト0.835
福島,小回り・機動型,芝,中距離(1700-2000),良,外枠(7-8),父,ジャングルポケット,51,2,8,0.0392,0.1569,42.9,0.0,9.33,0.1878,-0.0309,0.835,参考,福島芝中距離(1700-2000)・良・外枠(7-8)で父「ジャングルポケット」は基準比リフト0.835
阪神,坂あり・パワー型,芝,中距離(1700-2000),良,中枠(3-6),父,ゼンノロブロイ,95,7,19,0.0737,0.2,98.3,0.0,7.13,0.2399,-0.0399,0.834,参考,阪神芝中距離(1700-2000)・良・中枠(3-6)で父「ゼンノロブロイ」は基準比リフト0.834
阪神,坂あり・パワー型,芝,中距離(1700-2000),良,中枠(3-6),父,ブラックタイド,90,4,18,0.0444,0.2,30.0,0.0,7.66,0.2399,-0.0399,0.834,参考,阪神芝中距離(1700-2000)・良・中枠(3-6)で父「ブラックタイド」は基準比リフト0.834
阪神,坂あり・パワー型,芝,中距離(1700-2000),良,中枠(3-6),父,ワークフォース,50,1,10,0.02,0.2,17.0,0.0,7.78,0.2399,-0.0399,0.834,参考,阪神芝中距離(1700-2000)・良・中枠(3-6)で父「ワークフォース」は基準比リフト0.834
阪神,坂あり・パワー型,芝,短中距離(1400-1600),良,中枠(3-6),父,ジャングルポケット,94,5,17,0.0532,0.1809,30.3,0.0,8.27,0.2169,-0.036,0.834,参考,阪神芝短中距離(1400-1600)・良・中枠(3-6)で父「ジャングルポケット」は基準比リフト0.834
東京,直線長め・持続型,芝,短中距離(1400-1600),良,中枠(3-6),父,リオンディーズ,65,4,11,0.0615,0.1692,62.5,0.0,7.34,0.2028,-0.0336,0.834,参考,東京芝短中距離(1400-1600)・良・中枠(3-6)で父「リオンディーズ」は基準比リフト0.834
福島,小回り・機動型,芝,短距離(1000-1300),良,中枠(3-6),父,マツリダゴッホ,108,4,17,0.037,0.1574,36.7,0.0,8.77,0.1887,-0.0313,0.834,参考,福島芝短距離(1000-1300)・良・中枠(3-6)で父「マツリダゴッホ」は基準比リフト0.834
函館,小回り・持続型,芝,短距離(1000-1300),良,中枠(3-6),父,スウェプトオーヴァーボード,67,4,13,0.0597,0.194,108.1,0.0,6.73,0.2329,-0.0389,0.833,参考,函館芝短距離(1000-1300)・良・中枠(3-6)で父「スウェプトオーヴァーボード」は基準比リフト0.833
京都,平坦・スピード型,芝,中長距離(2100-2400),良,中枠(3-6),父,マンハッタンカフェ,77,5,15,0.0649,0.1948,90.8,0.0,6.66,0.2341,-0.0393,0.832,参考,京都芝中長距離(2100-2400)・良・中枠(3-6)で父「マンハッタンカフェ」は基準比リフト0.832
東京,直線長め・持続型,ダ,短中距離(1400-1600),稍,外枠(7-8),父,ゴールドアリュール,54,5,10,0.0926,0.1852,48.7,0.0,7.72,0.2227,-0.0375,0.832,参考,東京ダ短中距離(1400-1600)・稍・外枠(7-8)で父「ゴールドアリュール」は基準比リフト0.832
福島,小回り・機動型,芝,短距離(1000-1300),良,中枠(3-6),父,ゼンノロブロイ,51,1,8,0.0196,0.1569,23.9,0.0,7.08,0.1887,-0.0318,0.831,参考,福島芝短距離(1000-1300)・良・中枠(3-6)で父「ゼンノロブロイ」は基準比リフト0.831
阪神,坂あり・パワー型,ダ,中距離(1700-2000),良,中枠(3-6),父,ダンカーク,53,4,10,0.0755,0.1887,33.4,0.0,6.42,0.2273,-0.0386,0.83,参考,阪神ダ中距離(1700-2000)・良・中枠(3-6)で父「ダンカーク」は基準比リフト0.83
新潟,直線長め・平坦型,芝,中距離(1700-2000),良,中枠(3-6),父,ロージズインメイ,50,2,9,0.04,0.18,36.8,0.0,8.6,0.2171,-0.0371,0.829,参考,新潟芝中距離(1700-2000)・良・中枠(3-6)で父「ロージズインメイ」は基準比リフト0.829
京都,平坦・スピード型,芝,中距離(1700-2000),良,中枠(3-6),父,ブラックタイド,64,2,13,0.0312,0.2031,18.6,0.0,7.72,0.2454,-0.0423,0.828,参考,京都芝中距離(1700-2000)・良・中枠(3-6)で父「ブラックタイド」は基準比リフト0.828
中山,坂あり・パワー型,芝,中距離(1700-2000),良,中枠(3-6),父,コンデュイット,67,4,12,0.0597,0.1791,144.2,0.0,9.52,0.2165,-0.0374,0.827,参考,中山芝中距離(1700-2000)・良・中枠(3-6)で父「コンデュイット」は基準比リフト0.827
東京,直線長め・持続型,ダ,短中距離(1400-1600),良,外枠(7-8),父,アグネスデジタル,67,4,12,0.0597,0.1791,46.0,0.0,7.85,0.2165,-0.0374,0.827,参考,東京ダ短中距離(1400-1600)・良・外枠(7-8)で父「アグネスデジタル」は基準比リフト0.827
阪神,坂あり・パワー型,ダ,中距離(1700-2000),稍,中枠(3-6),父,ディープインパクト,52,2,9,0.0385,0.1731,11.7,0.0,6.38,0.2095,-0.0364,0.826,参考,阪神ダ中距離(1700-2000)・稍・中枠(3-6)で父「ディープインパクト」は基準比リフト0.826
東京,直線長め・持続型,ダ,短中距離(1400-1600),良,中枠(3-6),父,ディープインパクト,97,8,16,0.0825,0.1649,29.9,0.0,6.91,0.1997,-0.0348,0.826,参考,東京ダ短中距離(1400-1600)・良・中枠(3-6)で父「ディープインパクト」は基準比リフト0.826
中京,直線長め・持続型,ダ,中距離(1700-2000),良,中枠(3-6),父,ジャングルポケット,50,5,9,0.1,0.18,331.0,0.0,8.38,0.2184,-0.0384,0.824,参考,中京ダ中距離(1700-2000)・良・中枠(3-6)で父「ジャングルポケット」は基準比リフト0.824
京都,平坦・スピード型,芝,短中距離(1400-1600),良,内枠(1-2),父,アドマイヤムーン,50,3,9,0.06,0.18,29.0,0.0,7.56,0.2185,-0.0385,0.824,参考,京都芝短中距離(1400-1600)・良・内枠(1-2)で父「アドマイヤムーン」は基準比リフト0.824
京都,平坦・スピード型,ダ,短中距離(1400-1600),良,中枠(3-6),父,メイショウボーラー,97,3,16,0.0309,0.1649,26.7,0.0,8.25,0.2,-0.0351,0.824,参考,京都ダ短中距離(1400-1600)・良・中枠(3-6)で父「メイショウボーラー」は基準比リフト0.824
中山,坂あり・パワー型,ダ,短距離(1000-1300),良,中枠(3-6),父,ロージズインメイ,63,1,10,0.0159,0.1587,3.5,0.0,8.51,0.1927,-0.034,0.824,参考,中山ダ短距離(1000-1300)・良・中枠(3-6)で父「ロージズインメイ」は基準比リフト0.824
中京,直線長め・持続型,ダ,中距離(1700-2000),良,内枠(1-2),父,シンボリクリスエス,54,3,10,0.0556,0.1852,35.0,0.0,7.28,0.225,-0.0398,0.823,参考,中京ダ中距離(1700-2000)・良・内枠(1-2)で父「シンボリクリスエス」は基準比リフト0.823
福島,小回り・機動型,芝,中距離(1700-2000),良,内枠(1-2),父,シンボリクリスエス,53,2,9,0.0377,0.1698,27.9,0.0,8.72,0.2066,-0.0368,0.822,参考,福島芝中距離(1700-2000)・良・内枠(1-2)で父「シンボリクリスエス」は基準比リフト0.822
福島,小回り・機動型,芝,中距離(1700-2000),良,内枠(1-2),父,ジャングルポケット,53,3,9,0.0566,0.1698,23.0,0.0,8.02,0.2066,-0.0368,0.822,参考,福島芝中距離(1700-2000)・良・内枠(1-2)で父「ジャングルポケット」は基準比リフト0.822
東京,直線長め・持続型,芝,短中距離(1400-1600),良,中枠(3-6),父,エイシンフラッシュ,84,3,14,0.0357,0.1667,9.3,0.0,8.87,0.2028,-0.0361,0.822,参考,東京芝短中距離(1400-1600)・良・中枠(3-6)で父「エイシンフラッシュ」は基準比リフト0.822
中山,坂あり・パワー型,芝,短中距離(1400-1600),良,中枠(3-6),父,ハーツクライ,139,7,23,0.0504,0.1655,32.0,0.0,7.26,0.2014,-0.0359,0.822,参考,中山芝短中距離(1400-1600)・良・中枠(3-6)で父「ハーツクライ」は基準比リフト0.822
新潟,直線長め・平坦型,芝,短中距離(1400-1600),良,中枠(3-6),父,ロージズインメイ,50,1,8,0.02,0.16,13.6,0.0,9.46,0.1947,-0.0347,0.822,参考,新潟芝短中距離(1400-1600)・良・中枠(3-6)で父「ロージズインメイ」は基準比リフト0.822
東京,直線長め・持続型,ダ,短中距離(1400-1600),良,中枠(3-6),父,メイショウボーラー,122,8,20,0.0656,0.1639,47.5,0.0,8.85,0.1997,-0.0358,0.821,参考,東京ダ短中距離(1400-1600)・良・中枠(3-6)で父「メイショウボーラー」は基準比リフト0.821
小倉,小回り・機動型,芝,短距離(1000-1300),良,中枠(3-6),父,スウェプトオーヴァーボード,75,7,12,0.0933,0.16,163.2,0.0,10.29,0.1949,-0.0349,0.821,参考,小倉芝短距離(1000-1300)・良・中枠(3-6)で父「スウェプトオーヴァーボード」は基準比リフト0.821
東京,直線長め・持続型,芝,中距離(1700-2000),良,中枠(3-6),父,アグネスタキオン,72,5,14,0.0694,0.1944,39.9,0.0,6.93,0.237,-0.0426,0.82,参考,東京芝中距離(1700-2000)・良・中枠(3-6)で父「アグネスタキオン」は基準比リフト0.82
中山,坂あり・パワー型,ダ,短距離(1000-1300),良,中枠(3-6),父,シニスターミニスター,95,4,15,0.0421,0.1579,19.6,0.0,7.89,0.1927,-0.0348,0.819,参考,中山ダ短距離(1000-1300)・良・中枠(3-6)で父「シニスターミニスター」は基準比リフト0.819
中山,坂あり・パワー型,芝,短中距離(1400-1600),良,内枠(1-2),父,ステイゴールド,51,4,10,0.0784,0.1961,34.5,0.0,7.78,0.2397,-0.0436,0.818,参考,中山芝短中距離(1400-1600)・良・内枠(1-2)で父「ステイゴールド」は基準比リフト0.818
中京,直線長め・持続型,芝,中距離(1700-2000),良,内枠(1-2),父,ハーツクライ,76,4,14,0.0526,0.1842,23.8,0.0,6.51,0.2251,-0.0409,0.818,参考,中京芝中距離(1700-2000)・良・内枠(1-2)で父「ハーツクライ」は基準比リフト0.818
阪神,坂あり・パワー型,ダ,短距離(1000-1300),良,中枠(3-6),父,メイショウボーラー,106,5,18,0.0472,0.1698,30.0,0.0,8.43,0.2076,-0.0378,0.818,参考,阪神ダ短距離(1000-1300)・良・中枠(3-6)で父「メイショウボーラー」は基準比リフト0.818
東京,直線長め・持続型,芝,中距離(1700-2000),良,中枠(3-6),父,ダンスインザダーク,93,9,18,0.0968,0.1935,44.6,0.0,8.44,0.237,-0.0435,0.816,参考,東京芝中距離(1700-2000)・良・中枠(3-6)で父「ダンスインザダーク」は基準比リフト0.816
新潟,直線長め・平坦型,芝,短距離(1000-1300),良,外枠(7-8),父,スウェプトオーヴァーボード,63,7,12,0.1111,0.1905,70.3,0.0,6.63,0.2335,-0.043,0.816,参考,新潟芝短距離(1000-1300)・良・外枠(7-8)で父「スウェプトオーヴァーボード」は基準比リフト0.816
小倉,小回り・機動型,芝,中距離(1700-2000),良,中枠(3-6),父,クロフネ,94,7,17,0.0745,0.1809,43.5,0.0,7.99,0.2218,-0.0409,0.816,参考,小倉芝中距離(1700-2000)・良・中枠(3-6)で父「クロフネ」は基準比リフト0.816
新潟,直線長め・平坦型,芝,中距離(1700-2000),良,中枠(3-6),父,ダンスインザダーク,79,2,14,0.0253,0.1772,29.9,0.0,8.81,0.2171,-0.0399,0.816,参考,新潟芝中距離(1700-2000)・良・中枠(3-6)で父「ダンスインザダーク」は基準比リフト0.816
京都,平坦・スピード型,芝,短中距離(1400-1600),良,外枠(7-8),父,シンボリクリスエス,57,5,9,0.0877,0.1579,54.2,0.0,8.23,0.1935,-0.0356,0.816,参考,京都芝短中距離(1400-1600)・良・外枠(7-8)で父「シンボリクリスエス」は基準比リフト0.816
東京,直線長め・持続型,芝,中距離(1700-2000),良,中枠(3-6),父,スクリーンヒーロー,88,5,17,0.0568,0.1932,106.5,0.0,8.38,0.237,-0.0438,0.815,参考,東京芝中距離(1700-2000)・良・中枠(3-6)で父「スクリーンヒーロー」は基準比リフト0.815
中山,坂あり・パワー型,芝,中距離(1700-2000),良,中枠(3-6),父,スクリーンヒーロー,85,7,15,0.0824,0.1765,86.2,0.0,7.75,0.2165,-0.04,0.815,参考,中山芝中距離(1700-2000)・良・中枠(3-6)で父「スクリーンヒーロー」は基準比リフト0.815
小倉,小回り・機動型,芝,短距離(1000-1300),良,中枠(3-6),父,ブラックタイド,63,4,10,0.0635,0.1587,155.2,0.0,9.84,0.1949,-0.0362,0.814,参考,小倉芝短距離(1000-1300)・良・中枠(3-6)で父「ブラックタイド」は基準比リフト0.814
中山,坂あり・パワー型,ダ,短距離(1000-1300),良,中枠(3-6),父,アイルハヴアナザー,51,3,8,0.0588,0.1569,136.1,0.0,8.69,0.1927,-0.0358,0.814,参考,中山ダ短距離(1000-1300)・良・中枠(3-6)で父「アイルハヴアナザー」は基準比リフト0.814
中京,直線長め・持続型,芝,短中距離(1400-1600),良,中枠(3-6),父,ジャングルポケット,54,2,9,0.037,0.1667,15.4,0.0,8.74,0.2051,-0.0384,0.813,参考,中京芝短中距離(1400-1600)・良・中枠(3-6)で父「ジャングルポケット」は基準比リフト0.813
阪神,坂あり・パワー型,ダ,中距離(1700-2000),良,中枠(3-6),父,ヴィクトワールピサ,65,5,12,0.0769,0.1846,162.9,0.0,7.29,0.2273,-0.0427,0.812,参考,阪神ダ中距離(1700-2000)・良・中枠(3-6)で父「ヴィクトワールピサ」は基準比リフト0.812
中山,坂あり・パワー型,ダ,短距離(1000-1300),良,中枠(3-6),父,アグネスデジタル,115,5,18,0.0435,0.1565,55.7,0.0,8.28,0.1927,-0.0362,0.812,参考,中山ダ短距離(1000-1300)・良・中枠(3-6)で父「アグネスデジタル」は基準比リフト0.812
阪神,坂あり・パワー型,芝,短中距離(1400-1600),良,中枠(3-6),父,キンシャサノキセキ,91,6,16,0.0659,0.1758,118.6,0.0,7.24,0.2169,-0.0411,0.811,参考,阪神芝短中距離(1400-1600)・良・中枠(3-6)で父「キンシャサノキセキ」は基準比リフト0.811
中京,直線長め・持続型,芝,短中距離(1400-1600),良,内枠(1-2),父,ハーツクライ,59,3,10,0.0508,0.1695,16.9,0.0,6.66,0.2091,-0.0396,0.811,参考,中京芝短中距離(1400-1600)・良・内枠(1-2)で父「ハーツクライ」は基準比リフト0.811
東京,直線長め・持続型,芝,短中距離(1400-1600),良,外枠(7-8),父,タイキシャトル,62,5,10,0.0806,0.1613,77.7,0.0,9.37,0.1988,-0.0375,0.811,参考,東京芝短中距離(1400-1600)・良・外枠(7-8)で父「タイキシャトル」は基準比リフト0.811
阪神,坂あり・パワー型,芝,中距離(1700-2000),良,中枠(3-6),父,クロフネ,72,4,14,0.0556,0.1944,29.9,0.0,7.51,0.2399,-0.0455,0.81,参考,阪神芝中距離(1700-2000)・良・中枠(3-6)で父「クロフネ」は基準比リフト0.81
東京,直線長め・持続型,芝,中距離(1700-2000),良,内枠(1-2),父,ジャングルポケット,79,7,15,0.0886,0.1899,77.1,0.0,8.13,0.2345,-0.0446,0.81,参考,東京芝中距離(1700-2000)・良・内枠(1-2)で父「ジャングルポケット」は基準比リフト0.81
東京,直線長め・持続型,芝,中距離(1700-2000),良,中枠(3-6),父,ロージズインメイ,73,5,14,0.0685,0.1918,153.6,0.0,8.68,0.237,-0.0452,0.809,参考,東京芝中距離(1700-2000)・良・中枠(3-6)で父「ロージズインメイ」は基準比リフト0.809
中山,坂あり・パワー型,芝,短中距離(1400-1600),良,外枠(7-8),父,ステイゴールド,59,3,9,0.0508,0.1525,27.6,0.0,8.73,0.1887,-0.0362,0.808,参考,中山芝短中距離(1400-1600)・良・外枠(7-8)で父「ステイゴールド」は基準比リフト0.808
阪神,坂あり・パワー型,芝,中距離(1700-2000),良,中枠(3-6),父,アドマイヤムーン,62,6,12,0.0968,0.1935,48.5,0.0,7.74,0.2399,-0.0464,0.807,参考,阪神芝中距離(1700-2000)・良・中枠(3-6)で父「アドマイヤムーン」は基準比リフト0.807
福島,小回り・機動型,芝,中距離(1700-2000),良,中枠(3-6),父,マンハッタンカフェ,85,7,15,0.0824,0.1765,49.4,0.0,8.14,0.2188,-0.0423,0.807,参考,福島芝中距離(1700-2000)・良・中枠(3-6)で父「マンハッタンカフェ」は基準比リフト0.807
新潟,直線長め・平坦型,ダ,中距離(1700-2000),良,中枠(3-6),父,アグネスデジタル,52,2,9,0.0385,0.1731,230.2,0.0,7.54,0.2144,-0.0413,0.807,参考,新潟ダ中距離(1700-2000)・良・中枠(3-6)で父「アグネスデジタル」は基準比リフト0.807
阪神,坂あり・パワー型,芝,短中距離(1400-1600),良,外枠(7-8),父,ジャングルポケット,65,3,10,0.0462,0.1538,666.0,0.0,9.66,0.1907,-0.0369,0.807,参考,阪神芝短中距離(1400-1600)・良・外枠(7-8)で父「ジャングルポケット」は基準比リフト0.807
阪神,坂あり・パワー型,芝,短中距離(1400-1600),良,外枠(7-8),父,グラスワンダー,52,3,8,0.0577,0.1538,159.0,0.0,8.94,0.1907,-0.0369,0.807,参考,阪神芝短中距離(1400-1600)・良・外枠(7-8)で父「グラスワンダー」は基準比リフト0.807
京都,平坦・スピード型,芝,中距離(1700-2000),良,中枠(3-6),父,タニノギムレット,71,5,14,0.0704,0.1972,71.8,0.0,8.17,0.2454,-0.0482,0.804,参考,京都芝中距離(1700-2000)・良・中枠(3-6)で父「タニノギムレット」は基準比リフト0.804
東京,直線長め・持続型,芝,中距離(1700-2000),良,外枠(7-8),父,スペシャルウィーク,52,1,9,0.0192,0.1731,13.7,0.0,6.08,0.2154,-0.0423,0.804,参考,東京芝中距離(1700-2000)・良・外枠(7-8)で父「スペシャルウィーク」は基準比リフト0.804
中山,坂あり・パワー型,芝,中距離(1700-2000),良,外枠(7-8),父,タニノギムレット,60,2,10,0.0333,0.1667,37.7,0.0,8.85,0.2074,-0.0407,0.804,参考,中山芝中距離(1700-2000)・良・外枠(7-8)で父「タニノギムレット」は基準比リフト0.804
中山,坂あり・パワー型,ダ,短距離(1000-1300),良,外枠(7-8),父,キングカメハメハ,55,4,9,0.0727,0.1636,38.5,0.0,7.6,0.2034,-0.0398,0.804,参考,中山ダ短距離(1000-1300)・良・外枠(7-8)で父「キングカメハメハ」は基準比リフト0.804
中山,坂あり・パワー型,ダ,中距離(1700-2000),良,中枠(3-6),父,フレンチデピュティ,69,2,11,0.029,0.1594,12.5,0.0,8.3,0.199,-0.0396,0.801,参考,中山ダ中距離(1700-2000)・良・中枠(3-6)で父「フレンチデピュティ」は基準比リフト0.801
中山,坂あり・パワー型,芝,短距離(1000-1300),良,内枠(1-2),父,ダイワメジャー,76,4,13,0.0526,0.1711,40.8,0.0,6.01,0.2138,-0.0427,0.8,参考,中山芝短距離(1000-1300)・良・内枠(1-2)で父「ダイワメジャー」は基準比リフト0.8
新潟,直線長め・平坦型,芝,短中距離(1400-1600),良,中枠(3-6),父,タニノギムレット,77,3,12,0.039,0.1558,97.0,0.0,8.75,0.1947,-0.0389,0.8,参考,新潟芝短中距離(1400-1600)・良・中枠(3-6)で父「タニノギムレット」は基準比リフト0.8
中山,坂あり・パワー型,芝,長距離(2500以上),良,中枠(3-6),父,キングカメハメハ,67,1,13,0.0149,0.194,9.4,0.0,7.79,0.2429,-0.0489,0.799,参考,中山芝長距離(2500以上)・良・中枠(3-6)で父「キングカメハメハ」は基準比リフト0.799
阪神,坂あり・パワー型,芝,中距離(1700-2000),良,外枠(7-8),父,ステイゴールド,102,5,19,0.049,0.1863,47.2,0.0,7.11,0.2332,-0.0469,0.799,参考,阪神芝中距離(1700-2000)・良・外枠(7-8)で父「ステイゴールド」は基準比リフト0.799
阪神,坂あり・パワー型,芝,中距離(1700-2000),良,中枠(3-6),父,ネオユニヴァース,110,8,21,0.0727,0.1909,63.6,0.0,6.92,0.2399,-0.049,0.796,参考,阪神芝中距離(1700-2000)・良・中枠(3-6)で父「ネオユニヴァース」は基準比リフト0.796
京都,平坦・スピード型,芝,中距離(1700-2000),良,中枠(3-6),父,スペシャルウィーク,82,7,16,0.0854,0.1951,247.2,0.0,8.1,0.2454,-0.0503,0.795,参考,京都芝中距離(1700-2000)・良・中枠(3-6)で父「スペシャルウィーク」は基準比リフト0.795
中山,坂あり・パワー型,芝,中距離(1700-2000),良,中枠(3-6),父,クロフネ,70,7,12,0.1,0.1714,184.6,0.0,7.67,0.2165,-0.0451,0.792,参考,中山芝中距離(1700-2000)・良・中枠(3-6)で父「クロフネ」は基準比リフト0.792
新潟,直線長め・平坦型,ダ,中距離(1700-2000),良,内枠(1-2),父,ゴールドアリュール,56,5,9,0.0893,0.1607,58.9,0.0,6.66,0.2028,-0.0421,0.792,参考,新潟ダ中距離(1700-2000)・良・内枠(1-2)で父「ゴールドアリュール」は基準比リフト0.792
東京,直線長め・持続型,ダ,短中距離(1400-1600),良,中枠(3-6),父,マヤノトップガン,57,4,9,0.0702,0.1579,613.2,0.0,9.3,0.1997,-0.0418,0.791,参考,東京ダ短中距離(1400-1600)・良・中枠(3-6)で父「マヤノトップガン」は基準比リフト0.791
中山,坂あり・パワー型,ダ,短距離(1000-1300),良,内枠(1-2),父,スウェプトオーヴァーボード,93,5,13,0.0538,0.1398,38.4,0.0,8.13,0.1768,-0.037,0.791,参考,中山ダ短距離(1000-1300)・良・内枠(1-2)で父「スウェプトオーヴァーボード」は基準比リフト0.791
新潟,直線長め・平坦型,ダ,短距離(1000-1300),良,中枠(3-6),父,クロフネ,75,6,12,0.08,0.16,96.4,0.0,7.32,0.2029,-0.0429,0.789,参考,新潟ダ短距離(1000-1300)・良・中枠(3-6)で父「クロフネ」は基準比リフト0.789
新潟,直線長め・平坦型,ダ,短距離(1000-1300),良,中枠(3-6),父,ネオユニヴァース,50,5,8,0.1,0.16,183.8,0.0,8.36,0.2029,-0.0429,0.789,参考,新潟ダ短距離(1000-1300)・良・中枠(3-6)で父「ネオユニヴァース」は基準比リフト0.789
東京,直線長め・持続型,ダ,短中距離(1400-1600),良,中枠(3-6),父,タイキシャトル,108,8,17,0.0741,0.1574,44.9,0.0,8.53,0.1997,-0.0423,0.788,参考,東京ダ短中距離(1400-1600)・良・中枠(3-6)で父「タイキシャトル」は基準比リフト0.788
中山,坂あり・パワー型,ダ,中距離(1700-2000),良,中枠(3-6),父,スマートファルコン,51,2,8,0.0392,0.1569,215.3,0.0,7.88,0.199,-0.0421,0.788,参考,中山ダ中距離(1700-2000)・良・中枠(3-6)で父「スマートファルコン」は基準比リフト0.788
新潟,直線長め・平坦型,芝,短中距離(1400-1600),良,外枠(7-8),父,ネオユニヴァース,60,4,9,0.0667,0.15,90.5,0.0,8.28,0.1905,-0.0405,0.787,参考,新潟芝短中距離(1400-1600)・良・外枠(7-8)で父「ネオユニヴァース」は基準比リフト0.787
小倉,小回り・機動型,ダ,中距離(1700-2000),良,中枠(3-6),父,ハーツクライ,59,4,9,0.0678,0.1525,40.8,0.0,7.41,0.1947,-0.0422,0.783,参考,小倉ダ中距離(1700-2000)・良・中枠(3-6)で父「ハーツクライ」は基準比リフト0.783
中山,坂あり・パワー型,ダ,短距離(1000-1300),良,中枠(3-6),父,ネオユニヴァース,73,6,11,0.0822,0.1507,57.4,0.0,8.56,0.1927,-0.042,0.782,参考,中山ダ短距離(1000-1300)・良・中枠(3-6)で父「ネオユニヴァース」は基準比リフト0.782
阪神,坂あり・パワー型,ダ,中距離(1700-2000),良,外枠(7-8),父,ディープインパクト,60,1,11,0.0167,0.1833,2.3,0.0,6.18,0.2351,-0.0518,0.78,参考,阪神ダ中距離(1700-2000)・良・外枠(7-8)で父「ディープインパクト」は基準比リフト0.78
東京,直線長め・持続型,ダ,短中距離(1400-1600),良,中枠(3-6),父,アジアエクスプレス,77,2,12,0.026,0.1558,10.1,0.0,7.68,0.1997,-0.0439,0.78,参考,東京ダ短中距離(1400-1600)・良・中枠(3-6)で父「アジアエクスプレス」は基準比リフト0.78
京都,平坦・スピード型,芝,短中距離(1400-1600),良,外枠(7-8),父,グラスワンダー,53,0,8,0.0,0.1509,0.0,0.0,10.09,0.1935,-0.0426,0.78,参考,京都芝短中距離(1400-1600)・良・外枠(7-8)で父「グラスワンダー」は基準比リフト0.78
阪神,坂あり・パワー型,芝,中距離(1700-2000),良,中枠(3-6),父,ヴィクトワールピサ,75,5,14,0.0667,0.1867,108.0,0.0,7.52,0.2399,-0.0532,0.778,参考,阪神芝中距離(1700-2000)・良・中枠(3-6)で父「ヴィクトワールピサ」は基準比リフト0.778
中山,坂あり・パワー型,ダ,中距離(1700-2000),良,中枠(3-6),父,カネヒキリ,71,3,11,0.0423,0.1549,32.3,0.0,8.86,0.199,-0.0441,0.778,参考,中山ダ中距離(1700-2000)・良・中枠(3-6)で父「カネヒキリ」は基準比リフト0.778
阪神,坂あり・パワー型,ダ,中距離(1700-2000),良,中枠(3-6),父,ブラックタイド,85,4,15,0.0471,0.1765,17.9,0.0,7.78,0.2273,-0.0508,0.777,参考,阪神ダ中距離(1700-2000)・良・中枠(3-6)で父「ブラックタイド」は基準比リフト0.777
阪神,坂あり・パワー型,芝,短中距離(1400-1600),良,中枠(3-6),父,シンボリクリスエス,89,6,15,0.0674,0.1685,98.0,0.0,8.69,0.2169,-0.0484,0.777,参考,阪神芝短中距離(1400-1600)・良・中枠(3-6)で父「シンボリクリスエス」は基準比リフト0.777
中山,坂あり・パワー型,芝,中距離(1700-2000),良,外枠(7-8),父,ゼンノロブロイ,87,9,14,0.1034,0.1609,95.2,0.0,7.99,0.2074,-0.0465,0.776,参考,中山芝中距離(1700-2000)・良・外枠(7-8)で父「ゼンノロブロイ」は基準比リフト0.776
京都,平坦・スピード型,ダ,短中距離(1400-1600),良,中枠(3-6),父,ワイルドラッシュ,58,3,9,0.0517,0.1552,21.4,0.0,7.07,0.2,-0.0448,0.776,参考,京都ダ短中距離(1400-1600)・良・中枠(3-6)で父「ワイルドラッシュ」は基準比リフト0.776
阪神,坂あり・パワー型,芝,短距離(1000-1300),良,中枠(3-6),父,キンシャサノキセキ,52,5,9,0.0962,0.1731,274.6,0.0,7.19,0.2234,-0.0503,0.775,参考,阪神芝短距離(1000-1300)・良・中枠(3-6)で父「キンシャサノキセキ」は基準比リフト0.775
中山,坂あり・パワー型,ダ,中距離(1700-2000),良,中枠(3-6),父,ゼンノロブロイ,143,6,22,0.042,0.1538,85.8,0.0,7.69,0.199,-0.0452,0.773,参考,中山ダ中距離(1700-2000)・良・中枠(3-6)で父「ゼンノロブロイ」は基準比リフト0.773
新潟,直線長め・平坦型,芝,短距離(1000-1300),良,中枠(3-6),父,スウェプトオーヴァーボード,106,6,14,0.0566,0.1321,62.5,0.0,8.53,0.1712,-0.0391,0.772,参考,新潟芝短距離(1000-1300)・良・中枠(3-6)で父「スウェプトオーヴァーボード」は基準比リフト0.772
中京,直線長め・持続型,ダ,短距離(1000-1300),良,中枠(3-6),父,ダイワメジャー,57,4,8,0.0702,0.1404,38.2,0.0,8.33,0.182,-0.0416,0.771,参考,中京ダ短距離(1000-1300)・良・中枠(3-6)で父「ダイワメジャー」は基準比リフト0.771
札幌,小回り・持続型,ダ,中距離(1700-2000),良,外枠(7-8),父,クロフネ,57,3,10,0.0526,0.1754,48.9,0.0,6.67,0.2278,-0.0524,0.77,参考,札幌ダ中距離(1700-2000)・良・外枠(7-8)で父「クロフネ」は基準比リフト0.77
東京,直線長め・持続型,ダ,短中距離(1400-1600),良,中枠(3-6),父,エンパイアメーカー,117,8,18,0.0684,0.1538,61.3,0.0,7.8,0.1997,-0.0459,0.77,参考,東京ダ短中距離(1400-1600)・良・中枠(3-6)で父「エンパイアメーカー」は基準比リフト0.77
小倉,小回り・機動型,ダ,中距離(1700-2000),良,中枠(3-6),父,フジキセキ,60,1,9,0.0167,0.15,5.5,0.0,7.18,0.1947,-0.0447,0.77,参考,小倉ダ中距離(1700-2000)・良・中枠(3-6)で父「フジキセキ」は基準比リフト0.77
東京,直線長め・持続型,芝,中長距離(2100-2400),良,中枠(3-6),父,ジャングルポケット,75,5,13,0.0667,0.1733,25.7,0.0,7.53,0.226,-0.0527,0.767,参考,東京芝中長距離(2100-2400)・良・中枠(3-6)で父「ジャングルポケット」は基準比リフト0.767
京都,平坦・スピード型,芝,中距離(1700-2000),良,中枠(3-6),父,ダンスインザダーク,96,6,18,0.0625,0.1875,44.5,0.0,8.18,0.2454,-0.0579,0.764,参考,京都芝中距離(1700-2000)・良・中枠(3-6)で父「ダンスインザダーク」は基準比リフト0.764
中京,直線長め・持続型,芝,短中距離(1400-1600),良,外枠(7-8),父,エピファネイア,53,5,8,0.0943,0.1509,324.9,0.0,6.51,0.1978,-0.0469,0.763,参考,中京芝短中距離(1400-1600)・良・外枠(7-8)で父「エピファネイア」は基準比リフト0.763
京都,平坦・スピード型,ダ,中距離(1700-2000),良,外枠(7-8),父,マンハッタンカフェ,89,2,14,0.0225,0.1573,9.0,0.0,6.45,0.2066,-0.0493,0.761,参考,京都ダ中距離(1700-2000)・良・外枠(7-8)で父「マンハッタンカフェ」は基準比リフト0.761
東京,直線長め・持続型,ダ,短中距離(1400-1600),良,中枠(3-6),父,タニノギムレット,79,3,12,0.038,0.1519,40.8,0.0,9.82,0.1997,-0.0478,0.761,参考,東京ダ短中距離(1400-1600)・良・中枠(3-6)で父「タニノギムレット」は基準比リフト0.761
新潟,直線長め・平坦型,芝,短中距離(1400-1600),良,中枠(3-6),父,グラスワンダー,54,0,8,0.0,0.1481,0.0,0.0,8.65,0.1947,-0.0466,0.761,参考,新潟芝短中距離(1400-1600)・良・中枠(3-6)で父「グラスワンダー」は基準比リフト0.761
中山,坂あり・パワー型,芝,短中距離(1400-1600),良,中枠(3-6),父,タニノギムレット,72,6,11,0.0833,0.1528,40.7,0.0,8.29,0.2014,-0.0486,0.759,参考,中山芝短中距離(1400-1600)・良・中枠(3-6)で父「タニノギムレット」は基準比リフト0.759
福島,小回り・機動型,ダ,短距離(1000-1300),良,中枠(3-6),父,キンシャサノキセキ,56,1,8,0.0179,0.1429,4.8,0.0,7.89,0.1882,-0.0453,0.759,参考,福島ダ短距離(1000-1300)・良・中枠(3-6)で父「キンシャサノキセキ」は基準比リフト0.759
小倉,小回り・機動型,ダ,中距離(1700-2000),良,中枠(3-6),父,エンパイアメーカー,61,4,9,0.0656,0.1475,23.4,0.0,7.74,0.1947,-0.0472,0.758,参考,小倉ダ中距離(1700-2000)・良・中枠(3-6)で父「エンパイアメーカー」は基準比リフト0.758
新潟,直線長め・平坦型,芝,短中距離(1400-1600),良,中枠(3-6),父,ハービンジャー,61,3,9,0.0492,0.1475,22.5,0.0,8.74,0.1947,-0.0472,0.758,参考,新潟芝短中距離(1400-1600)・良・中枠(3-6)で父「ハービンジャー」は基準比リフト0.758
東京,直線長め・持続型,芝,中距離(1700-2000),良,内枠(1-2),父,ネオユニヴァース,62,3,11,0.0484,0.1774,46.5,0.0,7.23,0.2345,-0.0571,0.757,参考,東京芝中距離(1700-2000)・良・内枠(1-2)で父「ネオユニヴァース」は基準比リフト0.757
福島,小回り・機動型,芝,短距離(1000-1300),良,中枠(3-6),父,グラスワンダー,56,1,8,0.0179,0.1429,29.8,0.0,8.62,0.1887,-0.0458,0.757,参考,福島芝短距離(1000-1300)・良・中枠(3-6)で父「グラスワンダー」は基準比リフト0.757
東京,直線長め・持続型,芝,中距離(1700-2000),良,中枠(3-6),父,ゴールドシップ,106,7,19,0.066,0.1792,65.7,0.0,8.21,0.237,-0.0578,0.756,参考,東京芝中距離(1700-2000)・良・中枠(3-6)で父「ゴールドシップ」は基準比リフト0.756
東京,直線長め・持続型,ダ,短中距離(1400-1600),良,外枠(7-8),父,キングヘイロー,55,1,9,0.0182,0.1636,22.5,0.0,8.93,0.2165,-0.0529,0.756,参考,東京ダ短中距離(1400-1600)・良・外枠(7-8)で父「キングヘイロー」は基準比リフト0.756
小倉,小回り・機動型,芝,短距離(1000-1300),良,中枠(3-6),父,タニノギムレット,68,3,10,0.0441,0.1471,45.6,0.0,8.78,0.1949,-0.0478,0.755,参考,小倉芝短距離(1000-1300)・良・中枠(3-6)で父「タニノギムレット」は基準比リフト0.755
阪神,坂あり・パワー型,ダ,中距離(1700-2000),良,中枠(3-6),父,ジャングルポケット,70,2,12,0.0286,0.1714,13.3,0.0,8.03,0.2273,-0.0559,0.754,参考,阪神ダ中距離(1700-2000)・良・中枠(3-6)で父「ジャングルポケット」は基準比リフト0.754
小倉,小回り・機動型,ダ,中距離(1700-2000),良,中枠(3-6),父,ゼンノロブロイ,75,2,11,0.0267,0.1467,17.2,0.0,7.76,0.1947,-0.048,0.753,参考,小倉ダ中距離(1700-2000)・良・中枠(3-6)で父「ゼンノロブロイ」は基準比リフト0.753
東京,直線長め・持続型,ダ,短中距離(1400-1600),良,中枠(3-6),父,ファルブラヴ,60,3,9,0.05,0.15,39.2,0.0,8.68,0.1997,-0.0497,0.751,参考,東京ダ短中距離(1400-1600)・良・中枠(3-6)で父「ファルブラヴ」は基準比リフト0.751
東京,直線長め・持続型,ダ,短中距離(1400-1600),良,中枠(3-6),父,フリオーソ,60,3,9,0.05,0.15,27.2,0.0,9.85,0.1997,-0.0497,0.751,参考,東京ダ短中距離(1400-1600)・良・中枠(3-6)で父「フリオーソ」は基準比リフト0.751
東京,直線長め・持続型,ダ,短中距離(1400-1600),良,中枠(3-6),父,ヨハネスブルグ,60,2,9,0.0333,0.15,20.3,0.0,8.9,0.1997,-0.0497,0.751,参考,東京ダ短中距離(1400-1600)・良・中枠(3-6)で父「ヨハネスブルグ」は基準比リフト0.751
東京,直線長め・持続型,芝,短中距離(1400-1600),良,外枠(7-8),父,ダンスインザダーク,67,2,10,0.0299,0.1493,22.7,0.0,8.18,0.1988,-0.0495,0.751,参考,東京芝短中距離(1400-1600)・良・外枠(7-8)で父「ダンスインザダーク」は基準比リフト0.751
東京,直線長め・持続型,芝,短中距離(1400-1600),良,中枠(3-6),父,タニノギムレット,125,6,19,0.048,0.152,45.3,0.0,8.64,0.2028,-0.0508,0.75,参考,東京芝短中距離(1400-1600)・良・中枠(3-6)で父「タニノギムレット」は基準比リフト0.75
中山,坂あり・パワー型,ダ,中距離(1700-2000),良,中枠(3-6),父,ヴァーミリアン,67,3,10,0.0448,0.1493,32.4,0.0,8.25,0.199,-0.0497,0.75,参考,中山ダ中距離(1700-2000)・良・中枠(3-6)で父「ヴァーミリアン」は基準比リフト0.75
新潟,直線長め・平坦型,芝,短距離(1000-1300),良,中枠(3-6),父,キンシャサノキセキ,78,4,10,0.0513,0.1282,25.3,0.0,8.76,0.1712,-0.043,0.749,参考,新潟芝短距離(1000-1300)・良・中枠(3-6)で父「キンシャサノキセキ」は基準比リフト0.749
京都,平坦・スピード型,芝,中距離(1700-2000),良,中枠(3-6),父,シンボリクリスエス,126,4,23,0.0317,0.1825,10.8,0.0,7.48,0.2454,-0.0629,0.744,参考,京都芝中距離(1700-2000)・良・中枠(3-6)で父「シンボリクリスエス」は基準比リフト0.744
阪神,坂あり・パワー型,芝,中距離(1700-2000),良,外枠(7-8),父,ジャングルポケット,98,4,17,0.0408,0.1735,48.7,0.0,8.61,0.2332,-0.0597,0.744,参考,阪神芝中距離(1700-2000)・良・外枠(7-8)で父「ジャングルポケット」は基準比リフト0.744
東京,直線長め・持続型,ダ,短中距離(1400-1600),良,中枠(3-6),父,ステイゴールド,74,3,11,0.0405,0.1486,20.7,0.0,8.69,0.1997,-0.0511,0.744,参考,東京ダ短中距離(1400-1600)・良・中枠(3-6)で父「ステイゴールド」は基準比リフト0.744
福島,小回り・機動型,芝,短距離(1000-1300),良,中枠(3-6),父,ショウナンカンプ,57,3,8,0.0526,0.1404,166.5,0.0,8.74,0.1887,-0.0483,0.744,参考,福島芝短距離(1000-1300)・良・中枠(3-6)で父「ショウナンカンプ」は基準比リフト0.744
札幌,小回り・持続型,ダ,中距離(1700-2000),良,中枠(3-6),父,マンハッタンカフェ,60,6,11,0.1,0.1833,40.3,0.0,6.25,0.2469,-0.0636,0.742,参考,札幌ダ中距離(1700-2000)・良・中枠(3-6)で父「マンハッタンカフェ」は基準比リフト0.742
京都,平坦・スピード型,ダ,中距離(1700-2000),良,中枠(3-6),父,タニノギムレット,68,3,11,0.0441,0.1618,14.4,0.0,8.25,0.2181,-0.0563,0.742,参考,京都ダ中距離(1700-2000)・良・中枠(3-6)で父「タニノギムレット」は基準比リフト0.742
福島,小回り・機動型,芝,短距離(1000-1300),良,中枠(3-6),父,マイネルラヴ,50,3,7,0.06,0.14,26.8,0.0,7.96,0.1887,-0.0487,0.742,参考,福島芝短距離(1000-1300)・良・中枠(3-6)で父「マイネルラヴ」は基準比リフト0.742
新潟,直線長め・平坦型,芝,中距離(1700-2000),良,外枠(7-8),父,タニノギムレット,58,5,9,0.0862,0.1552,167.2,0.0,8.26,0.2107,-0.0555,0.737,参考,新潟芝中距離(1700-2000)・良・外枠(7-8)で父「タニノギムレット」は基準比リフト0.737
京都,平坦・スピード型,ダ,中距離(1700-2000),良,中枠(3-6),父,フレンチデピュティ,81,5,13,0.0617,0.1605,187.4,0.0,7.57,0.2181,-0.0576,0.736,参考,京都ダ中距離(1700-2000)・良・中枠(3-6)で父「フレンチデピュティ」は基準比リフト0.736
東京,直線長め・持続型,芝,短中距離(1400-1600),良,中枠(3-6),父,ヨハネスブルグ,67,3,10,0.0448,0.1493,22.2,0.0,8.52,0.2028,-0.0535,0.736,参考,東京芝短中距離(1400-1600)・良・中枠(3-6)で父「ヨハネスブルグ」は基準比リフト0.736
東京,直線長め・持続型,ダ,短中距離(1400-1600),稍,中枠(3-6),父,シンボリクリスエス,79,3,11,0.038,0.1392,21.9,0.0,7.84,0.1894,-0.0502,0.735,参考,東京ダ短中距離(1400-1600)・稍・中枠(3-6)で父「シンボリクリスエス」は基準比リフト0.735
小倉,小回り・機動型,芝,短距離(1000-1300),良,外枠(7-8),父,タニノギムレット,55,4,8,0.0727,0.1455,40.0,0.0,9.53,0.1981,-0.0526,0.734,参考,小倉芝短距離(1000-1300)・良・外枠(7-8)で父「タニノギムレット」は基準比リフト0.734
小倉,小回り・機動型,芝,短距離(1000-1300),良,外枠(7-8),父,メイショウボーラー,55,3,8,0.0545,0.1455,104.5,0.0,10.38,0.1981,-0.0526,0.734,参考,小倉芝短距離(1000-1300)・良・外枠(7-8)で父「メイショウボーラー」は基準比リフト0.734
新潟,直線長め・平坦型,芝,短中距離(1400-1600),良,中枠(3-6),父,マツリダゴッホ,70,2,10,0.0286,0.1429,39.0,0.0,9.1,0.1947,-0.0518,0.734,参考,新潟芝短中距離(1400-1600)・良・中枠(3-6)で父「マツリダゴッホ」は基準比リフト0.734
阪神,坂あり・パワー型,ダ,中距離(1700-2000),良,中枠(3-6),父,フジキセキ,66,2,11,0.0303,0.1667,32.7,0.0,7.5,0.2273,-0.0606,0.733,参考,阪神ダ中距離(1700-2000)・良・中枠(3-6)で父「フジキセキ」は基準比リフト0.733
阪神,坂あり・パワー型,ダ,中距離(1700-2000),良,中枠(3-6),父,アイルハヴアナザー,54,3,9,0.0556,0.1667,18.9,0.0,7.98,0.2273,-0.0606,0.733,参考,阪神ダ中距離(1700-2000)・良・中枠(3-6)で父「アイルハヴアナザー」は基準比リフト0.733
中山,坂あり・パワー型,ダ,中距離(1700-2000),良,外枠(7-8),父,ロージズインメイ,86,5,14,0.0581,0.1628,48.1,0.0,8.31,0.2226,-0.0598,0.731,参考,中山ダ中距離(1700-2000)・良・外枠(7-8)で父「ロージズインメイ」は基準比リフト0.731
京都,平坦・スピード型,芝,短中距離(1400-1600),良,外枠(7-8),父,タニノギムレット,78,5,11,0.0641,0.141,74.1,0.0,8.31,0.1935,-0.0525,0.729,参考,京都芝短中距離(1400-1600)・良・外枠(7-8)で父「タニノギムレット」は基準比リフト0.729
阪神,坂あり・パワー型,芝,中距離(1700-2000),良,外枠(7-8),父,ヴィクトワールピサ,53,1,9,0.0189,0.1698,7.2,0.0,7.11,0.2332,-0.0634,0.728,参考,阪神芝中距離(1700-2000)・良・外枠(7-8)で父「ヴィクトワールピサ」は基準比リフト0.728
京都,平坦・スピード型,ダ,中距離(1700-2000),良,中枠(3-6),父,キズナ,63,5,10,0.0794,0.1587,255.4,0.0,6.97,0.2181,-0.0594,0.728,参考,京都ダ中距離(1700-2000)・良・中枠(3-6)で父「キズナ」は基準比リフト0.728
中山,坂あり・パワー型,芝,中距離(1700-2000),良,外枠(7-8),父,ブラックタイド,53,3,8,0.0566,0.1509,28.1,0.0,9.28,0.2074,-0.0565,0.728,参考,中山芝中距離(1700-2000)・良・外枠(7-8)で父「ブラックタイド」は基準比リフト0.728
阪神,坂あり・パワー型,芝,中長距離(2100-2400),良,中枠(3-6),父,ジャングルポケット,58,3,11,0.0517,0.1897,26.7,0.0,7.0,0.2609,-0.0712,0.727,参考,阪神芝中長距離(2100-2400)・良・中枠(3-6)で父「ジャングルポケット」は基準比リフト0.727
中山,坂あり・パワー型,ダ,中距離(1700-2000),良,中枠(3-6),父,ジャングルポケット,97,3,14,0.0309,0.1443,64.7,0.0,8.88,0.199,-0.0547,0.725,参考,中山ダ中距離(1700-2000)・良・中枠(3-6)で父「ジャングルポケット」は基準比リフト0.725
東京,直線長め・持続型,芝,短中距離(1400-1600),良,中枠(3-6),父,グラスワンダー,109,4,16,0.0367,0.1468,53.9,0.0,9.94,0.2028,-0.056,0.724,参考,東京芝短中距離(1400-1600)・良・中枠(3-6)で父「グラスワンダー」は基準比リフト0.724
中山,坂あり・パワー型,芝,短中距離(1400-1600),良,中枠(3-6),父,エピファネイア,55,3,8,0.0545,0.1455,16.5,0.0,6.67,0.2014,-0.0559,0.722,参考,中山芝短中距離(1400-1600)・良・中枠(3-6)で父「エピファネイア」は基準比リフト0.722
東京,直線長め・持続型,ダ,短中距離(1400-1600),重不良,中枠(3-6),父,シニスターミニスター,50,4,7,0.08,0.14,48.6,0.0,7.56,0.1943,-0.0543,0.721,参考,東京ダ短中距離(1400-1600)・重不良・中枠(3-6)で父「シニスターミニスター」は基準比リフト0.721
小倉,小回り・機動型,芝,短距離(1000-1300),良,中枠(3-6),父,ケイムホーム,57,3,8,0.0526,0.1404,78.2,0.0,10.47,0.1949,-0.0545,0.72,参考,小倉芝短距離(1000-1300)・良・中枠(3-6)で父「ケイムホーム」は基準比リフト0.72
中山,坂あり・パワー型,芝,短中距離(1400-1600),良,中枠(3-6),父,クロフネ,69,4,10,0.058,0.1449,60.0,0.0,7.43,0.2014,-0.0565,0.719,参考,中山芝短中距離(1400-1600)・良・中枠(3-6)で父「クロフネ」は基準比リフト0.719
京都,平坦・スピード型,芝,中距離(1700-2000),良,外枠(7-8),父,シンボリクリスエス,80,6,13,0.075,0.1625,101.0,0.0,7.42,0.2263,-0.0638,0.718,参考,京都芝中距離(1700-2000)・良・外枠(7-8)で父「シンボリクリスエス」は基準比リフト0.718
京都,平坦・スピード型,芝,短中距離(1400-1600),良,中枠(3-6),父,ルーラーシップ,78,4,12,0.0513,0.1538,45.9,0.0,6.94,0.2142,-0.0604,0.718,参考,京都芝短中距離(1400-1600)・良・中枠(3-6)で父「ルーラーシップ」は基準比リフト0.718
中山,坂あり・パワー型,ダ,中距離(1700-2000),良,中枠(3-6),父,タイムパラドックス,56,2,8,0.0357,0.1429,22.3,0.0,9.89,0.199,-0.0561,0.718,参考,中山ダ中距離(1700-2000)・良・中枠(3-6)で父「タイムパラドックス」は基準比リフト0.718
小倉,小回り・機動型,芝,短距離(1000-1300),良,中枠(3-6),父,シンボリクリスエス,50,1,7,0.02,0.14,13.8,0.0,9.44,0.1949,-0.0549,0.718,参考,小倉芝短距離(1000-1300)・良・中枠(3-6)で父「シンボリクリスエス」は基準比リフト0.718
阪神,坂あり・パワー型,芝,中距離(1700-2000),良,中枠(3-6),父,ダンスインザダーク,93,4,16,0.043,0.172,51.0,0.0,8.06,0.2399,-0.0679,0.717,参考,阪神芝中距離(1700-2000)・良・中枠(3-6)で父「ダンスインザダーク」は基準比リフト0.717
新潟,直線長め・平坦型,ダ,中距離(1700-2000),良,中枠(3-6),父,ジャングルポケット,52,2,8,0.0385,0.1538,70.8,0.0,8.37,0.2144,-0.0606,0.717,参考,新潟ダ中距離(1700-2000)・良・中枠(3-6)で父「ジャングルポケット」は基準比リフト0.717
函館,小回り・持続型,芝,短距離(1000-1300),良,中枠(3-6),父,アドマイヤムーン,54,4,9,0.0741,0.1667,36.9,0.0,6.65,0.2329,-0.0662,0.716,参考,函館芝短距離(1000-1300)・良・中枠(3-6)で父「アドマイヤムーン」は基準比リフト0.716
中山,坂あり・パワー型,芝,中距離(1700-2000),良,外枠(7-8),父,ジャングルポケット,74,4,11,0.0541,0.1486,45.9,0.0,8.04,0.2074,-0.0588,0.716,参考,中山芝中距離(1700-2000)・良・外枠(7-8)で父「ジャングルポケット」は基準比リフト0.716
東京,直線長め・持続型,芝,短中距離(1400-1600),良,中枠(3-6),父,キングヘイロー,117,7,17,0.0598,0.1453,145.6,0.0,10.44,0.2028,-0.0575,0.716,参考,東京芝短中距離(1400-1600)・良・中枠(3-6)で父「キングヘイロー」は基準比リフト0.716
東京,直線長め・持続型,ダ,短中距離(1400-1600),良,中枠(3-6),父,スマートファルコン,70,3,10,0.0429,0.1429,25.4,0.0,8.06,0.1997,-0.0568,0.716,参考,東京ダ短中距離(1400-1600)・良・中枠(3-6)で父「スマートファルコン」は基準比リフト0.716
中山,坂あり・パワー型,ダ,中距離(1700-2000),良,内枠(1-2),父,アイルハヴアナザー,53,0,7,0.0,0.1321,0.0,0.0,8.75,0.1848,-0.0527,0.715,参考,中山ダ中距離(1700-2000)・良・内枠(1-2)で父「アイルハヴアナザー」は基準比リフト0.715
東京,直線長め・持続型,芝,短中距離(1400-1600),良,中枠(3-6),父,バゴ,83,4,12,0.0482,0.1446,20.8,0.0,9.36,0.2028,-0.0582,0.713,参考,東京芝短中距離(1400-1600)・良・中枠(3-6)で父「バゴ」は基準比リフト0.713
阪神,坂あり・パワー型,芝,中距離(1700-2000),良,中枠(3-6),父,ジャングルポケット,158,9,27,0.057,0.1709,63.7,0.0,7.98,0.2399,-0.069,0.712,参考,阪神芝中距離(1700-2000)・良・中枠(3-6)で父「ジャングルポケット」は基準比リフト0.712
札幌,小回り・持続型,芝,中距離(1700-2000),良,外枠(7-8),父,ハーツクライ,54,2,8,0.037,0.1481,20.7,0.0,6.72,0.2079,-0.0598,0.712,参考,札幌芝中距離(1700-2000)・良・外枠(7-8)で父「ハーツクライ」は基準比リフト0.712
小倉,小回り・機動型,ダ,中距離(1700-2000),良,外枠(7-8),父,クロフネ,57,3,8,0.0526,0.1404,49.8,0.0,8.21,0.1974,-0.057,0.711,参考,小倉ダ中距離(1700-2000)・良・外枠(7-8)で父「クロフネ」は基準比リフト0.711
中山,坂あり・パワー型,芝,短中距離(1400-1600),良,中枠(3-6),父,ブラックタイド,63,1,9,0.0159,0.1429,3.0,0.0,9.38,0.2014,-0.0585,0.71,参考,中山芝短中距離(1400-1600)・良・中枠(3-6)で父「ブラックタイド」は基準比リフト0.71
中山,坂あり・パワー型,芝,中距離(1700-2000),良,内枠(1-2),父,シンボリクリスエス,70,6,11,0.0857,0.1571,83.9,0.0,7.7,0.2217,-0.0646,0.709,参考,中山芝中距離(1700-2000)・良・内枠(1-2)で父「シンボリクリスエス」は基準比リフト0.709
東京,直線長め・持続型,芝,短中距離(1400-1600),良,外枠(7-8),父,エイシンフラッシュ,64,4,9,0.0625,0.1406,37.8,0.0,8.16,0.1988,-0.0582,0.707,参考,東京芝短中距離(1400-1600)・良・外枠(7-8)で父「エイシンフラッシュ」は基準比リフト0.707
東京,直線長め・持続型,芝,短中距離(1400-1600),良,外枠(7-8),父,ブラックタイド,64,4,9,0.0625,0.1406,92.7,0.0,10.25,0.1988,-0.0582,0.707,参考,東京芝短中距離(1400-1600)・良・外枠(7-8)で父「ブラックタイド」は基準比リフト0.707
阪神,坂あり・パワー型,ダ,短距離(1000-1300),良,内枠(1-2),父,サウスヴィグラス,63,4,8,0.0635,0.127,44.4,0.0,7.44,0.1796,-0.0526,0.707,参考,阪神ダ短距離(1000-1300)・良・内枠(1-2)で父「サウスヴィグラス」は基準比リフト0.707
阪神,坂あり・パワー型,芝,短中距離(1400-1600),良,中枠(3-6),父,スウェプトオーヴァーボード,59,2,9,0.0339,0.1525,14.4,0.0,9.51,0.2169,-0.0644,0.703,参考,阪神芝短中距離(1400-1600)・良・中枠(3-6)で父「スウェプトオーヴァーボード」は基準比リフト0.703
京都,平坦・スピード型,ダ,短中距離(1400-1600),良,中枠(3-6),父,マンハッタンカフェ,57,2,8,0.0351,0.1404,37.9,0.0,7.77,0.2,-0.0596,0.702,参考,京都ダ短中距離(1400-1600)・良・中枠(3-6)で父「マンハッタンカフェ」は基準比リフト0.702
新潟,直線長め・平坦型,芝,中距離(1700-2000),良,中枠(3-6),父,ネオユニヴァース,92,3,14,0.0326,0.1522,14.6,0.0,8.39,0.2171,-0.0649,0.701,参考,新潟芝中距離(1700-2000)・良・中枠(3-6)で父「ネオユニヴァース」は基準比リフト0.701
京都,平坦・スピード型,芝,短中距離(1400-1600),良,中枠(3-6),父,キングヘイロー,60,3,9,0.05,0.15,72.3,0.0,9.33,0.2142,-0.0642,0.7,参考,京都芝短中距離(1400-1600)・良・中枠(3-6)で父「キングヘイロー」は基準比リフト0.7
中山,坂あり・パワー型,芝,短中距離(1400-1600),良,中枠(3-6),父,ネオユニヴァース,114,4,16,0.0351,0.1404,69.7,0.0,7.57,0.2014,-0.061,0.697,参考,中山芝短中距離(1400-1600)・良・中枠(3-6)で父「ネオユニヴァース」は基準比リフト0.697
中山,坂あり・パワー型,ダ,短距離(1000-1300),良,中枠(3-6),父,ジャングルポケット,67,2,9,0.0299,0.1343,24.3,0.0,9.54,0.1927,-0.0584,0.697,参考,中山ダ短距離(1000-1300)・良・中枠(3-6)で父「ジャングルポケット」は基準比リフト0.697
阪神,坂あり・パワー型,芝,短中距離(1400-1600),良,中枠(3-6),父,エイシンフラッシュ,53,2,8,0.0377,0.1509,33.6,0.0,8.09,0.2169,-0.066,0.696,参考,阪神芝短中距離(1400-1600)・良・中枠(3-6)で父「エイシンフラッシュ」は基準比リフト0.696
阪神,坂あり・パワー型,ダ,中距離(1700-2000),稍,中枠(3-6),父,エンパイアメーカー,69,7,10,0.1014,0.1449,723.5,0.0,6.96,0.2095,-0.0646,0.692,参考,阪神ダ中距離(1700-2000)・稍・中枠(3-6)で父「エンパイアメーカー」は基準比リフト0.692
京都,平坦・スピード型,芝,短距離(1000-1300),良,中枠(3-6),父,ダイワメジャー,84,6,12,0.0714,0.1429,21.9,0.0,7.42,0.2064,-0.0635,0.692,参考,京都芝短距離(1000-1300)・良・中枠(3-6)で父「ダイワメジャー」は基準比リフト0.692
京都,平坦・スピード型,ダ,短中距離(1400-1600),良,中枠(3-6),父,キングヘイロー,65,2,9,0.0308,0.1385,10.5,0.0,8.85,0.2,-0.0615,0.692,参考,京都ダ短中距離(1400-1600)・良・中枠(3-6)で父「キングヘイロー」は基準比リフト0.692
中山,坂あり・パワー型,ダ,短距離(1000-1300),良,中枠(3-6),父,タニノギムレット,60,2,8,0.0333,0.1333,6.2,0.0,9.35,0.1927,-0.0594,0.692,参考,中山ダ短距離(1000-1300)・良・中枠(3-6)で父「タニノギムレット」は基準比リフト0.692
小倉,小回り・機動型,芝,中距離(1700-2000),良,内枠(1-2),父,ネオユニヴァース,52,2,8,0.0385,0.1538,30.2,0.0,7.75,0.2226,-0.0688,0.691,参考,小倉芝中距離(1700-2000)・良・内枠(1-2)で父「ネオユニヴァース」は基準比リフト0.691
阪神,坂あり・パワー型,芝,短中距離(1400-1600),良,内枠(1-2),父,フジキセキ,52,4,8,0.0769,0.1538,77.5,0.0,7.17,0.2227,-0.0689,0.691,参考,阪神芝短中距離(1400-1600)・良・内枠(1-2)で父「フジキセキ」は基準比リフト0.691
中山,坂あり・パワー型,ダ,短距離(1000-1300),良,外枠(7-8),父,メイショウボーラー,64,3,9,0.0469,0.1406,42.7,0.0,8.55,0.2034,-0.0628,0.691,参考,中山ダ短距離(1000-1300)・良・外枠(7-8)で父「メイショウボーラー」は基準比リフト0.691
中山,坂あり・パワー型,ダ,短距離(1000-1300),良,外枠(7-8),父,サクラバクシンオー,57,1,8,0.0175,0.1404,11.4,0.0,7.16,0.2034,-0.063,0.69,参考,中山ダ短距離(1000-1300)・良・外枠(7-8)で父「サクラバクシンオー」は基準比リフト0.69
中山,坂あり・パワー型,ダ,中距離(1700-2000),良,中枠(3-6),父,ダンスインザダーク,51,0,7,0.0,0.1373,0.0,0.0,8.18,0.199,-0.0617,0.69,参考,中山ダ中距離(1700-2000)・良・中枠(3-6)で父「ダンスインザダーク」は基準比リフト0.69
福島,小回り・機動型,芝,短距離(1000-1300),良,中枠(3-6),父,スウェプトオーヴァーボード,100,4,13,0.04,0.13,16.3,0.0,8.28,0.1887,-0.0587,0.689,参考,福島芝短距離(1000-1300)・良・中枠(3-6)で父「スウェプトオーヴァーボード」は基準比リフト0.689
阪神,坂あり・パワー型,ダ,中距離(1700-2000),良,外枠(7-8),父,エンパイアメーカー,68,4,11,0.0588,0.1618,37.5,0.0,7.41,0.2351,-0.0733,0.688,参考,阪神ダ中距離(1700-2000)・良・外枠(7-8)で父「エンパイアメーカー」は基準比リフト0.688
東京,直線長め・持続型,芝,短中距離(1400-1600),良,内枠(1-2),父,キングヘイロー,64,3,9,0.0469,0.1406,77.0,0.0,10.39,0.2047,-0.0641,0.687,参考,東京芝短中距離(1400-1600)・良・内枠(1-2)で父「キングヘイロー」は基準比リフト0.687
中山,坂あり・パワー型,ダ,短距離(1000-1300),良,中枠(3-6),父,ケイムホーム,68,0,9,0.0,0.1324,0.0,0.0,9.18,0.1927,-0.0603,0.687,参考,中山ダ短距離(1000-1300)・良・中枠(3-6)で父「ケイムホーム」は基準比リフト0.687
東京,直線長め・持続型,ダ,短中距離(1400-1600),良,外枠(7-8),父,ブラックタイド,54,2,8,0.037,0.1481,94.4,0.0,8.72,0.2165,-0.0684,0.684,参考,東京ダ短中距離(1400-1600)・良・外枠(7-8)で父「ブラックタイド」は基準比リフト0.684
東京,直線長め・持続型,芝,中長距離(2100-2400),良,中枠(3-6),父,マンハッタンカフェ,52,2,8,0.0385,0.1538,10.4,0.0,7.44,0.226,-0.0722,0.681,参考,東京芝中長距離(2100-2400)・良・中枠(3-6)で父「マンハッタンカフェ」は基準比リフト0.681
京都,平坦・スピード型,芝,短中距離(1400-1600),良,中枠(3-6),父,シンボリクリスエス,103,1,15,0.0097,0.1456,14.0,0.0,8.68,0.2142,-0.0686,0.68,参考,京都芝短中距離(1400-1600)・良・中枠(3-6)で父「シンボリクリスエス」は基準比リフト0.68
京都,平坦・スピード型,芝,短中距離(1400-1600),良,内枠(1-2),父,フジキセキ,54,1,8,0.0185,0.1481,10.2,0.0,8.11,0.2185,-0.0704,0.678,参考,京都芝短中距離(1400-1600)・良・内枠(1-2)で父「フジキセキ」は基準比リフト0.678
中山,坂あり・パワー型,芝,短距離(1000-1300),良,中枠(3-6),父,スウェプトオーヴァーボード,66,5,9,0.0758,0.1364,42.3,0.0,8.61,0.2011,-0.0647,0.678,参考,中山芝短距離(1000-1300)・良・中枠(3-6)で父「スウェプトオーヴァーボード」は基準比リフト0.678
阪神,坂あり・パワー型,芝,中距離(1700-2000),良,内枠(1-2),父,シンボリクリスエス,59,5,10,0.0847,0.1695,46.3,0.0,7.53,0.2505,-0.081,0.677,参考,阪神芝中距離(1700-2000)・良・内枠(1-2)で父「シンボリクリスエス」は基準比リフト0.677
東京,直線長め・持続型,芝,短中距離(1400-1600),良,外枠(7-8),父,ネオユニヴァース,104,4,14,0.0385,0.1346,16.8,0.0,9.13,0.1988,-0.0642,0.677,参考,東京芝短中距離(1400-1600)・良・外枠(7-8)で父「ネオユニヴァース」は基準比リフト0.677
小倉,小回り・機動型,芝,中距離(1700-2000),良,中枠(3-6),父,タニノギムレット,80,4,12,0.05,0.15,115.0,0.0,9.49,0.2218,-0.0718,0.676,参考,小倉芝中距離(1700-2000)・良・中枠(3-6)で父「タニノギムレット」は基準比リフト0.676
中山,坂あり・パワー型,ダ,中距離(1700-2000),良,中枠(3-6),父,グラスワンダー,52,2,7,0.0385,0.1346,7.7,0.0,8.5,0.199,-0.0644,0.676,参考,中山ダ中距離(1700-2000)・良・中枠(3-6)で父「グラスワンダー」は基準比リフト0.676
中京,直線長め・持続型,芝,中距離(1700-2000),良,外枠(7-8),父,ルーラーシップ,53,4,7,0.0755,0.1321,44.0,0.0,7.32,0.1964,-0.0643,0.673,参考,中京芝中距離(1700-2000)・良・外枠(7-8)で父「ルーラーシップ」は基準比リフト0.673
中山,坂あり・パワー型,ダ,短距離(1000-1300),良,中枠(3-6),父,メイショウボーラー,108,4,14,0.037,0.1296,33.6,0.0,9.03,0.1927,-0.0631,0.673,参考,中山ダ短距離(1000-1300)・良・中枠(3-6)で父「メイショウボーラー」は基準比リフト0.673
中京,直線長め・持続型,芝,短中距離(1400-1600),良,中枠(3-6),父,ルーラーシップ,87,2,12,0.023,0.1379,7.5,0.0,8.59,0.2051,-0.0672,0.672,参考,中京芝短中距離(1400-1600)・良・中枠(3-6)で父「ルーラーシップ」は基準比リフト0.672
阪神,坂あり・パワー型,芝,中距離(1700-2000),良,外枠(7-8),父,スペシャルウィーク,64,5,10,0.0781,0.1562,114.5,0.0,7.62,0.2332,-0.077,0.67,参考,阪神芝中距離(1700-2000)・良・外枠(7-8)で父「スペシャルウィーク」は基準比リフト0.67
中山,坂あり・パワー型,芝,中距離(1700-2000),良,内枠(1-2),父,ネオユニヴァース,54,5,8,0.0926,0.1481,93.5,0.0,7.31,0.2217,-0.0736,0.668,参考,中山芝中距離(1700-2000)・良・内枠(1-2)で父「ネオユニヴァース」は基準比リフト0.668
小倉,小回り・機動型,芝,中距離(1700-2000),良,外枠(7-8),父,ゼンノロブロイ,66,2,9,0.0303,0.1364,27.0,0.0,7.24,0.2048,-0.0684,0.666,参考,小倉芝中距離(1700-2000)・良・外枠(7-8)で父「ゼンノロブロイ」は基準比リフト0.666
阪神,坂あり・パワー型,芝,中距離(1700-2000),良,中枠(3-6),父,タニノギムレット,69,1,11,0.0145,0.1594,4.8,0.0,8.23,0.2399,-0.0805,0.664,参考,阪神芝中距離(1700-2000)・良・中枠(3-6)で父「タニノギムレット」は基準比リフト0.664
新潟,直線長め・平坦型,ダ,短距離(1000-1300),良,中枠(3-6),父,パイロ,67,4,9,0.0597,0.1343,75.8,0.0,7.4,0.2029,-0.0686,0.662,参考,新潟ダ短距離(1000-1300)・良・中枠(3-6)で父「パイロ」は基準比リフト0.662
阪神,坂あり・パワー型,芝,短中距離(1400-1600),良,中枠(3-6),父,ダンスインザダーク,70,2,10,0.0286,0.1429,26.0,0.0,9.14,0.2169,-0.074,0.659,参考,阪神芝短中距離(1400-1600)・良・中枠(3-6)で父「ダンスインザダーク」は基準比リフト0.659
東京,直線長め・持続型,芝,短中距離(1400-1600),良,中枠(3-6),父,マイネルラヴ,60,2,8,0.0333,0.1333,22.5,0.0,9.83,0.2028,-0.0695,0.657,参考,東京芝短中距離(1400-1600)・良・中枠(3-6)で父「マイネルラヴ」は基準比リフト0.657
阪神,坂あり・パワー型,ダ,短中距離(1400-1600),良,内枠(1-2),父,ゴールドアリュール,72,3,8,0.0417,0.1111,9.2,0.0,7.32,0.1701,-0.059,0.653,参考,阪神ダ短中距離(1400-1600)・良・内枠(1-2)で父「ゴールドアリュール」は基準比リフト0.653
京都,平坦・スピード型,芝,中距離(1700-2000),良,中枠(3-6),父,クロフネ,75,5,12,0.0667,0.16,51.1,0.0,8.19,0.2454,-0.0854,0.652,参考,京都芝中距離(1700-2000)・良・中枠(3-6)で父「クロフネ」は基準比リフト0.652
京都,平坦・スピード型,芝,短距離(1000-1300),良,内枠(1-2),父,サクラバクシンオー,66,5,10,0.0758,0.1515,107.7,0.0,7.73,0.2324,-0.0809,0.652,参考,京都芝短距離(1000-1300)・良・内枠(1-2)で父「サクラバクシンオー」は基準比リフト0.652
中山,坂あり・パワー型,芝,短中距離(1400-1600),良,中枠(3-6),父,アドマイヤムーン,99,4,13,0.0404,0.1313,27.1,0.0,9.35,0.2014,-0.0701,0.652,参考,中山芝短中距離(1400-1600)・良・中枠(3-6)で父「アドマイヤムーン」は基準比リフト0.652
中山,坂あり・パワー型,ダ,中距離(1700-2000),良,中枠(3-6),父,エイシンフラッシュ,54,0,7,0.0,0.1296,0.0,0.0,9.54,0.199,-0.0694,0.651,参考,中山ダ中距離(1700-2000)・良・中枠(3-6)で父「エイシンフラッシュ」は基準比リフト0.651
京都,平坦・スピード型,ダ,短中距離(1400-1600),良,中枠(3-6),父,シンボリクリスエス,100,2,13,0.02,0.13,4.4,0.0,8.05,0.2,-0.07,0.65,参考,京都ダ短中距離(1400-1600)・良・中枠(3-6)で父「シンボリクリスエス」は基準比リフト0.65
東京,直線長め・持続型,ダ,短中距離(1400-1600),良,中枠(3-6),父,メイショウサムソン,54,2,7,0.037,0.1296,23.0,0.0,8.07,0.1997,-0.0701,0.649,参考,東京ダ短中距離(1400-1600)・良・中枠(3-6)で父「メイショウサムソン」は基準比リフト0.649
中山,坂あり・パワー型,ダ,中距離(1700-2000),良,中枠(3-6),父,キズナ,62,1,8,0.0161,0.129,5.5,0.0,7.77,0.199,-0.07,0.648,参考,中山ダ中距離(1700-2000)・良・中枠(3-6)で父「キズナ」は基準比リフト0.648
東京,直線長め・持続型,芝,短中距離(1400-1600),良,内枠(1-2),父,マツリダゴッホ,68,3,9,0.0441,0.1324,158.7,0.0,9.78,0.2047,-0.0723,0.647,参考,東京芝短中距離(1400-1600)・良・内枠(1-2)で父「マツリダゴッホ」は基準比リフト0.647
小倉,小回り・機動型,芝,中距離(1700-2000),良,中枠(3-6),父,ブラックタイド,70,4,10,0.0571,0.1429,89.6,0.0,8.23,0.2218,-0.0789,0.644,参考,小倉芝中距離(1700-2000)・良・中枠(3-6)で父「ブラックタイド」は基準比リフト0.644
新潟,直線長め・平坦型,芝,中距離(1700-2000),良,外枠(7-8),父,ネオユニヴァース,52,3,7,0.0577,0.1346,47.5,0.0,8.06,0.2107,-0.0761,0.639,参考,新潟芝中距離(1700-2000)・良・外枠(7-8)で父「ネオユニヴァース」は基準比リフト0.639
中京,直線長め・持続型,ダ,中距離(1700-2000),良,外枠(7-8),父,ゴールドアリュール,60,2,8,0.0333,0.1333,29.5,0.0,7.38,0.2087,-0.0754,0.639,参考,中京ダ中距離(1700-2000)・良・外枠(7-8)で父「ゴールドアリュール」は基準比リフト0.639
東京,直線長め・持続型,芝,短中距離(1400-1600),良,外枠(7-8),父,デュランダル,63,5,8,0.0794,0.127,188.6,0.0,8.94,0.1988,-0.0718,0.639,参考,東京芝短中距離(1400-1600)・良・外枠(7-8)で父「デュランダル」は基準比リフト0.639
京都,平坦・スピード型,芝,中距離(1700-2000),良,外枠(7-8),父,ジャングルポケット,97,3,14,0.0309,0.1443,11.4,0.0,7.72,0.2263,-0.082,0.638,参考,京都芝中距離(1700-2000)・良・外枠(7-8)で父「ジャングルポケット」は基準比リフト0.638
東京,直線長め・持続型,芝,短中距離(1400-1600),良,中枠(3-6),父,デュランダル,93,3,12,0.0323,0.129,20.4,0.0,8.57,0.2028,-0.0738,0.636,参考,東京芝短中距離(1400-1600)・良・中枠(3-6)で父「デュランダル」は基準比リフト0.636
福島,小回り・機動型,芝,中距離(1700-2000),良,外枠(7-8),父,ネオユニヴァース,67,2,8,0.0299,0.1194,6.7,0.0,7.82,0.1878,-0.0684,0.636,参考,福島芝中距離(1700-2000)・良・外枠(7-8)で父「ネオユニヴァース」は基準比リフト0.636
阪神,坂あり・パワー型,芝,短中距離(1400-1600),良,外枠(7-8),父,タニノギムレット,83,5,10,0.0602,0.1205,56.3,0.0,9.11,0.1907,-0.0702,0.632,参考,阪神芝短中距離(1400-1600)・良・外枠(7-8)で父「タニノギムレット」は基準比リフト0.632
東京,直線長め・持続型,芝,中距離(1700-2000),良,中枠(3-6),父,クロフネ,67,2,10,0.0299,0.1493,7.2,0.0,8.13,0.237,-0.0877,0.63,参考,東京芝中距離(1700-2000)・良・中枠(3-6)で父「クロフネ」は基準比リフト0.63
京都,平坦・スピード型,芝,短中距離(1400-1600),良,外枠(7-8),父,ジャングルポケット,74,3,9,0.0405,0.1216,16.4,0.0,9.08,0.1935,-0.0719,0.628,参考,京都芝短中距離(1400-1600)・良・外枠(7-8)で父「ジャングルポケット」は基準比リフト0.628
中山,坂あり・パワー型,ダ,短距離(1000-1300),稍,中枠(3-6),父,スウェプトオーヴァーボード,63,4,7,0.0635,0.1111,467.9,0.0,8.57,0.1775,-0.0664,0.626,参考,中山ダ短距離(1000-1300)・稍・中枠(3-6)で父「スウェプトオーヴァーボード」は基準比リフト0.626
京都,平坦・スピード型,芝,短中距離(1400-1600),良,中枠(3-6),父,ネオユニヴァース,142,5,19,0.0352,0.1338,28.2,0.0,8.36,0.2142,-0.0804,0.625,参考,京都芝短中距離(1400-1600)・良・中枠(3-6)で父「ネオユニヴァース」は基準比リフト0.625
新潟,直線長め・平坦型,芝,短中距離(1400-1600),良,中枠(3-6),父,ネオユニヴァース,74,3,9,0.0405,0.1216,66.4,0.0,8.96,0.1947,-0.0731,0.625,参考,新潟芝短中距離(1400-1600)・良・中枠(3-6)で父「ネオユニヴァース」は基準比リフト0.625
中山,坂あり・パワー型,ダ,短距離(1000-1300),良,中枠(3-6),父,マツリダゴッホ,50,1,6,0.02,0.12,3.8,0.0,9.32,0.1927,-0.0727,0.623,参考,中山ダ短距離(1000-1300)・良・中枠(3-6)で父「マツリダゴッホ」は基準比リフト0.623
東京,直線長め・持続型,芝,短中距離(1400-1600),良,外枠(7-8),父,マツリダゴッホ,97,2,12,0.0206,0.1237,34.4,0.0,9.56,0.1988,-0.0751,0.622,参考,東京芝短中距離(1400-1600)・良・外枠(7-8)で父「マツリダゴッホ」は基準比リフト0.622
新潟,直線長め・平坦型,芝,中距離(1700-2000),良,中枠(3-6),父,スペシャルウィーク,67,5,9,0.0746,0.1343,39.7,0.0,6.76,0.2171,-0.0828,0.619,参考,新潟芝中距離(1700-2000)・良・中枠(3-6)で父「スペシャルウィーク」は基準比リフト0.619
函館,小回り・持続型,芝,中距離(1700-2000),良,外枠(7-8),父,ハービンジャー,71,3,9,0.0423,0.1268,24.2,0.0,6.65,0.2056,-0.0788,0.617,参考,函館芝中距離(1700-2000)・良・外枠(7-8)で父「ハービンジャー」は基準比リフト0.617
東京,直線長め・持続型,ダ,短中距離(1400-1600),良,中枠(3-6),父,デュランダル,73,1,9,0.0137,0.1233,13.7,0.0,9.36,0.1997,-0.0764,0.617,参考,東京ダ短中距離(1400-1600)・良・中枠(3-6)で父「デュランダル」は基準比リフト0.617
阪神,坂あり・パワー型,芝,短中距離(1400-1600),良,外枠(7-8),父,オルフェーヴル,51,2,6,0.0392,0.1176,11.2,0.0,8.86,0.1907,-0.0731,0.617,参考,阪神芝短中距離(1400-1600)・良・外枠(7-8)で父「オルフェーヴル」は基準比リフト0.617
京都,平坦・スピード型,芝,短中距離(1400-1600),良,中枠(3-6),父,タニノギムレット,99,3,13,0.0303,0.1313,17.0,0.0,8.34,0.2142,-0.0829,0.613,参考,京都芝短中距離(1400-1600)・良・中枠(3-6)で父「タニノギムレット」は基準比リフト0.613
小倉,小回り・機動型,芝,短距離(1000-1300),良,中枠(3-6),父,ネオユニヴァース,67,3,8,0.0448,0.1194,70.7,0.0,8.75,0.1949,-0.0755,0.613,参考,小倉芝短距離(1000-1300)・良・中枠(3-6)で父「ネオユニヴァース」は基準比リフト0.613
東京,直線長め・持続型,ダ,短中距離(1400-1600),良,外枠(7-8),父,スウェプトオーヴァーボード,83,4,11,0.0482,0.1325,46.5,0.0,9.24,0.2165,-0.084,0.612,参考,東京ダ短中距離(1400-1600)・良・外枠(7-8)で父「スウェプトオーヴァーボード」は基準比リフト0.612
中山,坂あり・パワー型,芝,短中距離(1400-1600),良,中枠(3-6),父,キングヘイロー,65,0,8,0.0,0.1231,0.0,0.0,9.65,0.2014,-0.0783,0.611,参考,中山芝短中距離(1400-1600)・良・中枠(3-6)で父「キングヘイロー」は基準比リフト0.611
京都,平坦・スピード型,ダ,短距離(1000-1300),良,中枠(3-6),父,メイショウボーラー,84,2,10,0.0238,0.119,9.6,0.0,8.94,0.1949,-0.0759,0.611,参考,京都ダ短距離(1000-1300)・良・中枠(3-6)で父「メイショウボーラー」は基準比リフト0.611
東京,直線長め・持続型,芝,短中距離(1400-1600),良,中枠(3-6),父,スウェプトオーヴァーボード,97,3,12,0.0309,0.1237,25.1,0.0,9.35,0.2028,-0.0791,0.61,参考,東京芝短中距離(1400-1600)・良・中枠(3-6)で父「スウェプトオーヴァーボード」は基準比リフト0.61
阪神,坂あり・パワー型,ダ,中距離(1700-2000),良,中枠(3-6),父,メイショウサムソン,65,3,9,0.0462,0.1385,38.0,0.0,8.86,0.2273,-0.0888,0.609,参考,阪神ダ中距離(1700-2000)・良・中枠(3-6)で父「メイショウサムソン」は基準比リフト0.609
小倉,小回り・機動型,芝,短距離(1000-1300),良,外枠(7-8),父,ネオユニヴァース,58,3,7,0.0517,0.1207,257.4,0.0,9.19,0.1981,-0.0774,0.609,参考,小倉芝短距離(1000-1300)・良・外枠(7-8)で父「ネオユニヴァース」は基準比リフト0.609
東京,直線長め・持続型,芝,短中距離(1400-1600),良,中枠(3-6),父,ジャスタウェイ,73,4,9,0.0548,0.1233,47.4,0.0,8.25,0.2028,-0.0795,0.608,参考,東京芝短中距離(1400-1600)・良・中枠(3-6)で父「ジャスタウェイ」は基準比リフト0.608
東京,直線長め・持続型,ダ,短中距離(1400-1600),良,中枠(3-6),父,オルフェーヴル,66,2,8,0.0303,0.1212,14.4,0.0,7.83,0.1997,-0.0785,0.607,参考,東京ダ短中距離(1400-1600)・良・中枠(3-6)で父「オルフェーヴル」は基準比リフト0.607
中山,坂あり・パワー型,ダ,短距離(1000-1300),良,中枠(3-6),父,アフリート,60,1,7,0.0167,0.1167,251.3,0.0,9.22,0.1927,-0.076,0.606,参考,中山ダ短距離(1000-1300)・良・中枠(3-6)で父「アフリート」は基準比リフト0.606
中京,直線長め・持続型,ダ,短中距離(1400-1600),良,中枠(3-6),父,キングカメハメハ,67,2,8,0.0299,0.1194,20.6,0.0,9.43,0.1973,-0.0779,0.605,参考,中京ダ短中距離(1400-1600)・良・中枠(3-6)で父「キングカメハメハ」は基準比リフト0.605
中京,直線長め・持続型,ダ,中距離(1700-2000),良,中枠(3-6),父,ゼンノロブロイ,84,3,11,0.0357,0.131,75.0,0.0,8.02,0.2184,-0.0874,0.6,参考,中京ダ中距離(1700-2000)・良・中枠(3-6)で父「ゼンノロブロイ」は基準比リフト0.6
中山,坂あり・パワー型,ダ,短距離(1000-1300),良,中枠(3-6),父,ゼンノロブロイ,52,5,6,0.0962,0.1154,52.7,0.0,7.48,0.1927,-0.0773,0.599,参考,中山ダ短距離(1000-1300)・良・中枠(3-6)で父「ゼンノロブロイ」は基準比リフト0.599
京都,平坦・スピード型,芝,中長距離(2100-2400),良,中枠(3-6),父,シンボリクリスエス,50,1,7,0.02,0.14,6.8,0.0,7.12,0.2341,-0.0941,0.598,参考,京都芝中長距離(2100-2400)・良・中枠(3-6)で父「シンボリクリスエス」は基準比リフト0.598
新潟,直線長め・平坦型,ダ,短距離(1000-1300),良,中枠(3-6),父,サクラバクシンオー,58,3,7,0.0517,0.1207,18.4,0.0,7.21,0.2029,-0.0822,0.595,参考,新潟ダ短距離(1000-1300)・良・中枠(3-6)で父「サクラバクシンオー」は基準比リフト0.595
東京,直線長め・持続型,ダ,短中距離(1400-1600),良,中枠(3-6),父,エイシンフラッシュ,59,4,7,0.0678,0.1186,182.0,0.0,10.39,0.1997,-0.0811,0.594,参考,東京ダ短中距離(1400-1600)・良・中枠(3-6)で父「エイシンフラッシュ」は基準比リフト0.594
阪神,坂あり・パワー型,ダ,短距離(1000-1300),良,中枠(3-6),父,キングカメハメハ,57,2,7,0.0351,0.1228,7.2,0.0,7.95,0.2076,-0.0848,0.592,参考,阪神ダ短距離(1000-1300)・良・中枠(3-6)で父「キングカメハメハ」は基準比リフト0.592
東京,直線長め・持続型,ダ,短中距離(1400-1600),良,中枠(3-6),父,バトルプラン,51,1,6,0.0196,0.1176,5.7,0.0,9.75,0.1997,-0.0821,0.589,参考,東京ダ短中距離(1400-1600)・良・中枠(3-6)で父「バトルプラン」は基準比リフト0.589
小倉,小回り・機動型,芝,短距離(1000-1300),良,中枠(3-6),父,メイショウボーラー,96,5,11,0.0521,0.1146,30.6,0.0,9.64,0.1949,-0.0803,0.588,参考,小倉芝短距離(1000-1300)・良・中枠(3-6)で父「メイショウボーラー」は基準比リフト0.588
京都,平坦・スピード型,芝,中距離(1700-2000),良,外枠(7-8),父,クロフネ,61,2,8,0.0328,0.1311,13.4,0.0,7.51,0.2263,-0.0952,0.579,参考,京都芝中距離(1700-2000)・良・外枠(7-8)で父「クロフネ」は基準比リフト0.579
京都,平坦・スピード型,ダ,中距離(1700-2000),良,中枠(3-6),父,ゼンノロブロイ,135,4,17,0.0296,0.1259,73.0,0.0,7.31,0.2181,-0.0922,0.577,参考,京都ダ中距離(1700-2000)・良・中枠(3-6)で父「ゼンノロブロイ」は基準比リフト0.577
中山,坂あり・パワー型,芝,中距離(1700-2000),良,中枠(3-6),父,オルフェーヴル,104,2,13,0.0192,0.125,12.6,0.0,7.88,0.2165,-0.0915,0.577,参考,中山芝中距離(1700-2000)・良・中枠(3-6)で父「オルフェーヴル」は基準比リフト0.577
中山,坂あり・パワー型,芝,中距離(1700-2000),良,中枠(3-6),父,ゴールドシップ,104,1,13,0.0096,0.125,14.2,0.0,8.66,0.2165,-0.0915,0.577,参考,中山芝中距離(1700-2000)・良・中枠(3-6)で父「ゴールドシップ」は基準比リフト0.577
東京,直線長め・持続型,芝,短中距離(1400-1600),良,外枠(7-8),父,アドマイヤマックス,61,1,7,0.0164,0.1148,104.6,0.0,9.28,0.1988,-0.084,0.577,参考,東京芝短中距離(1400-1600)・良・外枠(7-8)で父「アドマイヤマックス」は基準比リフト0.577
東京,直線長め・持続型,ダ,短中距離(1400-1600),良,中枠(3-6),父,キングヘイロー,96,7,11,0.0729,0.1146,41.7,0.0,8.94,0.1997,-0.0851,0.574,参考,東京ダ短中距離(1400-1600)・良・中枠(3-6)で父「キングヘイロー」は基準比リフト0.574
阪神,坂あり・パワー型,ダ,中距離(1700-2000),稍,中枠(3-6),父,ゼンノロブロイ,50,2,6,0.04,0.12,31.8,0.0,8.32,0.2095,-0.0895,0.573,参考,阪神ダ中距離(1700-2000)・稍・中枠(3-6)で父「ゼンノロブロイ」は基準比リフト0.573
中京,直線長め・持続型,芝,短中距離(1400-1600),良,中枠(3-6),父,ゼンノロブロイ,51,2,6,0.0392,0.1176,51.6,0.0,8.06,0.2051,-0.0875,0.573,参考,中京芝短中距離(1400-1600)・良・中枠(3-6)で父「ゼンノロブロイ」は基準比リフト0.573
阪神,坂あり・パワー型,芝,短中距離(1400-1600),良,中枠(3-6),父,ドゥラメンテ,57,5,7,0.0877,0.1228,108.1,0.0,8.42,0.2169,-0.0941,0.566,参考,阪神芝短中距離(1400-1600)・良・中枠(3-6)で父「ドゥラメンテ」は基準比リフト0.566
福島,小回り・機動型,芝,中距離(1700-2000),良,中枠(3-6),父,タニノギムレット,65,3,8,0.0462,0.1231,182.8,0.0,9.38,0.2188,-0.0957,0.563,参考,福島芝中距離(1700-2000)・良・中枠(3-6)で父「タニノギムレット」は基準比リフト0.563
阪神,坂あり・パワー型,ダ,短中距離(1400-1600),良,中枠(3-6),父,シンボリクリスエス,53,3,6,0.0566,0.1132,34.7,0.0,8.3,0.2031,-0.0899,0.557,参考,阪神ダ短中距離(1400-1600)・良・中枠(3-6)で父「シンボリクリスエス」は基準比リフト0.557
福島,小回り・機動型,芝,短距離(1000-1300),良,中枠(3-6),父,ジャングルポケット,67,2,7,0.0299,0.1045,28.5,0.0,8.84,0.1887,-0.0842,0.554,参考,福島芝短距離(1000-1300)・良・中枠(3-6)で父「ジャングルポケット」は基準比リフト0.554
東京,直線長め・持続型,ダ,短中距離(1400-1600),良,中枠(3-6),父,ケイムホーム,109,5,12,0.0459,0.1101,51.1,0.0,9.15,0.1997,-0.0896,0.551,参考,東京ダ短中距離(1400-1600)・良・中枠(3-6)で父「ケイムホーム」は基準比リフト0.551
東京,直線長め・持続型,芝,短中距離(1400-1600),良,内枠(1-2),父,アドマイヤムーン,80,3,9,0.0375,0.1125,63.7,0.0,8.98,0.2047,-0.0922,0.55,参考,東京芝短中距離(1400-1600)・良・内枠(1-2)で父「アドマイヤムーン」は基準比リフト0.55
中京,直線長め・持続型,芝,短中距離(1400-1600),良,中枠(3-6),父,アドマイヤムーン,89,4,10,0.0449,0.1124,66.9,0.0,9.39,0.2051,-0.0927,0.548,参考,中京芝短中距離(1400-1600)・良・中枠(3-6)で父「アドマイヤムーン」は基準比リフト0.548
東京,直線長め・持続型,ダ,短中距離(1400-1600),良,中枠(3-6),父,ジャングルポケット,101,2,11,0.0198,0.1089,5.7,0.0,9.49,0.1997,-0.0908,0.545,参考,東京ダ短中距離(1400-1600)・良・中枠(3-6)で父「ジャングルポケット」は基準比リフト0.545
東京,直線長め・持続型,芝,中距離(1700-2000),良,中枠(3-6),父,エイシンフラッシュ,62,1,8,0.0161,0.129,13.2,0.0,8.1,0.237,-0.108,0.544,参考,東京芝中距離(1700-2000)・良・中枠(3-6)で父「エイシンフラッシュ」は基準比リフト0.544
東京,直線長め・持続型,ダ,短中距離(1400-1600),良,中枠(3-6),父,タイムパラドックス,83,4,9,0.0482,0.1084,28.7,0.0,9.43,0.1997,-0.0913,0.543,参考,東京ダ短中距離(1400-1600)・良・中枠(3-6)で父「タイムパラドックス」は基準比リフト0.543
中山,坂あり・パワー型,ダ,短距離(1000-1300),良,外枠(7-8),父,クロフネ,82,2,9,0.0244,0.1098,10.0,0.0,8.68,0.2034,-0.0936,0.54,参考,中山ダ短距離(1000-1300)・良・外枠(7-8)で父「クロフネ」は基準比リフト0.54
東京,直線長め・持続型,芝,短中距離(1400-1600),良,中枠(3-6),父,サムライハート,55,0,6,0.0,0.1091,0.0,0.0,8.93,0.2028,-0.0937,0.538,参考,東京芝短中距離(1400-1600)・良・中枠(3-6)で父「サムライハート」は基準比リフト0.538
東京,直線長め・持続型,芝,短中距離(1400-1600),良,外枠(7-8),父,キングヘイロー,75,4,8,0.0533,0.1067,118.7,0.0,10.67,0.1988,-0.0921,0.537,参考,東京芝短中距離(1400-1600)・良・外枠(7-8)で父「キングヘイロー」は基準比リフト0.537
京都,平坦・スピード型,ダ,短中距離(1400-1600),良,中枠(3-6),父,スウェプトオーヴァーボード,56,3,6,0.0536,0.1071,68.6,0.0,8.88,0.2,-0.0929,0.536,参考,京都ダ短中距離(1400-1600)・良・中枠(3-6)で父「スウェプトオーヴァーボード」は基準比リフト0.536
中山,坂あり・パワー型,ダ,短距離(1000-1300),良,内枠(1-2),父,クロフネ,64,2,6,0.0312,0.0938,11.2,0.0,8.42,0.1768,-0.083,0.531,参考,中山ダ短距離(1000-1300)・良・内枠(1-2)で父「クロフネ」は基準比リフト0.531
東京,直線長め・持続型,芝,短中距離(1400-1600),良,中枠(3-6),父,アドマイヤマックス,84,2,9,0.0238,0.1071,149.3,0.0,10.46,0.2028,-0.0957,0.528,参考,東京芝短中距離(1400-1600)・良・中枠(3-6)で父「アドマイヤマックス」は基準比リフト0.528
小倉,小回り・機動型,芝,中距離(1700-2000),良,外枠(7-8),父,シンボリクリスエス,65,4,7,0.0615,0.1077,104.3,0.0,8.0,0.2048,-0.0971,0.526,参考,小倉芝中距離(1700-2000)・良・外枠(7-8)で父「シンボリクリスエス」は基準比リフト0.526
東京,直線長め・持続型,ダ,短中距離(1400-1600),良,外枠(7-8),父,プリサイスエンド,115,0,13,0.0,0.113,0.0,0.0,8.6,0.2165,-0.1035,0.522,参考,東京ダ短中距離(1400-1600)・良・外枠(7-8)で父「プリサイスエンド」は基準比リフト0.522
東京,直線長め・持続型,ダ,短中距離(1400-1600),良,中枠(3-6),父,サクラバクシンオー,58,1,6,0.0172,0.1034,23.1,0.0,8.9,0.1997,-0.0963,0.518,参考,東京ダ短中距離(1400-1600)・良・中枠(3-6)で父「サクラバクシンオー」は基準比リフト0.518
阪神,坂あり・パワー型,芝,中距離(1700-2000),良,内枠(1-2),父,ゼンノロブロイ,54,2,7,0.037,0.1296,19.3,0.0,7.89,0.2505,-0.1209,0.517,参考,阪神芝中距離(1700-2000)・良・内枠(1-2)で父「ゼンノロブロイ」は基準比リフト0.517
阪神,坂あり・パワー型,芝,短中距離(1400-1600),良,内枠(1-2),父,タニノギムレット,61,3,7,0.0492,0.1148,118.5,0.0,7.23,0.2227,-0.1079,0.515,参考,阪神芝短中距離(1400-1600)・良・内枠(1-2)で父「タニノギムレット」は基準比リフト0.515
小倉,小回り・機動型,芝,短距離(1000-1300),良,中枠(3-6),父,ステイゴールド,60,2,6,0.0333,0.1,9.0,0.0,9.3,0.1949,-0.0949,0.513,参考,小倉芝短距離(1000-1300)・良・中枠(3-6)で父「ステイゴールド」は基準比リフト0.513
阪神,坂あり・パワー型,芝,中距離(1700-2000),良,外枠(7-8),父,ネオユニヴァース,84,5,10,0.0595,0.119,172.0,0.0,8.02,0.2332,-0.1142,0.51,参考,阪神芝中距離(1700-2000)・良・外枠(7-8)で父「ネオユニヴァース」は基準比リフト0.51
中山,坂あり・パワー型,ダ,短距離(1000-1300),良,中枠(3-6),父,アドマイヤムーン,82,2,8,0.0244,0.0976,43.9,0.0,9.02,0.1927,-0.0951,0.506,参考,中山ダ短距離(1000-1300)・良・中枠(3-6)で父「アドマイヤムーン」は基準比リフト0.506
阪神,坂あり・パワー型,芝,短中距離(1400-1600),良,外枠(7-8),父,サクラバクシンオー,52,3,5,0.0577,0.0962,25.6,0.0,8.19,0.1907,-0.0945,0.504,参考,阪神芝短中距離(1400-1600)・良・外枠(7-8)で父「サクラバクシンオー」は基準比リフト0.504
福島,小回り・機動型,芝,長距離(2500以上),良,中枠(3-6),父,ハーツクライ,74,1,9,0.0135,0.1216,3.6,0.0,6.93,0.2423,-0.1207,0.502,参考,福島芝長距離(2500以上)・良・中枠(3-6)で父「ハーツクライ」は基準比リフト0.502
小倉,小回り・機動型,芝,中距離(1700-2000),良,中枠(3-6),父,アドマイヤムーン,54,3,6,0.0556,0.1111,28.5,0.0,8.8,0.2218,-0.1107,0.501,参考,小倉芝中距離(1700-2000)・良・中枠(3-6)で父「アドマイヤムーン」は基準比リフト0.501
東京,直線長め・持続型,芝,中距離(1700-2000),良,中枠(3-6),父,ブラックタイド,93,4,11,0.043,0.1183,67.7,0.0,8.96,0.237,-0.1187,0.499,参考,東京芝中距離(1700-2000)・良・中枠(3-6)で父「ブラックタイド」は基準比リフト0.499
中山,坂あり・パワー型,ダ,中距離(1700-2000),良,中枠(3-6),父,ルーラーシップ,102,3,10,0.0294,0.098,39.8,0.0,7.9,0.199,-0.101,0.492,参考,中山ダ中距離(1700-2000)・良・中枠(3-6)で父「ルーラーシップ」は基準比リフト0.492
阪神,坂あり・パワー型,芝,短中距離(1400-1600),良,中枠(3-6),父,スクリーンヒーロー,66,3,7,0.0455,0.1061,37.9,0.0,8.61,0.2169,-0.1108,0.489,参考,阪神芝短中距離(1400-1600)・良・中枠(3-6)で父「スクリーンヒーロー」は基準比リフト0.489
中山,坂あり・パワー型,ダ,短距離(1000-1300),良,内枠(1-2),父,シニスターミニスター,58,2,5,0.0345,0.0862,9.0,0.0,7.74,0.1768,-0.0906,0.488,参考,中山ダ短距離(1000-1300)・良・内枠(1-2)で父「シニスターミニスター」は基準比リフト0.488
東京,直線長め・持続型,芝,短中距離(1400-1600),良,中枠(3-6),父,ロージズインメイ,92,1,9,0.0109,0.0978,10.1,0.0,9.29,0.2028,-0.105,0.482,参考,東京芝短中距離(1400-1600)・良・中枠(3-6)で父「ロージズインメイ」は基準比リフト0.482
小倉,小回り・機動型,芝,中距離(1700-2000),良,外枠(7-8),父,クロフネ,51,1,5,0.0196,0.098,10.4,0.0,8.1,0.2048,-0.1068,0.479,参考,小倉芝中距離(1700-2000)・良・外枠(7-8)で父「クロフネ」は基準比リフト0.479
東京,直線長め・持続型,ダ,短中距離(1400-1600),良,内枠(1-2),父,キングヘイロー,50,1,4,0.02,0.08,12.2,0.0,8.78,0.1677,-0.0877,0.477,参考,東京ダ短中距離(1400-1600)・良・内枠(1-2)で父「キングヘイロー」は基準比リフト0.477
東京,直線長め・持続型,ダ,短中距離(1400-1600),良,内枠(1-2),父,ジャングルポケット,50,0,4,0.0,0.08,0.0,0.0,9.62,0.1677,-0.0877,0.477,参考,東京ダ短中距離(1400-1600)・良・内枠(1-2)で父「ジャングルポケット」は基準比リフト0.477
東京,直線長め・持続型,芝,短中距離(1400-1600),良,外枠(7-8),父,スウェプトオーヴァーボード,53,1,5,0.0189,0.0943,54.5,0.0,9.6,0.1988,-0.1045,0.474,参考,東京芝短中距離(1400-1600)・良・外枠(7-8)で父「スウェプトオーヴァーボード」は基準比リフト0.474
京都,平坦・スピード型,ダ,短距離(1000-1300),良,中枠(3-6),父,アグネスデジタル,65,5,6,0.0769,0.0923,177.4,0.0,9.15,0.1949,-0.1026,0.474,参考,京都ダ短距離(1000-1300)・良・中枠(3-6)で父「アグネスデジタル」は基準比リフト0.474
東京,直線長め・持続型,ダ,短中距離(1400-1600),良,中枠(3-6),父,タートルボウル,54,2,5,0.037,0.0926,18.9,0.0,9.63,0.1997,-0.1071,0.464,参考,東京ダ短中距離(1400-1600)・良・中枠(3-6)で父「タートルボウル」は基準比リフト0.464
福島,小回り・機動型,芝,短距離(1000-1300),良,中枠(3-6),父,メイショウボーラー,58,2,5,0.0345,0.0862,15.9,0.0,10.19,0.1887,-0.1025,0.457,参考,福島芝短距離(1000-1300)・良・中枠(3-6)で父「メイショウボーラー」は基準比リフト0.457
中山,坂あり・パワー型,芝,中距離(1700-2000),良,中枠(3-6),父,エイシンフラッシュ,61,4,6,0.0656,0.0984,83.4,0.0,8.72,0.2165,-0.1181,0.455,参考,中山芝中距離(1700-2000)・良・中枠(3-6)で父「エイシンフラッシュ」は基準比リフト0.455
東京,直線長め・持続型,ダ,短中距離(1400-1600),良,中枠(3-6),父,バゴ,55,2,5,0.0364,0.0909,49.5,0.0,10.95,0.1997,-0.1088,0.455,参考,東京ダ短中距離(1400-1600)・良・中枠(3-6)で父「バゴ」は基準比リフト0.455
東京,直線長め・持続型,ダ,短中距離(1400-1600),良,外枠(7-8),父,ロージズインメイ,72,1,7,0.0139,0.0972,7.4,0.0,8.53,0.2165,-0.1193,0.449,参考,東京ダ短中距離(1400-1600)・良・外枠(7-8)で父「ロージズインメイ」は基準比リフト0.449
京都,平坦・スピード型,芝,中距離(1700-2000),良,中枠(3-6),父,メイショウサムソン,65,4,7,0.0615,0.1077,365.8,0.0,8.25,0.2454,-0.1377,0.439,参考,京都芝中距離(1700-2000)・良・中枠(3-6)で父「メイショウサムソン」は基準比リフト0.439
阪神,坂あり・パワー型,ダ,中距離(1700-2000),良,内枠(1-2),父,ダイワメジャー,56,1,5,0.0179,0.0893,8.2,0.0,7.55,0.206,-0.1167,0.433,参考,阪神ダ中距離(1700-2000)・良・内枠(1-2)で父「ダイワメジャー」は基準比リフト0.433
東京,直線長め・持続型,ダ,短中距離(1400-1600),良,外枠(7-8),父,ジャングルポケット,66,3,6,0.0455,0.0909,13.3,0.0,9.68,0.2165,-0.1256,0.42,参考,東京ダ短中距離(1400-1600)・良・外枠(7-8)で父「ジャングルポケット」は基準比リフト0.42
京都,平坦・スピード型,ダ,中距離(1700-2000),良,中枠(3-6),父,ダンスインザダーク,66,1,6,0.0152,0.0909,13.5,0.0,8.8,0.2181,-0.1272,0.417,参考,京都ダ中距離(1700-2000)・良・中枠(3-6)で父「ダンスインザダーク」は基準比リフト0.417
中山,坂あり・パワー型,ダ,短距離(1000-1300),良,中枠(3-6),父,グラスワンダー,50,2,4,0.04,0.08,119.4,0.0,10.84,0.1927,-0.1127,0.415,参考,中山ダ短距離(1000-1300)・良・中枠(3-6)で父「グラスワンダー」は基準比リフト0.415
京都,平坦・スピード型,芝,中長距離(2100-2400),良,中枠(3-6),父,ダンスインザダーク,52,2,5,0.0385,0.0962,39.0,0.0,7.63,0.2341,-0.1379,0.411,参考,京都芝中長距離(2100-2400)・良・中枠(3-6)で父「ダンスインザダーク」は基準比リフト0.411
東京,直線長め・持続型,芝,短中距離(1400-1600),良,中枠(3-6),父,メイショウボーラー,60,3,5,0.05,0.0833,264.8,0.0,11.42,0.2028,-0.1195,0.411,参考,東京芝短中距離(1400-1600)・良・中枠(3-6)で父「メイショウボーラー」は基準比リフト0.411
東京,直線長め・持続型,芝,中距離(1700-2000),良,中枠(3-6),父,チチカステナンゴ,52,1,5,0.0192,0.0962,109.6,0.0,8.67,0.237,-0.1408,0.406,参考,東京芝中距離(1700-2000)・良・中枠(3-6)で父「チチカステナンゴ」は基準比リフト0.406
阪神,坂あり・パワー型,芝,短中距離(1400-1600),良,中枠(3-6),父,メイショウボーラー,58,2,5,0.0345,0.0862,82.9,0.0,9.74,0.2169,-0.1307,0.397,参考,阪神芝短中距離(1400-1600)・良・中枠(3-6)で父「メイショウボーラー」は基準比リフト0.397
中山,坂あり・パワー型,芝,中距離(1700-2000),良,中枠(3-6),父,タニノギムレット,94,2,8,0.0213,0.0851,16.0,0.0,9.23,0.2165,-0.1314,0.393,参考,中山芝中距離(1700-2000)・良・中枠(3-6)で父「タニノギムレット」は基準比リフト0.393
中山,坂あり・パワー型,芝,中距離(1700-2000),良,中枠(3-6),父,キングヘイロー,59,1,5,0.0169,0.0847,5.3,0.0,10.1,0.2165,-0.1318,0.391,参考,中山芝中距離(1700-2000)・良・中枠(3-6)で父「キングヘイロー」は基準比リフト0.391
福島,小回り・機動型,芝,短距離(1000-1300),良,中枠(3-6),父,ブラックタイド,68,2,5,0.0294,0.0735,10.7,0.0,9.16,0.1887,-0.1152,0.39,参考,福島芝短距離(1000-1300)・良・中枠(3-6)で父「ブラックタイド」は基準比リフト0.39
福島,小回り・機動型,芝,短距離(1000-1300),良,中枠(3-6),父,キングヘイロー,57,4,4,0.0702,0.0702,82.8,0.0,8.96,0.1887,-0.1185,0.372,参考,福島芝短距離(1000-1300)・良・中枠(3-6)で父「キングヘイロー」は基準比リフト0.372
東京,直線長め・持続型,ダ,短中距離(1400-1600),良,中枠(3-6),父,アドマイヤムーン,68,3,5,0.0441,0.0735,58.8,0.0,9.25,0.1997,-0.1262,0.368,参考,東京ダ短中距離(1400-1600)・良・中枠(3-6)で父「アドマイヤムーン」は基準比リフト0.368
中山,坂あり・パワー型,ダ,中距離(1700-2000),良,内枠(1-2),父,ロージズインメイ,61,0,4,0.0,0.0656,0.0,0.0,9.23,0.1848,-0.1192,0.355,参考,中山ダ中距離(1700-2000)・良・内枠(1-2)で父「ロージズインメイ」は基準比リフト0.355
東京,直線長め・持続型,芝,中距離(1700-2000),良,外枠(7-8),父,タニノギムレット,58,0,4,0.0,0.069,0.0,0.0,9.14,0.2154,-0.1464,0.32,参考,東京芝中距離(1700-2000)・良・外枠(7-8)で父「タニノギムレット」は基準比リフト0.32
中京,直線長め・持続型,芝,短中距離(1400-1600),良,中枠(3-6),父,ブラックタイド,63,1,4,0.0159,0.0635,8.3,0.0,9.48,0.2051,-0.1416,0.31,参考,中京芝短中距離(1400-1600)・良・中枠(3-6)で父「ブラックタイド」は基準比リフト0.31
中京,直線長め・持続型,芝,短中距離(1400-1600),良,中枠(3-6),父,ネオユニヴァース,55,1,3,0.0182,0.0545,6.4,0.0,9.53,0.2051,-0.1506,0.266,参考,中京芝短中距離(1400-1600)・良・中枠(3-6)で父「ネオユニヴァース」は基準比リフト0.266
東京,直線長め・持続型,ダ,短中距離(1400-1600),良,中枠(3-6),父,グラスワンダー,68,1,3,0.0147,0.0441,20.1,0.0,10.37,0.1997,-0.1556,0.221,参考,東京ダ短中距離(1400-1600)・良・中枠(3-6)で父「グラスワンダー」は基準比リフト0.221
中山,坂あり・パワー型,ダ,中距離(1700-2000),良,中枠(3-6),父,キングヘイロー,51,1,2,0.0196,0.0392,26.7,0.0,10.78,0.199,-0.1598,0.197,参考,中山ダ中距離(1700-2000)・良・中枠(3-6)で父「キングヘイロー」は基準比リフト0.197
京都,平坦・スピード型,ダ,中距離(1700-2000),良,中枠(3-6),父,ワークフォース,51,0,2,0.0,0.0392,0.0,0.0,8.75,0.2181,-0.1789,0.18,参考,京都ダ中距離(1700-2000)・良・中枠(3-6)で父「ワークフォース」は基準比リフト0.18
東京,直線長め・持続型,芝,中距離(1700-2000),良,中枠(3-6),父,コンデュイット,50,0,2,0.0,0.04,0.0,0.0,10.54,0.237,-0.197,0.169,参考,東京芝中距離(1700-2000)・良・中枠(3-6)で父「コンデュイット」は基準比リフト0.169
