場所,コースタイプ,芝・ダ,距離帯,馬場分類,枠ゾーン,血統区分,血統名,母数,勝利数,複勝数,勝率,複勝率,単勝回収率,複勝回収率,平均人気,基準複勝率,複勝率差,リフト,評価,特徴コメント
阪神,坂あり・パワー型,ダ,短距離(1000-1300),重不良,中枠(3-6),母父系統,ネイティヴダンサー系,259,29,73,0.112,0.2819,152.7,0.0,7.29,0.203,0.0789,1.389,A,阪神ダ短距離(1000-1300)・重不良・中枠(3-6)で母父系統「ネイティヴダンサー系」は基準比リフト1.389
中山,坂あり・パワー型,ダ,中距離(1700-2000),稍,内枠(1-2),母父系統,ネイティヴダンサー系,316,22,76,0.0696,0.2405,101.0,0.0,7.76,0.1835,0.057,1.311,A,中山ダ中距離(1700-2000)・稍・内枠(1-2)で母父系統「ネイティヴダンサー系」は基準比リフト1.311
小倉,小回り・機動型,芝,短距離(1000-1300),稍,中枠(3-6),母父系統,ナスルーラ系,151,10,38,0.0662,0.2517,60.1,0.0,8.72,0.1925,0.0592,1.308,A,小倉芝短距離(1000-1300)・稍・中枠(3-6)で母父系統「ナスルーラ系」は基準比リフト1.308
小倉,小回り・機動型,ダ,短距離(1000-1300),稍,中枠(3-6),母父系統,ニアークティック系,253,27,67,0.1067,0.2648,199.0,0.0,6.89,0.2062,0.0586,1.284,A,小倉ダ短距離(1000-1300)・稍・中枠(3-6)で母父系統「ニアークティック系」は基準比リフト1.284
中山,坂あり・パワー型,芝,中距離(1700-2000),良,中枠(3-6),母父系統,その他のエクリプス系,155,10,43,0.0645,0.2774,36.5,0.0,7.38,0.2165,0.0609,1.281,A,中山芝中距離(1700-2000)・良・中枠(3-6)で母父系統「その他のエクリプス系」は基準比リフト1.281
阪神,坂あり・パワー型,ダ,短距離(1000-1300),稍,内枠(1-2),母父系統,ネイティヴダンサー系,168,9,37,0.0536,0.2202,27.9,0.0,7.51,0.1721,0.0481,1.279,A,阪神ダ短距離(1000-1300)・稍・内枠(1-2)で母父系統「ネイティヴダンサー系」は基準比リフト1.279
阪神,坂あり・パワー型,ダ,短中距離(1400-1600),稍,外枠(7-8),母父系統,ネイティヴダンサー系,265,20,72,0.0755,0.2717,71.1,0.0,7.26,0.2147,0.057,1.265,A,阪神ダ短中距離(1400-1600)・稍・外枠(7-8)で母父系統「ネイティヴダンサー系」は基準比リフト1.265
阪神,坂あり・パワー型,ダ,短中距離(1400-1600),稍,内枠(1-2),母父系統,ネイティヴダンサー系,233,18,54,0.0773,0.2318,88.3,0.0,7.94,0.1843,0.0475,1.258,A,阪神ダ短中距離(1400-1600)・稍・内枠(1-2)で母父系統「ネイティヴダンサー系」は基準比リフト1.258
京都,平坦・スピード型,ダ,中距離(1700-2000),稍,外枠(7-8),母父系統,ネイティヴダンサー系,259,24,73,0.0927,0.2819,198.5,0.0,7.3,0.2257,0.0562,1.249,A,京都ダ中距離(1700-2000)・稍・外枠(7-8)で母父系統「ネイティヴダンサー系」は基準比リフト1.249
新潟,直線長め・平坦型,ダ,中距離(1700-2000),良,内枠(1-2),母父系統,ナスルーラ系,187,23,47,0.123,0.2513,259.0,0.0,7.44,0.2028,0.0485,1.239,A,新潟ダ中距離(1700-2000)・良・内枠(1-2)で母父系統「ナスルーラ系」は基準比リフト1.239
中山,坂あり・パワー型,芝,中長距離(2100-2400),良,外枠(7-8),母父系統,ニアークティック系,228,14,60,0.0614,0.2632,62.4,0.0,7.99,0.2138,0.0494,1.231,A,中山芝中長距離(2100-2400)・良・外枠(7-8)で母父系統「ニアークティック系」は基準比リフト1.231
札幌,小回り・持続型,芝,短中距離(1400-1600),良,外枠(7-8),母父系統,ニアークティック系,251,25,67,0.0996,0.2669,79.9,0.0,6.92,0.2171,0.0498,1.229,A,札幌芝短中距離(1400-1600)・良・外枠(7-8)で母父系統「ニアークティック系」は基準比リフト1.229
中京,直線長め・持続型,芝,中距離(1700-2000),良,外枠(7-8),母父系統,ネイティヴダンサー系,435,38,105,0.0874,0.2414,88.8,0.0,8.06,0.1964,0.045,1.229,A,中京芝中距離(1700-2000)・良・外枠(7-8)で母父系統「ネイティヴダンサー系」は基準比リフト1.229
新潟,直線長め・平坦型,ダ,短距離(1000-1300),良,内枠(1-2),母父系統,ナスルーラ系,194,17,42,0.0876,0.2165,48.3,0.0,7.89,0.1762,0.0403,1.229,A,新潟ダ短距離(1000-1300)・良・内枠(1-2)で母父系統「ナスルーラ系」は基準比リフト1.229
阪神,坂あり・パワー型,ダ,長距離(2500以上),良,外枠(7-8),母父系統,ロイヤルチャージャー系,152,19,49,0.125,0.3224,166.2,0.0,6.38,0.2639,0.0585,1.222,A,阪神ダ長距離(2500以上)・良・外枠(7-8)で母父系統「ロイヤルチャージャー系」は基準比リフト1.222
阪神,坂あり・パワー型,ダ,短中距離(1400-1600),不,中枠(3-6),母父系統,ニアークティック系,187,14,51,0.0749,0.2727,72.4,0.0,7.54,0.2231,0.0496,1.222,A,阪神ダ短中距離(1400-1600)・不・中枠(3-6)で母父系統「ニアークティック系」は基準比リフト1.222
福島,小回り・機動型,ダ,中距離(1700-2000),稍,中枠(3-6),母父系統,ニアークティック系,332,28,81,0.0843,0.244,78.7,0.0,7.6,0.1998,0.0442,1.221,A,福島ダ中距離(1700-2000)・稍・中枠(3-6)で母父系統「ニアークティック系」は基準比リフト1.221
中山,坂あり・パワー型,ダ,短距離(1000-1300),稍,外枠(7-8),母父系統,ナスルーラ系,158,12,43,0.0759,0.2722,65.7,0.0,7.38,0.2257,0.0465,1.206,A,中山ダ短距離(1000-1300)・稍・外枠(7-8)で母父系統「ナスルーラ系」は基準比リフト1.206
福島,小回り・機動型,芝,長距離(2500以上),良,内枠(1-2),母父系統,ニアークティック系,241,30,73,0.1245,0.3029,113.0,0.0,6.79,0.2516,0.0513,1.204,A,福島芝長距離(2500以上)・良・内枠(1-2)で母父系統「ニアークティック系」は基準比リフト1.204
東京,直線長め・持続型,芝,短中距離(1400-1600),稍,内枠(1-2),母父系統,ニアークティック系,210,15,52,0.0714,0.2476,53.0,0.0,7.66,0.2063,0.0413,1.2,A,東京芝短中距離(1400-1600)・稍・内枠(1-2)で母父系統「ニアークティック系」は基準比リフト1.2
京都,平坦・スピード型,ダ,中距離(1700-2000),稍,中枠(3-6),母父系統,ネイティヴダンサー系,456,45,124,0.0987,0.2719,166.4,0.0,7.12,0.2269,0.045,1.198,A,京都ダ中距離(1700-2000)・稍・中枠(3-6)で母父系統「ネイティヴダンサー系」は基準比リフト1.198
中京,直線長め・持続型,ダ,短距離(1000-1300),稍,中枠(3-6),母父系統,ニアークティック系,194,17,48,0.0876,0.2474,77.7,0.0,7.89,0.2068,0.0406,1.196,A,中京ダ短距離(1000-1300)・稍・中枠(3-6)で母父系統「ニアークティック系」は基準比リフト1.196
函館,小回り・持続型,芝,短距離(1000-1300),良,内枠(1-2),母父系統,ナスルーラ系,192,20,60,0.1042,0.3125,109.3,0.0,7.1,0.262,0.0505,1.193,A,函館芝短距離(1000-1300)・良・内枠(1-2)で母父系統「ナスルーラ系」は基準比リフト1.193
中山,坂あり・パワー型,ダ,短距離(1000-1300),重不良,内枠(1-2),母父系統,ニアークティック系,219,7,37,0.032,0.1689,23.8,0.0,8.42,0.1416,0.0273,1.193,A,中山ダ短距離(1000-1300)・重不良・内枠(1-2)で母父系統「ニアークティック系」は基準比リフト1.193
阪神,坂あり・パワー型,ダ,短中距離(1400-1600),重不良,内枠(1-2),母父系統,ロイヤルチャージャー系,154,10,36,0.0649,0.2338,24.4,0.0,8.27,0.1961,0.0377,1.192,A,阪神ダ短中距離(1400-1600)・重不良・内枠(1-2)で母父系統「ロイヤルチャージャー系」は基準比リフト1.192
東京,直線長め・持続型,ダ,短中距離(1400-1600),不,外枠(7-8),母父系統,ロイヤルチャージャー系,285,17,62,0.0596,0.2175,73.4,0.0,8.21,0.1827,0.0348,1.19,A,東京ダ短中距離(1400-1600)・不・外枠(7-8)で母父系統「ロイヤルチャージャー系」は基準比リフト1.19
中京,直線長め・持続型,ダ,短中距離(1400-1600),良,中枠(3-6),母父系統,ネイティヴダンサー系,661,46,155,0.0696,0.2345,102.3,0.0,7.69,0.1973,0.0372,1.189,A,中京ダ短中距離(1400-1600)・良・中枠(3-6)で母父系統「ネイティヴダンサー系」は基準比リフト1.189
京都,平坦・スピード型,ダ,短中距離(1400-1600),良,外枠(7-8),母父系統,ネイティヴダンサー系,606,59,140,0.0974,0.231,104.9,0.0,7.51,0.1942,0.0368,1.189,A,京都ダ短中距離(1400-1600)・良・外枠(7-8)で母父系統「ネイティヴダンサー系」は基準比リフト1.189
阪神,坂あり・パワー型,芝,短中距離(1400-1600),良,外枠(7-8),母父系統,ナスルーラ系,610,43,138,0.0705,0.2262,94.0,0.0,7.96,0.1907,0.0355,1.186,A,阪神芝短中距離(1400-1600)・良・外枠(7-8)で母父系統「ナスルーラ系」は基準比リフト1.186
京都,平坦・スピード型,芝,短距離(1000-1300),良,外枠(7-8),母父系統,ロイヤルチャージャー系,393,34,81,0.0865,0.2061,62.6,0.0,8.07,0.1739,0.0322,1.185,A,京都芝短距離(1000-1300)・良・外枠(7-8)で母父系統「ロイヤルチャージャー系」は基準比リフト1.185
福島,小回り・機動型,芝,中距離(1700-2000),稍,中枠(3-6),母父系統,ネイティヴダンサー系,152,11,33,0.0724,0.2171,75.7,0.0,7.34,0.1834,0.0337,1.184,A,福島芝中距離(1700-2000)・稍・中枠(3-6)で母父系統「ネイティヴダンサー系」は基準比リフト1.184
中山,坂あり・パワー型,ダ,短距離(1000-1300),不,中枠(3-6),母父系統,ニアークティック系,314,27,80,0.086,0.2548,81.0,0.0,7.79,0.2154,0.0394,1.183,A,中山ダ短距離(1000-1300)・不・中枠(3-6)で母父系統「ニアークティック系」は基準比リフト1.183
京都,平坦・スピード型,ダ,短中距離(1400-1600),稍,内枠(1-2),母父系統,ネイティヴダンサー系,157,10,36,0.0637,0.2293,71.0,0.0,7.59,0.1939,0.0354,1.183,A,京都ダ短中距離(1400-1600)・稍・内枠(1-2)で母父系統「ネイティヴダンサー系」は基準比リフト1.183
函館,小回り・持続型,ダ,中距離(1700-2000),良,外枠(7-8),母父系統,ナスルーラ系,208,16,59,0.0769,0.2837,63.7,0.0,6.94,0.2402,0.0435,1.181,A,函館ダ中距離(1700-2000)・良・外枠(7-8)で母父系統「ナスルーラ系」は基準比リフト1.181
東京,直線長め・持続型,ダ,短中距離(1400-1600),重不良,中枠(3-6),母父系統,ネイティヴダンサー系,615,45,141,0.0732,0.2293,149.5,0.0,8.07,0.1943,0.035,1.18,A,東京ダ短中距離(1400-1600)・重不良・中枠(3-6)で母父系統「ネイティヴダンサー系」は基準比リフト1.18
新潟,直線長め・平坦型,ダ,短距離(1000-1300),重不良,中枠(3-6),母父系統,ニアークティック系,229,16,53,0.0699,0.2314,50.9,0.0,7.49,0.1964,0.035,1.178,A,新潟ダ短距離(1000-1300)・重不良・中枠(3-6)で母父系統「ニアークティック系」は基準比リフト1.178
阪神,坂あり・パワー型,ダ,中距離(1700-2000),良,内枠(1-2),母父系統,ニアークティック系,896,58,217,0.0647,0.2422,57.4,0.0,7.7,0.206,0.0362,1.176,A,阪神ダ中距離(1700-2000)・良・内枠(1-2)で母父系統「ニアークティック系」は基準比リフト1.176
中京,直線長め・持続型,芝,長距離(2500以上),良,中枠(3-6),母父系統,ロイヤルチャージャー系,323,30,83,0.0929,0.257,61.2,0.0,7.15,0.219,0.038,1.174,A,中京芝長距離(2500以上)・良・中枠(3-6)で母父系統「ロイヤルチャージャー系」は基準比リフト1.174
小倉,小回り・機動型,ダ,中距離(1700-2000),重不良,外枠(7-8),母父系統,ロイヤルチャージャー系,219,20,48,0.0913,0.2192,84.6,0.0,8.08,0.1868,0.0324,1.173,A,小倉ダ中距離(1700-2000)・重不良・外枠(7-8)で母父系統「ロイヤルチャージャー系」は基準比リフト1.173
福島,小回り・機動型,ダ,中距離(1700-2000),良,内枠(1-2),母父系統,ナスルーラ系,165,12,41,0.0727,0.2485,63.2,0.0,7.29,0.2121,0.0364,1.172,A,福島ダ中距離(1700-2000)・良・内枠(1-2)で母父系統「ナスルーラ系」は基準比リフト1.172
小倉,小回り・機動型,芝,中距離(1700-2000),重不良,中枠(3-6),母父系統,ニアークティック系,196,15,48,0.0765,0.2449,60.5,0.0,7.46,0.209,0.0359,1.172,A,小倉芝中距離(1700-2000)・重不良・中枠(3-6)で母父系統「ニアークティック系」は基準比リフト1.172
阪神,坂あり・パワー型,ダ,短中距離(1400-1600),稍,中枠(3-6),母父系統,ネイティヴダンサー系,512,42,118,0.082,0.2305,60.9,0.0,7.71,0.1968,0.0337,1.171,A,阪神ダ短中距離(1400-1600)・稍・中枠(3-6)で母父系統「ネイティヴダンサー系」は基準比リフト1.171
中京,直線長め・持続型,ダ,短中距離(1400-1600),稍,中枠(3-6),母父系統,ネイティヴダンサー系,218,15,49,0.0688,0.2248,95.7,0.0,7.72,0.1921,0.0327,1.17,A,中京ダ短中距離(1400-1600)・稍・中枠(3-6)で母父系統「ネイティヴダンサー系」は基準比リフト1.17
阪神,坂あり・パワー型,芝,中距離(1700-2000),稍,中枠(3-6),母父系統,ネイティヴダンサー系,227,16,62,0.0705,0.2731,72.8,0.0,7.14,0.2342,0.0389,1.166,A,阪神芝中距離(1700-2000)・稍・中枠(3-6)で母父系統「ネイティヴダンサー系」は基準比リフト1.166
東京,直線長め・持続型,ダ,短中距離(1400-1600),不,中枠(3-6),母父系統,ネイティヴダンサー系,351,27,87,0.0769,0.2479,86.2,0.0,7.74,0.2126,0.0353,1.166,A,東京ダ短中距離(1400-1600)・不・中枠(3-6)で母父系統「ネイティヴダンサー系」は基準比リフト1.166
東京,直線長め・持続型,ダ,短中距離(1400-1600),重不良,内枠(1-2),母父系統,ネイティヴダンサー系,299,22,58,0.0736,0.194,66.8,0.0,7.94,0.1665,0.0275,1.165,A,東京ダ短中距離(1400-1600)・重不良・内枠(1-2)で母父系統「ネイティヴダンサー系」は基準比リフト1.165
東京,直線長め・持続型,ダ,長距離(2500以上),良,外枠(7-8),母父系統,ニアークティック系,166,12,36,0.0723,0.2169,76.9,0.0,6.78,0.1865,0.0304,1.163,A,東京ダ長距離(2500以上)・良・外枠(7-8)で母父系統「ニアークティック系」は基準比リフト1.163
中京,直線長め・持続型,ダ,短距離(1000-1300),良,外枠(7-8),母父系統,ネイティヴダンサー系,295,23,68,0.078,0.2305,80.1,0.0,7.86,0.1988,0.0317,1.159,A,中京ダ短距離(1000-1300)・良・外枠(7-8)で母父系統「ネイティヴダンサー系」は基準比リフト1.159
阪神,坂あり・パワー型,ダ,短距離(1000-1300),良,外枠(7-8),母父系統,ナスルーラ系,242,23,58,0.095,0.2397,62.7,0.0,7.23,0.2072,0.0325,1.157,A,阪神ダ短距離(1000-1300)・良・外枠(7-8)で母父系統「ナスルーラ系」は基準比リフト1.157
函館,小回り・持続型,ダ,中距離(1700-2000),良,内枠(1-2),母父系統,ニアークティック系,253,23,79,0.0909,0.3123,53.5,0.0,6.45,0.2701,0.0422,1.156,A,函館ダ中距離(1700-2000)・良・内枠(1-2)で母父系統「ニアークティック系」は基準比リフト1.156
阪神,坂あり・パワー型,芝,中距離(1700-2000),良,内枠(1-2),母父系統,ネイティヴダンサー系,501,53,145,0.1058,0.2894,112.6,0.0,6.89,0.2505,0.0389,1.155,A,阪神芝中距離(1700-2000)・良・内枠(1-2)で母父系統「ネイティヴダンサー系」は基準比リフト1.155
新潟,直線長め・平坦型,芝,長距離(2500以上),良,外枠(7-8),母父系統,ニアークティック系,284,27,82,0.0951,0.2887,106.7,0.0,6.45,0.2503,0.0384,1.153,A,新潟芝長距離(2500以上)・良・外枠(7-8)で母父系統「ニアークティック系」は基準比リフト1.153
中京,直線長め・持続型,ダ,短距離(1000-1300),良,内枠(1-2),母父系統,ニアークティック系,322,14,78,0.0435,0.2422,32.4,0.0,8.02,0.2103,0.0319,1.152,A,中京ダ短距離(1000-1300)・良・内枠(1-2)で母父系統「ニアークティック系」は基準比リフト1.152
福島,小回り・機動型,芝,長距離(2500以上),良,外枠(7-8),母父系統,ニアークティック系,389,32,90,0.0823,0.2314,108.7,0.0,6.83,0.2014,0.03,1.149,A,福島芝長距離(2500以上)・良・外枠(7-8)で母父系統「ニアークティック系」は基準比リフト1.149
中山,坂あり・パワー型,ダ,中距離(1700-2000),良,内枠(1-2),母父系統,ネイティヴダンサー系,904,67,192,0.0741,0.2124,81.9,0.0,7.87,0.1848,0.0276,1.149,A,中山ダ中距離(1700-2000)・良・内枠(1-2)で母父系統「ネイティヴダンサー系」は基準比リフト1.149
新潟,直線長め・平坦型,ダ,短距離(1000-1300),良,外枠(7-8),母父系統,ネイティヴダンサー系,528,53,138,0.1004,0.2614,122.8,0.0,7.16,0.2279,0.0335,1.147,A,新潟ダ短距離(1000-1300)・良・外枠(7-8)で母父系統「ネイティヴダンサー系」は基準比リフト1.147
福島,小回り・機動型,芝,短距離(1000-1300),稍,中枠(3-6),母父系統,ロイヤルチャージャー系,253,26,59,0.1028,0.2332,133.9,0.0,7.6,0.2033,0.0299,1.147,A,福島芝短距離(1000-1300)・稍・中枠(3-6)で母父系統「ロイヤルチャージャー系」は基準比リフト1.147
京都,平坦・スピード型,ダ,短中距離(1400-1600),良,中枠(3-6),母父系統,ネイティヴダンサー系,1260,89,289,0.0706,0.2294,71.3,0.0,7.72,0.2,0.0294,1.147,A,京都ダ短中距離(1400-1600)・良・中枠(3-6)で母父系統「ネイティヴダンサー系」は基準比リフト1.147
小倉,小回り・機動型,芝,短距離(1000-1300),稍,外枠(7-8),母父系統,ネイティヴダンサー系,166,17,35,0.1024,0.2108,99.1,0.0,9.01,0.1838,0.027,1.147,A,小倉芝短距離(1000-1300)・稍・外枠(7-8)で母父系統「ネイティヴダンサー系」は基準比リフト1.147
京都,平坦・スピード型,ダ,短距離(1000-1300),稍,外枠(7-8),母父系統,ロイヤルチャージャー系,204,15,53,0.0735,0.2598,45.8,0.0,7.63,0.2268,0.033,1.146,A,京都ダ短距離(1000-1300)・稍・外枠(7-8)で母父系統「ロイヤルチャージャー系」は基準比リフト1.146
中京,直線長め・持続型,芝,短距離(1000-1300),良,外枠(7-8),母父系統,ロイヤルチャージャー系,402,24,75,0.0597,0.1866,45.4,0.0,9.03,0.1628,0.0238,1.146,A,中京芝短距離(1000-1300)・良・外枠(7-8)で母父系統「ロイヤルチャージャー系」は基準比リフト1.146
東京,直線長め・持続型,ダ,中長距離(2100-2400),良,外枠(7-8),母父系統,ネイティヴダンサー系,332,21,75,0.0633,0.2259,87.7,0.0,7.76,0.1973,0.0286,1.145,A,東京ダ中長距離(2100-2400)・良・外枠(7-8)で母父系統「ネイティヴダンサー系」は基準比リフト1.145
東京,直線長め・持続型,ダ,短中距離(1400-1600),稍,中枠(3-6),母父系統,ネイティヴダンサー系,973,79,211,0.0812,0.2169,91.4,0.0,8.08,0.1894,0.0275,1.145,A,東京ダ短中距離(1400-1600)・稍・中枠(3-6)で母父系統「ネイティヴダンサー系」は基準比リフト1.145
中山,坂あり・パワー型,芝,短距離(1000-1300),良,中枠(3-6),母父系統,ナスルーラ系,426,36,98,0.0845,0.23,73.5,0.0,7.82,0.2011,0.0289,1.144,A,中山芝短距離(1000-1300)・良・中枠(3-6)で母父系統「ナスルーラ系」は基準比リフト1.144
福島,小回り・機動型,芝,短距離(1000-1300),良,外枠(7-8),母父系統,ナスルーラ系,392,30,88,0.0765,0.2245,95.7,0.0,8.04,0.1962,0.0283,1.144,A,福島芝短距離(1000-1300)・良・外枠(7-8)で母父系統「ナスルーラ系」は基準比リフト1.144
阪神,坂あり・パワー型,芝,短距離(1000-1300),良,外枠(7-8),母父系統,ネイティヴダンサー系,212,16,47,0.0755,0.2217,86.0,0.0,7.65,0.1938,0.0279,1.144,A,阪神芝短距離(1000-1300)・良・外枠(7-8)で母父系統「ネイティヴダンサー系」は基準比リフト1.144
中京,直線長め・持続型,芝,短距離(1000-1300),良,外枠(7-8),母父系統,ナスルーラ系,188,10,35,0.0532,0.1862,123.6,0.0,9.21,0.1628,0.0234,1.144,A,中京芝短距離(1000-1300)・良・外枠(7-8)で母父系統「ナスルーラ系」は基準比リフト1.144
京都,平坦・スピード型,ダ,中距離(1700-2000),重不良,中枠(3-6),母父系統,ネイティヴダンサー系,258,21,66,0.0814,0.2558,177.2,0.0,7.09,0.2239,0.0319,1.142,A,京都ダ中距離(1700-2000)・重不良・中枠(3-6)で母父系統「ネイティヴダンサー系」は基準比リフト1.142
中山,坂あり・パワー型,ダ,長距離(2500以上),良,外枠(7-8),母父系統,ロイヤルチャージャー系,161,17,41,0.1056,0.2547,63.7,0.0,6.52,0.223,0.0317,1.142,A,中山ダ長距離(2500以上)・良・外枠(7-8)で母父系統「ロイヤルチャージャー系」は基準比リフト1.142
福島,小回り・機動型,芝,中距離(1700-2000),良,外枠(7-8),母父系統,ナスルーラ系,345,28,74,0.0812,0.2145,96.9,0.0,7.83,0.1878,0.0267,1.142,A,福島芝中距離(1700-2000)・良・外枠(7-8)で母父系統「ナスルーラ系」は基準比リフト1.142
京都,平坦・スピード型,芝,中距離(1700-2000),稍,中枠(3-6),母父系統,ニアークティック系,211,18,57,0.0853,0.2701,41.9,0.0,6.43,0.237,0.0331,1.14,A,京都芝中距離(1700-2000)・稍・中枠(3-6)で母父系統「ニアークティック系」は基準比リフト1.14
中山,坂あり・パワー型,芝,短距離(1000-1300),良,内枠(1-2),母父系統,ナスルーラ系,201,11,49,0.0547,0.2438,72.3,0.0,6.96,0.2138,0.03,1.14,A,中山芝短距離(1000-1300)・良・内枠(1-2)で母父系統「ナスルーラ系」は基準比リフト1.14
小倉,小回り・機動型,芝,中距離(1700-2000),良,外枠(7-8),母父系統,ナスルーラ系,446,31,104,0.0695,0.2332,58.7,0.0,7.46,0.2048,0.0284,1.139,A,小倉芝中距離(1700-2000)・良・外枠(7-8)で母父系統「ナスルーラ系」は基準比リフト1.139
函館,小回り・持続型,芝,中距離(1700-2000),良,外枠(7-8),母父系統,ニアークティック系,483,30,113,0.0621,0.234,62.9,0.0,7.07,0.2056,0.0284,1.138,A,函館芝中距離(1700-2000)・良・外枠(7-8)で母父系統「ニアークティック系」は基準比リフト1.138
京都,平坦・スピード型,ダ,長距離(2500以上),良,中枠(3-6),母父系統,ニアークティック系,361,35,95,0.097,0.2632,93.1,0.0,6.64,0.2316,0.0316,1.136,A,京都ダ長距離(2500以上)・良・中枠(3-6)で母父系統「ニアークティック系」は基準比リフト1.136
東京,直線長め・持続型,ダ,中長距離(2100-2400),良,内枠(1-2),母父系統,ニアークティック系,303,25,63,0.0825,0.2079,110.8,0.0,8.02,0.183,0.0249,1.136,A,東京ダ中長距離(2100-2400)・良・内枠(1-2)で母父系統「ニアークティック系」は基準比リフト1.136
中山,坂あり・パワー型,ダ,長距離(2500以上),良,中枠(3-6),母父系統,ニアークティック系,370,32,96,0.0865,0.2595,67.1,0.0,6.63,0.2287,0.0308,1.135,A,中山ダ長距離(2500以上)・良・中枠(3-6)で母父系統「ニアークティック系」は基準比リフト1.135
中山,坂あり・パワー型,ダ,中距離(1700-2000),重不良,中枠(3-6),母父系統,ネイティヴダンサー系,399,34,92,0.0852,0.2306,129.9,0.0,7.47,0.2032,0.0274,1.135,A,中山ダ中距離(1700-2000)・重不良・中枠(3-6)で母父系統「ネイティヴダンサー系」は基準比リフト1.135
阪神,坂あり・パワー型,ダ,短距離(1000-1300),稍,外枠(7-8),母父系統,ロイヤルチャージャー系,281,20,75,0.0712,0.2669,86.8,0.0,7.42,0.2356,0.0313,1.133,A,阪神ダ短距離(1000-1300)・稍・外枠(7-8)で母父系統「ロイヤルチャージャー系」は基準比リフト1.133
中山,坂あり・パワー型,ダ,短距離(1000-1300),良,内枠(1-2),母父系統,ニアークティック系,1158,69,232,0.0596,0.2003,57.6,0.0,8.33,0.1768,0.0235,1.133,A,中山ダ短距離(1000-1300)・良・内枠(1-2)で母父系統「ニアークティック系」は基準比リフト1.133
東京,直線長め・持続型,ダ,短中距離(1400-1600),不,内枠(1-2),母父系統,ロイヤルチャージャー系,241,16,49,0.0664,0.2033,68.2,0.0,8.0,0.1796,0.0237,1.132,A,東京ダ短中距離(1400-1600)・不・内枠(1-2)で母父系統「ロイヤルチャージャー系」は基準比リフト1.132
阪神,坂あり・パワー型,ダ,短距離(1000-1300),稍,中枠(3-6),母父系統,ニアークティック系,426,29,95,0.0681,0.223,52.0,0.0,7.68,0.1971,0.0259,1.131,A,阪神ダ短距離(1000-1300)・稍・中枠(3-6)で母父系統「ニアークティック系」は基準比リフト1.131
福島,小回り・機動型,ダ,短距離(1000-1300),稍,中枠(3-6),母父系統,ニアークティック系,185,13,45,0.0703,0.2432,55.0,0.0,7.69,0.2153,0.0279,1.13,A,福島ダ短距離(1000-1300)・稍・中枠(3-6)で母父系統「ニアークティック系」は基準比リフト1.13
阪神,坂あり・パワー型,ダ,中距離(1700-2000),重不良,外枠(7-8),母父系統,ニアークティック系,299,26,71,0.087,0.2375,117.8,0.0,7.31,0.2101,0.0274,1.13,A,阪神ダ中距離(1700-2000)・重不良・外枠(7-8)で母父系統「ニアークティック系」は基準比リフト1.13
中京,直線長め・持続型,ダ,中距離(1700-2000),稍,内枠(1-2),母父系統,ロイヤルチャージャー系,216,16,53,0.0741,0.2454,42.5,0.0,7.22,0.2175,0.0279,1.128,A,中京ダ中距離(1700-2000)・稍・内枠(1-2)で母父系統「ロイヤルチャージャー系」は基準比リフト1.128
京都,平坦・スピード型,芝,短距離(1000-1300),良,中枠(3-6),母父系統,ナスルーラ系,305,21,71,0.0689,0.2328,45.4,0.0,8.09,0.2064,0.0264,1.128,A,京都芝短距離(1000-1300)・良・中枠(3-6)で母父系統「ナスルーラ系」は基準比リフト1.128
東京,直線長め・持続型,ダ,短距離(1000-1300),良,外枠(7-8),母父系統,ニアークティック系,311,23,62,0.074,0.1994,59.0,0.0,7.69,0.1768,0.0226,1.128,A,東京ダ短距離(1000-1300)・良・外枠(7-8)で母父系統「ニアークティック系」は基準比リフト1.128
阪神,坂あり・パワー型,ダ,中距離(1700-2000),稍,中枠(3-6),母父系統,ネイティヴダンサー系,699,48,165,0.0687,0.2361,111.4,0.0,7.6,0.2095,0.0266,1.127,A,阪神ダ中距離(1700-2000)・稍・中枠(3-6)で母父系統「ネイティヴダンサー系」は基準比リフト1.127
中山,坂あり・パワー型,ダ,中距離(1700-2000),稍,中枠(3-6),母父系統,ニアークティック系,823,65,193,0.079,0.2345,69.2,0.0,7.71,0.2081,0.0264,1.127,A,中山ダ中距離(1700-2000)・稍・中枠(3-6)で母父系統「ニアークティック系」は基準比リフト1.127
東京,直線長め・持続型,芝,短中距離(1400-1600),稍,外枠(7-8),母父系統,ニアークティック系,295,22,69,0.0746,0.2339,94.4,0.0,8.02,0.2077,0.0262,1.126,A,東京芝短中距離(1400-1600)・稍・外枠(7-8)で母父系統「ニアークティック系」は基準比リフト1.126
中山,坂あり・パワー型,ダ,短距離(1000-1300),良,外枠(7-8),母父系統,ニアークティック系,1193,100,273,0.0838,0.2288,55.7,0.0,7.61,0.2034,0.0254,1.125,A,中山ダ短距離(1000-1300)・良・外枠(7-8)で母父系統「ニアークティック系」は基準比リフト1.125
中山,坂あり・パワー型,芝,中距離(1700-2000),稍,中枠(3-6),母父系統,ナスルーラ系,152,12,38,0.0789,0.25,97.4,0.0,7.54,0.2225,0.0275,1.124,A,中山芝中距離(1700-2000)・稍・中枠(3-6)で母父系統「ナスルーラ系」は基準比リフト1.124
中山,坂あり・パワー型,芝,短中距離(1400-1600),稍,内枠(1-2),母父系統,ロイヤルチャージャー系,163,12,36,0.0736,0.2209,134.5,0.0,7.67,0.1967,0.0242,1.123,A,中山芝短中距離(1400-1600)・稍・内枠(1-2)で母父系統「ロイヤルチャージャー系」は基準比リフト1.123
中京,直線長め・持続型,ダ,短中距離(1400-1600),良,内枠(1-2),母父系統,ネイティヴダンサー系,339,26,75,0.0767,0.2212,86.6,0.0,8.09,0.1971,0.0241,1.122,A,中京ダ短中距離(1400-1600)・良・内枠(1-2)で母父系統「ネイティヴダンサー系」は基準比リフト1.122
中京,直線長め・持続型,ダ,短中距離(1400-1600),稍,中枠(3-6),母父系統,ロイヤルチャージャー系,320,18,69,0.0562,0.2156,159.3,0.0,8.42,0.1921,0.0235,1.122,A,中京ダ短中距離(1400-1600)・稍・中枠(3-6)で母父系統「ロイヤルチャージャー系」は基準比リフト1.122
函館,小回り・持続型,ダ,中距離(1700-2000),稍,中枠(3-6),母父系統,ネイティヴダンサー系,192,18,51,0.0938,0.2656,63.7,0.0,6.58,0.2369,0.0287,1.121,A,函館ダ中距離(1700-2000)・稍・中枠(3-6)で母父系統「ネイティヴダンサー系」は基準比リフト1.121
中山,坂あり・パワー型,ダ,短距離(1000-1300),稍,内枠(1-2),母父系統,ニアークティック系,435,20,88,0.046,0.2023,65.3,0.0,8.07,0.1805,0.0218,1.121,A,中山ダ短距離(1000-1300)・稍・内枠(1-2)で母父系統「ニアークティック系」は基準比リフト1.121
阪神,坂あり・パワー型,ダ,短距離(1000-1300),不,中枠(3-6),母父系統,ロイヤルチャージャー系,190,12,45,0.0632,0.2368,63.5,0.0,8.44,0.2117,0.0251,1.119,A,阪神ダ短距離(1000-1300)・不・中枠(3-6)で母父系統「ロイヤルチャージャー系」は基準比リフト1.119
福島,小回り・機動型,ダ,短距離(1000-1300),良,内枠(1-2),母父系統,ニアークティック系,335,27,72,0.0806,0.2149,178.7,0.0,8.01,0.1921,0.0228,1.119,A,福島ダ短距離(1000-1300)・良・内枠(1-2)で母父系統「ニアークティック系」は基準比リフト1.119
東京,直線長め・持続型,芝,長距離(2500以上),良,中枠(3-6),母父系統,ロイヤルチャージャー系,173,10,38,0.0578,0.2197,29.9,0.0,7.61,0.1966,0.0231,1.117,A,東京芝長距離(2500以上)・良・中枠(3-6)で母父系統「ロイヤルチャージャー系」は基準比リフト1.117
東京,直線長め・持続型,芝,短中距離(1400-1600),稍,外枠(7-8),母父系統,ネイティヴダンサー系,220,18,51,0.0818,0.2318,86.4,0.0,8.03,0.2077,0.0241,1.116,A,東京芝短中距離(1400-1600)・稍・外枠(7-8)で母父系統「ネイティヴダンサー系」は基準比リフト1.116
阪神,坂あり・パワー型,芝,短中距離(1400-1600),稍,中枠(3-6),母父系統,ニアークティック系,404,27,93,0.0668,0.2302,91.1,0.0,8.11,0.2062,0.024,1.116,A,阪神芝短中距離(1400-1600)・稍・中枠(3-6)で母父系統「ニアークティック系」は基準比リフト1.116
小倉,小回り・機動型,ダ,中距離(1700-2000),不,中枠(3-6),母父系統,ネイティヴダンサー系,169,14,38,0.0828,0.2249,120.9,0.0,7.79,0.2015,0.0234,1.116,A,小倉ダ中距離(1700-2000)・不・中枠(3-6)で母父系統「ネイティヴダンサー系」は基準比リフト1.116
中山,坂あり・パワー型,ダ,中距離(1700-2000),不,中枠(3-6),母父系統,ニアークティック系,314,33,68,0.1051,0.2166,111.6,0.0,7.67,0.1941,0.0225,1.116,A,中山ダ中距離(1700-2000)・不・中枠(3-6)で母父系統「ニアークティック系」は基準比リフト1.116
阪神,坂あり・パワー型,ダ,中距離(1700-2000),稍,外枠(7-8),母父系統,ネイティヴダンサー系,351,41,95,0.1168,0.2707,87.6,0.0,7.18,0.2427,0.028,1.115,A,阪神ダ中距離(1700-2000)・稍・外枠(7-8)で母父系統「ネイティヴダンサー系」は基準比リフト1.115
小倉,小回り・機動型,芝,長距離(2500以上),良,中枠(3-6),母父系統,ニアークティック系,446,46,127,0.1031,0.2848,79.9,0.0,6.26,0.2556,0.0292,1.114,A,小倉芝長距離(2500以上)・良・中枠(3-6)で母父系統「ニアークティック系」は基準比リフト1.114
阪神,坂あり・パワー型,ダ,短距離(1000-1300),良,外枠(7-8),母父系統,ネイティヴダンサー系,498,49,115,0.0984,0.2309,94.0,0.0,7.84,0.2072,0.0237,1.114,A,阪神ダ短距離(1000-1300)・良・外枠(7-8)で母父系統「ネイティヴダンサー系」は基準比リフト1.114
福島,小回り・機動型,芝,短距離(1000-1300),良,外枠(7-8),母父系統,ニアークティック系,737,53,161,0.0719,0.2185,61.4,0.0,8.07,0.1962,0.0223,1.114,A,福島芝短距離(1000-1300)・良・外枠(7-8)で母父系統「ニアークティック系」は基準比リフト1.114
阪神,坂あり・パワー型,ダ,短中距離(1400-1600),不,中枠(3-6),母父系統,ネイティヴダンサー系,161,17,40,0.1056,0.2484,83.9,0.0,7.65,0.2231,0.0253,1.113,A,阪神ダ短中距離(1400-1600)・不・中枠(3-6)で母父系統「ネイティヴダンサー系」は基準比リフト1.113
中京,直線長め・持続型,芝,短距離(1000-1300),良,内枠(1-2),母父系統,ロイヤルチャージャー系,280,25,60,0.0893,0.2143,126.8,0.0,8.86,0.1925,0.0218,1.113,A,中京芝短距離(1000-1300)・良・内枠(1-2)で母父系統「ロイヤルチャージャー系」は基準比リフト1.113
東京,直線長め・持続型,ダ,短中距離(1400-1600),良,内枠(1-2),母父系統,ネイティヴダンサー系,1587,109,296,0.0687,0.1865,49.9,0.0,8.1,0.1677,0.0188,1.112,A,東京ダ短中距離(1400-1600)・良・内枠(1-2)で母父系統「ネイティヴダンサー系」は基準比リフト1.112
中京,直線長め・持続型,ダ,中距離(1700-2000),良,外枠(7-8),母父系統,ナスルーラ系,272,24,63,0.0882,0.2316,245.4,0.0,7.3,0.2087,0.0229,1.11,A,中京ダ中距離(1700-2000)・良・外枠(7-8)で母父系統「ナスルーラ系」は基準比リフト1.11
小倉,小回り・機動型,ダ,中距離(1700-2000),稍,外枠(7-8),母父系統,ネイティヴダンサー系,219,12,46,0.0548,0.21,56.2,0.0,8.39,0.1892,0.0208,1.11,A,小倉ダ中距離(1700-2000)・稍・外枠(7-8)で母父系統「ネイティヴダンサー系」は基準比リフト1.11
新潟,直線長め・平坦型,芝,長距離(2500以上),良,中枠(3-6),母父系統,ナスルーラ系,176,11,44,0.0625,0.25,75.0,0.0,7.5,0.2255,0.0245,1.109,A,新潟芝長距離(2500以上)・良・中枠(3-6)で母父系統「ナスルーラ系」は基準比リフト1.109
小倉,小回り・機動型,ダ,中距離(1700-2000),稍,中枠(3-6),母父系統,ロイヤルチャージャー系,622,62,142,0.0997,0.2283,94.3,0.0,7.71,0.2059,0.0224,1.109,A,小倉ダ中距離(1700-2000)・稍・中枠(3-6)で母父系統「ロイヤルチャージャー系」は基準比リフト1.109
京都,平坦・スピード型,ダ,中距離(1700-2000),重不良,外枠(7-8),母父系統,ネイティヴダンサー系,184,18,48,0.0978,0.2609,65.7,0.0,6.97,0.2355,0.0254,1.108,A,京都ダ中距離(1700-2000)・重不良・外枠(7-8)で母父系統「ネイティヴダンサー系」は基準比リフト1.108
阪神,坂あり・パワー型,芝,中距離(1700-2000),稍,中枠(3-6),母父系統,ニアークティック系,312,29,81,0.0929,0.2596,89.1,0.0,7.1,0.2342,0.0254,1.108,A,阪神芝中距離(1700-2000)・稍・中枠(3-6)で母父系統「ニアークティック系」は基準比リフト1.108
中京,直線長め・持続型,芝,中距離(1700-2000),良,内枠(1-2),母父系統,ニアークティック系,409,29,102,0.0709,0.2494,52.0,0.0,7.44,0.2251,0.0243,1.108,A,中京芝中距離(1700-2000)・良・内枠(1-2)で母父系統「ニアークティック系」は基準比リフト1.108
中京,直線長め・持続型,ダ,短中距離(1400-1600),良,中枠(3-6),母父系統,ナスルーラ系,279,26,61,0.0932,0.2186,155.7,0.0,8.38,0.1973,0.0213,1.108,A,中京ダ短中距離(1400-1600)・良・中枠(3-6)で母父系統「ナスルーラ系」は基準比リフト1.108
札幌,小回り・持続型,芝,短中距離(1400-1600),良,中枠(3-6),母父系統,ロイヤルチャージャー系,500,36,137,0.072,0.274,64.8,0.0,6.76,0.2476,0.0264,1.107,A,札幌芝短中距離(1400-1600)・良・中枠(3-6)で母父系統「ロイヤルチャージャー系」は基準比リフト1.107
福島,小回り・機動型,ダ,中距離(1700-2000),良,内枠(1-2),母父系統,ニアークティック系,460,36,108,0.0783,0.2348,109.5,0.0,7.38,0.2121,0.0227,1.107,A,福島ダ中距離(1700-2000)・良・内枠(1-2)で母父系統「ニアークティック系」は基準比リフト1.107
東京,直線長め・持続型,芝,短中距離(1400-1600),重不良,中枠(3-6),母父系統,ニアークティック系,160,12,35,0.075,0.2188,31.4,0.0,7.68,0.1977,0.0211,1.107,A,東京芝短中距離(1400-1600)・重不良・中枠(3-6)で母父系統「ニアークティック系」は基準比リフト1.107
東京,直線長め・持続型,ダ,長距離(2500以上),良,中枠(3-6),母父系統,ネイティヴダンサー系,192,21,50,0.1094,0.2604,112.5,0.0,7.06,0.2354,0.025,1.106,A,東京ダ長距離(2500以上)・良・中枠(3-6)で母父系統「ネイティヴダンサー系」は基準比リフト1.106
阪神,坂あり・パワー型,芝,短中距離(1400-1600),良,内枠(1-2),母父系統,ナスルーラ系,398,30,98,0.0754,0.2462,67.1,0.0,7.74,0.2227,0.0235,1.106,A,阪神芝短中距離(1400-1600)・良・内枠(1-2)で母父系統「ナスルーラ系」は基準比リフト1.106
中京,直線長め・持続型,芝,中距離(1700-2000),良,中枠(3-6),母父系統,ネイティヴダンサー系,586,47,143,0.0802,0.244,76.3,0.0,7.43,0.2207,0.0233,1.106,A,中京芝中距離(1700-2000)・良・中枠(3-6)で母父系統「ネイティヴダンサー系」は基準比リフト1.106
函館,小回り・持続型,ダ,短距離(1000-1300),良,外枠(7-8),母父系統,ロイヤルチャージャー系,281,27,81,0.0961,0.2883,81.9,0.0,6.45,0.261,0.0273,1.105,A,函館ダ短距離(1000-1300)・良・外枠(7-8)で母父系統「ロイヤルチャージャー系」は基準比リフト1.105
中山,坂あり・パワー型,ダ,短距離(1000-1300),重不良,外枠(7-8),母父系統,ニアークティック系,203,20,53,0.0985,0.2611,112.6,0.0,7.61,0.2366,0.0245,1.104,A,中山ダ短距離(1000-1300)・重不良・外枠(7-8)で母父系統「ニアークティック系」は基準比リフト1.104
中山,坂あり・パワー型,ダ,中距離(1700-2000),稍,外枠(7-8),母父系統,ニアークティック系,409,38,96,0.0929,0.2347,65.0,0.0,7.38,0.2128,0.0219,1.103,A,中山ダ中距離(1700-2000)・稍・外枠(7-8)で母父系統「ニアークティック系」は基準比リフト1.103
小倉,小回り・機動型,ダ,中距離(1700-2000),良,内枠(1-2),母父系統,ネイティヴダンサー系,428,31,100,0.0724,0.2336,99.8,0.0,8.19,0.2118,0.0218,1.103,A,小倉ダ中距離(1700-2000)・良・内枠(1-2)で母父系統「ネイティヴダンサー系」は基準比リフト1.103
阪神,坂あり・パワー型,ダ,中距離(1700-2000),不,外枠(7-8),母父系統,ロイヤルチャージャー系,196,19,45,0.0969,0.2296,56.5,0.0,7.47,0.2081,0.0215,1.103,A,阪神ダ中距離(1700-2000)・不・外枠(7-8)で母父系統「ロイヤルチャージャー系」は基準比リフト1.103
札幌,小回り・持続型,芝,中距離(1700-2000),良,内枠(1-2),母父系統,ロイヤルチャージャー系,377,34,115,0.0902,0.305,136.1,0.0,6.71,0.2768,0.0282,1.102,A,札幌芝中距離(1700-2000)・良・内枠(1-2)で母父系統「ロイヤルチャージャー系」は基準比リフト1.102
新潟,直線長め・平坦型,芝,短距離(1000-1300),良,外枠(7-8),母父系統,ナスルーラ系,377,33,97,0.0875,0.2573,89.8,0.0,7.68,0.2335,0.0238,1.102,A,新潟芝短距離(1000-1300)・良・外枠(7-8)で母父系統「ナスルーラ系」は基準比リフト1.102
京都,平坦・スピード型,芝,短中距離(1400-1600),稍,外枠(7-8),母父系統,ロイヤルチャージャー系,216,25,53,0.1157,0.2454,76.0,0.0,7.71,0.2226,0.0228,1.102,A,京都芝短中距離(1400-1600)・稍・外枠(7-8)で母父系統「ロイヤルチャージャー系」は基準比リフト1.102
東京,直線長め・持続型,ダ,短中距離(1400-1600),稍,内枠(1-2),母父系統,ロイヤルチャージャー系,653,36,126,0.0551,0.193,63.0,0.0,8.64,0.1751,0.0179,1.102,A,東京ダ短中距離(1400-1600)・稍・内枠(1-2)で母父系統「ロイヤルチャージャー系」は基準比リフト1.102
中山,坂あり・パワー型,ダ,短距離(1000-1300),重不良,中枠(3-6),母父系統,ネイティヴダンサー系,365,26,77,0.0712,0.211,36.0,0.0,8.19,0.1917,0.0193,1.101,A,中山ダ短距離(1000-1300)・重不良・中枠(3-6)で母父系統「ネイティヴダンサー系」は基準比リフト1.101
函館,小回り・持続型,芝,中距離(1700-2000),良,内枠(1-2),母父系統,ニアークティック系,299,26,93,0.087,0.311,35.9,0.0,6.41,0.2826,0.0284,1.1,A,函館芝中距離(1700-2000)・良・内枠(1-2)で母父系統「ニアークティック系」は基準比リフト1.1
京都,平坦・スピード型,芝,中距離(1700-2000),良,内枠(1-2),母父系統,ナスルーラ系,289,20,76,0.0692,0.263,53.6,0.0,7.32,0.239,0.024,1.1,A,京都芝中距離(1700-2000)・良・内枠(1-2)で母父系統「ナスルーラ系」は基準比リフト1.1
札幌,小回り・持続型,ダ,中距離(1700-2000),良,外枠(7-8),母父系統,ネイティヴダンサー系,447,37,112,0.0828,0.2506,90.0,0.0,6.72,0.2278,0.0228,1.1,A,札幌ダ中距離(1700-2000)・良・外枠(7-8)で母父系統「ネイティヴダンサー系」は基準比リフト1.1
京都,平坦・スピード型,ダ,短距離(1000-1300),重不良,中枠(3-6),母父系統,ロイヤルチャージャー系,279,20,64,0.0717,0.2294,83.9,0.0,7.78,0.2085,0.0209,1.1,A,京都ダ短距離(1000-1300)・重不良・中枠(3-6)で母父系統「ロイヤルチャージャー系」は基準比リフト1.1
阪神,坂あり・パワー型,芝,短中距離(1400-1600),稍,中枠(3-6),母父系統,ネイティヴダンサー系,260,21,59,0.0808,0.2269,81.5,0.0,7.73,0.2062,0.0207,1.1,A,阪神芝短中距離(1400-1600)・稍・中枠(3-6)で母父系統「ネイティヴダンサー系」は基準比リフト1.1
福島,小回り・機動型,ダ,中距離(1700-2000),良,中枠(3-6),母父系統,ネイティヴダンサー系,1003,74,221,0.0738,0.2203,69.5,0.0,7.67,0.2003,0.02,1.1,A,福島ダ中距離(1700-2000)・良・中枠(3-6)で母父系統「ネイティヴダンサー系」は基準比リフト1.1
阪神,坂あり・パワー型,芝,短中距離(1400-1600),重不良,外枠(7-8),母父系統,ニアークティック系,85,3,25,0.0353,0.2941,19.4,0.0,7.86,0.1923,0.1018,1.529,B,阪神芝短中距離(1400-1600)・重不良・外枠(7-8)で母父系統「ニアークティック系」は基準比リフト1.529
新潟,直線長め・平坦型,ダ,短距離(1000-1300),不,中枠(3-6),母父系統,ネイティヴダンサー系,110,10,35,0.0909,0.3182,80.5,0.0,7.53,0.2157,0.1025,1.475,B,新潟ダ短距離(1000-1300)・不・中枠(3-6)で母父系統「ネイティヴダンサー系」は基準比リフト1.475
東京,直線長め・持続型,ダ,短距離(1000-1300),稍,中枠(3-6),母父系統,ニアークティック系,116,11,34,0.0948,0.2931,77.0,0.0,7.41,0.1991,0.094,1.472,B,東京ダ短距離(1000-1300)・稍・中枠(3-6)で母父系統「ニアークティック系」は基準比リフト1.472
新潟,直線長め・平坦型,芝,短中距離(1400-1600),稍,内枠(1-2),母父系統,ロイヤルチャージャー系,135,11,35,0.0815,0.2593,169.8,0.0,7.79,0.1821,0.0772,1.424,B,新潟芝短中距離(1400-1600)・稍・内枠(1-2)で母父系統「ロイヤルチャージャー系」は基準比リフト1.424
阪神,坂あり・パワー型,芝,短中距離(1400-1600),良,中枠(3-6),母父系統,母父系統不明,94,11,29,0.117,0.3085,77.3,0.0,5.57,0.2169,0.0916,1.422,B,阪神芝短中距離(1400-1600)・良・中枠(3-6)で母父系統「母父系統不明」は基準比リフト1.422
中京,直線長め・持続型,芝,中距離(1700-2000),重不良,中枠(3-6),母父系統,ロイヤルチャージャー系,95,9,25,0.0947,0.2632,49.2,0.0,7.33,0.1857,0.0775,1.417,B,中京芝中距離(1700-2000)・重不良・中枠(3-6)で母父系統「ロイヤルチャージャー系」は基準比リフト1.417
福島,小回り・機動型,ダ,中距離(1700-2000),良,中枠(3-6),母父系統,その他のエクリプス系,85,6,24,0.0706,0.2824,72.7,0.0,7.0,0.2003,0.0821,1.41,B,福島ダ中距離(1700-2000)・良・中枠(3-6)で母父系統「その他のエクリプス系」は基準比リフト1.41
中京,直線長め・持続型,ダ,短中距離(1400-1600),重不良,中枠(3-6),母父系統,ネイティヴダンサー系,111,11,32,0.0991,0.2883,64.1,0.0,7.29,0.2048,0.0835,1.408,B,中京ダ短中距離(1400-1600)・重不良・中枠(3-6)で母父系統「ネイティヴダンサー系」は基準比リフト1.408
福島,小回り・機動型,ダ,中距離(1700-2000),稍,内枠(1-2),母父系統,ニアークティック系,120,9,27,0.075,0.225,308.6,0.0,7.91,0.163,0.062,1.38,B,福島ダ中距離(1700-2000)・稍・内枠(1-2)で母父系統「ニアークティック系」は基準比リフト1.38
東京,直線長め・持続型,芝,中長距離(2100-2400),良,内枠(1-2),母父系統,ナスルーラ系,100,11,36,0.11,0.36,56.3,0.0,6.73,0.261,0.099,1.379,B,東京芝中長距離(2100-2400)・良・内枠(1-2)で母父系統「ナスルーラ系」は基準比リフト1.379
小倉,小回り・機動型,芝,長距離(2500以上),良,外枠(7-8),母父系統,ナスルーラ系,102,16,33,0.1569,0.3235,271.5,0.0,6.74,0.2352,0.0883,1.375,B,小倉芝長距離(2500以上)・良・外枠(7-8)で母父系統「ナスルーラ系」は基準比リフト1.375
京都,平坦・スピード型,ダ,短距離(1000-1300),良,中枠(3-6),母父系統,その他のエクリプス系,99,14,26,0.1414,0.2626,110.5,0.0,8.1,0.1949,0.0677,1.347,B,京都ダ短距離(1000-1300)・良・中枠(3-6)で母父系統「その他のエクリプス系」は基準比リフト1.347
小倉,小回り・機動型,芝,中距離(1700-2000),稍,中枠(3-6),母父系統,ナスルーラ系,145,13,39,0.0897,0.269,74.8,0.0,7.01,0.2,0.069,1.345,B,小倉芝中距離(1700-2000)・稍・中枠(3-6)で母父系統「ナスルーラ系」は基準比リフト1.345
京都,平坦・スピード型,芝,長距離(2500以上),良,外枠(7-8),母父系統,ニアークティック系,90,8,22,0.0889,0.2444,66.0,0.0,7.31,0.1818,0.0626,1.344,B,京都芝長距離(2500以上)・良・外枠(7-8)で母父系統「ニアークティック系」は基準比リフト1.344
阪神,坂あり・パワー型,芝,中距離(1700-2000),良,外枠(7-8),母父系統,その他のエクリプス系,83,7,26,0.0843,0.3133,51.2,0.0,6.87,0.2332,0.0801,1.343,B,阪神芝中距離(1700-2000)・良・外枠(7-8)で母父系統「その他のエクリプス系」は基準比リフト1.343
小倉,小回り・機動型,芝,中距離(1700-2000),良,外枠(7-8),母父系統,その他のエクリプス系,91,12,25,0.1319,0.2747,82.1,0.0,7.76,0.2048,0.0699,1.341,B,小倉芝中距離(1700-2000)・良・外枠(7-8)で母父系統「その他のエクリプス系」は基準比リフト1.341
京都,平坦・スピード型,ダ,短中距離(1400-1600),不,中枠(3-6),母父系統,ネイティヴダンサー系,109,11,29,0.1009,0.2661,62.3,0.0,7.28,0.1985,0.0676,1.341,B,京都ダ短中距離(1400-1600)・不・中枠(3-6)で母父系統「ネイティヴダンサー系」は基準比リフト1.341
中山,坂あり・パワー型,芝,短距離(1000-1300),稍,外枠(7-8),母父系統,ニアークティック系,82,7,17,0.0854,0.2073,229.8,0.0,7.44,0.155,0.0523,1.337,B,中山芝短距離(1000-1300)・稍・外枠(7-8)で母父系統「ニアークティック系」は基準比リフト1.337
新潟,直線長め・平坦型,芝,短距離(1000-1300),稍,中枠(3-6),母父系統,ナスルーラ系,100,14,22,0.14,0.22,226.4,0.0,8.58,0.1652,0.0548,1.332,B,新潟芝短距離(1000-1300)・稍・中枠(3-6)で母父系統「ナスルーラ系」は基準比リフト1.332
福島,小回り・機動型,芝,中距離(1700-2000),重不良,中枠(3-6),母父系統,ロイヤルチャージャー系,97,10,28,0.1031,0.2887,72.2,0.0,7.18,0.2177,0.071,1.326,B,福島芝中距離(1700-2000)・重不良・中枠(3-6)で母父系統「ロイヤルチャージャー系」は基準比リフト1.326
阪神,坂あり・パワー型,芝,中距離(1700-2000),重不良,中枠(3-6),母父系統,ニアークティック系,115,18,38,0.1565,0.3304,632.3,0.0,7.1,0.2514,0.079,1.314,B,阪神芝中距離(1700-2000)・重不良・中枠(3-6)で母父系統「ニアークティック系」は基準比リフト1.314
阪神,坂あり・パワー型,芝,短中距離(1400-1600),良,外枠(7-8),母父系統,その他のエクリプス系,92,8,23,0.087,0.25,118.6,0.0,6.83,0.1907,0.0593,1.311,B,阪神芝短中距離(1400-1600)・良・外枠(7-8)で母父系統「その他のエクリプス系」は基準比リフト1.311
京都,平坦・スピード型,ダ,短中距離(1400-1600),重不良,外枠(7-8),母父系統,ネイティヴダンサー系,106,8,29,0.0755,0.2736,54.4,0.0,7.41,0.2088,0.0648,1.31,B,京都ダ短中距離(1400-1600)・重不良・外枠(7-8)で母父系統「ネイティヴダンサー系」は基準比リフト1.31
阪神,坂あり・パワー型,芝,中長距離(2100-2400),良,外枠(7-8),母父系統,ナスルーラ系,132,10,38,0.0758,0.2879,108.6,0.0,7.08,0.2204,0.0675,1.306,B,阪神芝中長距離(2100-2400)・良・外枠(7-8)で母父系統「ナスルーラ系」は基準比リフト1.306
新潟,直線長め・平坦型,ダ,短距離(1000-1300),不,内枠(1-2),母父系統,ロイヤルチャージャー系,81,4,18,0.0494,0.2222,25.6,0.0,7.56,0.1701,0.0521,1.306,B,新潟ダ短距離(1000-1300)・不・内枠(1-2)で母父系統「ロイヤルチャージャー系」は基準比リフト1.306
中京,直線長め・持続型,ダ,中距離(1700-2000),重不良,外枠(7-8),母父系統,ネイティヴダンサー系,114,11,32,0.0965,0.2807,46.1,0.0,6.85,0.2151,0.0656,1.305,B,中京ダ中距離(1700-2000)・重不良・外枠(7-8)で母父系統「ネイティヴダンサー系」は基準比リフト1.305
中山,坂あり・パワー型,ダ,中距離(1700-2000),不,外枠(7-8),母父系統,ネイティヴダンサー系,136,14,39,0.1029,0.2868,72.3,0.0,7.4,0.2199,0.0669,1.304,B,中山ダ中距離(1700-2000)・不・外枠(7-8)で母父系統「ネイティヴダンサー系」は基準比リフト1.304
新潟,直線長め・平坦型,ダ,中距離(1700-2000),稍,外枠(7-8),母父系統,ナスルーラ系,106,12,31,0.1132,0.2925,91.4,0.0,6.74,0.2244,0.0681,1.303,B,新潟ダ中距離(1700-2000)・稍・外枠(7-8)で母父系統「ナスルーラ系」は基準比リフト1.303
新潟,直線長め・平坦型,芝,中長距離(2100-2400),良,内枠(1-2),母父系統,ナスルーラ系,88,10,26,0.1136,0.2955,155.3,0.0,7.56,0.2278,0.0677,1.297,B,新潟芝中長距離(2100-2400)・良・内枠(1-2)で母父系統「ナスルーラ系」は基準比リフト1.297
東京,直線長め・持続型,ダ,中長距離(2100-2400),稍,外枠(7-8),母父系統,ニアークティック系,92,6,21,0.0652,0.2283,57.9,0.0,7.22,0.1761,0.0522,1.296,B,東京ダ中長距離(2100-2400)・稍・外枠(7-8)で母父系統「ニアークティック系」は基準比リフト1.296
中山,坂あり・パワー型,ダ,長距離(2500以上),良,内枠(1-2),母父系統,ロイヤルチャージャー系,98,11,35,0.1122,0.3571,79.6,0.0,6.56,0.2785,0.0786,1.282,B,中山ダ長距離(2500以上)・良・内枠(1-2)で母父系統「ロイヤルチャージャー系」は基準比リフト1.282
札幌,小回り・持続型,芝,中距離(1700-2000),稍,中枠(3-6),母父系統,ニアークティック系,136,11,40,0.0809,0.2941,113.2,0.0,6.92,0.2294,0.0647,1.282,B,札幌芝中距離(1700-2000)・稍・中枠(3-6)で母父系統「ニアークティック系」は基準比リフト1.282
京都,平坦・スピード型,ダ,短距離(1000-1300),重不良,内枠(1-2),母父系統,ロイヤルチャージャー系,115,8,26,0.0696,0.2261,72.2,0.0,8.71,0.1768,0.0493,1.279,B,京都ダ短距離(1000-1300)・重不良・内枠(1-2)で母父系統「ロイヤルチャージャー系」は基準比リフト1.279
京都,平坦・スピード型,芝,中距離(1700-2000),重不良,外枠(7-8),母父系統,ロイヤルチャージャー系,100,11,30,0.11,0.3,86.4,0.0,6.68,0.2347,0.0653,1.278,B,京都芝中距離(1700-2000)・重不良・外枠(7-8)で母父系統「ロイヤルチャージャー系」は基準比リフト1.278
阪神,坂あり・パワー型,ダ,中距離(1700-2000),稍,内枠(1-2),母父系統,ナスルーラ系,110,10,32,0.0909,0.2909,67.1,0.0,6.78,0.2278,0.0631,1.277,B,阪神ダ中距離(1700-2000)・稍・内枠(1-2)で母父系統「ナスルーラ系」は基準比リフト1.277
中山,坂あり・パワー型,芝,中距離(1700-2000),良,外枠(7-8),母父系統,その他のエクリプス系,106,8,28,0.0755,0.2642,53.8,0.0,7.32,0.2074,0.0568,1.274,B,中山芝中距離(1700-2000)・良・外枠(7-8)で母父系統「その他のエクリプス系」は基準比リフト1.274
新潟,直線長め・平坦型,芝,中長距離(2100-2400),良,内枠(1-2),母父系統,ネイティヴダンサー系,90,11,26,0.1222,0.2889,466.4,0.0,7.81,0.2278,0.0611,1.268,B,新潟芝中長距離(2100-2400)・良・内枠(1-2)で母父系統「ネイティヴダンサー系」は基準比リフト1.268
福島,小回り・機動型,ダ,中距離(1700-2000),重不良,外枠(7-8),母父系統,ネイティヴダンサー系,98,11,26,0.1122,0.2653,322.2,0.0,7.52,0.2092,0.0561,1.268,B,福島ダ中距離(1700-2000)・重不良・外枠(7-8)で母父系統「ネイティヴダンサー系」は基準比リフト1.268
東京,直線長め・持続型,ダ,短距離(1000-1300),重不良,中枠(3-6),母父系統,ニアークティック系,122,7,26,0.0574,0.2131,161.7,0.0,7.11,0.17,0.0431,1.254,B,東京ダ短距離(1000-1300)・重不良・中枠(3-6)で母父系統「ニアークティック系」は基準比リフト1.254
中京,直線長め・持続型,芝,長距離(2500以上),良,内枠(1-2),母父系統,ニアークティック系,80,8,25,0.1,0.3125,36.6,0.0,6.32,0.25,0.0625,1.25,B,中京芝長距離(2500以上)・良・内枠(1-2)で母父系統「ニアークティック系」は基準比リフト1.25
小倉,小回り・機動型,芝,短距離(1000-1300),良,外枠(7-8),母父系統,その他のエクリプス系,101,8,25,0.0792,0.2475,67.1,0.0,8.64,0.1981,0.0494,1.249,B,小倉芝短距離(1000-1300)・良・外枠(7-8)で母父系統「その他のエクリプス系」は基準比リフト1.249
小倉,小回り・機動型,ダ,短距離(1000-1300),稍,外枠(7-8),母父系統,ニアークティック系,126,12,36,0.0952,0.2857,106.1,0.0,6.86,0.2289,0.0568,1.248,B,小倉ダ短距離(1000-1300)・稍・外枠(7-8)で母父系統「ニアークティック系」は基準比リフト1.248
阪神,坂あり・パワー型,ダ,長距離(2500以上),良,内枠(1-2),母父系統,ニアークティック系,114,12,38,0.1053,0.3333,67.9,0.0,5.87,0.2672,0.0661,1.247,B,阪神ダ長距離(2500以上)・良・内枠(1-2)で母父系統「ニアークティック系」は基準比リフト1.247
新潟,直線長め・平坦型,芝,中距離(1700-2000),稍,外枠(7-8),母父系統,ネイティヴダンサー系,97,7,25,0.0722,0.2577,40.3,0.0,6.58,0.2066,0.0511,1.247,B,新潟芝中距離(1700-2000)・稍・外枠(7-8)で母父系統「ネイティヴダンサー系」は基準比リフト1.247
福島,小回り・機動型,ダ,中距離(1700-2000),稍,内枠(1-2),母父系統,ロイヤルチャージャー系,133,12,27,0.0902,0.203,45.9,0.0,7.66,0.163,0.04,1.245,B,福島ダ中距離(1700-2000)・稍・内枠(1-2)で母父系統「ロイヤルチャージャー系」は基準比リフト1.245
阪神,坂あり・パワー型,芝,短距離(1000-1300),良,内枠(1-2),母父系統,ナスルーラ系,107,12,33,0.1121,0.3084,87.2,0.0,7.38,0.2482,0.0602,1.243,B,阪神芝短距離(1000-1300)・良・内枠(1-2)で母父系統「ナスルーラ系」は基準比リフト1.243
京都,平坦・スピード型,ダ,中距離(1700-2000),不,外枠(7-8),母父系統,ネイティヴダンサー系,98,11,24,0.1122,0.2449,81.6,0.0,6.76,0.1972,0.0477,1.242,B,京都ダ中距離(1700-2000)・不・外枠(7-8)で母父系統「ネイティヴダンサー系」は基準比リフト1.242
中山,坂あり・パワー型,ダ,短距離(1000-1300),重不良,内枠(1-2),母父系統,ナスルーラ系,91,4,16,0.044,0.1758,36.7,0.0,8.05,0.1416,0.0342,1.242,B,中山ダ短距離(1000-1300)・重不良・内枠(1-2)で母父系統「ナスルーラ系」は基準比リフト1.242
中京,直線長め・持続型,ダ,中距離(1700-2000),重不良,中枠(3-6),母父系統,ナスルーラ系,108,9,26,0.0833,0.2407,48.4,0.0,7.53,0.1943,0.0464,1.239,B,中京ダ中距離(1700-2000)・重不良・中枠(3-6)で母父系統「ナスルーラ系」は基準比リフト1.239
小倉,小回り・機動型,ダ,中距離(1700-2000),不,外枠(7-8),母父系統,ニアークティック系,112,9,23,0.0804,0.2054,46.7,0.0,7.87,0.1663,0.0391,1.235,B,小倉ダ中距離(1700-2000)・不・外枠(7-8)で母父系統「ニアークティック系」は基準比リフト1.235
中京,直線長め・持続型,ダ,短距離(1000-1300),稍,外枠(7-8),母父系統,ロイヤルチャージャー系,124,10,29,0.0806,0.2339,170.9,0.0,8.18,0.1902,0.0437,1.23,B,中京ダ短距離(1000-1300)・稍・外枠(7-8)で母父系統「ロイヤルチャージャー系」は基準比リフト1.23
阪神,坂あり・パワー型,芝,長距離(2500以上),良,外枠(7-8),母父系統,ニアークティック系,89,6,25,0.0674,0.2809,22.4,0.0,6.64,0.2287,0.0522,1.228,B,阪神芝長距離(2500以上)・良・外枠(7-8)で母父系統「ニアークティック系」は基準比リフト1.228
中山,坂あり・パワー型,芝,長距離(2500以上),良,内枠(1-2),母父系統,ニアークティック系,132,14,37,0.1061,0.2803,118.5,0.0,7.17,0.2284,0.0519,1.227,B,中山芝長距離(2500以上)・良・内枠(1-2)で母父系統「ニアークティック系」は基準比リフト1.227
函館,小回り・持続型,芝,短距離(1000-1300),稍,内枠(1-2),母父系統,ロイヤルチャージャー系,116,13,36,0.1121,0.3103,103.0,0.0,6.72,0.253,0.0573,1.226,B,函館芝短距離(1000-1300)・稍・内枠(1-2)で母父系統「ロイヤルチャージャー系」は基準比リフト1.226
中山,坂あり・パワー型,芝,中距離(1700-2000),稍,内枠(1-2),母父系統,ニアークティック系,127,11,35,0.0866,0.2756,83.1,0.0,7.13,0.2251,0.0505,1.224,B,中山芝中距離(1700-2000)・稍・内枠(1-2)で母父系統「ニアークティック系」は基準比リフト1.224
阪神,坂あり・パワー型,芝,短中距離(1400-1600),重不良,中枠(3-6),母父系統,ニアークティック系,131,13,31,0.0992,0.2366,89.5,0.0,8.02,0.1933,0.0433,1.224,B,阪神芝短中距離(1400-1600)・重不良・中枠(3-6)で母父系統「ニアークティック系」は基準比リフト1.224
阪神,坂あり・パワー型,ダ,短距離(1000-1300),稍,内枠(1-2),母父系統,ナスルーラ系,100,6,21,0.06,0.21,40.6,0.0,8.41,0.1721,0.0379,1.22,B,阪神ダ短距離(1000-1300)・稍・内枠(1-2)で母父系統「ナスルーラ系」は基準比リフト1.22
東京,直線長め・持続型,ダ,短中距離(1400-1600),良,中枠(3-6),母父系統,母父系統不明,107,12,26,0.1121,0.243,95.4,0.0,6.89,0.1997,0.0433,1.217,B,東京ダ短中距離(1400-1600)・良・中枠(3-6)で母父系統「母父系統不明」は基準比リフト1.217
京都,平坦・スピード型,ダ,長距離(2500以上),良,内枠(1-2),母父系統,ニアークティック系,117,10,34,0.0855,0.2906,137.7,0.0,6.89,0.239,0.0516,1.216,B,京都ダ長距離(2500以上)・良・内枠(1-2)で母父系統「ニアークティック系」は基準比リフト1.216
東京,直線長め・持続型,芝,中距離(1700-2000),重不良,中枠(3-6),母父系統,ニアークティック系,113,10,32,0.0885,0.2832,53.4,0.0,7.12,0.2328,0.0504,1.216,B,東京芝中距離(1700-2000)・重不良・中枠(3-6)で母父系統「ニアークティック系」は基準比リフト1.216
東京,直線長め・持続型,芝,中距離(1700-2000),稍,中枠(3-6),母父系統,ナスルーラ系,132,14,38,0.1061,0.2879,76.2,0.0,6.89,0.2372,0.0507,1.214,B,東京芝中距離(1700-2000)・稍・中枠(3-6)で母父系統「ナスルーラ系」は基準比リフト1.214
小倉,小回り・機動型,芝,長距離(2500以上),稍,中枠(3-6),母父系統,ロイヤルチャージャー系,125,16,42,0.128,0.336,163.7,0.0,6.3,0.2771,0.0589,1.213,B,小倉芝長距離(2500以上)・稍・中枠(3-6)で母父系統「ロイヤルチャージャー系」は基準比リフト1.213
京都,平坦・スピード型,芝,長距離(2500以上),良,中枠(3-6),母父系統,ニアークティック系,121,9,33,0.0744,0.2727,61.5,0.0,7.17,0.2255,0.0472,1.209,B,京都芝長距離(2500以上)・良・中枠(3-6)で母父系統「ニアークティック系」は基準比リフト1.209
新潟,直線長め・平坦型,芝,短距離(1000-1300),稍,外枠(7-8),母父系統,ニアークティック系,122,10,37,0.082,0.3033,38.0,0.0,7.71,0.2512,0.0521,1.207,B,新潟芝短距離(1000-1300)・稍・外枠(7-8)で母父系統「ニアークティック系」は基準比リフト1.207
東京,直線長め・持続型,ダ,中長距離(2100-2400),稍,中枠(3-6),母父系統,ネイティヴダンサー系,148,12,42,0.0811,0.2838,46.5,0.0,7.32,0.2351,0.0487,1.207,B,東京ダ中長距離(2100-2400)・稍・中枠(3-6)で母父系統「ネイティヴダンサー系」は基準比リフト1.207
中京,直線長め・持続型,芝,短中距離(1400-1600),稍,外枠(7-8),母父系統,ニアークティック系,137,14,35,0.1022,0.2555,78.0,0.0,7.69,0.2116,0.0439,1.207,B,中京芝短中距離(1400-1600)・稍・外枠(7-8)で母父系統「ニアークティック系」は基準比リフト1.207
函館,小回り・持続型,ダ,短距離(1000-1300),良,内枠(1-2),母父系統,ニアークティック系,147,17,50,0.1156,0.3401,130.1,0.0,5.8,0.2824,0.0577,1.204,B,函館ダ短距離(1000-1300)・良・内枠(1-2)で母父系統「ニアークティック系」は基準比リフト1.204
中京,直線長め・持続型,ダ,短中距離(1400-1600),稍,外枠(7-8),母父系統,ネイティヴダンサー系,112,10,29,0.0893,0.2589,172.9,0.0,7.83,0.2151,0.0438,1.204,B,中京ダ短中距離(1400-1600)・稍・外枠(7-8)で母父系統「ネイティヴダンサー系」は基準比リフト1.204
中京,直線長め・持続型,ダ,中距離(1700-2000),重不良,内枠(1-2),母父系統,ネイティヴダンサー系,95,10,28,0.1053,0.2947,91.7,0.0,7.58,0.2449,0.0498,1.203,B,中京ダ中距離(1700-2000)・重不良・内枠(1-2)で母父系統「ネイティヴダンサー系」は基準比リフト1.203
阪神,坂あり・パワー型,芝,短中距離(1400-1600),良,中枠(3-6),母父系統,その他のエクリプス系,138,14,36,0.1014,0.2609,60.2,0.0,6.95,0.2169,0.044,1.203,B,阪神芝短中距離(1400-1600)・良・中枠(3-6)で母父系統「その他のエクリプス系」は基準比リフト1.203
新潟,直線長め・平坦型,芝,中距離(1700-2000),稍,内枠(1-2),母父系統,ネイティヴダンサー系,87,7,21,0.0805,0.2414,53.9,0.0,8.28,0.2017,0.0397,1.197,B,新潟芝中距離(1700-2000)・稍・内枠(1-2)で母父系統「ネイティヴダンサー系」は基準比リフト1.197
福島,小回り・機動型,ダ,中距離(1700-2000),不,中枠(3-6),母父系統,ロイヤルチャージャー系,98,6,23,0.0612,0.2347,26.5,0.0,7.43,0.1963,0.0384,1.196,B,福島ダ中距離(1700-2000)・不・中枠(3-6)で母父系統「ロイヤルチャージャー系」は基準比リフト1.196
札幌,小回り・持続型,芝,短距離(1000-1300),良,内枠(1-2),母父系統,ナスルーラ系,126,12,35,0.0952,0.2778,108.7,0.0,7.29,0.2324,0.0454,1.195,B,札幌芝短距離(1000-1300)・良・内枠(1-2)で母父系統「ナスルーラ系」は基準比リフト1.195
阪神,坂あり・パワー型,芝,中長距離(2100-2400),稍,外枠(7-8),母父系統,ニアークティック系,89,7,24,0.0787,0.2697,105.5,0.0,7.1,0.2257,0.044,1.195,B,阪神芝中長距離(2100-2400)・稍・外枠(7-8)で母父系統「ニアークティック系」は基準比リフト1.195
函館,小回り・持続型,芝,短距離(1000-1300),稍,外枠(7-8),母父系統,ニアークティック系,108,7,26,0.0648,0.2407,21.2,0.0,7.14,0.2015,0.0392,1.195,B,函館芝短距離(1000-1300)・稍・外枠(7-8)で母父系統「ニアークティック系」は基準比リフト1.195
京都,平坦・スピード型,ダ,短距離(1000-1300),稍,内枠(1-2),母父系統,ニアークティック系,141,11,32,0.078,0.227,67.7,0.0,7.96,0.1908,0.0362,1.19,B,京都ダ短距離(1000-1300)・稍・内枠(1-2)で母父系統「ニアークティック系」は基準比リフト1.19
函館,小回り・持続型,芝,長距離(2500以上),良,外枠(7-8),母父系統,ロイヤルチャージャー系,99,8,28,0.0808,0.2828,162.4,0.0,7.28,0.2378,0.045,1.189,B,函館芝長距離(2500以上)・良・外枠(7-8)で母父系統「ロイヤルチャージャー系」は基準比リフト1.189
新潟,直線長め・平坦型,芝,短中距離(1400-1600),稍,中枠(3-6),母父系統,ネイティヴダンサー系,141,12,31,0.0851,0.2199,172.5,0.0,8.24,0.1849,0.035,1.189,B,新潟芝短中距離(1400-1600)・稍・中枠(3-6)で母父系統「ネイティヴダンサー系」は基準比リフト1.189
新潟,直線長め・平坦型,芝,短距離(1000-1300),重不良,中枠(3-6),母父系統,ロイヤルチャージャー系,132,5,21,0.0379,0.1591,33.0,0.0,8.37,0.1339,0.0252,1.188,B,新潟芝短距離(1000-1300)・重不良・中枠(3-6)で母父系統「ロイヤルチャージャー系」は基準比リフト1.188
新潟,直線長め・平坦型,芝,中長距離(2100-2400),稍,中枠(3-6),母父系統,ロイヤルチャージャー系,91,8,23,0.0879,0.2527,81.9,0.0,7.15,0.2131,0.0396,1.186,B,新潟芝中長距離(2100-2400)・稍・中枠(3-6)で母父系統「ロイヤルチャージャー系」は基準比リフト1.186
札幌,小回り・持続型,芝,短距離(1000-1300),稍,中枠(3-6),母父系統,ネイティヴダンサー系,86,8,22,0.093,0.2558,101.7,0.0,7.05,0.2158,0.04,1.185,B,札幌芝短距離(1000-1300)・稍・中枠(3-6)で母父系統「ネイティヴダンサー系」は基準比リフト1.185
中京,直線長め・持続型,芝,中長距離(2100-2400),良,内枠(1-2),母父系統,ニアークティック系,141,10,35,0.0709,0.2482,101.0,0.0,7.37,0.2094,0.0388,1.185,B,中京芝中長距離(2100-2400)・良・内枠(1-2)で母父系統「ニアークティック系」は基準比リフト1.185
京都,平坦・スピード型,芝,短中距離(1400-1600),稍,内枠(1-2),母父系統,ロイヤルチャージャー系,126,7,30,0.0556,0.2381,22.0,0.0,7.59,0.2009,0.0372,1.185,B,京都芝短中距離(1400-1600)・稍・内枠(1-2)で母父系統「ロイヤルチャージャー系」は基準比リフト1.185
福島,小回り・機動型,ダ,中距離(1700-2000),稍,外枠(7-8),母父系統,ネイティヴダンサー系,125,15,37,0.12,0.296,133.3,0.0,7.3,0.25,0.046,1.184,B,福島ダ中距離(1700-2000)・稍・外枠(7-8)で母父系統「ネイティヴダンサー系」は基準比リフト1.184
中山,坂あり・パワー型,ダ,中距離(1700-2000),重不良,内枠(1-2),母父系統,ネイティヴダンサー系,136,12,26,0.0882,0.1912,164.0,0.0,7.83,0.1617,0.0295,1.182,B,中山ダ中距離(1700-2000)・重不良・内枠(1-2)で母父系統「ネイティヴダンサー系」は基準比リフト1.182
福島,小回り・機動型,芝,短距離(1000-1300),稍,内枠(1-2),母父系統,ニアークティック系,100,8,23,0.08,0.23,49.8,0.0,7.81,0.1951,0.0349,1.179,B,福島芝短距離(1000-1300)・稍・内枠(1-2)で母父系統「ニアークティック系」は基準比リフト1.179
京都,平坦・スピード型,ダ,短距離(1000-1300),不,中枠(3-6),母父系統,ロイヤルチャージャー系,103,10,25,0.0971,0.2427,92.4,0.0,8.11,0.2068,0.0359,1.174,B,京都ダ短距離(1000-1300)・不・中枠(3-6)で母父系統「ロイヤルチャージャー系」は基準比リフト1.174
小倉,小回り・機動型,芝,中距離(1700-2000),重不良,外枠(7-8),母父系統,ニアークティック系,129,10,30,0.0775,0.2326,177.7,0.0,7.43,0.1987,0.0339,1.171,B,小倉芝中距離(1700-2000)・重不良・外枠(7-8)で母父系統「ニアークティック系」は基準比リフト1.171
小倉,小回り・機動型,芝,短距離(1000-1300),重不良,外枠(7-8),母父系統,ニアークティック系,134,14,29,0.1045,0.2164,224.9,0.0,8.66,0.1848,0.0316,1.171,B,小倉芝短距離(1000-1300)・重不良・外枠(7-8)で母父系統「ニアークティック系」は基準比リフト1.171
東京,直線長め・持続型,芝,長距離(2500以上),良,外枠(7-8),母父系統,ニアークティック系,111,7,23,0.0631,0.2072,44.2,0.0,7.93,0.177,0.0302,1.171,B,東京芝長距離(2500以上)・良・外枠(7-8)で母父系統「ニアークティック系」は基準比リフト1.171
小倉,小回り・機動型,ダ,中距離(1700-2000),稍,内枠(1-2),母父系統,ナスルーラ系,89,9,21,0.1011,0.236,171.3,0.0,7.65,0.2017,0.0343,1.17,B,小倉ダ中距離(1700-2000)・稍・内枠(1-2)で母父系統「ナスルーラ系」は基準比リフト1.17
阪神,坂あり・パワー型,ダ,短中距離(1400-1600),重不良,中枠(3-6),母父系統,ナスルーラ系,106,10,22,0.0943,0.2075,77.3,0.0,8.05,0.1774,0.0301,1.17,B,阪神ダ短中距離(1400-1600)・重不良・中枠(3-6)で母父系統「ナスルーラ系」は基準比リフト1.17
中山,坂あり・パワー型,芝,短中距離(1400-1600),重不良,中枠(3-6),母父系統,ロイヤルチャージャー系,92,11,23,0.1196,0.25,129.1,0.0,7.62,0.214,0.036,1.168,B,中山芝短中距離(1400-1600)・重不良・中枠(3-6)で母父系統「ロイヤルチャージャー系」は基準比リフト1.168
中京,直線長め・持続型,ダ,短中距離(1400-1600),不,中枠(3-6),母父系統,ネイティヴダンサー系,99,9,25,0.0909,0.2525,124.0,0.0,7.9,0.2164,0.0361,1.167,B,中京ダ短中距離(1400-1600)・不・中枠(3-6)で母父系統「ネイティヴダンサー系」は基準比リフト1.167
阪神,坂あり・パワー型,ダ,短距離(1000-1300),重不良,外枠(7-8),母父系統,ネイティヴダンサー系,130,12,32,0.0923,0.2462,116.2,0.0,7.52,0.2115,0.0347,1.164,B,阪神ダ短距離(1000-1300)・重不良・外枠(7-8)で母父系統「ネイティヴダンサー系」は基準比リフト1.164
札幌,小回り・持続型,ダ,中距離(1700-2000),稍,外枠(7-8),母父系統,ネイティヴダンサー系,87,7,23,0.0805,0.2644,91.6,0.0,6.87,0.2274,0.037,1.163,B,札幌ダ中距離(1700-2000)・稍・外枠(7-8)で母父系統「ネイティヴダンサー系」は基準比リフト1.163
函館,小回り・持続型,ダ,中距離(1700-2000),稍,外枠(7-8),母父系統,ネイティヴダンサー系,119,13,38,0.1092,0.3193,56.5,0.0,5.97,0.2747,0.0446,1.162,B,函館ダ中距離(1700-2000)・稍・外枠(7-8)で母父系統「ネイティヴダンサー系」は基準比リフト1.162
中京,直線長め・持続型,ダ,短中距離(1400-1600),稍,内枠(1-2),母父系統,ロイヤルチャージャー系,142,10,32,0.0704,0.2254,85.9,0.0,7.99,0.1944,0.031,1.159,B,中京ダ短中距離(1400-1600)・稍・内枠(1-2)で母父系統「ロイヤルチャージャー系」は基準比リフト1.159
中京,直線長め・持続型,ダ,短距離(1000-1300),不,中枠(3-6),母父系統,ロイヤルチャージャー系,88,7,17,0.0795,0.1932,114.4,0.0,8.32,0.1667,0.0265,1.159,B,中京ダ短距離(1000-1300)・不・中枠(3-6)で母父系統「ロイヤルチャージャー系」は基準比リフト1.159
東京,直線長め・持続型,ダ,中長距離(2100-2400),重不良,中枠(3-6),母父系統,ロイヤルチャージャー系,148,13,40,0.0878,0.2703,63.3,0.0,7.32,0.2334,0.0369,1.158,B,東京ダ中長距離(2100-2400)・重不良・中枠(3-6)で母父系統「ロイヤルチャージャー系」は基準比リフト1.158
小倉,小回り・機動型,芝,中距離(1700-2000),稍,外枠(7-8),母父系統,ナスルーラ系,83,4,21,0.0482,0.253,43.6,0.0,7.51,0.2184,0.0346,1.158,B,小倉芝中距離(1700-2000)・稍・外枠(7-8)で母父系統「ナスルーラ系」は基準比リフト1.158
中山,坂あり・パワー型,芝,中距離(1700-2000),稍,内枠(1-2),母父系統,ネイティヴダンサー系,96,8,25,0.0833,0.2604,47.7,0.0,8.14,0.2251,0.0353,1.157,B,中山芝中距離(1700-2000)・稍・内枠(1-2)で母父系統「ネイティヴダンサー系」は基準比リフト1.157
京都,平坦・スピード型,芝,中距離(1700-2000),良,外枠(7-8),母父系統,その他のエクリプス系,88,9,23,0.1023,0.2614,41.4,0.0,6.36,0.2263,0.0351,1.155,B,京都芝中距離(1700-2000)・良・外枠(7-8)で母父系統「その他のエクリプス系」は基準比リフト1.155
阪神,坂あり・パワー型,芝,短距離(1000-1300),稍,中枠(3-6),母父系統,ロイヤルチャージャー系,119,14,36,0.1176,0.3025,114.3,0.0,6.99,0.2627,0.0398,1.152,B,阪神芝短距離(1000-1300)・稍・中枠(3-6)で母父系統「ロイヤルチャージャー系」は基準比リフト1.152
福島,小回り・機動型,芝,中距離(1700-2000),稍,外枠(7-8),母父系統,ニアークティック系,119,11,35,0.0924,0.2941,70.9,0.0,7.76,0.2558,0.0383,1.15,B,福島芝中距離(1700-2000)・稍・外枠(7-8)で母父系統「ニアークティック系」は基準比リフト1.15
阪神,坂あり・パワー型,芝,中長距離(2100-2400),稍,中枠(3-6),母父系統,ロイヤルチャージャー系,141,12,38,0.0851,0.2695,69.4,0.0,6.6,0.2344,0.0351,1.15,B,阪神芝中長距離(2100-2400)・稍・中枠(3-6)で母父系統「ロイヤルチャージャー系」は基準比リフト1.15
阪神,坂あり・パワー型,芝,短中距離(1400-1600),良,内枠(1-2),母父系統,その他のエクリプス系,86,11,22,0.1279,0.2558,74.3,0.0,7.65,0.2227,0.0331,1.149,B,阪神芝短中距離(1400-1600)・良・内枠(1-2)で母父系統「その他のエクリプス系」は基準比リフト1.149
京都,平坦・スピード型,ダ,短中距離(1400-1600),不,中枠(3-6),母父系統,ロイヤルチャージャー系,114,7,26,0.0614,0.2281,60.9,0.0,7.54,0.1985,0.0296,1.149,B,京都ダ短中距離(1400-1600)・不・中枠(3-6)で母父系統「ロイヤルチャージャー系」は基準比リフト1.149
中京,直線長め・持続型,ダ,中距離(1700-2000),不,中枠(3-6),母父系統,ネイティヴダンサー系,144,12,38,0.0833,0.2639,112.5,0.0,7.4,0.2298,0.0341,1.148,B,中京ダ中距離(1700-2000)・不・中枠(3-6)で母父系統「ネイティヴダンサー系」は基準比リフト1.148
阪神,坂あり・パワー型,芝,短中距離(1400-1600),稍,内枠(1-2),母父系統,ナスルーラ系,83,6,21,0.0723,0.253,113.5,0.0,7.47,0.2203,0.0327,1.148,B,阪神芝短中距離(1400-1600)・稍・内枠(1-2)で母父系統「ナスルーラ系」は基準比リフト1.148
京都,平坦・スピード型,ダ,短距離(1000-1300),稍,内枠(1-2),母父系統,ネイティヴダンサー系,110,9,24,0.0818,0.2182,53.9,0.0,7.68,0.1908,0.0274,1.144,B,京都ダ短距離(1000-1300)・稍・内枠(1-2)で母父系統「ネイティヴダンサー系」は基準比リフト1.144
新潟,直線長め・平坦型,芝,中距離(1700-2000),稍,中枠(3-6),母父系統,ナスルーラ系,113,9,28,0.0796,0.2478,52.9,0.0,8.02,0.217,0.0308,1.142,B,新潟芝中距離(1700-2000)・稍・中枠(3-6)で母父系統「ナスルーラ系」は基準比リフト1.142
新潟,直線長め・平坦型,芝,短距離(1000-1300),稍,内枠(1-2),母父系統,ロイヤルチャージャー系,124,7,19,0.0565,0.1532,59.6,0.0,9.67,0.1343,0.0189,1.141,B,新潟芝短距離(1000-1300)・稍・内枠(1-2)で母父系統「ロイヤルチャージャー系」は基準比リフト1.141
小倉,小回り・機動型,ダ,中距離(1700-2000),不,内枠(1-2),母父系統,ネイティヴダンサー系,82,7,20,0.0854,0.2439,123.2,0.0,8.4,0.2139,0.03,1.14,B,小倉ダ中距離(1700-2000)・不・内枠(1-2)で母父系統「ネイティヴダンサー系」は基準比リフト1.14
札幌,小回り・持続型,ダ,短距離(1000-1300),良,内枠(1-2),母父系統,ニアークティック系,120,12,29,0.1,0.2417,71.3,0.0,6.33,0.2129,0.0288,1.135,B,札幌ダ短距離(1000-1300)・良・内枠(1-2)で母父系統「ニアークティック系」は基準比リフト1.135
小倉,小回り・機動型,ダ,短距離(1000-1300),重不良,外枠(7-8),母父系統,ニアークティック系,101,6,24,0.0594,0.2376,33.5,0.0,7.42,0.2096,0.028,1.134,B,小倉ダ短距離(1000-1300)・重不良・外枠(7-8)で母父系統「ニアークティック系」は基準比リフト1.134
小倉,小回り・機動型,芝,短距離(1000-1300),重不良,内枠(1-2),母父系統,ニアークティック系,94,7,17,0.0745,0.1809,49.7,0.0,8.51,0.1595,0.0214,1.134,B,小倉芝短距離(1000-1300)・重不良・内枠(1-2)で母父系統「ニアークティック系」は基準比リフト1.134
函館,小回り・持続型,ダ,中距離(1700-2000),不,中枠(3-6),母父系統,ロイヤルチャージャー系,110,12,29,0.1091,0.2636,126.5,0.0,6.57,0.2329,0.0307,1.132,B,函館ダ中距離(1700-2000)・不・中枠(3-6)で母父系統「ロイヤルチャージャー系」は基準比リフト1.132
東京,直線長め・持続型,芝,短中距離(1400-1600),不,中枠(3-6),母父系統,ニアークティック系,91,10,23,0.1099,0.2527,431.6,0.0,6.85,0.2237,0.029,1.13,B,東京芝短中距離(1400-1600)・不・中枠(3-6)で母父系統「ニアークティック系」は基準比リフト1.13
京都,平坦・スピード型,芝,長距離(2500以上),良,中枠(3-6),母父系統,ロイヤルチャージャー系,122,6,31,0.0492,0.2541,51.2,0.0,8.35,0.2255,0.0286,1.127,B,京都芝長距離(2500以上)・良・中枠(3-6)で母父系統「ロイヤルチャージャー系」は基準比リフト1.127
中山,坂あり・パワー型,芝,中長距離(2100-2400),良,外枠(7-8),母父系統,ナスルーラ系,104,10,25,0.0962,0.2404,120.2,0.0,8.26,0.2138,0.0266,1.124,B,中山芝中長距離(2100-2400)・良・外枠(7-8)で母父系統「ナスルーラ系」は基準比リフト1.124
新潟,直線長め・平坦型,芝,短中距離(1400-1600),重不良,中枠(3-6),母父系統,ニアークティック系,87,7,18,0.0805,0.2069,134.6,0.0,8.54,0.1841,0.0228,1.124,B,新潟芝短中距離(1400-1600)・重不良・中枠(3-6)で母父系統「ニアークティック系」は基準比リフト1.124
福島,小回り・機動型,芝,短距離(1000-1300),良,中枠(3-6),母父系統,その他のエクリプス系,118,8,25,0.0678,0.2119,57.9,0.0,7.7,0.1887,0.0232,1.123,B,福島芝短距離(1000-1300)・良・中枠(3-6)で母父系統「その他のエクリプス系」は基準比リフト1.123
東京,直線長め・持続型,ダ,長距離(2500以上),良,内枠(1-2),母父系統,ニアークティック系,96,6,29,0.0625,0.3021,33.3,0.0,6.8,0.2695,0.0326,1.121,B,東京ダ長距離(2500以上)・良・内枠(1-2)で母父系統「ニアークティック系」は基準比リフト1.121
中京,直線長め・持続型,芝,中長距離(2100-2400),稍,中枠(3-6),母父系統,ロイヤルチャージャー系,93,10,25,0.1075,0.2688,268.3,0.0,7.25,0.2398,0.029,1.121,B,中京芝中長距離(2100-2400)・稍・中枠(3-6)で母父系統「ロイヤルチャージャー系」は基準比リフト1.121
中山,坂あり・パワー型,芝,短中距離(1400-1600),稍,外枠(7-8),母父系統,ネイティヴダンサー系,106,10,26,0.0943,0.2453,124.7,0.0,8.76,0.2188,0.0265,1.121,B,中山芝短中距離(1400-1600)・稍・外枠(7-8)で母父系統「ネイティヴダンサー系」は基準比リフト1.121
中山,坂あり・パワー型,ダ,中距離(1700-2000),不,内枠(1-2),母父系統,ネイティヴダンサー系,125,9,28,0.072,0.224,264.3,0.0,8.61,0.2004,0.0236,1.118,B,中山ダ中距離(1700-2000)・不・内枠(1-2)で母父系統「ネイティヴダンサー系」は基準比リフト1.118
東京,直線長め・持続型,芝,長距離(2500以上),良,外枠(7-8),母父系統,ロイヤルチャージャー系,91,9,18,0.0989,0.1978,52.6,0.0,7.93,0.177,0.0208,1.118,B,東京芝長距離(2500以上)・良・外枠(7-8)で母父系統「ロイヤルチャージャー系」は基準比リフト1.118
函館,小回り・持続型,芝,中距離(1700-2000),稍,中枠(3-6),母父系統,ニアークティック系,107,10,32,0.0935,0.2991,96.6,0.0,6.83,0.2678,0.0313,1.117,B,函館芝中距離(1700-2000)・稍・中枠(3-6)で母父系統「ニアークティック系」は基準比リフト1.117
中山,坂あり・パワー型,ダ,中距離(1700-2000),重不良,外枠(7-8),母父系統,ナスルーラ系,89,7,25,0.0787,0.2809,43.3,0.0,7.66,0.2515,0.0294,1.117,B,中山ダ中距離(1700-2000)・重不良・外枠(7-8)で母父系統「ナスルーラ系」は基準比リフト1.117
京都,平坦・スピード型,ダ,長距離(2500以上),良,外枠(7-8),母父系統,ネイティヴダンサー系,142,18,39,0.1268,0.2746,87.0,0.0,6.33,0.246,0.0286,1.116,B,京都ダ長距離(2500以上)・良・外枠(7-8)で母父系統「ネイティヴダンサー系」は基準比リフト1.116
東京,直線長め・持続型,芝,中距離(1700-2000),良,外枠(7-8),母父系統,その他のエクリプス系,129,9,31,0.0698,0.2403,27.4,0.0,6.67,0.2154,0.0249,1.116,B,東京芝中距離(1700-2000)・良・外枠(7-8)で母父系統「その他のエクリプス系」は基準比リフト1.116
小倉,小回り・機動型,ダ,中距離(1700-2000),稍,外枠(7-8),母父系統,ナスルーラ系,109,7,23,0.0642,0.211,38.1,0.0,7.95,0.1892,0.0218,1.115,B,小倉ダ中距離(1700-2000)・稍・外枠(7-8)で母父系統「ナスルーラ系」は基準比リフト1.115
新潟,直線長め・平坦型,芝,短中距離(1400-1600),稍,外枠(7-8),母父系統,ネイティヴダンサー系,99,15,23,0.1515,0.2323,252.7,0.0,8.58,0.2086,0.0237,1.114,B,新潟芝短中距離(1400-1600)・稍・外枠(7-8)で母父系統「ネイティヴダンサー系」は基準比リフト1.114
函館,小回り・持続型,ダ,中距離(1700-2000),不,中枠(3-6),母父系統,ニアークティック系,81,7,21,0.0864,0.2593,56.9,0.0,6.72,0.2329,0.0264,1.113,B,函館ダ中距離(1700-2000)・不・中枠(3-6)で母父系統「ニアークティック系」は基準比リフト1.113
東京,直線長め・持続型,ダ,短距離(1000-1300),良,外枠(7-8),母父系統,ナスルーラ系,122,7,24,0.0574,0.1967,48.2,0.0,8.09,0.1768,0.0199,1.113,B,東京ダ短距離(1000-1300)・良・外枠(7-8)で母父系統「ナスルーラ系」は基準比リフト1.113
阪神,坂あり・パワー型,ダ,中距離(1700-2000),不,内枠(1-2),母父系統,ニアークティック系,128,8,28,0.0625,0.2188,62.4,0.0,7.48,0.1968,0.022,1.112,B,阪神ダ中距離(1700-2000)・不・内枠(1-2)で母父系統「ニアークティック系」は基準比リフト1.112
新潟,直線長め・平坦型,ダ,中距離(1700-2000),重不良,外枠(7-8),母父系統,ネイティヴダンサー系,103,8,25,0.0777,0.2427,32.4,0.0,7.11,0.2184,0.0243,1.111,B,新潟ダ中距離(1700-2000)・重不良・外枠(7-8)で母父系統「ネイティヴダンサー系」は基準比リフト1.111
東京,直線長め・持続型,芝,短中距離(1400-1600),稍,内枠(1-2),母父系統,ネイティヴダンサー系,144,6,33,0.0417,0.2292,23.8,0.0,7.62,0.2063,0.0229,1.111,B,東京芝短中距離(1400-1600)・稍・内枠(1-2)で母父系統「ネイティヴダンサー系」は基準比リフト1.111
中京,直線長め・持続型,芝,短中距離(1400-1600),重不良,中枠(3-6),母父系統,ニアークティック系,125,12,27,0.096,0.216,118.6,0.0,7.11,0.1946,0.0214,1.11,B,中京芝短中距離(1400-1600)・重不良・中枠(3-6)で母父系統「ニアークティック系」は基準比リフト1.11
小倉,小回り・機動型,芝,中距離(1700-2000),稍,内枠(1-2),母父系統,ニアークティック系,140,16,37,0.1143,0.2643,67.9,0.0,7.32,0.2384,0.0259,1.109,B,小倉芝中距離(1700-2000)・稍・内枠(1-2)で母父系統「ニアークティック系」は基準比リフト1.109
小倉,小回り・機動型,ダ,短距離(1000-1300),不,中枠(3-6),母父系統,ロイヤルチャージャー系,106,6,26,0.0566,0.2453,42.0,0.0,6.93,0.2213,0.024,1.108,B,小倉ダ短距離(1000-1300)・不・中枠(3-6)で母父系統「ロイヤルチャージャー系」は基準比リフト1.108
中京,直線長め・持続型,芝,短距離(1000-1300),稍,中枠(3-6),母父系統,ロイヤルチャージャー系,83,9,19,0.1084,0.2289,94.1,0.0,9.1,0.2066,0.0223,1.108,B,中京芝短距離(1000-1300)・稍・中枠(3-6)で母父系統「ロイヤルチャージャー系」は基準比リフト1.108
新潟,直線長め・平坦型,ダ,短距離(1000-1300),重不良,外枠(7-8),母父系統,ネイティヴダンサー系,85,8,21,0.0941,0.2471,65.9,0.0,7.74,0.2233,0.0238,1.107,B,新潟ダ短距離(1000-1300)・重不良・外枠(7-8)で母父系統「ネイティヴダンサー系」は基準比リフト1.107
東京,直線長め・持続型,芝,短中距離(1400-1600),重不良,外枠(7-8),母父系統,ニアークティック系,81,6,17,0.0741,0.2099,56.8,0.0,8.47,0.1897,0.0202,1.106,B,東京芝短中距離(1400-1600)・重不良・外枠(7-8)で母父系統「ニアークティック系」は基準比リフト1.106
函館,小回り・持続型,芝,短距離(1000-1300),稍,中枠(3-6),母父系統,ナスルーラ系,112,13,30,0.1161,0.2679,175.5,0.0,6.93,0.2425,0.0254,1.105,B,函館芝短距離(1000-1300)・稍・中枠(3-6)で母父系統「ナスルーラ系」は基準比リフト1.105
京都,平坦・スピード型,芝,中距離(1700-2000),稍,内枠(1-2),母父系統,ロイヤルチャージャー系,112,12,30,0.1071,0.2679,91.7,0.0,6.69,0.2426,0.0253,1.104,B,京都芝中距離(1700-2000)・稍・内枠(1-2)で母父系統「ロイヤルチャージャー系」は基準比リフト1.104
中京,直線長め・持続型,芝,中長距離(2100-2400),良,中枠(3-6),母父系統,ナスルーラ系,114,13,29,0.114,0.2544,140.3,0.0,7.21,0.2304,0.024,1.104,B,中京芝中長距離(2100-2400)・良・中枠(3-6)で母父系統「ナスルーラ系」は基準比リフト1.104
京都,平坦・スピード型,ダ,中距離(1700-2000),良,外枠(7-8),母父系統,その他のエクリプス系,101,6,23,0.0594,0.2277,126.2,0.0,7.5,0.2066,0.0211,1.102,B,京都ダ中距離(1700-2000)・良・外枠(7-8)で母父系統「その他のエクリプス系」は基準比リフト1.102
中京,直線長め・持続型,芝,短中距離(1400-1600),良,中枠(3-6),母父系統,その他のエクリプス系,93,6,21,0.0645,0.2258,55.2,0.0,7.59,0.2051,0.0207,1.101,B,中京芝短中距離(1400-1600)・良・中枠(3-6)で母父系統「その他のエクリプス系」は基準比リフト1.101
京都,平坦・スピード型,芝,中距離(1700-2000),良,中枠(3-6),母父系統,トゥルビヨン系,100,11,27,0.11,0.27,54.1,0.0,6.96,0.2454,0.0246,1.1,B,京都芝中距離(1700-2000)・良・中枠(3-6)で母父系統「トゥルビヨン系」は基準比リフト1.1
小倉,小回り・機動型,芝,中距離(1700-2000),重不良,内枠(1-2),母父系統,ニアークティック系,89,5,25,0.0562,0.2809,67.8,0.0,7.61,0.2555,0.0254,1.099,B,小倉芝中距離(1700-2000)・重不良・内枠(1-2)で母父系統「ニアークティック系」は基準比リフト1.099
新潟,直線長め・平坦型,ダ,中距離(1700-2000),重不良,中枠(3-6),母父系統,ニアークティック系,231,18,59,0.0779,0.2554,53.9,0.0,7.03,0.2323,0.0231,1.099,B,新潟ダ中距離(1700-2000)・重不良・中枠(3-6)で母父系統「ニアークティック系」は基準比リフト1.099
京都,平坦・スピード型,芝,中長距離(2100-2400),良,外枠(7-8),母父系統,ロイヤルチャージャー系,360,24,89,0.0667,0.2472,98.8,0.0,7.36,0.225,0.0222,1.099,B,京都芝中長距離(2100-2400)・良・外枠(7-8)で母父系統「ロイヤルチャージャー系」は基準比リフト1.099
新潟,直線長め・平坦型,芝,長距離(2500以上),良,内枠(1-2),母父系統,ニアークティック系,139,12,34,0.0863,0.2446,57.6,0.0,6.86,0.2225,0.0221,1.099,B,新潟芝長距離(2500以上)・良・内枠(1-2)で母父系統「ニアークティック系」は基準比リフト1.099
新潟,直線長め・平坦型,ダ,中距離(1700-2000),重不良,内枠(1-2),母父系統,ニアークティック系,87,5,19,0.0575,0.2184,58.2,0.0,7.78,0.1987,0.0197,1.099,B,新潟ダ中距離(1700-2000)・重不良・内枠(1-2)で母父系統「ニアークティック系」は基準比リフト1.099
新潟,直線長め・平坦型,芝,短距離(1000-1300),重不良,中枠(3-6),母父系統,ニアークティック系,102,5,15,0.049,0.1471,220.5,0.0,9.32,0.1339,0.0132,1.099,B,新潟芝短距離(1000-1300)・重不良・中枠(3-6)で母父系統「ニアークティック系」は基準比リフト1.099
小倉,小回り・機動型,芝,長距離(2500以上),良,内枠(1-2),母父系統,ネイティヴダンサー系,132,18,42,0.1364,0.3182,153.2,0.0,6.96,0.2897,0.0285,1.098,B,小倉芝長距離(2500以上)・良・内枠(1-2)で母父系統「ネイティヴダンサー系」は基準比リフト1.098
京都,平坦・スピード型,ダ,中距離(1700-2000),良,内枠(1-2),母父系統,ナスルーラ系,362,38,92,0.105,0.2541,76.3,0.0,7.54,0.2314,0.0227,1.098,B,京都ダ中距離(1700-2000)・良・内枠(1-2)で母父系統「ナスルーラ系」は基準比リフト1.098
中京,直線長め・持続型,ダ,中距離(1700-2000),不,中枠(3-6),母父系統,ロイヤルチャージャー系,222,23,56,0.1036,0.2523,82.8,0.0,7.54,0.2298,0.0225,1.098,B,中京ダ中距離(1700-2000)・不・中枠(3-6)で母父系統「ロイヤルチャージャー系」は基準比リフト1.098
阪神,坂あり・パワー型,ダ,中距離(1700-2000),不,外枠(7-8),母父系統,ニアークティック系,162,8,37,0.0494,0.2284,25.5,0.0,7.2,0.2081,0.0203,1.098,B,阪神ダ中距離(1700-2000)・不・外枠(7-8)で母父系統「ニアークティック系」は基準比リフト1.098
阪神,坂あり・パワー型,ダ,中距離(1700-2000),重不良,内枠(1-2),母父系統,ネイティヴダンサー系,168,10,37,0.0595,0.2202,46.1,0.0,8.07,0.2005,0.0197,1.098,B,阪神ダ中距離(1700-2000)・重不良・内枠(1-2)で母父系統「ネイティヴダンサー系」は基準比リフト1.098
中山,坂あり・パワー型,ダ,短距離(1000-1300),不,外枠(7-8),母父系統,ロイヤルチャージャー系,178,9,35,0.0506,0.1966,30.2,0.0,8.03,0.1791,0.0175,1.098,B,中山ダ短距離(1000-1300)・不・外枠(7-8)で母父系統「ロイヤルチャージャー系」は基準比リフト1.098
中京,直線長め・持続型,芝,短中距離(1400-1600),稍,中枠(3-6),母父系統,ロイヤルチャージャー系,298,26,69,0.0872,0.2315,85.8,0.0,8.12,0.211,0.0205,1.097,B,中京芝短中距離(1400-1600)・稍・中枠(3-6)で母父系統「ロイヤルチャージャー系」は基準比リフト1.097
札幌,小回り・持続型,芝,短距離(1000-1300),良,中枠(3-6),母父系統,ネイティヴダンサー系,421,35,96,0.0831,0.228,64.7,0.0,8.15,0.2078,0.0202,1.097,B,札幌芝短距離(1000-1300)・良・中枠(3-6)で母父系統「ネイティヴダンサー系」は基準比リフト1.097
小倉,小回り・機動型,ダ,短距離(1000-1300),稍,中枠(3-6),母父系統,ナスルーラ系,115,9,26,0.0783,0.2261,73.0,0.0,7.51,0.2062,0.0199,1.097,B,小倉ダ短距離(1000-1300)・稍・中枠(3-6)で母父系統「ナスルーラ系」は基準比リフト1.097
中京,直線長め・持続型,芝,短中距離(1400-1600),重不良,中枠(3-6),母父系統,ネイティヴダンサー系,89,7,19,0.0787,0.2135,59.9,0.0,7.92,0.1946,0.0189,1.097,B,中京芝短中距離(1400-1600)・重不良・中枠(3-6)で母父系統「ネイティヴダンサー系」は基準比リフト1.097
福島,小回り・機動型,芝,短距離(1000-1300),良,内枠(1-2),母父系統,ロイヤルチャージャー系,768,67,185,0.0872,0.2409,79.9,0.0,7.91,0.2198,0.0211,1.096,B,福島芝短距離(1000-1300)・良・内枠(1-2)で母父系統「ロイヤルチャージャー系」は基準比リフト1.096
函館,小回り・持続型,ダ,中距離(1700-2000),良,外枠(7-8),母父系統,ネイティヴダンサー系,346,31,91,0.0896,0.263,152.4,0.0,6.75,0.2402,0.0228,1.095,B,函館ダ中距離(1700-2000)・良・外枠(7-8)で母父系統「ネイティヴダンサー系」は基準比リフト1.095
中京,直線長め・持続型,ダ,短中距離(1400-1600),稍,外枠(7-8),母父系統,ロイヤルチャージャー系,174,12,41,0.069,0.2356,49.5,0.0,8.13,0.2151,0.0205,1.095,B,中京ダ短中距離(1400-1600)・稍・外枠(7-8)で母父系統「ロイヤルチャージャー系」は基準比リフト1.095
京都,平坦・スピード型,ダ,短中距離(1400-1600),稍,外枠(7-8),母父系統,ネイティヴダンサー系,206,20,42,0.0971,0.2039,137.0,0.0,7.48,0.1862,0.0177,1.095,B,京都ダ短中距離(1400-1600)・稍・外枠(7-8)で母父系統「ネイティヴダンサー系」は基準比リフト1.095
新潟,直線長め・平坦型,芝,短距離(1000-1300),良,内枠(1-2),母父系統,ニアークティック系,535,27,82,0.0505,0.1533,44.6,0.0,9.36,0.14,0.0133,1.095,B,新潟芝短距離(1000-1300)・良・内枠(1-2)で母父系統「ニアークティック系」は基準比リフト1.095
小倉,小回り・機動型,ダ,短距離(1000-1300),良,中枠(3-6),母父系統,ナスルーラ系,242,20,59,0.0826,0.2438,48.9,0.0,7.07,0.2229,0.0209,1.094,B,小倉ダ短距離(1000-1300)・良・中枠(3-6)で母父系統「ナスルーラ系」は基準比リフト1.094
中山,坂あり・パワー型,芝,長距離(2500以上),良,外枠(7-8),母父系統,ニアークティック系,202,17,49,0.0842,0.2426,80.3,0.0,7.15,0.2217,0.0209,1.094,B,中山芝長距離(2500以上)・良・外枠(7-8)で母父系統「ニアークティック系」は基準比リフト1.094
京都,平坦・スピード型,芝,短中距離(1400-1600),良,内枠(1-2),母父系統,ニアークティック系,849,61,203,0.0718,0.2391,61.1,0.0,7.51,0.2185,0.0206,1.094,B,京都芝短中距離(1400-1600)・良・内枠(1-2)で母父系統「ニアークティック系」は基準比リフト1.094
京都,平坦・スピード型,ダ,短中距離(1400-1600),良,内枠(1-2),母父系統,ネイティヴダンサー系,507,38,115,0.075,0.2268,104.2,0.0,8.07,0.2074,0.0194,1.094,B,京都ダ短中距離(1400-1600)・良・内枠(1-2)で母父系統「ネイティヴダンサー系」は基準比リフト1.094
京都,平坦・スピード型,芝,中距離(1700-2000),重不良,中枠(3-6),母父系統,ネイティヴダンサー系,82,9,23,0.1098,0.2805,50.6,0.0,6.95,0.2566,0.0239,1.093,B,京都芝中距離(1700-2000)・重不良・中枠(3-6)で母父系統「ネイティヴダンサー系」は基準比リフト1.093
函館,小回り・持続型,ダ,中距離(1700-2000),稍,中枠(3-6),母父系統,ロイヤルチャージャー系,282,20,73,0.0709,0.2589,38.7,0.0,6.39,0.2369,0.022,1.093,B,函館ダ中距離(1700-2000)・稍・中枠(3-6)で母父系統「ロイヤルチャージャー系」は基準比リフト1.093
京都,平坦・スピード型,芝,短中距離(1400-1600),良,内枠(1-2),母父系統,ナスルーラ系,427,30,102,0.0703,0.2389,103.9,0.0,8.09,0.2185,0.0204,1.093,B,京都芝短中距離(1400-1600)・良・内枠(1-2)で母父系統「ナスルーラ系」は基準比リフト1.093
中京,直線長め・持続型,ダ,中距離(1700-2000),良,中枠(3-6),母父系統,ネイティヴダンサー系,1185,112,283,0.0945,0.2388,112.8,0.0,7.52,0.2184,0.0204,1.093,B,中京ダ中距離(1700-2000)・良・中枠(3-6)で母父系統「ネイティヴダンサー系」は基準比リフト1.093
京都,平坦・スピード型,芝,短中距離(1400-1600),良,中枠(3-6),母父系統,その他のエクリプス系,158,16,37,0.1013,0.2342,201.0,0.0,7.77,0.2142,0.02,1.093,B,京都芝短中距離(1400-1600)・良・中枠(3-6)で母父系統「その他のエクリプス系」は基準比リフト1.093
中山,坂あり・パワー型,芝,短中距離(1400-1600),稍,中枠(3-6),母父系統,ネイティヴダンサー系,181,14,41,0.0773,0.2265,111.4,0.0,7.99,0.2072,0.0193,1.093,B,中山芝短中距離(1400-1600)・稍・中枠(3-6)で母父系統「ネイティヴダンサー系」は基準比リフト1.093
小倉,小回り・機動型,芝,短距離(1000-1300),良,内枠(1-2),母父系統,ロイヤルチャージャー系,1018,66,211,0.0648,0.2073,67.4,0.0,8.23,0.1897,0.0176,1.093,B,小倉芝短距離(1000-1300)・良・内枠(1-2)で母父系統「ロイヤルチャージャー系」は基準比リフト1.093
阪神,坂あり・パワー型,ダ,短中距離(1400-1600),稍,内枠(1-2),母父系統,ニアークティック系,273,16,55,0.0586,0.2015,109.7,0.0,7.71,0.1843,0.0172,1.093,B,阪神ダ短中距離(1400-1600)・稍・内枠(1-2)で母父系統「ニアークティック系」は基準比リフト1.093
阪神,坂あり・パワー型,ダ,短中距離(1400-1600),良,内枠(1-2),母父系統,ネイティヴダンサー系,538,33,100,0.0613,0.1859,50.9,0.0,8.03,0.1701,0.0158,1.093,B,阪神ダ短中距離(1400-1600)・良・内枠(1-2)で母父系統「ネイティヴダンサー系」は基準比リフト1.093
東京,直線長め・持続型,ダ,長距離(2500以上),良,中枠(3-6),母父系統,ロイヤルチャージャー系,249,24,64,0.0964,0.257,109.7,0.0,7.12,0.2354,0.0216,1.092,B,東京ダ長距離(2500以上)・良・中枠(3-6)で母父系統「ロイヤルチャージャー系」は基準比リフト1.092
阪神,坂あり・パワー型,芝,中距離(1700-2000),稍,内枠(1-2),母父系統,ロイヤルチャージャー系,150,12,42,0.08,0.28,69.0,0.0,6.91,0.2567,0.0233,1.091,B,阪神芝中距離(1700-2000)・稍・内枠(1-2)で母父系統「ロイヤルチャージャー系」は基準比リフト1.091
中山,坂あり・パワー型,芝,中長距離(2100-2400),良,外枠(7-8),母父系統,ネイティヴダンサー系,120,9,28,0.075,0.2333,41.4,0.0,7.62,0.2138,0.0195,1.091,B,中山芝中長距離(2100-2400)・良・外枠(7-8)で母父系統「ネイティヴダンサー系」は基準比リフト1.091
東京,直線長め・持続型,ダ,短中距離(1400-1600),不,中枠(3-6),母父系統,ナスルーラ系,138,15,32,0.1087,0.2319,157.3,0.0,7.86,0.2126,0.0193,1.091,B,東京ダ短中距離(1400-1600)・不・中枠(3-6)で母父系統「ナスルーラ系」は基準比リフト1.091
阪神,坂あり・パワー型,ダ,短距離(1000-1300),重不良,外枠(7-8),母父系統,ニアークティック系,143,12,33,0.0839,0.2308,64.4,0.0,8.22,0.2115,0.0193,1.091,B,阪神ダ短距離(1000-1300)・重不良・外枠(7-8)で母父系統「ニアークティック系」は基準比リフト1.091
札幌,小回り・持続型,ダ,中距離(1700-2000),良,内枠(1-2),母父系統,ネイティヴダンサー系,249,16,57,0.0643,0.2289,49.4,0.0,6.7,0.21,0.0189,1.09,B,札幌ダ中距離(1700-2000)・良・内枠(1-2)で母父系統「ネイティヴダンサー系」は基準比リフト1.09
小倉,小回り・機動型,芝,短距離(1000-1300),重不良,中枠(3-6),母父系統,ネイティヴダンサー系,141,10,30,0.0709,0.2128,146.5,0.0,9.21,0.1952,0.0176,1.09,B,小倉芝短距離(1000-1300)・重不良・中枠(3-6)で母父系統「ネイティヴダンサー系」は基準比リフト1.09
新潟,直線長め・平坦型,ダ,中距離(1700-2000),良,外枠(7-8),母父系統,ロイヤルチャージャー系,910,74,224,0.0813,0.2462,58.5,0.0,7.45,0.226,0.0202,1.089,B,新潟ダ中距離(1700-2000)・良・外枠(7-8)で母父系統「ロイヤルチャージャー系」は基準比リフト1.089
中山,坂あり・パワー型,ダ,短距離(1000-1300),良,中枠(3-6),母父系統,ニアークティック系,2459,167,516,0.0679,0.2098,74.9,0.0,8.18,0.1927,0.0171,1.089,B,中山ダ短距離(1000-1300)・良・中枠(3-6)で母父系統「ニアークティック系」は基準比リフト1.089
函館,小回り・持続型,ダ,短距離(1000-1300),良,中枠(3-6),母父系統,ニアークティック系,353,26,99,0.0737,0.2805,50.1,0.0,5.93,0.2579,0.0226,1.088,B,函館ダ短距離(1000-1300)・良・中枠(3-6)で母父系統「ニアークティック系」は基準比リフト1.088
中山,坂あり・パワー型,ダ,中長距離(2100-2400),良,外枠(7-8),母父系統,ニアークティック系,85,9,22,0.1059,0.2588,115.9,0.0,7.46,0.2378,0.021,1.088,B,中山ダ中長距離(2100-2400)・良・外枠(7-8)で母父系統「ニアークティック系」は基準比リフト1.088
札幌,小回り・持続型,ダ,中距離(1700-2000),良,外枠(7-8),母父系統,ナスルーラ系,242,19,60,0.0785,0.2479,45.8,0.0,6.63,0.2278,0.0201,1.088,B,札幌ダ中距離(1700-2000)・良・外枠(7-8)で母父系統「ナスルーラ系」は基準比リフト1.088
新潟,直線長め・平坦型,ダ,中距離(1700-2000),稍,外枠(7-8),母父系統,ネイティヴダンサー系,217,21,53,0.0968,0.2442,62.4,0.0,7.35,0.2244,0.0198,1.088,B,新潟ダ中距離(1700-2000)・稍・外枠(7-8)で母父系統「ネイティヴダンサー系」は基準比リフト1.088
京都,平坦・スピード型,芝,短中距離(1400-1600),稍,中枠(3-6),母父系統,ニアークティック系,319,15,73,0.047,0.2288,27.3,0.0,7.78,0.2103,0.0185,1.088,B,京都芝短中距離(1400-1600)・稍・中枠(3-6)で母父系統「ニアークティック系」は基準比リフト1.088
京都,平坦・スピード型,ダ,短距離(1000-1300),重不良,中枠(3-6),母父系統,ニアークティック系,225,15,51,0.0667,0.2267,92.0,0.0,7.86,0.2085,0.0182,1.087,B,京都ダ短距離(1000-1300)・重不良・中枠(3-6)で母父系統「ニアークティック系」は基準比リフト1.087
東京,直線長め・持続型,ダ,中長距離(2100-2400),良,外枠(7-8),母父系統,ニアークティック系,387,34,83,0.0879,0.2145,106.5,0.0,7.56,0.1973,0.0172,1.087,B,東京ダ中長距離(2100-2400)・良・外枠(7-8)で母父系統「ニアークティック系」は基準比リフト1.087
阪神,坂あり・パワー型,芝,中距離(1700-2000),良,中枠(3-6),母父系統,ネイティヴダンサー系,1171,89,305,0.076,0.2605,80.8,0.0,6.87,0.2399,0.0206,1.086,B,阪神芝中距離(1700-2000)・良・中枠(3-6)で母父系統「ネイティヴダンサー系」は基準比リフト1.086
札幌,小回り・持続型,ダ,中距離(1700-2000),稍,中枠(3-6),母父系統,ニアークティック系,174,17,43,0.0977,0.2471,61.8,0.0,7.16,0.2278,0.0193,1.085,B,札幌ダ中距離(1700-2000)・稍・中枠(3-6)で母父系統「ニアークティック系」は基準比リフト1.085
京都,平坦・スピード型,ダ,中距離(1700-2000),稍,内枠(1-2),母父系統,ニアークティック系,242,27,59,0.1116,0.2438,76.6,0.0,7.03,0.2248,0.019,1.085,B,京都ダ中距離(1700-2000)・稍・内枠(1-2)で母父系統「ニアークティック系」は基準比リフト1.085
小倉,小回り・機動型,ダ,中距離(1700-2000),重不良,内枠(1-2),母父系統,ネイティヴダンサー系,119,9,28,0.0756,0.2353,53.2,0.0,7.61,0.2168,0.0185,1.085,B,小倉ダ中距離(1700-2000)・重不良・内枠(1-2)で母父系統「ネイティヴダンサー系」は基準比リフト1.085
京都,平坦・スピード型,ダ,中距離(1700-2000),良,外枠(7-8),母父系統,ネイティヴダンサー系,1031,84,231,0.0815,0.2241,120.8,0.0,7.51,0.2066,0.0175,1.085,B,京都ダ中距離(1700-2000)・良・外枠(7-8)で母父系統「ネイティヴダンサー系」は基準比リフト1.085
阪神,坂あり・パワー型,芝,短中距離(1400-1600),稍,外枠(7-8),母父系統,ニアークティック系,259,16,56,0.0618,0.2162,54.5,0.0,7.87,0.1993,0.0169,1.085,B,阪神芝短中距離(1400-1600)・稍・外枠(7-8)で母父系統「ニアークティック系」は基準比リフト1.085
京都,平坦・スピード型,芝,中距離(1700-2000),稍,外枠(7-8),母父系統,ネイティヴダンサー系,96,7,27,0.0729,0.2812,47.2,0.0,6.82,0.2593,0.0219,1.084,B,京都芝中距離(1700-2000)・稍・外枠(7-8)で母父系統「ネイティヴダンサー系」は基準比リフト1.084
中山,坂あり・パワー型,ダ,中長距離(2100-2400),良,中枠(3-6),母父系統,ネイティヴダンサー系,124,10,32,0.0806,0.2581,149.6,0.0,7.29,0.2381,0.02,1.084,B,中山ダ中長距離(2100-2400)・良・中枠(3-6)で母父系統「ネイティヴダンサー系」は基準比リフト1.084
阪神,坂あり・パワー型,ダ,短中距離(1400-1600),稍,外枠(7-8),母父系統,ニアークティック系,305,25,71,0.082,0.2328,53.3,0.0,7.95,0.2147,0.0181,1.084,B,阪神ダ短中距離(1400-1600)・稍・外枠(7-8)で母父系統「ニアークティック系」は基準比リフト1.084
東京,直線長め・持続型,芝,短中距離(1400-1600),稍,中枠(3-6),母父系統,ロイヤルチャージャー系,563,38,119,0.0675,0.2114,56.1,0.0,8.2,0.195,0.0164,1.084,B,東京芝短中距離(1400-1600)・稍・中枠(3-6)で母父系統「ロイヤルチャージャー系」は基準比リフト1.084
福島,小回り・機動型,ダ,中距離(1700-2000),重不良,中枠(3-6),母父系統,ネイティヴダンサー系,175,7,36,0.04,0.2057,51.2,0.0,7.59,0.1898,0.0159,1.084,B,福島ダ中距離(1700-2000)・重不良・中枠(3-6)で母父系統「ネイティヴダンサー系」は基準比リフト1.084
中京,直線長め・持続型,芝,中長距離(2100-2400),良,外枠(7-8),母父系統,ネイティヴダンサー系,160,10,40,0.0625,0.25,56.9,0.0,7.64,0.2308,0.0192,1.083,B,中京芝中長距離(2100-2400)・良・外枠(7-8)で母父系統「ネイティヴダンサー系」は基準比リフト1.083
新潟,直線長め・平坦型,ダ,中距離(1700-2000),稍,内枠(1-2),母父系統,ロイヤルチャージャー系,214,16,45,0.0748,0.2103,82.8,0.0,7.85,0.1942,0.0161,1.083,B,新潟ダ中距離(1700-2000)・稍・内枠(1-2)で母父系統「ロイヤルチャージャー系」は基準比リフト1.083
小倉,小回り・機動型,芝,長距離(2500以上),良,中枠(3-6),母父系統,ロイヤルチャージャー系,423,48,117,0.1135,0.2766,82.7,0.0,6.41,0.2556,0.021,1.082,B,小倉芝長距離(2500以上)・良・中枠(3-6)で母父系統「ロイヤルチャージャー系」は基準比リフト1.082
新潟,直線長め・平坦型,ダ,中距離(1700-2000),重不良,中枠(3-6),母父系統,ネイティヴダンサー系,191,21,48,0.1099,0.2513,183.8,0.0,7.63,0.2323,0.019,1.082,B,新潟ダ中距離(1700-2000)・重不良・中枠(3-6)で母父系統「ネイティヴダンサー系」は基準比リフト1.082
京都,平坦・スピード型,ダ,中距離(1700-2000),重不良,内枠(1-2),母父系統,ニアークティック系,137,11,34,0.0803,0.2482,66.1,0.0,7.11,0.2293,0.0189,1.082,B,京都ダ中距離(1700-2000)・重不良・内枠(1-2)で母父系統「ニアークティック系」は基準比リフト1.082
新潟,直線長め・平坦型,ダ,短距離(1000-1300),不,外枠(7-8),母父系統,ニアークティック系,83,6,19,0.0723,0.2289,23.6,0.0,7.19,0.2115,0.0174,1.082,B,新潟ダ短距離(1000-1300)・不・外枠(7-8)で母父系統「ニアークティック系」は基準比リフト1.082
中山,坂あり・パワー型,芝,短中距離(1400-1600),良,外枠(7-8),母父系統,ニアークティック系,774,52,158,0.0672,0.2041,59.1,0.0,8.08,0.1887,0.0154,1.082,B,中山芝短中距離(1400-1600)・良・外枠(7-8)で母父系統「ニアークティック系」は基準比リフト1.082
小倉,小回り・機動型,ダ,短距離(1000-1300),良,内枠(1-2),母父系統,ニアークティック系,128,8,29,0.0625,0.2266,37.7,0.0,7.46,0.2096,0.017,1.081,B,小倉ダ短距離(1000-1300)・良・内枠(1-2)で母父系統「ニアークティック系」は基準比リフト1.081
小倉,小回り・機動型,ダ,中距離(1700-2000),不,外枠(7-8),母父系統,ネイティヴダンサー系,89,5,16,0.0562,0.1798,89.9,0.0,7.56,0.1663,0.0135,1.081,B,小倉ダ中距離(1700-2000)・不・外枠(7-8)で母父系統「ネイティヴダンサー系」は基準比リフト1.081
新潟,直線長め・平坦型,ダ,短距離(1000-1300),稍,外枠(7-8),母父系統,ナスルーラ系,98,10,25,0.102,0.2551,74.0,0.0,7.87,0.2363,0.0188,1.08,B,新潟ダ短距離(1000-1300)・稍・外枠(7-8)で母父系統「ナスルーラ系」は基準比リフト1.08
阪神,坂あり・パワー型,ダ,短中距離(1400-1600),重不良,外枠(7-8),母父系統,ネイティヴダンサー系,129,12,32,0.093,0.2481,206.1,0.0,7.65,0.2297,0.0184,1.08,B,阪神ダ短中距離(1400-1600)・重不良・外枠(7-8)で母父系統「ネイティヴダンサー系」は基準比リフト1.08
東京,直線長め・持続型,芝,中長距離(2100-2400),良,外枠(7-8),母父系統,ナスルーラ系,180,9,44,0.05,0.2444,32.4,0.0,8.01,0.2262,0.0182,1.08,B,東京芝中長距離(2100-2400)・良・外枠(7-8)で母父系統「ナスルーラ系」は基準比リフト1.08
中京,直線長め・持続型,ダ,中距離(1700-2000),良,内枠(1-2),母父系統,ニアークティック系,605,45,147,0.0744,0.243,72.1,0.0,7.48,0.225,0.018,1.08,B,中京ダ中距離(1700-2000)・良・内枠(1-2)で母父系統「ニアークティック系」は基準比リフト1.08
阪神,坂あり・パワー型,芝,短距離(1000-1300),良,中枠(3-6),母父系統,ナスルーラ系,257,15,62,0.0584,0.2412,94.3,0.0,7.72,0.2234,0.0178,1.08,B,阪神芝短距離(1000-1300)・良・中枠(3-6)で母父系統「ナスルーラ系」は基準比リフト1.08
東京,直線長め・持続型,芝,短中距離(1400-1600),良,中枠(3-6),母父系統,母父系統不明,105,6,23,0.0571,0.219,17.3,0.0,6.53,0.2028,0.0162,1.08,B,東京芝短中距離(1400-1600)・良・中枠(3-6)で母父系統「母父系統不明」は基準比リフト1.08
東京,直線長め・持続型,ダ,短中距離(1400-1600),良,外枠(7-8),母父系統,ネイティヴダンサー系,1785,158,417,0.0885,0.2336,91.6,0.0,7.79,0.2165,0.0171,1.079,B,東京ダ短中距離(1400-1600)・良・外枠(7-8)で母父系統「ネイティヴダンサー系」は基準比リフト1.079
阪神,坂あり・パワー型,芝,中距離(1700-2000),稍,外枠(7-8),母父系統,ネイティヴダンサー系,138,12,32,0.087,0.2319,33.1,0.0,6.47,0.2149,0.017,1.079,B,阪神芝中距離(1700-2000)・稍・外枠(7-8)で母父系統「ネイティヴダンサー系」は基準比リフト1.079
阪神,坂あり・パワー型,ダ,短距離(1000-1300),稍,中枠(3-6),母父系統,ネイティヴダンサー系,381,33,81,0.0866,0.2126,84.2,0.0,7.79,0.1971,0.0155,1.079,B,阪神ダ短距離(1000-1300)・稍・中枠(3-6)で母父系統「ネイティヴダンサー系」は基準比リフト1.079
阪神,坂あり・パワー型,芝,長距離(2500以上),良,中枠(3-6),母父系統,ニアークティック系,144,13,39,0.0903,0.2708,84.2,0.0,7.18,0.2511,0.0197,1.078,B,阪神芝長距離(2500以上)・良・中枠(3-6)で母父系統「ニアークティック系」は基準比リフト1.078
中山,坂あり・パワー型,ダ,長距離(2500以上),良,中枠(3-6),母父系統,ロイヤルチャージャー系,284,29,70,0.1021,0.2465,73.8,0.0,6.98,0.2287,0.0178,1.078,B,中山ダ長距離(2500以上)・良・中枠(3-6)で母父系統「ロイヤルチャージャー系」は基準比リフト1.078
福島,小回り・機動型,ダ,中距離(1700-2000),良,外枠(7-8),母父系統,ニアークティック系,667,60,157,0.09,0.2354,75.8,0.0,7.76,0.2183,0.0171,1.078,B,福島ダ中距離(1700-2000)・良・外枠(7-8)で母父系統「ニアークティック系」は基準比リフト1.078
京都,平坦・スピード型,ダ,短距離(1000-1300),良,内枠(1-2),母父系統,ネイティヴダンサー系,469,30,107,0.064,0.2281,51.9,0.0,7.86,0.2115,0.0166,1.078,B,京都ダ短距離(1000-1300)・良・内枠(1-2)で母父系統「ネイティヴダンサー系」は基準比リフト1.078
新潟,直線長め・平坦型,芝,中長距離(2100-2400),良,外枠(7-8),母父系統,ロイヤルチャージャー系,268,19,55,0.0709,0.2052,62.0,0.0,7.6,0.1903,0.0149,1.078,B,新潟芝中長距離(2100-2400)・良・外枠(7-8)で母父系統「ロイヤルチャージャー系」は基準比リフト1.078
中山,坂あり・パワー型,ダ,短距離(1000-1300),不,外枠(7-8),母父系統,ニアークティック系,145,12,28,0.0828,0.1931,62.3,0.0,7.93,0.1791,0.014,1.078,B,中山ダ短距離(1000-1300)・不・外枠(7-8)で母父系統「ニアークティック系」は基準比リフト1.078
中山,坂あり・パワー型,ダ,短距離(1000-1300),不,内枠(1-2),母父系統,ニアークティック系,157,8,27,0.051,0.172,29.4,0.0,8.78,0.1596,0.0124,1.078,B,中山ダ短距離(1000-1300)・不・内枠(1-2)で母父系統「ニアークティック系」は基準比リフト1.078
阪神,坂あり・パワー型,ダ,長距離(2500以上),稍,中枠(3-6),母父系統,ニアークティック系,82,8,27,0.0976,0.3293,54.1,0.0,6.28,0.3057,0.0236,1.077,B,阪神ダ長距離(2500以上)・稍・中枠(3-6)で母父系統「ニアークティック系」は基準比リフト1.077
札幌,小回り・持続型,ダ,短距離(1000-1300),良,中枠(3-6),母父系統,ロイヤルチャージャー系,381,27,105,0.0709,0.2756,80.9,0.0,6.24,0.2558,0.0198,1.077,B,札幌ダ短距離(1000-1300)・良・中枠(3-6)で母父系統「ロイヤルチャージャー系」は基準比リフト1.077
京都,平坦・スピード型,ダ,中距離(1700-2000),不,中枠(3-6),母父系統,ネイティヴダンサー系,149,17,37,0.1141,0.2483,70.9,0.0,6.65,0.2306,0.0177,1.077,B,京都ダ中距離(1700-2000)・不・中枠(3-6)で母父系統「ネイティヴダンサー系」は基準比リフト1.077
阪神,坂あり・パワー型,ダ,中距離(1700-2000),不,中枠(3-6),母父系統,ニアークティック系,276,25,68,0.0906,0.2464,96.4,0.0,7.45,0.2288,0.0176,1.077,B,阪神ダ中距離(1700-2000)・不・中枠(3-6)で母父系統「ニアークティック系」は基準比リフト1.077
東京,直線長め・持続型,芝,中距離(1700-2000),良,中枠(3-6),母父系統,その他のエクリプス系,200,15,51,0.075,0.255,36.8,0.0,7.17,0.237,0.018,1.076,B,東京芝中距離(1700-2000)・良・中枠(3-6)で母父系統「その他のエクリプス系」は基準比リフト1.076
京都,平坦・スピード型,ダ,中距離(1700-2000),重不良,内枠(1-2),母父系統,ロイヤルチャージャー系,154,17,38,0.1104,0.2468,126.6,0.0,6.8,0.2293,0.0175,1.076,B,京都ダ中距離(1700-2000)・重不良・内枠(1-2)で母父系統「ロイヤルチャージャー系」は基準比リフト1.076
小倉,小回り・機動型,ダ,短距離(1000-1300),良,外枠(7-8),母父系統,ニアークティック系,299,25,73,0.0836,0.2441,107.3,0.0,7.35,0.2268,0.0173,1.076,B,小倉ダ短距離(1000-1300)・良・外枠(7-8)で母父系統「ニアークティック系」は基準比リフト1.076
中京,直線長め・持続型,ダ,短距離(1000-1300),良,外枠(7-8),母父系統,ナスルーラ系,159,12,34,0.0755,0.2138,65.7,0.0,8.57,0.1988,0.015,1.075,B,中京ダ短距離(1000-1300)・良・外枠(7-8)で母父系統「ナスルーラ系」は基準比リフト1.075
京都,平坦・スピード型,ダ,中距離(1700-2000),不,内枠(1-2),母父系統,ロイヤルチャージャー系,81,8,22,0.0988,0.2716,254.4,0.0,8.02,0.253,0.0186,1.074,B,京都ダ中距離(1700-2000)・不・内枠(1-2)で母父系統「ロイヤルチャージャー系」は基準比リフト1.074
阪神,坂あり・パワー型,ダ,中距離(1700-2000),重不良,中枠(3-6),母父系統,ネイティヴダンサー系,411,39,99,0.0949,0.2409,81.1,0.0,7.47,0.2243,0.0166,1.074,B,阪神ダ中距離(1700-2000)・重不良・中枠(3-6)で母父系統「ネイティヴダンサー系」は基準比リフト1.074
阪神,坂あり・パワー型,芝,短中距離(1400-1600),稍,外枠(7-8),母父系統,ロイヤルチャージャー系,327,26,70,0.0795,0.2141,104.9,0.0,8.39,0.1993,0.0148,1.074,B,阪神芝短中距離(1400-1600)・稍・外枠(7-8)で母父系統「ロイヤルチャージャー系」は基準比リフト1.074
中山,坂あり・パワー型,ダ,中距離(1700-2000),良,中枠(3-6),母父系統,ニアークティック系,2399,172,513,0.0717,0.2138,63.5,0.0,7.74,0.199,0.0148,1.074,B,中山ダ中距離(1700-2000)・良・中枠(3-6)で母父系統「ニアークティック系」は基準比リフト1.074
小倉,小回り・機動型,芝,短距離(1000-1300),良,中枠(3-6),母父系統,ナスルーラ系,955,59,200,0.0618,0.2094,78.2,0.0,8.26,0.1949,0.0145,1.074,B,小倉芝短距離(1000-1300)・良・中枠(3-6)で母父系統「ナスルーラ系」は基準比リフト1.074
中山,坂あり・パワー型,ダ,短距離(1000-1300),稍,中枠(3-6),母父系統,ネイティヴダンサー系,708,45,135,0.0636,0.1907,74.4,0.0,8.21,0.1775,0.0132,1.074,B,中山ダ短距離(1000-1300)・稍・中枠(3-6)で母父系統「ネイティヴダンサー系」は基準比リフト1.074
札幌,小回り・持続型,芝,長距離(2500以上),良,中枠(3-6),母父系統,ニアークティック系,188,12,47,0.0638,0.25,44.6,0.0,6.87,0.233,0.017,1.073,B,札幌芝長距離(2500以上)・良・中枠(3-6)で母父系統「ニアークティック系」は基準比リフト1.073
函館,小回り・持続型,ダ,中距離(1700-2000),稍,内枠(1-2),母父系統,ロイヤルチャージャー系,92,5,23,0.0543,0.25,33.3,0.0,6.54,0.2331,0.0169,1.073,B,函館ダ中距離(1700-2000)・稍・内枠(1-2)で母父系統「ロイヤルチャージャー系」は基準比リフト1.073
中山,坂あり・パワー型,芝,中距離(1700-2000),良,内枠(1-2),母父系統,ニアークティック系,702,48,167,0.0684,0.2379,62.3,0.0,7.76,0.2217,0.0162,1.073,B,中山芝中距離(1700-2000)・良・内枠(1-2)で母父系統「ニアークティック系」は基準比リフト1.073
新潟,直線長め・平坦型,芝,短中距離(1400-1600),良,中枠(3-6),母父系統,ニアークティック系,1398,78,292,0.0558,0.2089,69.6,0.0,8.25,0.1947,0.0142,1.073,B,新潟芝短中距離(1400-1600)・良・中枠(3-6)で母父系統「ニアークティック系」は基準比リフト1.073
新潟,直線長め・平坦型,ダ,中距離(1700-2000),稍,内枠(1-2),母父系統,ネイティヴダンサー系,149,10,31,0.0671,0.2081,62.1,0.0,7.14,0.1942,0.0139,1.072,B,新潟ダ中距離(1700-2000)・稍・内枠(1-2)で母父系統「ネイティヴダンサー系」は基準比リフト1.072
中山,坂あり・パワー型,芝,短距離(1000-1300),良,外枠(7-8),母父系統,ロイヤルチャージャー系,503,26,104,0.0517,0.2068,41.7,0.0,8.28,0.1929,0.0139,1.072,B,中山芝短距離(1000-1300)・良・外枠(7-8)で母父系統「ロイヤルチャージャー系」は基準比リフト1.072
中京,直線長め・持続型,ダ,中距離(1700-2000),稍,中枠(3-6),母父系統,ニアークティック系,417,37,101,0.0887,0.2422,58.3,0.0,7.29,0.2261,0.0161,1.071,B,中京ダ中距離(1700-2000)・稍・中枠(3-6)で母父系統「ニアークティック系」は基準比リフト1.071
福島,小回り・機動型,芝,中距離(1700-2000),良,中枠(3-6),母父系統,ネイティヴダンサー系,930,67,218,0.072,0.2344,79.7,0.0,7.45,0.2188,0.0156,1.071,B,福島芝中距離(1700-2000)・良・中枠(3-6)で母父系統「ネイティヴダンサー系」は基準比リフト1.071
福島,小回り・機動型,ダ,中距離(1700-2000),良,外枠(7-8),母父系統,ネイティヴダンサー系,522,39,122,0.0747,0.2337,93.2,0.0,7.66,0.2183,0.0154,1.071,B,福島ダ中距離(1700-2000)・良・外枠(7-8)で母父系統「ネイティヴダンサー系」は基準比リフト1.071
阪神,坂あり・パワー型,芝,中距離(1700-2000),良,外枠(7-8),母父系統,ナスルーラ系,493,36,123,0.073,0.2495,161.6,0.0,7.13,0.2332,0.0163,1.07,B,阪神芝中距離(1700-2000)・良・外枠(7-8)で母父系統「ナスルーラ系」は基準比リフト1.07
函館,小回り・持続型,芝,短距離(1000-1300),良,中枠(3-6),母父系統,ネイティヴダンサー系,674,62,168,0.092,0.2493,120.4,0.0,7.22,0.2329,0.0164,1.07,B,函館芝短距離(1000-1300)・良・中枠(3-6)で母父系統「ネイティヴダンサー系」は基準比リフト1.07
中山,坂あり・パワー型,芝,中長距離(2100-2400),良,中枠(3-6),母父系統,ロイヤルチャージャー系,443,31,99,0.07,0.2235,53.8,0.0,7.28,0.2088,0.0147,1.07,B,中山芝中長距離(2100-2400)・良・中枠(3-6)で母父系統「ロイヤルチャージャー系」は基準比リフト1.07
函館,小回り・持続型,芝,長距離(2500以上),良,中枠(3-6),母父系統,ニアークティック系,129,9,35,0.0698,0.2713,30.5,0.0,6.25,0.2537,0.0176,1.069,B,函館芝長距離(2500以上)・良・中枠(3-6)で母父系統「ニアークティック系」は基準比リフト1.069
中京,直線長め・持続型,ダ,短中距離(1400-1600),不,中枠(3-6),母父系統,ロイヤルチャージャー系,147,13,34,0.0884,0.2313,71.2,0.0,7.61,0.2164,0.0149,1.069,B,中京ダ短中距離(1400-1600)・不・中枠(3-6)で母父系統「ロイヤルチャージャー系」は基準比リフト1.069
東京,直線長め・持続型,ダ,短距離(1000-1300),良,中枠(3-6),母父系統,ニアークティック系,590,31,124,0.0525,0.2102,31.0,0.0,8.19,0.1967,0.0135,1.069,B,東京ダ短距離(1000-1300)・良・中枠(3-6)で母父系統「ニアークティック系」は基準比リフト1.069
京都,平坦・スピード型,芝,短中距離(1400-1600),良,外枠(7-8),母父系統,ニアークティック系,1271,90,263,0.0708,0.2069,65.8,0.0,8.03,0.1935,0.0134,1.069,B,京都芝短中距離(1400-1600)・良・外枠(7-8)で母父系統「ニアークティック系」は基準比リフト1.069
東京,直線長め・持続型,芝,長距離(2500以上),良,中枠(3-6),母父系統,ネイティヴダンサー系,100,8,21,0.08,0.21,146.1,0.0,8.2,0.1966,0.0134,1.068,B,東京芝長距離(2500以上)・良・中枠(3-6)で母父系統「ネイティヴダンサー系」は基準比リフト1.068
札幌,小回り・持続型,ダ,中距離(1700-2000),重不良,中枠(3-6),母父系統,ロイヤルチャージャー系,115,12,30,0.1043,0.2609,80.3,0.0,7.24,0.2445,0.0164,1.067,B,札幌ダ中距離(1700-2000)・重不良・中枠(3-6)で母父系統「ロイヤルチャージャー系」は基準比リフト1.067
福島,小回り・機動型,芝,中距離(1700-2000),良,内枠(1-2),母父系統,ナスルーラ系,304,27,67,0.0888,0.2204,99.2,0.0,7.61,0.2066,0.0138,1.067,B,福島芝中距離(1700-2000)・良・内枠(1-2)で母父系統「ナスルーラ系」は基準比リフト1.067
東京,直線長め・持続型,芝,短中距離(1400-1600),良,外枠(7-8),母父系統,ニアークティック系,1909,138,405,0.0723,0.2122,75.9,0.0,8.05,0.1988,0.0134,1.067,B,東京芝短中距離(1400-1600)・良・外枠(7-8)で母父系統「ニアークティック系」は基準比リフト1.067
函館,小回り・持続型,芝,中距離(1700-2000),良,内枠(1-2),母父系統,ナスルーラ系,156,13,47,0.0833,0.3013,70.8,0.0,6.99,0.2826,0.0187,1.066,B,函館芝中距離(1700-2000)・良・内枠(1-2)で母父系統「ナスルーラ系」は基準比リフト1.066
中京,直線長め・持続型,ダ,中距離(1700-2000),良,内枠(1-2),母父系統,ネイティヴダンサー系,521,34,125,0.0653,0.2399,57.4,0.0,7.61,0.225,0.0149,1.066,B,中京ダ中距離(1700-2000)・良・内枠(1-2)で母父系統「ネイティヴダンサー系」は基準比リフト1.066
阪神,坂あり・パワー型,ダ,短中距離(1400-1600),良,中枠(3-6),母父系統,ネイティヴダンサー系,1196,86,259,0.0719,0.2166,62.2,0.0,7.58,0.2031,0.0135,1.066,B,阪神ダ短中距離(1400-1600)・良・中枠(3-6)で母父系統「ネイティヴダンサー系」は基準比リフト1.066
中京,直線長め・持続型,芝,中距離(1700-2000),稍,外枠(7-8),母父系統,ニアークティック系,86,3,19,0.0349,0.2209,11.5,0.0,7.62,0.2075,0.0134,1.065,B,中京芝中距離(1700-2000)・稍・外枠(7-8)で母父系統「ニアークティック系」は基準比リフト1.065
中山,坂あり・パワー型,芝,中距離(1700-2000),良,外枠(7-8),母父系統,ロイヤルチャージャー系,1372,76,303,0.0554,0.2208,67.7,0.0,7.95,0.2074,0.0134,1.065,B,中山芝中距離(1700-2000)・良・外枠(7-8)で母父系統「ロイヤルチャージャー系」は基準比リフト1.065
中京,直線長め・持続型,芝,短中距離(1400-1600),良,外枠(7-8),母父系統,ニアークティック系,745,53,157,0.0711,0.2107,58.7,0.0,8.3,0.1978,0.0129,1.065,B,中京芝短中距離(1400-1600)・良・外枠(7-8)で母父系統「ニアークティック系」は基準比リフト1.065
阪神,坂あり・パワー型,ダ,短中距離(1400-1600),稍,中枠(3-6),母父系統,ナスルーラ系,229,18,48,0.0786,0.2096,53.5,0.0,8.06,0.1968,0.0128,1.065,B,阪神ダ短中距離(1400-1600)・稍・中枠(3-6)で母父系統「ナスルーラ系」は基準比リフト1.065
新潟,直線長め・平坦型,芝,短中距離(1400-1600),良,外枠(7-8),母父系統,ネイティヴダンサー系,720,46,146,0.0639,0.2028,75.2,0.0,8.79,0.1905,0.0123,1.065,B,新潟芝短中距離(1400-1600)・良・外枠(7-8)で母父系統「ネイティヴダンサー系」は基準比リフト1.065
中京,直線長め・持続型,ダ,短中距離(1400-1600),重不良,内枠(1-2),母父系統,ロイヤルチャージャー系,83,3,16,0.0361,0.1928,163.7,0.0,9.4,0.1811,0.0117,1.065,B,中京ダ短中距離(1400-1600)・重不良・内枠(1-2)で母父系統「ロイヤルチャージャー系」は基準比リフト1.065
阪神,坂あり・パワー型,ダ,長距離(2500以上),良,中枠(3-6),母父系統,ニアークティック系,367,28,100,0.0763,0.2725,55.9,0.0,6.5,0.256,0.0165,1.064,B,阪神ダ長距離(2500以上)・良・中枠(3-6)で母父系統「ニアークティック系」は基準比リフト1.064
京都,平坦・スピード型,ダ,中距離(1700-2000),良,内枠(1-2),母父系統,ロイヤルチャージャー系,999,74,246,0.0741,0.2462,142.6,0.0,7.46,0.2314,0.0148,1.064,B,京都ダ中距離(1700-2000)・良・内枠(1-2)で母父系統「ロイヤルチャージャー系」は基準比リフト1.064
札幌,小回り・持続型,ダ,中距離(1700-2000),稍,外枠(7-8),母父系統,ロイヤルチャージャー系,124,7,30,0.0565,0.2419,33.4,0.0,7.02,0.2274,0.0145,1.064,B,札幌ダ中距離(1700-2000)・稍・外枠(7-8)で母父系統「ロイヤルチャージャー系」は基準比リフト1.064
京都,平坦・スピード型,ダ,中距離(1700-2000),稍,内枠(1-2),母父系統,ロイヤルチャージャー系,255,22,61,0.0863,0.2392,71.2,0.0,7.43,0.2248,0.0144,1.064,B,京都ダ中距離(1700-2000)・稍・内枠(1-2)で母父系統「ロイヤルチャージャー系」は基準比リフト1.064
中京,直線長め・持続型,芝,短距離(1000-1300),稍,中枠(3-6),母父系統,ニアークティック系,91,6,20,0.0659,0.2198,67.3,0.0,7.99,0.2066,0.0132,1.064,B,中京芝短距離(1000-1300)・稍・中枠(3-6)で母父系統「ニアークティック系」は基準比リフト1.064
新潟,直線長め・平坦型,ダ,短距離(1000-1300),稍,内枠(1-2),母父系統,ネイティヴダンサー系,135,6,25,0.0444,0.1852,36.9,0.0,7.44,0.1741,0.0111,1.064,B,新潟ダ短距離(1000-1300)・稍・内枠(1-2)で母父系統「ネイティヴダンサー系」は基準比リフト1.064
福島,小回り・機動型,ダ,中距離(1700-2000),稍,外枠(7-8),母父系統,ロイヤルチャージャー系,207,14,55,0.0676,0.2657,40.8,0.0,7.63,0.25,0.0157,1.063,B,福島ダ中距離(1700-2000)・稍・外枠(7-8)で母父系統「ロイヤルチャージャー系」は基準比リフト1.063
小倉,小回り・機動型,芝,長距離(2500以上),良,外枠(7-8),母父系統,ネイティヴダンサー系,176,18,44,0.1023,0.25,61.8,0.0,6.4,0.2352,0.0148,1.063,B,小倉芝長距離(2500以上)・良・外枠(7-8)で母父系統「ネイティヴダンサー系」は基準比リフト1.063
中山,坂あり・パワー型,ダ,中距離(1700-2000),重不良,外枠(7-8),母父系統,ニアークティック系,232,18,62,0.0776,0.2672,56.4,0.0,7.38,0.2515,0.0157,1.062,B,中山ダ中距離(1700-2000)・重不良・外枠(7-8)で母父系統「ニアークティック系」は基準比リフト1.062
京都,平坦・スピード型,ダ,中距離(1700-2000),不,中枠(3-6),母父系統,ロイヤルチャージャー系,196,14,48,0.0714,0.2449,60.2,0.0,7.4,0.2306,0.0143,1.062,B,京都ダ中距離(1700-2000)・不・中枠(3-6)で母父系統「ロイヤルチャージャー系」は基準比リフト1.062
中山,坂あり・パワー型,ダ,中距離(1700-2000),稍,外枠(7-8),母父系統,ロイヤルチャージャー系,611,45,138,0.0736,0.2259,74.1,0.0,8.0,0.2128,0.0131,1.062,B,中山ダ中距離(1700-2000)・稍・外枠(7-8)で母父系統「ロイヤルチャージャー系」は基準比リフト1.062
京都,平坦・スピード型,ダ,短距離(1000-1300),良,内枠(1-2),母父系統,ロイヤルチャージャー系,650,39,146,0.06,0.2246,56.8,0.0,7.69,0.2115,0.0131,1.062,B,京都ダ短距離(1000-1300)・良・内枠(1-2)で母父系統「ロイヤルチャージャー系」は基準比リフト1.062
福島,小回り・機動型,ダ,短距離(1000-1300),良,外枠(7-8),母父系統,ナスルーラ系,188,11,42,0.0585,0.2234,95.6,0.0,8.0,0.2103,0.0131,1.062,B,福島ダ短距離(1000-1300)・良・外枠(7-8)で母父系統「ナスルーラ系」は基準比リフト1.062
小倉,小回り・機動型,ダ,中距離(1700-2000),不,中枠(3-6),母父系統,ロイヤルチャージャー系,271,19,58,0.0701,0.214,100.9,0.0,8.23,0.2015,0.0125,1.062,B,小倉ダ中距離(1700-2000)・不・中枠(3-6)で母父系統「ロイヤルチャージャー系」は基準比リフト1.062
新潟,直線長め・平坦型,芝,中距離(1700-2000),良,中枠(3-6),母父系統,ナスルーラ系,612,44,141,0.0719,0.2304,71.5,0.0,7.99,0.2171,0.0133,1.061,B,新潟芝中距離(1700-2000)・良・中枠(3-6)で母父系統「ナスルーラ系」は基準比リフト1.061
中京,直線長め・持続型,ダ,中距離(1700-2000),良,外枠(7-8),母父系統,ネイティヴダンサー系,641,46,142,0.0718,0.2215,54.4,0.0,7.39,0.2087,0.0128,1.061,B,中京ダ中距離(1700-2000)・良・外枠(7-8)で母父系統「ネイティヴダンサー系」は基準比リフト1.061
函館,小回り・持続型,芝,短距離(1000-1300),稍,外枠(7-8),母父系統,ロイヤルチャージャー系,145,8,31,0.0552,0.2138,32.6,0.0,7.7,0.2015,0.0123,1.061,B,函館芝短距離(1000-1300)・稍・外枠(7-8)で母父系統「ロイヤルチャージャー系」は基準比リフト1.061
小倉,小回り・機動型,ダ,中距離(1700-2000),良,中枠(3-6),母父系統,ロイヤルチャージャー系,1322,87,273,0.0658,0.2065,67.5,0.0,8.0,0.1947,0.0118,1.061,B,小倉ダ中距離(1700-2000)・良・中枠(3-6)で母父系統「ロイヤルチャージャー系」は基準比リフト1.061
中山,坂あり・パワー型,ダ,中距離(1700-2000),不,中枠(3-6),母父系統,ネイティヴダンサー系,301,23,62,0.0764,0.206,95.9,0.0,7.85,0.1941,0.0119,1.061,B,中山ダ中距離(1700-2000)・不・中枠(3-6)で母父系統「ネイティヴダンサー系」は基準比リフト1.061
京都,平坦・スピード型,ダ,短距離(1000-1300),稍,中枠(3-6),母父系統,ネイティヴダンサー系,292,25,58,0.0856,0.1986,165.4,0.0,8.08,0.1872,0.0114,1.061,B,京都ダ短距離(1000-1300)・稍・中枠(3-6)で母父系統「ネイティヴダンサー系」は基準比リフト1.061
中京,直線長め・持続型,ダ,短距離(1000-1300),良,中枠(3-6),母父系統,ナスルーラ系,290,19,56,0.0655,0.1931,49.6,0.0,8.24,0.182,0.0111,1.061,B,中京ダ短距離(1000-1300)・良・中枠(3-6)で母父系統「ナスルーラ系」は基準比リフト1.061
中山,坂あり・パワー型,ダ,長距離(2500以上),良,内枠(1-2),母父系統,ニアークティック系,105,7,31,0.0667,0.2952,18.2,0.0,6.45,0.2785,0.0167,1.06,B,中山ダ長距離(2500以上)・良・内枠(1-2)で母父系統「ニアークティック系」は基準比リフト1.06
阪神,坂あり・パワー型,ダ,中距離(1700-2000),良,外枠(7-8),母父系統,ロイヤルチャージャー系,1513,122,377,0.0806,0.2492,63.3,0.0,7.13,0.2351,0.0141,1.06,B,阪神ダ中距離(1700-2000)・良・外枠(7-8)で母父系統「ロイヤルチャージャー系」は基準比リフト1.06
小倉,小回り・機動型,ダ,短距離(1000-1300),重不良,中枠(3-6),母父系統,ニアークティック系,164,16,39,0.0976,0.2378,79.2,0.0,7.21,0.2243,0.0135,1.06,B,小倉ダ短距離(1000-1300)・重不良・中枠(3-6)で母父系統「ニアークティック系」は基準比リフト1.06
小倉,小回り・機動型,芝,中距離(1700-2000),良,内枠(1-2),母父系統,ナスルーラ系,339,31,80,0.0914,0.236,65.1,0.0,7.38,0.2226,0.0134,1.06,B,小倉芝中距離(1700-2000)・良・内枠(1-2)で母父系統「ナスルーラ系」は基準比リフト1.06
中京,直線長め・持続型,芝,中距離(1700-2000),稍,中枠(3-6),母父系統,ロイヤルチャージャー系,161,13,38,0.0807,0.236,92.1,0.0,7.84,0.2227,0.0133,1.06,B,中京芝中距離(1700-2000)・稍・中枠(3-6)で母父系統「ロイヤルチャージャー系」は基準比リフト1.06
新潟,直線長め・平坦型,ダ,中距離(1700-2000),良,中枠(3-6),母父系統,ナスルーラ系,484,36,110,0.0744,0.2273,96.7,0.0,7.58,0.2144,0.0129,1.06,B,新潟ダ中距離(1700-2000)・良・中枠(3-6)で母父系統「ナスルーラ系」は基準比リフト1.06
札幌,小回り・持続型,芝,中距離(1700-2000),良,外枠(7-8),母父系統,ナスルーラ系,227,12,50,0.0529,0.2203,59.5,0.0,6.82,0.2079,0.0124,1.06,B,札幌芝中距離(1700-2000)・良・外枠(7-8)で母父系統「ナスルーラ系」は基準比リフト1.06
新潟,直線長め・平坦型,芝,中距離(1700-2000),良,内枠(1-2),母父系統,ニアークティック系,589,38,117,0.0645,0.1986,107.1,0.0,8.18,0.1874,0.0112,1.06,B,新潟芝中距離(1700-2000)・良・内枠(1-2)で母父系統「ニアークティック系」は基準比リフト1.06
札幌,小回り・持続型,芝,短中距離(1400-1600),良,内枠(1-2),母父系統,ロイヤルチャージャー系,159,19,47,0.1195,0.2956,84.3,0.0,6.62,0.279,0.0166,1.059,B,札幌芝短中距離(1400-1600)・良・内枠(1-2)で母父系統「ロイヤルチャージャー系」は基準比リフト1.059
京都,平坦・スピード型,芝,短距離(1000-1300),良,内枠(1-2),母父系統,ナスルーラ系,126,13,31,0.1032,0.246,118.8,0.0,7.65,0.2324,0.0136,1.059,B,京都芝短距離(1000-1300)・良・内枠(1-2)で母父系統「ナスルーラ系」は基準比リフト1.059
新潟,直線長め・平坦型,芝,中距離(1700-2000),稍,中枠(3-6),母父系統,ニアークティック系,222,16,51,0.0721,0.2297,71.9,0.0,7.82,0.217,0.0127,1.059,B,新潟芝中距離(1700-2000)・稍・中枠(3-6)で母父系統「ニアークティック系」は基準比リフト1.059
札幌,小回り・持続型,芝,短距離(1000-1300),稍,中枠(3-6),母父系統,ニアークティック系,105,9,24,0.0857,0.2286,71.6,0.0,8.07,0.2158,0.0128,1.059,B,札幌芝短距離(1000-1300)・稍・中枠(3-6)で母父系統「ニアークティック系」は基準比リフト1.059
阪神,坂あり・パワー型,ダ,短距離(1000-1300),良,中枠(3-6),母父系統,ナスルーラ系,455,33,100,0.0725,0.2198,50.4,0.0,8.08,0.2076,0.0122,1.059,B,阪神ダ短距離(1000-1300)・良・中枠(3-6)で母父系統「ナスルーラ系」は基準比リフト1.059
東京,直線長め・持続型,ダ,短中距離(1400-1600),良,中枠(3-6),母父系統,マンノウォー系,104,12,22,0.1154,0.2115,119.2,0.0,8.13,0.1997,0.0118,1.059,B,東京ダ短中距離(1400-1600)・良・中枠(3-6)で母父系統「マンノウォー系」は基準比リフト1.059
京都,平坦・スピード型,ダ,中距離(1700-2000),不,外枠(7-8),母父系統,ニアークティック系,91,7,19,0.0769,0.2088,77.8,0.0,7.24,0.1972,0.0116,1.059,B,京都ダ中距離(1700-2000)・不・外枠(7-8)で母父系統「ニアークティック系」は基準比リフト1.059
新潟,直線長め・平坦型,芝,短中距離(1400-1600),良,内枠(1-2),母父系統,ニアークティック系,662,43,118,0.065,0.1782,93.1,0.0,8.77,0.1682,0.01,1.059,B,新潟芝短中距離(1400-1600)・良・内枠(1-2)で母父系統「ニアークティック系」は基準比リフト1.059
東京,直線長め・持続型,芝,中距離(1700-2000),良,中枠(3-6),母父系統,ニアークティック系,2102,188,527,0.0894,0.2507,69.7,0.0,7.25,0.237,0.0137,1.058,B,東京芝中距離(1700-2000)・良・中枠(3-6)で母父系統「ニアークティック系」は基準比リフト1.058
新潟,直線長め・平坦型,ダ,中距離(1700-2000),稍,中枠(3-6),母父系統,ネイティヴダンサー系,396,34,96,0.0859,0.2424,86.7,0.0,7.2,0.2292,0.0132,1.058,B,新潟ダ中距離(1700-2000)・稍・中枠(3-6)で母父系統「ネイティヴダンサー系」は基準比リフト1.058
札幌,小回り・持続型,ダ,中距離(1700-2000),良,内枠(1-2),母父系統,ロイヤルチャージャー系,315,24,70,0.0762,0.2222,91.9,0.0,6.66,0.21,0.0122,1.058,B,札幌ダ中距離(1700-2000)・良・内枠(1-2)で母父系統「ロイヤルチャージャー系」は基準比リフト1.058
京都,平坦・スピード型,ダ,短中距離(1400-1600),良,内枠(1-2),母父系統,ニアークティック系,647,46,142,0.0711,0.2195,81.4,0.0,7.99,0.2074,0.0121,1.058,B,京都ダ短中距離(1400-1600)・良・内枠(1-2)で母父系統「ニアークティック系」は基準比リフト1.058
阪神,坂あり・パワー型,ダ,中距離(1700-2000),重不良,内枠(1-2),母父系統,ロイヤルチャージャー系,245,17,52,0.0694,0.2122,95.5,0.0,7.6,0.2005,0.0117,1.058,B,阪神ダ中距離(1700-2000)・重不良・内枠(1-2)で母父系統「ロイヤルチャージャー系」は基準比リフト1.058
東京,直線長め・持続型,芝,短中距離(1400-1600),良,外枠(7-8),母父系統,ネイティヴダンサー系,1379,107,290,0.0776,0.2103,65.0,0.0,8.38,0.1988,0.0115,1.058,B,東京芝短中距離(1400-1600)・良・外枠(7-8)で母父系統「ネイティヴダンサー系」は基準比リフト1.058
京都,平坦・スピード型,ダ,短距離(1000-1300),稍,外枠(7-8),母父系統,ネイティヴダンサー系,146,10,35,0.0685,0.2397,51.0,0.0,8.12,0.2268,0.0129,1.057,B,京都ダ短距離(1000-1300)・稍・外枠(7-8)で母父系統「ネイティヴダンサー系」は基準比リフト1.057
京都,平坦・スピード型,芝,中長距離(2100-2400),良,内枠(1-2),母父系統,ロイヤルチャージャー系,257,32,79,0.1245,0.3074,173.3,0.0,6.62,0.2911,0.0163,1.056,B,京都芝中長距離(2100-2400)・良・内枠(1-2)で母父系統「ロイヤルチャージャー系」は基準比リフト1.056
函館,小回り・持続型,ダ,中距離(1700-2000),良,中枠(3-6),母父系統,ネイティヴダンサー系,615,48,153,0.078,0.2488,61.5,0.0,6.67,0.2356,0.0132,1.056,B,函館ダ中距離(1700-2000)・良・中枠(3-6)で母父系統「ネイティヴダンサー系」は基準比リフト1.056
中京,直線長め・持続型,芝,中距離(1700-2000),良,内枠(1-2),母父系統,ナスルーラ系,164,12,39,0.0732,0.2378,51.3,0.0,7.51,0.2251,0.0127,1.056,B,中京芝中距離(1700-2000)・良・内枠(1-2)で母父系統「ナスルーラ系」は基準比リフト1.056
京都,平坦・スピード型,ダ,短距離(1000-1300),良,外枠(7-8),母父系統,ニアークティック系,658,46,142,0.0699,0.2158,39.7,0.0,7.87,0.2043,0.0115,1.056,B,京都ダ短距離(1000-1300)・良・外枠(7-8)で母父系統「ニアークティック系」は基準比リフト1.056
京都,平坦・スピード型,芝,短中距離(1400-1600),良,外枠(7-8),母父系統,ロイヤルチャージャー系,1424,103,291,0.0723,0.2044,86.7,0.0,8.23,0.1935,0.0109,1.056,B,京都芝短中距離(1400-1600)・良・外枠(7-8)で母父系統「ロイヤルチャージャー系」は基準比リフト1.056
函館,小回り・持続型,ダ,中距離(1700-2000),稍,中枠(3-6),母父系統,ナスルーラ系,92,7,23,0.0761,0.25,229.1,0.0,6.91,0.2369,0.0131,1.055,B,函館ダ中距離(1700-2000)・稍・中枠(3-6)で母父系統「ナスルーラ系」は基準比リフト1.055
函館,小回り・持続型,ダ,短距離(1000-1300),稍,中枠(3-6),母父系統,ニアークティック系,106,7,28,0.066,0.2642,54.2,0.0,6.28,0.2507,0.0135,1.054,B,函館ダ短距離(1000-1300)・稍・中枠(3-6)で母父系統「ニアークティック系」は基準比リフト1.054
札幌,小回り・持続型,ダ,中距離(1700-2000),良,中枠(3-6),母父系統,ネイティヴダンサー系,799,77,208,0.0964,0.2603,84.2,0.0,6.76,0.2469,0.0134,1.054,B,札幌ダ中距離(1700-2000)・良・中枠(3-6)で母父系統「ネイティヴダンサー系」は基準比リフト1.054
京都,平坦・スピード型,ダ,長距離(2500以上),良,外枠(7-8),母父系統,ナスルーラ系,81,6,21,0.0741,0.2593,74.7,0.0,7.02,0.246,0.0133,1.054,B,京都ダ長距離(2500以上)・良・外枠(7-8)で母父系統「ナスルーラ系」は基準比リフト1.054
小倉,小回り・機動型,ダ,短距離(1000-1300),良,外枠(7-8),母父系統,ナスルーラ系,138,11,33,0.0797,0.2391,68.0,0.0,6.97,0.2268,0.0123,1.054,B,小倉ダ短距離(1000-1300)・良・外枠(7-8)で母父系統「ナスルーラ系」は基準比リフト1.054
京都,平坦・スピード型,芝,中距離(1700-2000),良,外枠(7-8),母父系統,ネイティヴダンサー系,671,59,160,0.0879,0.2385,57.9,0.0,7.08,0.2263,0.0122,1.054,B,京都芝中距離(1700-2000)・良・外枠(7-8)で母父系統「ネイティヴダンサー系」は基準比リフト1.054
京都,平坦・スピード型,芝,短中距離(1400-1600),良,中枠(3-6),母父系統,ナスルーラ系,917,70,207,0.0763,0.2257,93.6,0.0,7.9,0.2142,0.0115,1.054,B,京都芝短中距離(1400-1600)・良・中枠(3-6)で母父系統「ナスルーラ系」は基準比リフト1.054
函館,小回り・持続型,芝,短距離(1000-1300),良,外枠(7-8),母父系統,ナスルーラ系,253,17,56,0.0672,0.2213,40.7,0.0,7.46,0.21,0.0113,1.054,B,函館芝短距離(1000-1300)・良・外枠(7-8)で母父系統「ナスルーラ系」は基準比リフト1.054
中山,坂あり・パワー型,ダ,短距離(1000-1300),不,内枠(1-2),母父系統,ネイティヴダンサー系,107,5,18,0.0467,0.1682,34.0,0.0,8.52,0.1596,0.0086,1.054,B,中山ダ短距離(1000-1300)・不・内枠(1-2)で母父系統「ネイティヴダンサー系」は基準比リフト1.054
阪神,坂あり・パワー型,ダ,短中距離(1400-1600),良,外枠(7-8),母父系統,ネイティヴダンサー系,635,61,148,0.0961,0.2331,67.4,0.0,7.52,0.2213,0.0118,1.053,B,阪神ダ短中距離(1400-1600)・良・外枠(7-8)で母父系統「ネイティヴダンサー系」は基準比リフト1.053
東京,直線長め・持続型,芝,中距離(1700-2000),良,外枠(7-8),母父系統,ネイティヴダンサー系,926,67,210,0.0724,0.2268,58.8,0.0,7.34,0.2154,0.0114,1.053,B,東京芝中距離(1700-2000)・良・外枠(7-8)で母父系統「ネイティヴダンサー系」は基準比リフト1.053
福島,小回り・機動型,芝,中距離(1700-2000),良,内枠(1-2),母父系統,ニアークティック系,561,41,122,0.0731,0.2175,68.6,0.0,7.75,0.2066,0.0109,1.053,B,福島芝中距離(1700-2000)・良・内枠(1-2)で母父系統「ニアークティック系」は基準比リフト1.053
小倉,小回り・機動型,芝,短距離(1000-1300),稍,内枠(1-2),母父系統,ニアークティック系,172,9,31,0.0523,0.1802,173.7,0.0,8.23,0.1711,0.0091,1.053,B,小倉芝短距離(1000-1300)・稍・内枠(1-2)で母父系統「ニアークティック系」は基準比リフト1.053
新潟,直線長め・平坦型,芝,中距離(1700-2000),重不良,中枠(3-6),母父系統,ロイヤルチャージャー系,92,4,22,0.0435,0.2391,42.8,0.0,7.6,0.2273,0.0118,1.052,B,新潟芝中距離(1700-2000)・重不良・中枠(3-6)で母父系統「ロイヤルチャージャー系」は基準比リフト1.052
中山,坂あり・パワー型,芝,中長距離(2100-2400),良,中枠(3-6),母父系統,ナスルーラ系,173,9,38,0.052,0.2197,26.8,0.0,8.06,0.2088,0.0109,1.052,B,中山芝中長距離(2100-2400)・良・中枠(3-6)で母父系統「ナスルーラ系」は基準比リフト1.052
函館,小回り・持続型,芝,短距離(1000-1300),稍,中枠(3-6),母父系統,ニアークティック系,204,21,52,0.1029,0.2549,131.1,0.0,6.84,0.2425,0.0124,1.051,B,函館芝短距離(1000-1300)・稍・中枠(3-6)で母父系統「ニアークティック系」は基準比リフト1.051
中山,坂あり・パワー型,ダ,中長距離(2100-2400),良,外枠(7-8),母父系統,ロイヤルチャージャー系,108,9,27,0.0833,0.25,32.7,0.0,6.63,0.2378,0.0122,1.051,B,中山ダ中長距離(2100-2400)・良・外枠(7-8)で母父系統「ロイヤルチャージャー系」は基準比リフト1.051
京都,平坦・スピード型,ダ,短距離(1000-1300),良,内枠(1-2),母父系統,ナスルーラ系,261,13,58,0.0498,0.2222,38.5,0.0,7.77,0.2115,0.0107,1.051,B,京都ダ短距離(1000-1300)・良・内枠(1-2)で母父系統「ナスルーラ系」は基準比リフト1.051
京都,平坦・スピード型,ダ,短中距離(1400-1600),稍,中枠(3-6),母父系統,ネイティヴダンサー系,346,28,75,0.0809,0.2168,76.8,0.0,7.65,0.2062,0.0106,1.051,B,京都ダ短中距離(1400-1600)・稍・中枠(3-6)で母父系統「ネイティヴダンサー系」は基準比リフト1.051
東京,直線長め・持続型,ダ,短中距離(1400-1600),不,内枠(1-2),母父系統,ネイティヴダンサー系,159,8,30,0.0503,0.1887,43.6,0.0,8.42,0.1796,0.0091,1.051,B,東京ダ短中距離(1400-1600)・不・内枠(1-2)で母父系統「ネイティヴダンサー系」は基準比リフト1.051
札幌,小回り・持続型,ダ,短距離(1000-1300),良,外枠(7-8),母父系統,ロイヤルチャージャー系,248,22,75,0.0887,0.3024,33.3,0.0,5.84,0.2879,0.0145,1.05,B,札幌ダ短距離(1000-1300)・良・外枠(7-8)で母父系統「ロイヤルチャージャー系」は基準比リフト1.05
中山,坂あり・パワー型,芝,短中距離(1400-1600),良,内枠(1-2),母父系統,ロイヤルチャージャー系,803,62,202,0.0772,0.2516,80.9,0.0,7.66,0.2397,0.0119,1.05,B,中山芝短中距離(1400-1600)・良・内枠(1-2)で母父系統「ロイヤルチャージャー系」は基準比リフト1.05
京都,平坦・スピード型,芝,中長距離(2100-2400),良,中枠(3-6),母父系統,ネイティヴダンサー系,370,30,91,0.0811,0.2459,73.0,0.0,7.06,0.2341,0.0118,1.05,B,京都芝中長距離(2100-2400)・良・中枠(3-6)で母父系統「ネイティヴダンサー系」は基準比リフト1.05
中京,直線長め・持続型,芝,短中距離(1400-1600),稍,外枠(7-8),母父系統,ネイティヴダンサー系,117,12,26,0.1026,0.2222,49.0,0.0,7.44,0.2116,0.0106,1.05,B,中京芝短中距離(1400-1600)・稍・外枠(7-8)で母父系統「ネイティヴダンサー系」は基準比リフト1.05
中京,直線長め・持続型,ダ,短距離(1000-1300),稍,内枠(1-2),母父系統,ロイヤルチャージャー系,109,5,22,0.0459,0.2018,33.7,0.0,7.88,0.1922,0.0096,1.05,B,中京ダ短距離(1000-1300)・稍・内枠(1-2)で母父系統「ロイヤルチャージャー系」は基準比リフト1.05
中山,坂あり・パワー型,ダ,短距離(1000-1300),重不良,中枠(3-6),母父系統,ニアークティック系,462,31,93,0.0671,0.2013,56.1,0.0,8.31,0.1917,0.0096,1.05,B,中山ダ短距離(1000-1300)・重不良・中枠(3-6)で母父系統「ニアークティック系」は基準比リフト1.05
福島,小回り・機動型,芝,短距離(1000-1300),良,中枠(3-6),母父系統,ニアークティック系,1468,95,291,0.0647,0.1982,68.7,0.0,8.17,0.1887,0.0095,1.05,B,福島芝短距離(1000-1300)・良・中枠(3-6)で母父系統「ニアークティック系」は基準比リフト1.05
阪神,坂あり・パワー型,ダ,長距離(2500以上),良,中枠(3-6),母父系統,ロイヤルチャージャー系,283,24,76,0.0848,0.2686,69.6,0.0,6.28,0.256,0.0126,1.049,C,阪神ダ長距離(2500以上)・良・中枠(3-6)で母父系統「ロイヤルチャージャー系」は基準比リフト1.049
新潟,直線長め・平坦型,芝,長距離(2500以上),良,外枠(7-8),母父系統,ネイティヴダンサー系,179,20,47,0.1117,0.2626,111.5,0.0,6.9,0.2503,0.0123,1.049,C,新潟芝長距離(2500以上)・良・外枠(7-8)で母父系統「ネイティヴダンサー系」は基準比リフト1.049
新潟,直線長め・平坦型,ダ,中距離(1700-2000),不,中枠(3-6),母父系統,ニアークティック系,188,13,46,0.0691,0.2447,33.7,0.0,7.36,0.2333,0.0114,1.049,C,新潟ダ中距離(1700-2000)・不・中枠(3-6)で母父系統「ニアークティック系」は基準比リフト1.049
中京,直線長め・持続型,芝,短中距離(1400-1600),良,外枠(7-8),母父系統,ナスルーラ系,323,21,67,0.065,0.2074,46.7,0.0,7.84,0.1978,0.0096,1.049,C,中京芝短中距離(1400-1600)・良・外枠(7-8)で母父系統「ナスルーラ系」は基準比リフト1.049
新潟,直線長め・平坦型,芝,短中距離(1400-1600),良,中枠(3-6),母父系統,ネイティヴダンサー系,1058,78,216,0.0737,0.2042,96.5,0.0,8.43,0.1947,0.0095,1.049,C,新潟芝短中距離(1400-1600)・良・中枠(3-6)で母父系統「ネイティヴダンサー系」は基準比リフト1.049
中京,直線長め・持続型,ダ,短中距離(1400-1600),良,外枠(7-8),母父系統,ロイヤルチャージャー系,556,38,113,0.0683,0.2032,48.8,0.0,8.24,0.1938,0.0094,1.049,C,中京ダ短中距離(1400-1600)・良・外枠(7-8)で母父系統「ロイヤルチャージャー系」は基準比リフト1.049
函館,小回り・持続型,芝,中距離(1700-2000),良,中枠(3-6),母父系統,ナスルーラ系,378,30,95,0.0794,0.2513,87.0,0.0,6.99,0.2397,0.0116,1.048,C,函館芝中距離(1700-2000)・良・中枠(3-6)で母父系統「ナスルーラ系」は基準比リフト1.048
函館,小回り・持続型,ダ,中距離(1700-2000),良,中枠(3-6),母父系統,ニアークティック系,761,68,188,0.0894,0.247,114.8,0.0,6.76,0.2356,0.0114,1.048,C,函館ダ中距離(1700-2000)・良・中枠(3-6)で母父系統「ニアークティック系」は基準比リフト1.048
新潟,直線長め・平坦型,芝,短距離(1000-1300),良,外枠(7-8),母父系統,ニアークティック系,674,54,165,0.0801,0.2448,69.4,0.0,7.66,0.2335,0.0113,1.048,C,新潟芝短距離(1000-1300)・良・外枠(7-8)で母父系統「ニアークティック系」は基準比リフト1.048
新潟,直線長め・平坦型,ダ,中距離(1700-2000),不,中枠(3-6),母父系統,ネイティヴダンサー系,139,10,34,0.0719,0.2446,88.3,0.0,7.67,0.2333,0.0113,1.048,C,新潟ダ中距離(1700-2000)・不・中枠(3-6)で母父系統「ネイティヴダンサー系」は基準比リフト1.048
阪神,坂あり・パワー型,芝,中距離(1700-2000),良,外枠(7-8),母父系統,ネイティヴダンサー系,741,67,181,0.0904,0.2443,92.0,0.0,7.15,0.2332,0.0111,1.048,C,阪神芝中距離(1700-2000)・良・外枠(7-8)で母父系統「ネイティヴダンサー系」は基準比リフト1.048
京都,平坦・スピード型,ダ,中距離(1700-2000),良,中枠(3-6),母父系統,ロイヤルチャージャー系,2402,169,549,0.0704,0.2286,85.5,0.0,7.53,0.2181,0.0105,1.048,C,京都ダ中距離(1700-2000)・良・中枠(3-6)で母父系統「ロイヤルチャージャー系」は基準比リフト1.048
阪神,坂あり・パワー型,ダ,短距離(1000-1300),重不良,中枠(3-6),母父系統,ナスルーラ系,141,10,30,0.0709,0.2128,63.8,0.0,7.91,0.203,0.0098,1.048,C,阪神ダ短距離(1000-1300)・重不良・中枠(3-6)で母父系統「ナスルーラ系」は基準比リフト1.048
福島,小回り・機動型,ダ,短距離(1000-1300),良,中枠(3-6),母父系統,ニアークティック系,705,40,139,0.0567,0.1972,70.3,0.0,8.18,0.1882,0.009,1.048,C,福島ダ短距離(1000-1300)・良・中枠(3-6)で母父系統「ニアークティック系」は基準比リフト1.048
函館,小回り・持続型,ダ,短距離(1000-1300),良,内枠(1-2),母父系統,ネイティヴダンサー系,115,13,34,0.113,0.2957,56.3,0.0,5.63,0.2824,0.0133,1.047,C,函館ダ短距離(1000-1300)・良・内枠(1-2)で母父系統「ネイティヴダンサー系」は基準比リフト1.047
新潟,直線長め・平坦型,芝,長距離(2500以上),良,中枠(3-6),母父系統,ネイティヴダンサー系,309,22,73,0.0712,0.2362,63.9,0.0,7.27,0.2255,0.0107,1.047,C,新潟芝長距離(2500以上)・良・中枠(3-6)で母父系統「ネイティヴダンサー系」は基準比リフト1.047
阪神,坂あり・パワー型,ダ,短中距離(1400-1600),良,外枠(7-8),母父系統,ロイヤルチャージャー系,850,60,197,0.0706,0.2318,72.5,0.0,7.91,0.2213,0.0105,1.047,C,阪神ダ短中距離(1400-1600)・良・外枠(7-8)で母父系統「ロイヤルチャージャー系」は基準比リフト1.047
中山,坂あり・パワー型,ダ,中距離(1700-2000),不,外枠(7-8),母父系統,ニアークティック系,165,11,38,0.0667,0.2303,41.6,0.0,7.74,0.2199,0.0104,1.047,C,中山ダ中距離(1700-2000)・不・外枠(7-8)で母父系統「ニアークティック系」は基準比リフト1.047
阪神,坂あり・パワー型,芝,短中距離(1400-1600),良,中枠(3-6),母父系統,ニアークティック系,2224,176,505,0.0791,0.2271,74.0,0.0,7.67,0.2169,0.0102,1.047,C,阪神芝短中距離(1400-1600)・良・中枠(3-6)で母父系統「ニアークティック系」は基準比リフト1.047
小倉,小回り・機動型,ダ,中距離(1700-2000),重不良,中枠(3-6),母父系統,ネイティヴダンサー系,269,24,59,0.0892,0.2193,68.8,0.0,7.74,0.2095,0.0098,1.047,C,小倉ダ中距離(1700-2000)・重不良・中枠(3-6)で母父系統「ネイティヴダンサー系」は基準比リフト1.047
東京,直線長め・持続型,ダ,短距離(1000-1300),良,内枠(1-2),母父系統,ロイヤルチャージャー系,362,20,76,0.0552,0.2099,79.8,0.0,8.19,0.2004,0.0095,1.047,C,東京ダ短距離(1000-1300)・良・内枠(1-2)で母父系統「ロイヤルチャージャー系」は基準比リフト1.047
小倉,小回り・機動型,ダ,中距離(1700-2000),良,外枠(7-8),母父系統,ニアークティック系,600,41,124,0.0683,0.2067,111.9,0.0,7.79,0.1974,0.0093,1.047,C,小倉ダ中距離(1700-2000)・良・外枠(7-8)で母父系統「ニアークティック系」は基準比リフト1.047
阪神,坂あり・パワー型,ダ,短距離(1000-1300),良,内枠(1-2),母父系統,ネイティヴダンサー系,404,23,76,0.0569,0.1881,85.8,0.0,8.25,0.1796,0.0085,1.047,C,阪神ダ短距離(1000-1300)・良・内枠(1-2)で母父系統「ネイティヴダンサー系」は基準比リフト1.047
新潟,直線長め・平坦型,ダ,中距離(1700-2000),重不良,中枠(3-6),母父系統,ロイヤルチャージャー系,284,25,69,0.088,0.243,61.7,0.0,7.5,0.2323,0.0107,1.046,C,新潟ダ中距離(1700-2000)・重不良・中枠(3-6)で母父系統「ロイヤルチャージャー系」は基準比リフト1.046
中山,坂あり・パワー型,ダ,長距離(2500以上),良,外枠(7-8),母父系統,ナスルーラ系,90,6,21,0.0667,0.2333,30.7,0.0,7.29,0.223,0.0103,1.046,C,中山ダ長距離(2500以上)・良・外枠(7-8)で母父系統「ナスルーラ系」は基準比リフト1.046
中山,坂あり・パワー型,ダ,中距離(1700-2000),良,外枠(7-8),母父系統,ネイティヴダンサー系,1091,98,254,0.0898,0.2328,69.4,0.0,7.76,0.2226,0.0102,1.046,C,中山ダ中距離(1700-2000)・良・外枠(7-8)で母父系統「ネイティヴダンサー系」は基準比リフト1.046
新潟,直線長め・平坦型,ダ,中距離(1700-2000),良,中枠(3-6),母父系統,その他のエクリプス系,107,9,24,0.0841,0.2243,486.6,0.0,8.08,0.2144,0.0099,1.046,C,新潟ダ中距離(1700-2000)・良・中枠(3-6)で母父系統「その他のエクリプス系」は基準比リフト1.046
中京,直線長め・持続型,芝,短距離(1000-1300),良,内枠(1-2),母父系統,ナスルーラ系,144,11,29,0.0764,0.2014,91.5,0.0,9.59,0.1925,0.0089,1.046,C,中京芝短距離(1000-1300)・良・内枠(1-2)で母父系統「ナスルーラ系」は基準比リフト1.046
中山,坂あり・パワー型,ダ,中距離(1700-2000),稍,内枠(1-2),母父系統,ニアークティック系,323,14,62,0.0433,0.192,69.1,0.0,7.86,0.1835,0.0085,1.046,C,中山ダ中距離(1700-2000)・稍・内枠(1-2)で母父系統「ニアークティック系」は基準比リフト1.046
新潟,直線長め・平坦型,芝,短距離(1000-1300),稍,外枠(7-8),母父系統,ロイヤルチャージャー系,141,6,37,0.0426,0.2624,63.1,0.0,7.88,0.2512,0.0112,1.045,C,新潟芝短距離(1000-1300)・稍・外枠(7-8)で母父系統「ロイヤルチャージャー系」は基準比リフト1.045
札幌,小回り・持続型,ダ,中距離(1700-2000),良,中枠(3-6),母父系統,ナスルーラ系,403,43,104,0.1067,0.2581,107.5,0.0,6.73,0.2469,0.0112,1.045,C,札幌ダ中距離(1700-2000)・良・中枠(3-6)で母父系統「ナスルーラ系」は基準比リフト1.045
東京,直線長め・持続型,芝,中距離(1700-2000),良,内枠(1-2),母父系統,ネイティヴダンサー系,645,70,158,0.1085,0.245,84.7,0.0,6.97,0.2345,0.0105,1.045,C,東京芝中距離(1700-2000)・良・内枠(1-2)で母父系統「ネイティヴダンサー系」は基準比リフト1.045
京都,平坦・スピード型,芝,中距離(1700-2000),良,外枠(7-8),母父系統,ニアークティック系,998,76,236,0.0762,0.2365,69.2,0.0,7.32,0.2263,0.0102,1.045,C,京都芝中距離(1700-2000)・良・外枠(7-8)で母父系統「ニアークティック系」は基準比リフト1.045
京都,平坦・スピード型,ダ,中距離(1700-2000),稍,外枠(7-8),母父系統,ニアークティック系,352,22,83,0.0625,0.2358,50.6,0.0,7.3,0.2257,0.0101,1.045,C,京都ダ中距離(1700-2000)・稍・外枠(7-8)で母父系統「ニアークティック系」は基準比リフト1.045
中山,坂あり・パワー型,芝,中距離(1700-2000),良,内枠(1-2),母父系統,ナスルーラ系,341,26,79,0.0762,0.2317,52.6,0.0,7.65,0.2217,0.01,1.045,C,中山芝中距離(1700-2000)・良・内枠(1-2)で母父系統「ナスルーラ系」は基準比リフト1.045
札幌,小回り・持続型,芝,短距離(1000-1300),良,外枠(7-8),母父系統,ネイティヴダンサー系,239,16,55,0.0669,0.2301,68.0,0.0,7.53,0.2201,0.01,1.045,C,札幌芝短距離(1000-1300)・良・外枠(7-8)で母父系統「ネイティヴダンサー系」は基準比リフト1.045
中山,坂あり・パワー型,ダ,短距離(1000-1300),稍,中枠(3-6),母父系統,ニアークティック系,820,46,152,0.0561,0.1854,73.3,0.0,8.54,0.1775,0.0079,1.045,C,中山ダ短距離(1000-1300)・稍・中枠(3-6)で母父系統「ニアークティック系」は基準比リフト1.045
新潟,直線長め・平坦型,芝,短中距離(1400-1600),良,内枠(1-2),母父系統,ナスルーラ系,313,22,55,0.0703,0.1757,62.3,0.0,8.99,0.1682,0.0075,1.045,C,新潟芝短中距離(1400-1600)・良・内枠(1-2)で母父系統「ナスルーラ系」は基準比リフト1.045
阪神,坂あり・パワー型,ダ,長距離(2500以上),良,中枠(3-6),母父系統,ネイティヴダンサー系,217,21,58,0.0968,0.2673,81.4,0.0,6.55,0.256,0.0113,1.044,C,阪神ダ長距離(2500以上)・良・中枠(3-6)で母父系統「ネイティヴダンサー系」は基準比リフト1.044
京都,平坦・スピード型,芝,中距離(1700-2000),良,内枠(1-2),母父系統,ネイティヴダンサー系,445,34,111,0.0764,0.2494,103.4,0.0,7.14,0.239,0.0104,1.044,C,京都芝中距離(1700-2000)・良・内枠(1-2)で母父系統「ネイティヴダンサー系」は基準比リフト1.044
阪神,坂あり・パワー型,ダ,短中距離(1400-1600),重不良,外枠(7-8),母父系統,ロイヤルチャージャー系,146,13,35,0.089,0.2397,35.9,0.0,7.6,0.2297,0.01,1.044,C,阪神ダ短中距離(1400-1600)・重不良・外枠(7-8)で母父系統「ロイヤルチャージャー系」は基準比リフト1.044
小倉,小回り・機動型,芝,中距離(1700-2000),良,中枠(3-6),母父系統,ナスルーラ系,838,61,194,0.0728,0.2315,76.8,0.0,7.67,0.2218,0.0097,1.044,C,小倉芝中距離(1700-2000)・良・中枠(3-6)で母父系統「ナスルーラ系」は基準比リフト1.044
小倉,小回り・機動型,ダ,中距離(1700-2000),不,内枠(1-2),母父系統,ニアークティック系,103,5,23,0.0485,0.2233,128.8,0.0,7.9,0.2139,0.0094,1.044,C,小倉ダ中距離(1700-2000)・不・内枠(1-2)で母父系統「ニアークティック系」は基準比リフト1.044
中京,直線長め・持続型,芝,短中距離(1400-1600),良,内枠(1-2),母父系統,ニアークティック系,522,46,114,0.0881,0.2184,85.7,0.0,7.95,0.2091,0.0093,1.044,C,中京芝短中距離(1400-1600)・良・内枠(1-2)で母父系統「ニアークティック系」は基準比リフト1.044
京都,平坦・スピード型,ダ,短距離(1000-1300),稍,中枠(3-6),母父系統,ナスルーラ系,133,5,26,0.0376,0.1955,27.4,0.0,8.34,0.1872,0.0083,1.044,C,京都ダ短距離(1000-1300)・稍・中枠(3-6)で母父系統「ナスルーラ系」は基準比リフト1.044
中山,坂あり・パワー型,ダ,短距離(1000-1300),稍,外枠(7-8),母父系統,ニアークティック系,429,41,101,0.0956,0.2354,84.9,0.0,7.84,0.2257,0.0097,1.043,C,中山ダ短距離(1000-1300)・稍・外枠(7-8)で母父系統「ニアークティック系」は基準比リフト1.043
小倉,小回り・機動型,芝,中距離(1700-2000),良,中枠(3-6),母父系統,ネイティヴダンサー系,1236,85,286,0.0688,0.2314,68.8,0.0,7.66,0.2218,0.0096,1.043,C,小倉芝中距離(1700-2000)・良・中枠(3-6)で母父系統「ネイティヴダンサー系」は基準比リフト1.043
東京,直線長め・持続型,ダ,中長距離(2100-2400),良,中枠(3-6),母父系統,ロイヤルチャージャー系,836,60,193,0.0718,0.2309,51.5,0.0,7.76,0.2214,0.0095,1.043,C,東京ダ中長距離(2100-2400)・良・中枠(3-6)で母父系統「ロイヤルチャージャー系」は基準比リフト1.043
中京,直線長め・持続型,ダ,中距離(1700-2000),良,中枠(3-6),母父系統,その他のエクリプス系,101,14,23,0.1386,0.2277,122.8,0.0,8.29,0.2184,0.0093,1.043,C,中京ダ中距離(1700-2000)・良・中枠(3-6)で母父系統「その他のエクリプス系」は基準比リフト1.043
京都,平坦・スピード型,ダ,短距離(1000-1300),重不良,外枠(7-8),母父系統,ロイヤルチャージャー系,141,15,31,0.1064,0.2199,128.9,0.0,8.42,0.2108,0.0091,1.043,C,京都ダ短距離(1000-1300)・重不良・外枠(7-8)で母父系統「ロイヤルチャージャー系」は基準比リフト1.043
札幌,小回り・持続型,芝,中距離(1700-2000),良,外枠(7-8),母父系統,ロイヤルチャージャー系,544,43,118,0.079,0.2169,94.5,0.0,7.13,0.2079,0.009,1.043,C,札幌芝中距離(1700-2000)・良・外枠(7-8)で母父系統「ロイヤルチャージャー系」は基準比リフト1.043
東京,直線長め・持続型,ダ,短中距離(1400-1600),良,中枠(3-6),母父系統,ネイティヴダンサー系,3472,243,723,0.07,0.2082,57.1,0.0,7.88,0.1997,0.0085,1.043,C,東京ダ短中距離(1400-1600)・良・中枠(3-6)で母父系統「ネイティヴダンサー系」は基準比リフト1.043
小倉,小回り・機動型,芝,中距離(1700-2000),重不良,外枠(7-8),母父系統,ネイティヴダンサー系,82,8,17,0.0976,0.2073,173.4,0.0,7.73,0.1987,0.0086,1.043,C,小倉芝中距離(1700-2000)・重不良・外枠(7-8)で母父系統「ネイティヴダンサー系」は基準比リフト1.043
阪神,坂あり・パワー型,芝,短距離(1000-1300),良,内枠(1-2),母父系統,ロイヤルチャージャー系,263,28,68,0.1065,0.2586,75.9,0.0,7.32,0.2482,0.0104,1.042,C,阪神芝短距離(1000-1300)・良・内枠(1-2)で母父系統「ロイヤルチャージャー系」は基準比リフト1.042
阪神,坂あり・パワー型,芝,中距離(1700-2000),良,中枠(3-6),母父系統,トゥルビヨン系,92,8,23,0.087,0.25,37.6,0.0,7.32,0.2399,0.0101,1.042,C,阪神芝中距離(1700-2000)・良・中枠(3-6)で母父系統「トゥルビヨン系」は基準比リフト1.042
京都,平坦・スピード型,芝,中長距離(2100-2400),良,中枠(3-6),母父系統,ナスルーラ系,246,23,60,0.0935,0.2439,85.8,0.0,6.64,0.2341,0.0098,1.042,C,京都芝中長距離(2100-2400)・良・中枠(3-6)で母父系統「ナスルーラ系」は基準比リフト1.042
東京,直線長め・持続型,ダ,短中距離(1400-1600),重不良,外枠(7-8),母父系統,ネイティヴダンサー系,305,25,72,0.082,0.2361,118.1,0.0,8.16,0.2265,0.0096,1.042,C,東京ダ短中距離(1400-1600)・重不良・外枠(7-8)で母父系統「ネイティヴダンサー系」は基準比リフト1.042
阪神,坂あり・パワー型,ダ,短中距離(1400-1600),良,内枠(1-2),母父系統,ニアークティック系,581,33,103,0.0568,0.1773,41.6,0.0,8.28,0.1701,0.0072,1.042,C,阪神ダ短中距離(1400-1600)・良・内枠(1-2)で母父系統「ニアークティック系」は基準比リフト1.042
京都,平坦・スピード型,芝,中距離(1700-2000),重不良,中枠(3-6),母父系統,ロイヤルチャージャー系,146,10,39,0.0685,0.2671,43.8,0.0,6.86,0.2566,0.0105,1.041,C,京都芝中距離(1700-2000)・重不良・中枠(3-6)で母父系統「ロイヤルチャージャー系」は基準比リフト1.041
札幌,小回り・持続型,芝,中距離(1700-2000),良,中枠(3-6),母父系統,ロイヤルチャージャー系,1001,86,253,0.0859,0.2527,68.3,0.0,7.18,0.2428,0.0099,1.041,C,札幌芝中距離(1700-2000)・良・中枠(3-6)で母父系統「ロイヤルチャージャー系」は基準比リフト1.041
京都,平坦・スピード型,芝,短距離(1000-1300),良,内枠(1-2),母父系統,ニアークティック系,277,21,67,0.0758,0.2419,129.7,0.0,8.33,0.2324,0.0095,1.041,C,京都芝短距離(1000-1300)・良・内枠(1-2)で母父系統「ニアークティック系」は基準比リフト1.041
阪神,坂あり・パワー型,芝,短中距離(1400-1600),稍,内枠(1-2),母父系統,ロイヤルチャージャー系,205,18,47,0.0878,0.2293,124.2,0.0,8.16,0.2203,0.009,1.041,C,阪神芝短中距離(1400-1600)・稍・内枠(1-2)で母父系統「ロイヤルチャージャー系」は基準比リフト1.041
中京,直線長め・持続型,ダ,短距離(1000-1300),良,中枠(3-6),母父系統,ニアークティック系,660,38,125,0.0576,0.1894,50.8,0.0,8.18,0.182,0.0074,1.041,C,中京ダ短距離(1000-1300)・良・中枠(3-6)で母父系統「ニアークティック系」は基準比リフト1.041
阪神,坂あり・パワー型,芝,中長距離(2100-2400),稍,中枠(3-6),母父系統,ニアークティック系,119,9,29,0.0756,0.2437,51.8,0.0,7.39,0.2344,0.0093,1.04,C,阪神芝中長距離(2100-2400)・稍・中枠(3-6)で母父系統「ニアークティック系」は基準比リフト1.04
阪神,坂あり・パワー型,芝,中距離(1700-2000),良,外枠(7-8),母父系統,ニアークティック系,1105,91,268,0.0824,0.2425,74.7,0.0,7.1,0.2332,0.0093,1.04,C,阪神芝中距離(1700-2000)・良・外枠(7-8)で母父系統「ニアークティック系」は基準比リフト1.04
中京,直線長め・持続型,ダ,中距離(1700-2000),良,内枠(1-2),母父系統,ナスルーラ系,235,12,55,0.0511,0.234,25.9,0.0,7.29,0.225,0.009,1.04,C,中京ダ中距離(1700-2000)・良・内枠(1-2)で母父系統「ナスルーラ系」は基準比リフト1.04
中山,坂あり・パワー型,芝,中距離(1700-2000),重不良,中枠(3-6),母父系統,ネイティヴダンサー系,82,3,19,0.0366,0.2317,94.8,0.0,7.54,0.2227,0.009,1.04,C,中山芝中距離(1700-2000)・重不良・中枠(3-6)で母父系統「ネイティヴダンサー系」は基準比リフト1.04
東京,直線長め・持続型,芝,中距離(1700-2000),良,外枠(7-8),母父系統,ニアークティック系,1343,94,301,0.07,0.2241,57.8,0.0,7.44,0.2154,0.0087,1.04,C,東京芝中距離(1700-2000)・良・外枠(7-8)で母父系統「ニアークティック系」は基準比リフト1.04
新潟,直線長め・平坦型,ダ,中距離(1700-2000),良,中枠(3-6),母父系統,ネイティヴダンサー系,1139,88,254,0.0773,0.223,83.2,0.0,7.42,0.2144,0.0086,1.04,C,新潟ダ中距離(1700-2000)・良・中枠(3-6)で母父系統「ネイティヴダンサー系」は基準比リフト1.04
中京,直線長め・持続型,芝,中長距離(2100-2400),良,内枠(1-2),母父系統,ネイティヴダンサー系,101,9,22,0.0891,0.2178,86.6,0.0,7.08,0.2094,0.0084,1.04,C,中京芝中長距離(2100-2400)・良・内枠(1-2)で母父系統「ネイティヴダンサー系」は基準比リフト1.04
東京,直線長め・持続型,芝,短中距離(1400-1600),良,内枠(1-2),母父系統,ニアークティック系,1358,93,289,0.0685,0.2128,96.0,0.0,8.04,0.2047,0.0081,1.04,C,東京芝短中距離(1400-1600)・良・内枠(1-2)で母父系統「ニアークティック系」は基準比リフト1.04
中京,直線長め・持続型,ダ,短中距離(1400-1600),良,外枠(7-8),母父系統,ニアークティック系,402,28,81,0.0697,0.2015,79.6,0.0,8.32,0.1938,0.0077,1.04,C,中京ダ短中距離(1400-1600)・良・外枠(7-8)で母父系統「ニアークティック系」は基準比リフト1.04
阪神,坂あり・パワー型,ダ,短距離(1000-1300),重不良,内枠(1-2),母父系統,ニアークティック系,147,11,27,0.0748,0.1837,45.2,0.0,7.43,0.1767,0.007,1.04,C,阪神ダ短距離(1000-1300)・重不良・内枠(1-2)で母父系統「ニアークティック系」は基準比リフト1.04
函館,小回り・持続型,芝,短距離(1000-1300),稍,中枠(3-6),母父系統,ロイヤルチャージャー系,246,21,62,0.0854,0.252,72.4,0.0,7.01,0.2425,0.0095,1.039,C,函館芝短距離(1000-1300)・稍・中枠(3-6)で母父系統「ロイヤルチャージャー系」は基準比リフト1.039
中京,直線長め・持続型,ダ,短距離(1000-1300),良,内枠(1-2),母父系統,ネイティヴダンサー系,270,24,59,0.0889,0.2185,92.0,0.0,7.71,0.2103,0.0082,1.039,C,中京ダ短距離(1000-1300)・良・内枠(1-2)で母父系統「ネイティヴダンサー系」は基準比リフト1.039
小倉,小回り・機動型,芝,中距離(1700-2000),良,外枠(7-8),母父系統,ニアークティック系,1095,79,233,0.0721,0.2128,65.9,0.0,7.92,0.2048,0.008,1.039,C,小倉芝中距離(1700-2000)・良・外枠(7-8)で母父系統「ニアークティック系」は基準比リフト1.039
京都,平坦・スピード型,ダ,短中距離(1400-1600),良,中枠(3-6),母父系統,ニアークティック系,1419,97,295,0.0684,0.2079,80.4,0.0,8.0,0.2,0.0079,1.039,C,京都ダ短中距離(1400-1600)・良・中枠(3-6)で母父系統「ニアークティック系」は基準比リフト1.039
京都,平坦・スピード型,ダ,短中距離(1400-1600),良,中枠(3-6),母父系統,ナスルーラ系,505,29,105,0.0574,0.2079,33.7,0.0,7.85,0.2,0.0079,1.039,C,京都ダ短中距離(1400-1600)・良・中枠(3-6)で母父系統「ナスルーラ系」は基準比リフト1.039
東京,直線長め・持続型,ダ,短中距離(1400-1600),良,中枠(3-6),母父系統,その他のエクリプス系,323,24,67,0.0743,0.2074,112.2,0.0,8.03,0.1997,0.0077,1.039,C,東京ダ短中距離(1400-1600)・良・中枠(3-6)で母父系統「その他のエクリプス系」は基準比リフト1.039
函館,小回り・持続型,ダ,中距離(1700-2000),良,内枠(1-2),母父系統,ロイヤルチャージャー系,289,19,81,0.0657,0.2803,45.3,0.0,6.68,0.2701,0.0102,1.038,C,函館ダ中距離(1700-2000)・良・内枠(1-2)で母父系統「ロイヤルチャージャー系」は基準比リフト1.038
阪神,坂あり・パワー型,芝,中長距離(2100-2400),良,内枠(1-2),母父系統,ロイヤルチャージャー系,247,25,69,0.1012,0.2794,118.5,0.0,6.73,0.2691,0.0103,1.038,C,阪神芝中長距離(2100-2400)・良・内枠(1-2)で母父系統「ロイヤルチャージャー系」は基準比リフト1.038
東京,直線長め・持続型,芝,中距離(1700-2000),稍,中枠(3-6),母父系統,ネイティヴダンサー系,191,16,47,0.0838,0.2461,58.6,0.0,7.3,0.2372,0.0089,1.038,C,東京芝中距離(1700-2000)・稍・中枠(3-6)で母父系統「ネイティヴダンサー系」は基準比リフト1.038
福島,小回り・機動型,芝,中距離(1700-2000),良,中枠(3-6),母父系統,ナスルーラ系,647,50,147,0.0773,0.2272,70.3,0.0,7.99,0.2188,0.0084,1.038,C,福島芝中距離(1700-2000)・良・中枠(3-6)で母父系統「ナスルーラ系」は基準比リフト1.038
中京,直線長め・持続型,ダ,中距離(1700-2000),稍,外枠(7-8),母父系統,ナスルーラ系,82,5,18,0.061,0.2195,28.9,0.0,7.01,0.2115,0.008,1.038,C,中京ダ中距離(1700-2000)・稍・外枠(7-8)で母父系統「ナスルーラ系」は基準比リフト1.038
東京,直線長め・持続型,芝,中距離(1700-2000),稍,外枠(7-8),母父系統,ニアークティック系,190,12,39,0.0632,0.2053,60.5,0.0,7.46,0.1978,0.0075,1.038,C,東京芝中距離(1700-2000)・稍・外枠(7-8)で母父系統「ニアークティック系」は基準比リフト1.038
小倉,小回り・機動型,芝,短距離(1000-1300),良,内枠(1-2),母父系統,ナスルーラ系,396,26,78,0.0657,0.197,79.1,0.0,8.61,0.1897,0.0073,1.038,C,小倉芝短距離(1000-1300)・良・内枠(1-2)で母父系統「ナスルーラ系」は基準比リフト1.038
新潟,直線長め・平坦型,芝,中距離(1700-2000),良,内枠(1-2),母父系統,ロイヤルチャージャー系,663,44,129,0.0664,0.1946,74.3,0.0,8.08,0.1874,0.0072,1.038,C,新潟芝中距離(1700-2000)・良・内枠(1-2)で母父系統「ロイヤルチャージャー系」は基準比リフト1.038
函館,小回り・持続型,芝,短距離(1000-1300),良,内枠(1-2),母父系統,ロイヤルチャージャー系,486,43,132,0.0885,0.2716,61.1,0.0,6.93,0.262,0.0096,1.037,C,函館芝短距離(1000-1300)・良・内枠(1-2)で母父系統「ロイヤルチャージャー系」は基準比リフト1.037
東京,直線長め・持続型,芝,中距離(1700-2000),良,内枠(1-2),母父系統,ナスルーラ系,399,26,97,0.0652,0.2431,39.9,0.0,7.38,0.2345,0.0086,1.037,C,東京芝中距離(1700-2000)・良・内枠(1-2)で母父系統「ナスルーラ系」は基準比リフト1.037
中京,直線長め・持続型,ダ,中距離(1700-2000),稍,中枠(3-6),母父系統,ネイティヴダンサー系,290,27,68,0.0931,0.2345,96.4,0.0,7.53,0.2261,0.0084,1.037,C,中京ダ中距離(1700-2000)・稍・中枠(3-6)で母父系統「ネイティヴダンサー系」は基準比リフト1.037
中京,直線長め・持続型,芝,短中距離(1400-1600),稍,中枠(3-6),母父系統,ナスルーラ系,96,6,21,0.0625,0.2188,46.4,0.0,8.1,0.211,0.0078,1.037,C,中京芝短中距離(1400-1600)・稍・中枠(3-6)で母父系統「ナスルーラ系」は基準比リフト1.037
小倉,小回り・機動型,ダ,中距離(1700-2000),重不良,中枠(3-6),母父系統,ロイヤルチャージャー系,465,31,101,0.0667,0.2172,106.9,0.0,7.88,0.2095,0.0077,1.037,C,小倉ダ中距離(1700-2000)・重不良・中枠(3-6)で母父系統「ロイヤルチャージャー系」は基準比リフト1.037
東京,直線長め・持続型,ダ,短距離(1000-1300),良,中枠(3-6),母父系統,ナスルーラ系,255,17,52,0.0667,0.2039,49.4,0.0,8.33,0.1967,0.0072,1.037,C,東京ダ短距離(1000-1300)・良・中枠(3-6)で母父系統「ナスルーラ系」は基準比リフト1.037
京都,平坦・スピード型,ダ,短距離(1000-1300),良,中枠(3-6),母父系統,ネイティヴダンサー系,1039,78,210,0.0751,0.2021,65.1,0.0,7.91,0.1949,0.0072,1.037,C,京都ダ短距離(1000-1300)・良・中枠(3-6)で母父系統「ネイティヴダンサー系」は基準比リフト1.037
阪神,坂あり・パワー型,芝,中長距離(2100-2400),良,内枠(1-2),母父系統,ニアークティック系,244,23,68,0.0943,0.2787,59.9,0.0,6.42,0.2691,0.0096,1.036,C,阪神芝中長距離(2100-2400)・良・内枠(1-2)で母父系統「ニアークティック系」は基準比リフト1.036
新潟,直線長め・平坦型,ダ,短距離(1000-1300),稍,外枠(7-8),母父系統,ロイヤルチャージャー系,282,24,69,0.0851,0.2447,58.2,0.0,7.2,0.2363,0.0084,1.036,C,新潟ダ短距離(1000-1300)・稍・外枠(7-8)で母父系統「ロイヤルチャージャー系」は基準比リフト1.036
中京,直線長め・持続型,芝,中長距離(2100-2400),良,中枠(3-6),母父系統,ニアークティック系,289,28,69,0.0969,0.2388,115.2,0.0,7.63,0.2304,0.0084,1.036,C,中京芝中長距離(2100-2400)・良・中枠(3-6)で母父系統「ニアークティック系」は基準比リフト1.036
中山,坂あり・パワー型,芝,中距離(1700-2000),良,中枠(3-6),母父系統,ニアークティック系,1770,146,397,0.0825,0.2243,48.9,0.0,7.52,0.2165,0.0078,1.036,C,中山芝中距離(1700-2000)・良・中枠(3-6)で母父系統「ニアークティック系」は基準比リフト1.036
小倉,小回り・機動型,ダ,中距離(1700-2000),良,内枠(1-2),母父系統,ロイヤルチャージャー系,620,47,136,0.0758,0.2194,89.6,0.0,8.25,0.2118,0.0076,1.036,C,小倉ダ中距離(1700-2000)・良・内枠(1-2)で母父系統「ロイヤルチャージャー系」は基準比リフト1.036
函館,小回り・持続型,芝,中距離(1700-2000),良,外枠(7-8),母父系統,ネイティヴダンサー系,291,27,62,0.0928,0.2131,97.0,0.0,7.12,0.2056,0.0075,1.036,C,函館芝中距離(1700-2000)・良・外枠(7-8)で母父系統「ネイティヴダンサー系」は基準比リフト1.036
中山,坂あり・パワー型,芝,短距離(1000-1300),良,中枠(3-6),母父系統,ネイティヴダンサー系,629,43,131,0.0684,0.2083,48.0,0.0,7.84,0.2011,0.0072,1.036,C,中山芝短距離(1000-1300)・良・中枠(3-6)で母父系統「ネイティヴダンサー系」は基準比リフト1.036
中京,直線長め・持続型,ダ,短距離(1000-1300),重不良,中枠(3-6),母父系統,ネイティヴダンサー系,115,6,21,0.0522,0.1826,292.2,0.0,8.54,0.1762,0.0064,1.036,C,中京ダ短距離(1000-1300)・重不良・中枠(3-6)で母父系統「ネイティヴダンサー系」は基準比リフト1.036
福島,小回り・機動型,ダ,短距離(1000-1300),稍,内枠(1-2),母父系統,ロイヤルチャージャー系,110,9,20,0.0818,0.1818,212.5,0.0,8.85,0.1754,0.0064,1.036,C,福島ダ短距離(1000-1300)・稍・内枠(1-2)で母父系統「ロイヤルチャージャー系」は基準比リフト1.036
新潟,直線長め・平坦型,芝,短距離(1000-1300),良,内枠(1-2),母父系統,ロイヤルチャージャー系,586,30,85,0.0512,0.1451,85.4,0.0,10.08,0.14,0.0051,1.036,C,新潟芝短距離(1000-1300)・良・内枠(1-2)で母父系統「ロイヤルチャージャー系」は基準比リフト1.036
東京,直線長め・持続型,芝,中長距離(2100-2400),良,中枠(3-6),母父系統,ネイティヴダンサー系,466,37,109,0.0794,0.2339,82.5,0.0,7.34,0.226,0.0079,1.035,C,東京芝中長距離(2100-2400)・良・中枠(3-6)で母父系統「ネイティヴダンサー系」は基準比リフト1.035
京都,平坦・スピード型,ダ,短中距離(1400-1600),重不良,中枠(3-6),母父系統,ロイヤルチャージャー系,254,18,56,0.0709,0.2205,76.5,0.0,8.33,0.2131,0.0074,1.035,C,京都ダ短中距離(1400-1600)・重不良・中枠(3-6)で母父系統「ロイヤルチャージャー系」は基準比リフト1.035
中京,直線長め・持続型,ダ,中距離(1700-2000),稍,外枠(7-8),母父系統,ニアークティック系,224,18,49,0.0804,0.2188,202.5,0.0,7.5,0.2115,0.0073,1.035,C,中京ダ中距離(1700-2000)・稍・外枠(7-8)で母父系統「ニアークティック系」は基準比リフト1.035
京都,平坦・スピード型,ダ,短距離(1000-1300),良,外枠(7-8),母父系統,ネイティヴダンサー系,520,39,110,0.075,0.2115,53.6,0.0,7.86,0.2043,0.0072,1.035,C,京都ダ短距離(1000-1300)・良・外枠(7-8)で母父系統「ネイティヴダンサー系」は基準比リフト1.035
阪神,坂あり・パワー型,芝,短中距離(1400-1600),良,外枠(7-8),母父系統,ニアークティック系,1484,96,293,0.0647,0.1974,67.1,0.0,8.26,0.1907,0.0067,1.035,C,阪神芝短中距離(1400-1600)・良・外枠(7-8)で母父系統「ニアークティック系」は基準比リフト1.035
京都,平坦・スピード型,ダ,短中距離(1400-1600),稍,外枠(7-8),母父系統,ロイヤルチャージャー系,218,10,42,0.0459,0.1927,37.9,0.0,8.0,0.1862,0.0065,1.035,C,京都ダ短中距離(1400-1600)・稍・外枠(7-8)で母父系統「ロイヤルチャージャー系」は基準比リフト1.035
東京,直線長め・持続型,ダ,短中距離(1400-1600),重不良,内枠(1-2),母父系統,ナスルーラ系,116,8,20,0.069,0.1724,41.6,0.0,7.97,0.1665,0.0059,1.035,C,東京ダ短中距離(1400-1600)・重不良・内枠(1-2)で母父系統「ナスルーラ系」は基準比リフト1.035
阪神,坂あり・パワー型,ダ,中距離(1700-2000),不,中枠(3-6),母父系統,ネイティヴダンサー系,241,20,57,0.083,0.2365,130.5,0.0,7.74,0.2288,0.0077,1.034,C,阪神ダ中距離(1700-2000)・不・中枠(3-6)で母父系統「ネイティヴダンサー系」は基準比リフト1.034
新潟,直線長め・平坦型,芝,短中距離(1400-1600),良,内枠(1-2),母父系統,ロイヤルチャージャー系,776,42,135,0.0541,0.174,56.9,0.0,9.02,0.1682,0.0058,1.034,C,新潟芝短中距離(1400-1600)・良・内枠(1-2)で母父系統「ロイヤルチャージャー系」は基準比リフト1.034
阪神,坂あり・パワー型,芝,中長距離(2100-2400),良,中枠(3-6),母父系統,ニアークティック系,553,41,149,0.0741,0.2694,74.8,0.0,6.56,0.2609,0.0085,1.033,C,阪神芝中長距離(2100-2400)・良・中枠(3-6)で母父系統「ニアークティック系」は基準比リフト1.033
中山,坂あり・パワー型,芝,長距離(2500以上),良,中枠(3-6),母父系統,ロイヤルチャージャー系,331,27,83,0.0816,0.2508,81.7,0.0,7.08,0.2429,0.0079,1.033,C,中山芝長距離(2500以上)・良・中枠(3-6)で母父系統「ロイヤルチャージャー系」は基準比リフト1.033
新潟,直線長め・平坦型,ダ,短距離(1000-1300),稍,中枠(3-6),母父系統,ニアークティック系,476,35,98,0.0735,0.2059,73.2,0.0,7.74,0.1993,0.0066,1.033,C,新潟ダ短距離(1000-1300)・稍・中枠(3-6)で母父系統「ニアークティック系」は基準比リフト1.033
函館,小回り・持続型,ダ,中距離(1700-2000),重不良,中枠(3-6),母父系統,ニアークティック系,122,11,25,0.0902,0.2049,37.5,0.0,7.34,0.1983,0.0066,1.033,C,函館ダ中距離(1700-2000)・重不良・中枠(3-6)で母父系統「ニアークティック系」は基準比リフト1.033
阪神,坂あり・パワー型,ダ,短中距離(1400-1600),良,内枠(1-2),母父系統,ナスルーラ系,239,15,42,0.0628,0.1757,53.7,0.0,8.7,0.1701,0.0056,1.033,C,阪神ダ短中距離(1400-1600)・良・内枠(1-2)で母父系統「ナスルーラ系」は基準比リフト1.033
東京,直線長め・持続型,ダ,短中距離(1400-1600),重不良,外枠(7-8),母父系統,ニアークティック系,355,23,83,0.0648,0.2338,137.7,0.0,7.98,0.2265,0.0073,1.032,C,東京ダ短中距離(1400-1600)・重不良・外枠(7-8)で母父系統「ニアークティック系」は基準比リフト1.032
福島,小回り・機動型,ダ,短距離(1000-1300),稍,中枠(3-6),母父系統,ナスルーラ系,81,8,18,0.0988,0.2222,83.6,0.0,7.63,0.2153,0.0069,1.032,C,福島ダ短距離(1000-1300)・稍・中枠(3-6)で母父系統「ナスルーラ系」は基準比リフト1.032
新潟,直線長め・平坦型,芝,中距離(1700-2000),良,外枠(7-8),母父系統,ネイティヴダンサー系,575,35,125,0.0609,0.2174,47.3,0.0,7.78,0.2107,0.0067,1.032,C,新潟芝中距離(1700-2000)・良・外枠(7-8)で母父系統「ネイティヴダンサー系」は基準比リフト1.032
福島,小回り・機動型,芝,長距離(2500以上),良,外枠(7-8),母父系統,ナスルーラ系,154,8,32,0.0519,0.2078,77.7,0.0,7.44,0.2014,0.0064,1.032,C,福島芝長距離(2500以上)・良・外枠(7-8)で母父系統「ナスルーラ系」は基準比リフト1.032
東京,直線長め・持続型,芝,中距離(1700-2000),稍,外枠(7-8),母父系統,ネイティヴダンサー系,147,11,30,0.0748,0.2041,84.7,0.0,6.75,0.1978,0.0063,1.032,C,東京芝中距離(1700-2000)・稍・外枠(7-8)で母父系統「ネイティヴダンサー系」は基準比リフト1.032
東京,直線長め・持続型,芝,中距離(1700-2000),稍,内枠(1-2),母父系統,ロイヤルチャージャー系,142,10,39,0.0704,0.2746,59.2,0.0,6.58,0.2664,0.0082,1.031,C,東京芝中距離(1700-2000)・稍・内枠(1-2)で母父系統「ロイヤルチャージャー系」は基準比リフト1.031
中京,直線長め・持続型,ダ,中距離(1700-2000),不,内枠(1-2),母父系統,ロイヤルチャージャー系,90,7,22,0.0778,0.2444,182.9,0.0,6.91,0.237,0.0074,1.031,C,中京ダ中距離(1700-2000)・不・内枠(1-2)で母父系統「ロイヤルチャージャー系」は基準比リフト1.031
新潟,直線長め・平坦型,ダ,中距離(1700-2000),稍,中枠(3-6),母父系統,ニアークティック系,491,41,116,0.0835,0.2363,60.7,0.0,6.99,0.2292,0.0071,1.031,C,新潟ダ中距離(1700-2000)・稍・中枠(3-6)で母父系統「ニアークティック系」は基準比リフト1.031
中山,坂あり・パワー型,芝,中長距離(2100-2400),良,内枠(1-2),母父系統,ナスルーラ系,82,5,19,0.061,0.2317,127.7,0.0,7.54,0.2248,0.0069,1.031,C,中山芝中長距離(2100-2400)・良・内枠(1-2)で母父系統「ナスルーラ系」は基準比リフト1.031
札幌,小回り・持続型,芝,短距離(1000-1300),良,中枠(3-6),母父系統,ニアークティック系,588,39,126,0.0663,0.2143,77.0,0.0,7.53,0.2078,0.0065,1.031,C,札幌芝短距離(1000-1300)・良・中枠(3-6)で母父系統「ニアークティック系」は基準比リフト1.031
中山,坂あり・パワー型,芝,短中距離(1400-1600),良,外枠(7-8),母父系統,ネイティヴダンサー系,586,35,114,0.0597,0.1945,56.9,0.0,8.24,0.1887,0.0058,1.031,C,中山芝短中距離(1400-1600)・良・外枠(7-8)で母父系統「ネイティヴダンサー系」は基準比リフト1.031
新潟,直線長め・平坦型,芝,短距離(1000-1300),良,中枠(3-6),母父系統,ニアークティック系,1111,49,196,0.0441,0.1764,54.1,0.0,8.84,0.1712,0.0052,1.03,C,新潟芝短距離(1000-1300)・良・中枠(3-6)で母父系統「ニアークティック系」は基準比リフト1.03
東京,直線長め・持続型,ダ,短中距離(1400-1600),良,内枠(1-2),母父系統,その他のエクリプス系,139,9,24,0.0647,0.1727,59.4,0.0,8.78,0.1677,0.005,1.03,C,東京ダ短中距離(1400-1600)・良・内枠(1-2)で母父系統「その他のエクリプス系」は基準比リフト1.03
中京,直線長め・持続型,ダ,短距離(1000-1300),重不良,内枠(1-2),母父系統,ロイヤルチャージャー系,82,6,21,0.0732,0.2561,226.2,0.0,7.74,0.249,0.0071,1.029,C,中京ダ短距離(1000-1300)・重不良・内枠(1-2)で母父系統「ロイヤルチャージャー系」は基準比リフト1.029
中京,直線長め・持続型,ダ,中距離(1700-2000),重不良,内枠(1-2),母父系統,ロイヤルチャージャー系,135,7,34,0.0519,0.2519,68.3,0.0,7.85,0.2449,0.007,1.029,C,中京ダ中距離(1700-2000)・重不良・内枠(1-2)で母父系統「ロイヤルチャージャー系」は基準比リフト1.029
函館,小回り・持続型,芝,短距離(1000-1300),良,外枠(7-8),母父系統,ネイティヴダンサー系,426,38,92,0.0892,0.216,71.6,0.0,7.72,0.21,0.006,1.029,C,函館芝短距離(1000-1300)・良・外枠(7-8)で母父系統「ネイティヴダンサー系」は基準比リフト1.029
新潟,直線長め・平坦型,ダ,短距離(1000-1300),良,内枠(1-2),母父系統,ロイヤルチャージャー系,557,28,101,0.0503,0.1813,41.1,0.0,7.94,0.1762,0.0051,1.029,C,新潟ダ短距離(1000-1300)・良・内枠(1-2)で母父系統「ロイヤルチャージャー系」は基準比リフト1.029
中山,坂あり・パワー型,芝,中距離(1700-2000),稍,中枠(3-6),母父系統,ロイヤルチャージャー系,411,30,94,0.073,0.2287,86.1,0.0,7.51,0.2225,0.0062,1.028,C,中山芝中距離(1700-2000)・稍・中枠(3-6)で母父系統「ロイヤルチャージャー系」は基準比リフト1.028
京都,平坦・スピード型,芝,短中距離(1400-1600),稍,中枠(3-6),母父系統,ネイティヴダンサー系,199,10,43,0.0503,0.2161,31.8,0.0,7.56,0.2103,0.0058,1.028,C,京都芝短中距離(1400-1600)・稍・中枠(3-6)で母父系統「ネイティヴダンサー系」は基準比リフト1.028
中山,坂あり・パワー型,ダ,短距離(1000-1300),良,外枠(7-8),母父系統,ロイヤルチャージャー系,1554,105,325,0.0676,0.2091,59.5,0.0,8.33,0.2034,0.0057,1.028,C,中山ダ短距離(1000-1300)・良・外枠(7-8)で母父系統「ロイヤルチャージャー系」は基準比リフト1.028
福島,小回り・機動型,芝,長距離(2500以上),良,内枠(1-2),母父系統,ナスルーラ系,89,8,23,0.0899,0.2584,144.4,0.0,6.72,0.2516,0.0068,1.027,C,福島芝長距離(2500以上)・良・内枠(1-2)で母父系統「ナスルーラ系」は基準比リフト1.027
中山,坂あり・パワー型,芝,中長距離(2100-2400),良,内枠(1-2),母父系統,ロイヤルチャージャー系,182,13,42,0.0714,0.2308,46.9,0.0,7.93,0.2248,0.006,1.027,C,中山芝中長距離(2100-2400)・良・内枠(1-2)で母父系統「ロイヤルチャージャー系」は基準比リフト1.027
中山,坂あり・パワー型,芝,長距離(2500以上),良,外枠(7-8),母父系統,ネイティヴダンサー系,123,11,28,0.0894,0.2276,29.7,0.0,6.87,0.2217,0.0059,1.027,C,中山芝長距離(2500以上)・良・外枠(7-8)で母父系統「ネイティヴダンサー系」は基準比リフト1.027
中山,坂あり・パワー型,芝,短距離(1000-1300),良,外枠(7-8),母父系統,ネイティヴダンサー系,308,23,61,0.0747,0.1981,182.0,0.0,8.22,0.1929,0.0052,1.027,C,中山芝短距離(1000-1300)・良・外枠(7-8)で母父系統「ネイティヴダンサー系」は基準比リフト1.027
京都,平坦・スピード型,ダ,長距離(2500以上),良,外枠(7-8),母父系統,ニアークティック系,214,17,54,0.0794,0.2523,70.0,0.0,6.93,0.246,0.0063,1.026,C,京都ダ長距離(2500以上)・良・外枠(7-8)で母父系統「ニアークティック系」は基準比リフト1.026
東京,直線長め・持続型,芝,中距離(1700-2000),良,内枠(1-2),母父系統,ニアークティック系,831,68,200,0.0818,0.2407,67.0,0.0,7.17,0.2345,0.0062,1.026,C,東京芝中距離(1700-2000)・良・内枠(1-2)で母父系統「ニアークティック系」は基準比リフト1.026
中山,坂あり・パワー型,芝,中距離(1700-2000),重不良,中枠(3-6),母父系統,ロイヤルチャージャー系,162,12,37,0.0741,0.2284,49.9,0.0,7.28,0.2227,0.0057,1.026,C,中山芝中距離(1700-2000)・重不良・中枠(3-6)で母父系統「ロイヤルチャージャー系」は基準比リフト1.026
新潟,直線長め・平坦型,芝,長距離(2500以上),良,内枠(1-2),母父系統,ネイティヴダンサー系,92,9,21,0.0978,0.2283,40.0,0.0,6.45,0.2225,0.0058,1.026,C,新潟芝長距離(2500以上)・良・内枠(1-2)で母父系統「ネイティヴダンサー系」は基準比リフト1.026
福島,小回り・機動型,ダ,短距離(1000-1300),良,外枠(7-8),母父系統,ロイヤルチャージャー系,445,32,96,0.0719,0.2157,55.6,0.0,8.11,0.2103,0.0054,1.026,C,福島ダ短距離(1000-1300)・良・外枠(7-8)で母父系統「ロイヤルチャージャー系」は基準比リフト1.026
中山,坂あり・パワー型,芝,短距離(1000-1300),稍,中枠(3-6),母父系統,ロイヤルチャージャー系,219,14,47,0.0639,0.2146,29.2,0.0,7.66,0.2091,0.0055,1.026,C,中山芝短距離(1000-1300)・稍・中枠(3-6)で母父系統「ロイヤルチャージャー系」は基準比リフト1.026
中山,坂あり・パワー型,芝,中長距離(2100-2400),良,中枠(3-6),母父系統,ネイティヴダンサー系,224,20,48,0.0893,0.2143,58.7,0.0,7.71,0.2088,0.0055,1.026,C,中山芝中長距離(2100-2400)・良・中枠(3-6)で母父系統「ネイティヴダンサー系」は基準比リフト1.026
小倉,小回り・機動型,芝,長距離(2500以上),良,内枠(1-2),母父系統,ニアークティック系,165,12,49,0.0727,0.297,37.3,0.0,6.04,0.2897,0.0073,1.025,C,小倉芝長距離(2500以上)・良・内枠(1-2)で母父系統「ニアークティック系」は基準比リフト1.025
阪神,坂あり・パワー型,芝,中距離(1700-2000),良,内枠(1-2),母父系統,ロイヤルチャージャー系,857,71,220,0.0828,0.2567,63.3,0.0,7.05,0.2505,0.0062,1.025,C,阪神芝中距離(1700-2000)・良・内枠(1-2)で母父系統「ロイヤルチャージャー系」は基準比リフト1.025
中山,坂あり・パワー型,芝,中距離(1700-2000),重不良,中枠(3-6),母父系統,ニアークティック系,127,7,29,0.0551,0.2283,105.0,0.0,7.2,0.2227,0.0056,1.025,C,中山芝中距離(1700-2000)・重不良・中枠(3-6)で母父系統「ニアークティック系」は基準比リフト1.025
小倉,小回り・機動型,芝,中距離(1700-2000),稍,外枠(7-8),母父系統,ニアークティック系,201,17,45,0.0846,0.2239,62.3,0.0,8.31,0.2184,0.0055,1.025,C,小倉芝中距離(1700-2000)・稍・外枠(7-8)で母父系統「ニアークティック系」は基準比リフト1.025
小倉,小回り・機動型,芝,中距離(1700-2000),稍,外枠(7-8),母父系統,ロイヤルチャージャー系,277,22,62,0.0794,0.2238,72.2,0.0,8.22,0.2184,0.0054,1.025,C,小倉芝中距離(1700-2000)・稍・外枠(7-8)で母父系統「ロイヤルチャージャー系」は基準比リフト1.025
京都,平坦・スピード型,芝,短中距離(1400-1600),良,中枠(3-6),母父系統,ニアークティック系,2059,149,452,0.0724,0.2195,68.2,0.0,7.6,0.2142,0.0053,1.025,C,京都芝短中距離(1400-1600)・良・中枠(3-6)で母父系統「ニアークティック系」は基準比リフト1.025
福島,小回り・機動型,芝,短距離(1000-1300),良,中枠(3-6),母父系統,ナスルーラ系,708,46,137,0.065,0.1935,134.8,0.0,8.02,0.1887,0.0048,1.025,C,福島芝短距離(1000-1300)・良・中枠(3-6)で母父系統「ナスルーラ系」は基準比リフト1.025
中京,直線長め・持続型,芝,短中距離(1400-1600),稍,内枠(1-2),母父系統,ニアークティック系,104,8,20,0.0769,0.1923,58.7,0.0,8.18,0.1877,0.0046,1.025,C,中京芝短中距離(1400-1600)・稍・内枠(1-2)で母父系統「ニアークティック系」は基準比リフト1.025
京都,平坦・スピード型,芝,中距離(1700-2000),良,中枠(3-6),母父系統,ニアークティック系,1599,142,402,0.0888,0.2514,105.4,0.0,7.15,0.2454,0.006,1.024,C,京都芝中距離(1700-2000)・良・中枠(3-6)で母父系統「ニアークティック系」は基準比リフト1.024
中山,坂あり・パワー型,芝,長距離(2500以上),良,中枠(3-6),母父系統,ニアークティック系,382,27,95,0.0707,0.2487,59.6,0.0,7.12,0.2429,0.0058,1.024,C,中山芝長距離(2500以上)・良・中枠(3-6)で母父系統「ニアークティック系」は基準比リフト1.024
中京,直線長め・持続型,芝,長距離(2500以上),良,外枠(7-8),母父系統,ニアークティック系,184,17,45,0.0924,0.2446,66.1,0.0,7.2,0.2389,0.0057,1.024,C,中京芝長距離(2500以上)・良・外枠(7-8)で母父系統「ニアークティック系」は基準比リフト1.024
中山,坂あり・パワー型,ダ,中長距離(2100-2400),良,中枠(3-6),母父系統,ロイヤルチャージャー系,160,12,39,0.075,0.2438,63.2,0.0,7.48,0.2381,0.0057,1.024,C,中山ダ中長距離(2100-2400)・良・中枠(3-6)で母父系統「ロイヤルチャージャー系」は基準比リフト1.024
小倉,小回り・機動型,ダ,中距離(1700-2000),稍,内枠(1-2),母父系統,ネイティヴダンサー系,184,9,38,0.0489,0.2065,81.8,0.0,8.55,0.2017,0.0048,1.024,C,小倉ダ中距離(1700-2000)・稍・内枠(1-2)で母父系統「ネイティヴダンサー系」は基準比リフト1.024
京都,平坦・スピード型,ダ,短距離(1000-1300),良,中枠(3-6),母父系統,ニアークティック系,1303,94,260,0.0721,0.1995,63.7,0.0,8.03,0.1949,0.0046,1.024,C,京都ダ短距離(1000-1300)・良・中枠(3-6)で母父系統「ニアークティック系」は基準比リフト1.024
京都,平坦・スピード型,ダ,中距離(1700-2000),稍,内枠(1-2),母父系統,ネイティヴダンサー系,200,15,46,0.075,0.23,48.9,0.0,7.32,0.2248,0.0052,1.023,C,京都ダ中距離(1700-2000)・稍・内枠(1-2)で母父系統「ネイティヴダンサー系」は基準比リフト1.023
中山,坂あり・パワー型,ダ,短距離(1000-1300),良,内枠(1-2),母父系統,ネイティヴダンサー系,923,60,167,0.065,0.1809,52.7,0.0,8.25,0.1768,0.0041,1.023,C,中山ダ短距離(1000-1300)・良・内枠(1-2)で母父系統「ネイティヴダンサー系」は基準比リフト1.023
京都,平坦・スピード型,ダ,短距離(1000-1300),重不良,内枠(1-2),母父系統,ニアークティック系,94,7,17,0.0745,0.1809,84.6,0.0,7.3,0.1768,0.0041,1.023,C,京都ダ短距離(1000-1300)・重不良・内枠(1-2)で母父系統「ニアークティック系」は基準比リフト1.023
函館,小回り・持続型,ダ,短距離(1000-1300),良,外枠(7-8),母父系統,ニアークティック系,255,24,68,0.0941,0.2667,57.9,0.0,6.15,0.261,0.0057,1.022,C,函館ダ短距離(1000-1300)・良・外枠(7-8)で母父系統「ニアークティック系」は基準比リフト1.022
阪神,坂あり・パワー型,ダ,中距離(1700-2000),良,外枠(7-8),母父系統,ネイティヴダンサー系,1016,81,244,0.0797,0.2402,66.9,0.0,7.07,0.2351,0.0051,1.022,C,阪神ダ中距離(1700-2000)・良・外枠(7-8)で母父系統「ネイティヴダンサー系」は基準比リフト1.022
小倉,小回り・機動型,芝,短距離(1000-1300),良,内枠(1-2),母父系統,ニアークティック系,841,47,163,0.0559,0.1938,69.9,0.0,8.56,0.1897,0.0041,1.022,C,小倉芝短距離(1000-1300)・良・内枠(1-2)で母父系統「ニアークティック系」は基準比リフト1.022
札幌,小回り・持続型,芝,長距離(2500以上),良,外枠(7-8),母父系統,ニアークティック系,105,9,26,0.0857,0.2476,180.7,0.0,6.67,0.2426,0.005,1.021,C,札幌芝長距離(2500以上)・良・外枠(7-8)で母父系統「ニアークティック系」は基準比リフト1.021
新潟,直線長め・平坦型,芝,長距離(2500以上),良,中枠(3-6),母父系統,ロイヤルチャージャー系,543,44,125,0.081,0.2302,62.3,0.0,7.24,0.2255,0.0047,1.021,C,新潟芝長距離(2500以上)・良・中枠(3-6)で母父系統「ロイヤルチャージャー系」は基準比リフト1.021
京都,平坦・スピード型,ダ,短中距離(1400-1600),重不良,外枠(7-8),母父系統,ニアークティック系,122,7,26,0.0574,0.2131,302.0,0.0,7.34,0.2088,0.0043,1.021,C,京都ダ短中距離(1400-1600)・重不良・外枠(7-8)で母父系統「ニアークティック系」は基準比リフト1.021
阪神,坂あり・パワー型,ダ,中距離(1700-2000),重不良,内枠(1-2),母父系統,ニアークティック系,210,11,43,0.0524,0.2048,108.0,0.0,7.67,0.2005,0.0043,1.021,C,阪神ダ中距離(1700-2000)・重不良・内枠(1-2)で母父系統「ニアークティック系」は基準比リフト1.021
中山,坂あり・パワー型,ダ,中距離(1700-2000),良,中枠(3-6),母父系統,ネイティヴダンサー系,2033,116,413,0.0571,0.2031,41.0,0.0,7.9,0.199,0.0041,1.021,C,中山ダ中距離(1700-2000)・良・中枠(3-6)で母父系統「ネイティヴダンサー系」は基準比リフト1.021
函館,小回り・持続型,芝,中距離(1700-2000),稍,外枠(7-8),母父系統,ロイヤルチャージャー系,110,6,22,0.0545,0.2,23.2,0.0,6.92,0.1959,0.0041,1.021,C,函館芝中距離(1700-2000)・稍・外枠(7-8)で母父系統「ロイヤルチャージャー系」は基準比リフト1.021
小倉,小回り・機動型,ダ,中距離(1700-2000),稍,外枠(7-8),母父系統,ニアークティック系,290,16,56,0.0552,0.1931,39.8,0.0,7.8,0.1892,0.0039,1.021,C,小倉ダ中距離(1700-2000)・稍・外枠(7-8)で母父系統「ニアークティック系」は基準比リフト1.021
新潟,直線長め・平坦型,芝,短中距離(1400-1600),稍,中枠(3-6),母父系統,ロイヤルチャージャー系,286,14,54,0.049,0.1888,74.2,0.0,8.51,0.1849,0.0039,1.021,C,新潟芝短中距離(1400-1600)・稍・中枠(3-6)で母父系統「ロイヤルチャージャー系」は基準比リフト1.021
阪神,坂あり・パワー型,ダ,短距離(1000-1300),良,内枠(1-2),母父系統,ニアークティック系,491,31,90,0.0631,0.1833,36.2,0.0,8.09,0.1796,0.0037,1.021,C,阪神ダ短距離(1000-1300)・良・内枠(1-2)で母父系統「ニアークティック系」は基準比リフト1.021
阪神,坂あり・パワー型,ダ,中距離(1700-2000),重不良,中枠(3-6),母父系統,ロイヤルチャージャー系,564,47,129,0.0833,0.2287,61.5,0.0,7.67,0.2243,0.0044,1.02,C,阪神ダ中距離(1700-2000)・重不良・中枠(3-6)で母父系統「ロイヤルチャージャー系」は基準比リフト1.02
中京,直線長め・持続型,芝,短中距離(1400-1600),良,中枠(3-6),母父系統,ニアークティック系,1266,83,265,0.0656,0.2093,56.1,0.0,7.85,0.2051,0.0042,1.02,C,中京芝短中距離(1400-1600)・良・中枠(3-6)で母父系統「ニアークティック系」は基準比リフト1.02
新潟,直線長め・平坦型,芝,短中距離(1400-1600),良,中枠(3-6),母父系統,ナスルーラ系,740,42,147,0.0568,0.1986,50.3,0.0,8.66,0.1947,0.0039,1.02,C,新潟芝短中距離(1400-1600)・良・中枠(3-6)で母父系統「ナスルーラ系」は基準比リフト1.02
中山,坂あり・パワー型,ダ,短距離(1000-1300),良,内枠(1-2),母父系統,ナスルーラ系,460,31,83,0.0674,0.1804,77.7,0.0,8.59,0.1768,0.0036,1.02,C,中山ダ短距離(1000-1300)・良・内枠(1-2)で母父系統「ナスルーラ系」は基準比リフト1.02
新潟,直線長め・平坦型,芝,中距離(1700-2000),良,中枠(3-6),母父系統,ニアークティック系,1338,77,296,0.0575,0.2212,50.7,0.0,7.86,0.2171,0.0041,1.019,C,新潟芝中距離(1700-2000)・良・中枠(3-6)で母父系統「ニアークティック系」は基準比リフト1.019
新潟,直線長め・平坦型,芝,中距離(1700-2000),稍,中枠(3-6),母父系統,ロイヤルチャージャー系,330,20,73,0.0606,0.2212,80.8,0.0,7.73,0.217,0.0042,1.019,C,新潟芝中距離(1700-2000)・稍・中枠(3-6)で母父系統「ロイヤルチャージャー系」は基準比リフト1.019
京都,平坦・スピード型,芝,短中距離(1400-1600),重不良,中枠(3-6),母父系統,ロイヤルチャージャー系,165,8,35,0.0485,0.2121,62.4,0.0,8.07,0.2082,0.0039,1.019,C,京都芝短中距離(1400-1600)・重不良・中枠(3-6)で母父系統「ロイヤルチャージャー系」は基準比リフト1.019
小倉,小回り・機動型,芝,短距離(1000-1300),良,中枠(3-6),母父系統,ロイヤルチャージャー系,2225,136,442,0.0611,0.1987,71.0,0.0,8.52,0.1949,0.0038,1.019,C,小倉芝短距離(1000-1300)・良・中枠(3-6)で母父系統「ロイヤルチャージャー系」は基準比リフト1.019
中山,坂あり・パワー型,ダ,短距離(1000-1300),良,中枠(3-6),母父系統,その他のエクリプス系,163,8,32,0.0491,0.1963,48.5,0.0,8.59,0.1927,0.0036,1.019,C,中山ダ短距離(1000-1300)・良・中枠(3-6)で母父系統「その他のエクリプス系」は基準比リフト1.019
東京,直線長め・持続型,ダ,長距離(2500以上),良,外枠(7-8),母父系統,ロイヤルチャージャー系,142,9,27,0.0634,0.1901,65.0,0.0,7.37,0.1865,0.0036,1.019,C,東京ダ長距離(2500以上)・良・外枠(7-8)で母父系統「ロイヤルチャージャー系」は基準比リフト1.019
福島,小回り・機動型,ダ,短距離(1000-1300),重不良,中枠(3-6),母父系統,ネイティヴダンサー系,106,8,19,0.0755,0.1792,75.2,0.0,8.64,0.1759,0.0033,1.019,C,福島ダ短距離(1000-1300)・重不良・中枠(3-6)で母父系統「ネイティヴダンサー系」は基準比リフト1.019
新潟,直線長め・平坦型,芝,中長距離(2100-2400),良,中枠(3-6),母父系統,ロイヤルチャージャー系,429,31,100,0.0723,0.2331,75.1,0.0,7.58,0.229,0.0041,1.018,C,新潟芝中長距離(2100-2400)・良・中枠(3-6)で母父系統「ロイヤルチャージャー系」は基準比リフト1.018
阪神,坂あり・パワー型,ダ,中距離(1700-2000),不,中枠(3-6),母父系統,ロイヤルチャージャー系,352,23,82,0.0653,0.233,66.4,0.0,7.76,0.2288,0.0042,1.018,C,阪神ダ中距離(1700-2000)・不・中枠(3-6)で母父系統「ロイヤルチャージャー系」は基準比リフト1.018
阪神,坂あり・パワー型,ダ,中距離(1700-2000),稍,中枠(3-6),母父系統,ロイヤルチャージャー系,947,69,202,0.0729,0.2133,80.2,0.0,7.4,0.2095,0.0038,1.018,C,阪神ダ中距離(1700-2000)・稍・中枠(3-6)で母父系統「ロイヤルチャージャー系」は基準比リフト1.018
中山,坂あり・パワー型,芝,短距離(1000-1300),稍,中枠(3-6),母父系統,ニアークティック系,155,15,33,0.0968,0.2129,83.2,0.0,8.24,0.2091,0.0038,1.018,C,中山芝短距離(1000-1300)・稍・中枠(3-6)で母父系統「ニアークティック系」は基準比リフト1.018
中京,直線長め・持続型,芝,短中距離(1400-1600),良,中枠(3-6),母父系統,ナスルーラ系,498,33,104,0.0663,0.2088,52.6,0.0,8.19,0.2051,0.0037,1.018,C,中京芝短中距離(1400-1600)・良・中枠(3-6)で母父系統「ナスルーラ系」は基準比リフト1.018
中山,坂あり・パワー型,ダ,中距離(1700-2000),重不良,中枠(3-6),母父系統,ロイヤルチャージャー系,498,34,103,0.0683,0.2068,57.2,0.0,7.9,0.2032,0.0036,1.018,C,中山ダ中距離(1700-2000)・重不良・中枠(3-6)で母父系統「ロイヤルチャージャー系」は基準比リフト1.018
新潟,直線長め・平坦型,ダ,中距離(1700-2000),良,内枠(1-2),母父系統,ネイティヴダンサー系,397,27,82,0.068,0.2065,51.4,0.0,7.68,0.2028,0.0037,1.018,C,新潟ダ中距離(1700-2000)・良・内枠(1-2)で母父系統「ネイティヴダンサー系」は基準比リフト1.018
京都,平坦・スピード型,芝,短中距離(1400-1600),稍,内枠(1-2),母父系統,ネイティヴダンサー系,88,5,18,0.0568,0.2045,67.5,0.0,8.42,0.2009,0.0036,1.018,C,京都芝短中距離(1400-1600)・稍・内枠(1-2)で母父系統「ネイティヴダンサー系」は基準比リフト1.018
中山,坂あり・パワー型,芝,中距離(1700-2000),稍,外枠(7-8),母父系統,ロイヤルチャージャー系,267,22,54,0.0824,0.2022,71.9,0.0,7.75,0.1986,0.0036,1.018,C,中山芝中距離(1700-2000)・稍・外枠(7-8)で母父系統「ロイヤルチャージャー系」は基準比リフト1.018
中京,直線長め・持続型,ダ,短中距離(1400-1600),良,外枠(7-8),母父系統,ネイティヴダンサー系,370,26,73,0.0703,0.1973,56.9,0.0,7.8,0.1938,0.0035,1.018,C,中京ダ短中距離(1400-1600)・良・外枠(7-8)で母父系統「ネイティヴダンサー系」は基準比リフト1.018
新潟,直線長め・平坦型,芝,中長距離(2100-2400),良,外枠(7-8),母父系統,ネイティヴダンサー系,160,9,31,0.0562,0.1938,38.6,0.0,8.22,0.1903,0.0035,1.018,C,新潟芝中長距離(2100-2400)・良・外枠(7-8)で母父系統「ネイティヴダンサー系」は基準比リフト1.018
京都,平坦・スピード型,ダ,中距離(1700-2000),重不良,外枠(7-8),母父系統,ロイヤルチャージャー系,217,22,52,0.1014,0.2396,156.2,0.0,7.31,0.2355,0.0041,1.017,C,京都ダ中距離(1700-2000)・重不良・外枠(7-8)で母父系統「ロイヤルチャージャー系」は基準比リフト1.017
福島,小回り・機動型,芝,短距離(1000-1300),重不良,中枠(3-6),母父系統,ロイヤルチャージャー系,99,5,21,0.0505,0.2121,28.2,0.0,7.72,0.2085,0.0036,1.017,C,福島芝短距離(1000-1300)・重不良・中枠(3-6)で母父系統「ロイヤルチャージャー系」は基準比リフト1.017
福島,小回り・機動型,ダ,中距離(1700-2000),重不良,中枠(3-6),母父系統,ニアークティック系,202,18,39,0.0891,0.1931,109.8,0.0,8.1,0.1898,0.0033,1.017,C,福島ダ中距離(1700-2000)・重不良・中枠(3-6)で母父系統「ニアークティック系」は基準比リフト1.017
阪神,坂あり・パワー型,芝,中長距離(2100-2400),良,中枠(3-6),母父系統,ロイヤルチャージャー系,566,57,150,0.1007,0.265,87.2,0.0,7.09,0.2609,0.0041,1.016,C,阪神芝中長距離(2100-2400)・良・中枠(3-6)で母父系統「ロイヤルチャージャー系」は基準比リフト1.016
小倉,小回り・機動型,芝,中距離(1700-2000),良,内枠(1-2),母父系統,ロイヤルチャージャー系,871,65,197,0.0746,0.2262,54.8,0.0,7.56,0.2226,0.0036,1.016,C,小倉芝中距離(1700-2000)・良・内枠(1-2)で母父系統「ロイヤルチャージャー系」は基準比リフト1.016
阪神,坂あり・パワー型,芝,中距離(1700-2000),良,中枠(3-6),母父系統,ナスルーラ系,752,59,183,0.0785,0.2434,49.4,0.0,7.28,0.2399,0.0035,1.015,C,阪神芝中距離(1700-2000)・良・中枠(3-6)で母父系統「ナスルーラ系」は基準比リフト1.015
京都,平坦・スピード型,ダ,短中距離(1400-1600),稍,中枠(3-6),母父系統,ニアークティック系,392,31,82,0.0791,0.2092,105.0,0.0,8.1,0.2062,0.003,1.015,C,京都ダ短中距離(1400-1600)・稍・中枠(3-6)で母父系統「ニアークティック系」は基準比リフト1.015
東京,直線長め・持続型,芝,短中距離(1400-1600),良,中枠(3-6),母父系統,ニアークティック系,2977,211,613,0.0709,0.2059,87.2,0.0,7.98,0.2028,0.0031,1.015,C,東京芝短中距離(1400-1600)・良・中枠(3-6)で母父系統「ニアークティック系」は基準比リフト1.015
阪神,坂あり・パワー型,ダ,短距離(1000-1300),稍,中枠(3-6),母父系統,ナスルーラ系,190,16,38,0.0842,0.2,150.3,0.0,8.08,0.1971,0.0029,1.015,C,阪神ダ短距離(1000-1300)・稍・中枠(3-6)で母父系統「ナスルーラ系」は基準比リフト1.015
京都,平坦・スピード型,芝,中距離(1700-2000),良,中枠(3-6),母父系統,ネイティヴダンサー系,1069,78,266,0.073,0.2488,55.0,0.0,6.93,0.2454,0.0034,1.014,C,京都芝中距離(1700-2000)・良・中枠(3-6)で母父系統「ネイティヴダンサー系」は基準比リフト1.014
新潟,直線長め・平坦型,ダ,短距離(1000-1300),良,外枠(7-8),母父系統,ニアークティック系,671,56,155,0.0835,0.231,88.7,0.0,7.56,0.2279,0.0031,1.014,C,新潟ダ短距離(1000-1300)・良・外枠(7-8)で母父系統「ニアークティック系」は基準比リフト1.014
阪神,坂あり・パワー型,ダ,中距離(1700-2000),稍,内枠(1-2),母父系統,ニアークティック系,368,27,85,0.0734,0.231,94.0,0.0,7.28,0.2278,0.0032,1.014,C,阪神ダ中距離(1700-2000)・稍・内枠(1-2)で母父系統「ニアークティック系」は基準比リフト1.014
阪神,坂あり・パワー型,芝,短中距離(1400-1600),良,中枠(3-6),母父系統,ナスルーラ系,1014,80,223,0.0789,0.2199,68.6,0.0,7.95,0.2169,0.003,1.014,C,阪神芝短中距離(1400-1600)・良・中枠(3-6)で母父系統「ナスルーラ系」は基準比リフト1.014
京都,平坦・スピード型,ダ,中距離(1700-2000),不,外枠(7-8),母父系統,ロイヤルチャージャー系,110,6,22,0.0545,0.2,60.4,0.0,8.0,0.1972,0.0028,1.014,C,京都ダ中距離(1700-2000)・不・外枠(7-8)で母父系統「ロイヤルチャージャー系」は基準比リフト1.014
新潟,直線長め・平坦型,芝,中長距離(2100-2400),良,中枠(3-6),母父系統,ナスルーラ系,194,14,45,0.0722,0.232,73.7,0.0,7.52,0.229,0.003,1.013,C,新潟芝中長距離(2100-2400)・良・中枠(3-6)で母父系統「ナスルーラ系」は基準比リフト1.013
東京,直線長め・持続型,芝,中長距離(2100-2400),良,中枠(3-6),母父系統,ニアークティック系,642,45,147,0.0701,0.229,41.7,0.0,7.32,0.226,0.003,1.013,C,東京芝中長距離(2100-2400)・良・中枠(3-6)で母父系統「ニアークティック系」は基準比リフト1.013
札幌,小回り・持続型,芝,短距離(1000-1300),良,外枠(7-8),母父系統,ナスルーラ系,157,14,35,0.0892,0.2229,49.8,0.0,7.85,0.2201,0.0028,1.013,C,札幌芝短距離(1000-1300)・良・外枠(7-8)で母父系統「ナスルーラ系」は基準比リフト1.013
京都,平坦・スピード型,ダ,中距離(1700-2000),良,中枠(3-6),母父系統,ニアークティック系,2190,164,484,0.0749,0.221,86.1,0.0,7.58,0.2181,0.0029,1.013,C,京都ダ中距離(1700-2000)・良・中枠(3-6)で母父系統「ニアークティック系」は基準比リフト1.013
福島,小回り・機動型,芝,短距離(1000-1300),稍,外枠(7-8),母父系統,ロイヤルチャージャー系,131,6,28,0.0458,0.2137,135.3,0.0,8.37,0.2109,0.0028,1.013,C,福島芝短距離(1000-1300)・稍・外枠(7-8)で母父系統「ロイヤルチャージャー系」は基準比リフト1.013
小倉,小回り・機動型,芝,短距離(1000-1300),良,外枠(7-8),母父系統,ニアークティック系,1246,89,250,0.0714,0.2006,59.3,0.0,8.54,0.1981,0.0025,1.013,C,小倉芝短距離(1000-1300)・良・外枠(7-8)で母父系統「ニアークティック系」は基準比リフト1.013
小倉,小回り・機動型,芝,短距離(1000-1300),良,中枠(3-6),母父系統,ニアークティック系,1783,123,352,0.069,0.1974,87.7,0.0,8.46,0.1949,0.0025,1.013,C,小倉芝短距離(1000-1300)・良・中枠(3-6)で母父系統「ニアークティック系」は基準比リフト1.013
京都,平坦・スピード型,芝,中距離(1700-2000),良,中枠(3-6),母父系統,ロイヤルチャージャー系,1748,140,434,0.0801,0.2483,87.9,0.0,7.24,0.2454,0.0029,1.012,C,京都芝中距離(1700-2000)・良・中枠(3-6)で母父系統「ロイヤルチャージャー系」は基準比リフト1.012
福島,小回り・機動型,芝,長距離(2500以上),良,中枠(3-6),母父系統,ナスルーラ系,257,22,63,0.0856,0.2451,180.8,0.0,7.44,0.2423,0.0028,1.012,C,福島芝長距離(2500以上)・良・中枠(3-6)で母父系統「ナスルーラ系」は基準比リフト1.012
阪神,坂あり・パワー型,ダ,中距離(1700-2000),良,中枠(3-6),母父系統,ロイヤルチャージャー系,2648,212,609,0.0801,0.23,80.6,0.0,7.37,0.2273,0.0027,1.012,C,阪神ダ中距離(1700-2000)・良・中枠(3-6)で母父系統「ロイヤルチャージャー系」は基準比リフト1.012
東京,直線長め・持続型,芝,短中距離(1400-1600),稍,外枠(7-8),母父系統,ナスルーラ系,138,6,29,0.0435,0.2101,29.3,0.0,8.51,0.2077,0.0024,1.012,C,東京芝短中距離(1400-1600)・稍・外枠(7-8)で母父系統「ナスルーラ系」は基準比リフト1.012
小倉,小回り・機動型,芝,短距離(1000-1300),良,外枠(7-8),母父系統,ロイヤルチャージャー系,1482,109,297,0.0735,0.2004,85.0,0.0,8.63,0.1981,0.0023,1.012,C,小倉芝短距離(1000-1300)・良・外枠(7-8)で母父系統「ロイヤルチャージャー系」は基準比リフト1.012
中山,坂あり・パワー型,ダ,短距離(1000-1300),良,中枠(3-6),母父系統,ネイティヴダンサー系,2031,139,396,0.0684,0.195,67.2,0.0,8.25,0.1927,0.0023,1.012,C,中山ダ短距離(1000-1300)・良・中枠(3-6)で母父系統「ネイティヴダンサー系」は基準比リフト1.012
札幌,小回り・持続型,ダ,短距離(1000-1300),良,中枠(3-6),母父系統,ニアークティック系,352,31,91,0.0881,0.2585,83.2,0.0,6.46,0.2558,0.0027,1.011,C,札幌ダ短距離(1000-1300)・良・中枠(3-6)で母父系統「ニアークティック系」は基準比リフト1.011
小倉,小回り・機動型,芝,中距離(1700-2000),稍,内枠(1-2),母父系統,ロイヤルチャージャー系,195,18,47,0.0923,0.241,80.8,0.0,7.77,0.2384,0.0026,1.011,C,小倉芝中距離(1700-2000)・稍・内枠(1-2)で母父系統「ロイヤルチャージャー系」は基準比リフト1.011
函館,小回り・持続型,芝,短距離(1000-1300),良,中枠(3-6),母父系統,ナスルーラ系,484,33,114,0.0682,0.2355,129.2,0.0,7.25,0.2329,0.0026,1.011,C,函館芝短距離(1000-1300)・良・中枠(3-6)で母父系統「ナスルーラ系」は基準比リフト1.011
新潟,直線長め・平坦型,芝,中長距離(2100-2400),良,中枠(3-6),母父系統,ニアークティック系,393,33,91,0.084,0.2316,98.0,0.0,7.32,0.229,0.0026,1.011,C,新潟芝中長距離(2100-2400)・良・中枠(3-6)で母父系統「ニアークティック系」は基準比リフト1.011
東京,直線長め・持続型,芝,短中距離(1400-1600),不,中枠(3-6),母父系統,ネイティヴダンサー系,84,9,19,0.1071,0.2262,230.2,0.0,8.11,0.2237,0.0025,1.011,C,東京芝短中距離(1400-1600)・不・中枠(3-6)で母父系統「ネイティヴダンサー系」は基準比リフト1.011
小倉,小回り・機動型,芝,中距離(1700-2000),重不良,中枠(3-6),母父系統,ロイヤルチャージャー系,265,19,56,0.0717,0.2113,95.7,0.0,7.78,0.209,0.0023,1.011,C,小倉芝中距離(1700-2000)・重不良・中枠(3-6)で母父系統「ロイヤルチャージャー系」は基準比リフト1.011
中京,直線長め・持続型,ダ,中距離(1700-2000),良,外枠(7-8),母父系統,ロイヤルチャージャー系,1043,75,220,0.0719,0.2109,70.0,0.0,7.55,0.2087,0.0022,1.011,C,中京ダ中距離(1700-2000)・良・外枠(7-8)で母父系統「ロイヤルチャージャー系」は基準比リフト1.011
中山,坂あり・パワー型,芝,短中距離(1400-1600),良,中枠(3-6),母父系統,ニアークティック系,1507,101,307,0.067,0.2037,61.0,0.0,7.63,0.2014,0.0023,1.011,C,中山芝短中距離(1400-1600)・良・中枠(3-6)で母父系統「ニアークティック系」は基準比リフト1.011
東京,直線長め・持続型,ダ,短距離(1000-1300),良,内枠(1-2),母父系統,ニアークティック系,296,24,60,0.0811,0.2027,111.0,0.0,8.38,0.2004,0.0023,1.011,C,東京ダ短距離(1000-1300)・良・内枠(1-2)で母父系統「ニアークティック系」は基準比リフト1.011
東京,直線長め・持続型,ダ,短距離(1000-1300),良,内枠(1-2),母父系統,ネイティヴダンサー系,232,16,47,0.069,0.2026,160.7,0.0,8.01,0.2004,0.0022,1.011,C,東京ダ短距離(1000-1300)・良・内枠(1-2)で母父系統「ネイティヴダンサー系」は基準比リフト1.011
阪神,坂あり・パワー型,ダ,短距離(1000-1300),良,内枠(1-2),母父系統,ロイヤルチャージャー系,573,39,104,0.0681,0.1815,98.8,0.0,8.28,0.1796,0.0019,1.011,C,阪神ダ短距離(1000-1300)・良・内枠(1-2)で母父系統「ロイヤルチャージャー系」は基準比リフト1.011
中山,坂あり・パワー型,ダ,短距離(1000-1300),不,内枠(1-2),母父系統,ロイヤルチャージャー系,155,9,25,0.0581,0.1613,34.8,0.0,8.26,0.1596,0.0017,1.011,C,中山ダ短距離(1000-1300)・不・内枠(1-2)で母父系統「ロイヤルチャージャー系」は基準比リフト1.011
函館,小回り・持続型,ダ,短距離(1000-1300),良,中枠(3-6),母父系統,ネイティヴダンサー系,357,35,93,0.098,0.2605,120.6,0.0,6.38,0.2579,0.0026,1.01,C,函館ダ短距離(1000-1300)・良・中枠(3-6)で母父系統「ネイティヴダンサー系」は基準比リフト1.01
阪神,坂あり・パワー型,ダ,中距離(1700-2000),稍,外枠(7-8),母父系統,ニアークティック系,461,39,113,0.0846,0.2451,107.6,0.0,7.11,0.2427,0.0024,1.01,C,阪神ダ中距離(1700-2000)・稍・外枠(7-8)で母父系統「ニアークティック系」は基準比リフト1.01
新潟,直線長め・平坦型,芝,長距離(2500以上),稍,中枠(3-6),母父系統,ニアークティック系,122,9,28,0.0738,0.2295,46.9,0.0,7.11,0.2272,0.0023,1.01,C,新潟芝長距離(2500以上)・稍・中枠(3-6)で母父系統「ニアークティック系」は基準比リフト1.01
小倉,小回り・機動型,芝,中距離(1700-2000),良,中枠(3-6),母父系統,ニアークティック系,1683,128,377,0.0761,0.224,51.4,0.0,7.57,0.2218,0.0022,1.01,C,小倉芝中距離(1700-2000)・良・中枠(3-6)で母父系統「ニアークティック系」は基準比リフト1.01
中京,直線長め・持続型,芝,中距離(1700-2000),良,中枠(3-6),母父系統,ニアークティック系,951,61,212,0.0641,0.2229,89.1,0.0,7.93,0.2207,0.0022,1.01,C,中京芝中距離(1700-2000)・良・中枠(3-6)で母父系統「ニアークティック系」は基準比リフト1.01
京都,平坦・スピード型,ダ,短距離(1000-1300),重不良,外枠(7-8),母父系統,ネイティヴダンサー系,108,7,23,0.0648,0.213,44.0,0.0,7.58,0.2108,0.0022,1.01,C,京都ダ短距離(1000-1300)・重不良・外枠(7-8)で母父系統「ネイティヴダンサー系」は基準比リフト1.01
阪神,坂あり・パワー型,ダ,短距離(1000-1300),良,中枠(3-6),母父系統,ネイティヴダンサー系,916,55,192,0.06,0.2096,86.2,0.0,7.79,0.2076,0.002,1.01,C,阪神ダ短距離(1000-1300)・良・中枠(3-6)で母父系統「ネイティヴダンサー系」は基準比リフト1.01
新潟,直線長め・平坦型,ダ,短距離(1000-1300),良,中枠(3-6),母父系統,ロイヤルチャージャー系,1469,110,301,0.0749,0.2049,63.5,0.0,7.81,0.2029,0.002,1.01,C,新潟ダ短距離(1000-1300)・良・中枠(3-6)で母父系統「ロイヤルチャージャー系」は基準比リフト1.01
東京,直線長め・持続型,ダ,短中距離(1400-1600),良,中枠(3-6),母父系統,ロイヤルチャージャー系,4978,314,1004,0.0631,0.2017,74.3,0.0,8.21,0.1997,0.002,1.01,C,東京ダ短中距離(1400-1600)・良・中枠(3-6)で母父系統「ロイヤルチャージャー系」は基準比リフト1.01
中京,直線長め・持続型,芝,短距離(1000-1300),良,中枠(3-6),母父系統,ニアークティック系,507,35,101,0.069,0.1992,107.8,0.0,8.85,0.1973,0.0019,1.01,C,中京芝短距離(1000-1300)・良・中枠(3-6)で母父系統「ニアークティック系」は基準比リフト1.01
京都,平坦・スピード型,ダ,短中距離(1400-1600),良,外枠(7-8),母父系統,ナスルーラ系,260,18,51,0.0692,0.1962,100.9,0.0,7.85,0.1942,0.002,1.01,C,京都ダ短中距離(1400-1600)・良・外枠(7-8)で母父系統「ナスルーラ系」は基準比リフト1.01
阪神,坂あり・パワー型,ダ,長距離(2500以上),良,外枠(7-8),母父系統,ニアークティック系,199,19,53,0.0955,0.2663,33.8,0.0,6.68,0.2639,0.0024,1.009,C,阪神ダ長距離(2500以上)・良・外枠(7-8)で母父系統「ニアークティック系」は基準比リフト1.009
函館,小回り・持続型,芝,長距離(2500以上),良,中枠(3-6),母父系統,ロイヤルチャージャー系,168,16,43,0.0952,0.256,90.4,0.0,6.76,0.2537,0.0023,1.009,C,函館芝長距離(2500以上)・良・中枠(3-6)で母父系統「ロイヤルチャージャー系」は基準比リフト1.009
京都,平坦・スピード型,芝,中長距離(2100-2400),良,中枠(3-6),母父系統,ロイヤルチャージャー系,584,47,138,0.0805,0.2363,66.0,0.0,6.93,0.2341,0.0022,1.009,C,京都芝中長距離(2100-2400)・良・中枠(3-6)で母父系統「ロイヤルチャージャー系」は基準比リフト1.009
阪神,坂あり・パワー型,ダ,中距離(1700-2000),稍,内枠(1-2),母父系統,ネイティヴダンサー系,261,21,60,0.0805,0.2299,93.2,0.0,7.46,0.2278,0.0021,1.009,C,阪神ダ中距離(1700-2000)・稍・内枠(1-2)で母父系統「ネイティヴダンサー系」は基準比リフト1.009
中山,坂あり・パワー型,芝,短距離(1000-1300),良,内枠(1-2),母父系統,ロイヤルチャージャー系,468,32,101,0.0684,0.2158,87.5,0.0,7.62,0.2138,0.002,1.009,C,中山芝短距離(1000-1300)・良・内枠(1-2)で母父系統「ロイヤルチャージャー系」は基準比リフト1.009
札幌,小回り・持続型,芝,中距離(1700-2000),良,外枠(7-8),母父系統,ニアークティック系,491,40,103,0.0815,0.2098,95.9,0.0,7.37,0.2079,0.0019,1.009,C,札幌芝中距離(1700-2000)・良・外枠(7-8)で母父系統「ニアークティック系」は基準比リフト1.009
阪神,坂あり・パワー型,芝,中長距離(2100-2400),良,中枠(3-6),母父系統,ネイティヴダンサー系,327,31,86,0.0948,0.263,69.0,0.0,6.88,0.2609,0.0021,1.008,C,阪神芝中長距離(2100-2400)・良・中枠(3-6)で母父系統「ネイティヴダンサー系」は基準比リフト1.008
東京,直線長め・持続型,芝,中長距離(2100-2400),良,内枠(1-2),母父系統,ニアークティック系,308,36,81,0.1169,0.263,158.3,0.0,6.74,0.261,0.002,1.008,C,東京芝中長距離(2100-2400)・良・内枠(1-2)で母父系統「ニアークティック系」は基準比リフト1.008
福島,小回り・機動型,芝,長距離(2500以上),良,中枠(3-6),母父系統,ロイヤルチャージャー系,733,62,179,0.0846,0.2442,81.8,0.0,7.21,0.2423,0.0019,1.008,C,福島芝長距離(2500以上)・良・中枠(3-6)で母父系統「ロイヤルチャージャー系」は基準比リフト1.008
京都,平坦・スピード型,芝,中距離(1700-2000),良,内枠(1-2),母父系統,ロイヤルチャージャー系,747,49,180,0.0656,0.241,43.0,0.0,7.01,0.239,0.002,1.008,C,京都芝中距離(1700-2000)・良・内枠(1-2)で母父系統「ロイヤルチャージャー系」は基準比リフト1.008
中山,坂あり・パワー型,芝,中距離(1700-2000),良,中枠(3-6),母父系統,ナスルーラ系,811,50,177,0.0617,0.2182,43.2,0.0,7.93,0.2165,0.0017,1.008,C,中山芝中距離(1700-2000)・良・中枠(3-6)で母父系統「ナスルーラ系」は基準比リフト1.008
福島,小回り・機動型,ダ,中距離(1700-2000),重不良,外枠(7-8),母父系統,ロイヤルチャージャー系,128,8,27,0.0625,0.2109,94.5,0.0,7.71,0.2092,0.0017,1.008,C,福島ダ中距離(1700-2000)・重不良・外枠(7-8)で母父系統「ロイヤルチャージャー系」は基準比リフト1.008
福島,小回り・機動型,芝,長距離(2500以上),良,中枠(3-6),母父系統,ネイティヴダンサー系,414,27,101,0.0652,0.244,48.2,0.0,6.99,0.2423,0.0017,1.007,C,福島芝長距離(2500以上)・良・中枠(3-6)で母父系統「ネイティヴダンサー系」は基準比リフト1.007
函館,小回り・持続型,芝,中距離(1700-2000),良,中枠(3-6),母父系統,ニアークティック系,816,68,197,0.0833,0.2414,80.6,0.0,6.99,0.2397,0.0017,1.007,C,函館芝中距離(1700-2000)・良・中枠(3-6)で母父系統「ニアークティック系」は基準比リフト1.007
阪神,坂あり・パワー型,ダ,中距離(1700-2000),良,中枠(3-6),母父系統,ニアークティック系,2163,168,495,0.0777,0.2288,90.0,0.0,7.36,0.2273,0.0015,1.007,C,阪神ダ中距離(1700-2000)・良・中枠(3-6)で母父系統「ニアークティック系」は基準比リフト1.007
阪神,坂あり・パワー型,芝,中長距離(2100-2400),良,外枠(7-8),母父系統,ロイヤルチャージャー系,374,29,83,0.0775,0.2219,61.8,0.0,7.09,0.2204,0.0015,1.007,C,阪神芝中長距離(2100-2400)・良・外枠(7-8)で母父系統「ロイヤルチャージャー系」は基準比リフト1.007
京都,平坦・スピード型,芝,短距離(1000-1300),良,中枠(3-6),母父系統,ネイティヴダンサー系,428,26,89,0.0607,0.2079,43.9,0.0,8.17,0.2064,0.0015,1.007,C,京都芝短距離(1000-1300)・良・中枠(3-6)で母父系統「ネイティヴダンサー系」は基準比リフト1.007
中山,坂あり・パワー型,芝,中距離(1700-2000),稍,外枠(7-8),母父系統,ニアークティック系,190,9,38,0.0474,0.2,44.0,0.0,8.19,0.1986,0.0014,1.007,C,中山芝中距離(1700-2000)・稍・外枠(7-8)で母父系統「ニアークティック系」は基準比リフト1.007
小倉,小回り・機動型,ダ,中距離(1700-2000),良,中枠(3-6),母父系統,ナスルーラ系,515,35,101,0.068,0.1961,72.5,0.0,8.06,0.1947,0.0014,1.007,C,小倉ダ中距離(1700-2000)・良・中枠(3-6)で母父系統「ナスルーラ系」は基準比リフト1.007
新潟,直線長め・平坦型,芝,短距離(1000-1300),良,外枠(7-8),母父系統,ネイティヴダンサー系,498,42,117,0.0843,0.2349,75.9,0.0,8.04,0.2335,0.0014,1.006,C,新潟芝短距離(1000-1300)・良・外枠(7-8)で母父系統「ネイティヴダンサー系」は基準比リフト1.006
新潟,直線長め・平坦型,芝,中距離(1700-2000),良,中枠(3-6),母父系統,ロイヤルチャージャー系,1575,122,344,0.0775,0.2184,58.2,0.0,7.92,0.2171,0.0013,1.006,C,新潟芝中距離(1700-2000)・良・中枠(3-6)で母父系統「ロイヤルチャージャー系」は基準比リフト1.006
中山,坂あり・パワー型,芝,短中距離(1400-1600),稍,中枠(3-6),母父系統,ロイヤルチャージャー系,331,22,69,0.0665,0.2085,35.0,0.0,7.66,0.2072,0.0013,1.006,C,中山芝短中距離(1400-1600)・稍・中枠(3-6)で母父系統「ロイヤルチャージャー系」は基準比リフト1.006
小倉,小回り・機動型,ダ,中距離(1700-2000),良,外枠(7-8),母父系統,ナスルーラ系,267,20,53,0.0749,0.1985,51.9,0.0,8.18,0.1974,0.0011,1.006,C,小倉ダ中距離(1700-2000)・良・外枠(7-8)で母父系統「ナスルーラ系」は基準比リフト1.006
阪神,坂あり・パワー型,ダ,短距離(1000-1300),重不良,内枠(1-2),母父系統,ロイヤルチャージャー系,135,7,24,0.0519,0.1778,71.0,0.0,8.67,0.1767,0.0011,1.006,C,阪神ダ短距離(1000-1300)・重不良・内枠(1-2)で母父系統「ロイヤルチャージャー系」は基準比リフト1.006
東京,直線長め・持続型,芝,中長距離(2100-2400),良,内枠(1-2),母父系統,ロイヤルチャージャー系,343,37,90,0.1079,0.2624,88.4,0.0,7.39,0.261,0.0014,1.005,C,東京芝中長距離(2100-2400)・良・内枠(1-2)で母父系統「ロイヤルチャージャー系」は基準比リフト1.005
中山,坂あり・パワー型,芝,中距離(1700-2000),良,中枠(3-6),母父系統,ロイヤルチャージャー系,2326,180,506,0.0774,0.2175,76.9,0.0,7.73,0.2165,0.001,1.005,C,中山芝中距離(1700-2000)・良・中枠(3-6)で母父系統「ロイヤルチャージャー系」は基準比リフト1.005
福島,小回り・機動型,芝,中距離(1700-2000),良,内枠(1-2),母父系統,ロイヤルチャージャー系,761,47,158,0.0618,0.2076,59.6,0.0,7.79,0.2066,0.001,1.005,C,福島芝中距離(1700-2000)・良・内枠(1-2)で母父系統「ロイヤルチャージャー系」は基準比リフト1.005
中山,坂あり・パワー型,芝,短中距離(1400-1600),良,中枠(3-6),母父系統,ネイティヴダンサー系,1052,78,213,0.0741,0.2025,70.7,0.0,7.92,0.2014,0.0011,1.005,C,中山芝短中距離(1400-1600)・良・中枠(3-6)で母父系統「ネイティヴダンサー系」は基準比リフト1.005
阪神,坂あり・パワー型,ダ,短中距離(1400-1600),重不良,中枠(3-6),母父系統,ネイティヴダンサー系,202,12,36,0.0594,0.1782,40.5,0.0,8.27,0.1774,0.0008,1.005,C,阪神ダ短中距離(1400-1600)・重不良・中枠(3-6)で母父系統「ネイティヴダンサー系」は基準比リフト1.005
中山,坂あり・パワー型,ダ,中距離(1700-2000),重不良,外枠(7-8),母父系統,ネイティヴダンサー系,202,15,51,0.0743,0.2525,47.6,0.0,7.48,0.2515,0.001,1.004,C,中山ダ中距離(1700-2000)・重不良・外枠(7-8)で母父系統「ネイティヴダンサー系」は基準比リフト1.004
中山,坂あり・パワー型,芝,短中距離(1400-1600),良,内枠(1-2),母父系統,ナスルーラ系,320,25,77,0.0781,0.2406,67.5,0.0,7.53,0.2397,0.0009,1.004,C,中山芝短中距離(1400-1600)・良・内枠(1-2)で母父系統「ナスルーラ系」は基準比リフト1.004
阪神,坂あり・パワー型,芝,短距離(1000-1300),良,中枠(3-6),母父系統,ロイヤルチャージャー系,651,43,146,0.0661,0.2243,56.7,0.0,7.81,0.2234,0.0009,1.004,C,阪神芝短距離(1000-1300)・良・中枠(3-6)で母父系統「ロイヤルチャージャー系」は基準比リフト1.004
小倉,小回り・機動型,ダ,短距離(1000-1300),良,中枠(3-6),母父系統,ネイティヴダンサー系,451,37,101,0.082,0.2239,125.4,0.0,7.08,0.2229,0.001,1.004,C,小倉ダ短距離(1000-1300)・良・中枠(3-6)で母父系統「ネイティヴダンサー系」は基準比リフト1.004
東京,直線長め・持続型,ダ,短中距離(1400-1600),稍,外枠(7-8),母父系統,ネイティヴダンサー系,528,46,118,0.0871,0.2235,92.3,0.0,8.06,0.2227,0.0008,1.004,C,東京ダ短中距離(1400-1600)・稍・外枠(7-8)で母父系統「ネイティヴダンサー系」は基準比リフト1.004
中山,坂あり・パワー型,ダ,中距離(1700-2000),良,外枠(7-8),母父系統,ロイヤルチャージャー系,1629,127,364,0.078,0.2234,82.3,0.0,7.81,0.2226,0.0008,1.004,C,中山ダ中距離(1700-2000)・良・外枠(7-8)で母父系統「ロイヤルチャージャー系」は基準比リフト1.004
函館,小回り・持続型,芝,短距離(1000-1300),良,外枠(7-8),母父系統,ニアークティック系,536,33,113,0.0616,0.2108,51.6,0.0,7.42,0.21,0.0008,1.004,C,函館芝短距離(1000-1300)・良・外枠(7-8)で母父系統「ニアークティック系」は基準比リフト1.004
中京,直線長め・持続型,芝,中長距離(2100-2400),良,内枠(1-2),母父系統,ロイヤルチャージャー系,157,13,33,0.0828,0.2102,44.5,0.0,7.87,0.2094,0.0008,1.004,C,中京芝中長距離(2100-2400)・良・内枠(1-2)で母父系統「ロイヤルチャージャー系」は基準比リフト1.004
東京,直線長め・持続型,芝,短中距離(1400-1600),良,中枠(3-6),母父系統,ネイティヴダンサー系,2145,142,437,0.0662,0.2037,71.3,0.0,8.13,0.2028,0.0009,1.004,C,東京芝短中距離(1400-1600)・良・中枠(3-6)で母父系統「ネイティヴダンサー系」は基準比リフト1.004
新潟,直線長め・平坦型,ダ,短距離(1000-1300),稍,中枠(3-6),母父系統,ナスルーラ系,190,17,38,0.0895,0.2,73.8,0.0,7.94,0.1993,0.0007,1.004,C,新潟ダ短距離(1000-1300)・稍・中枠(3-6)で母父系統「ナスルーラ系」は基準比リフト1.004
中京,直線長め・持続型,ダ,中距離(1700-2000),重不良,中枠(3-6),母父系統,ニアークティック系,323,19,63,0.0588,0.195,37.1,0.0,7.81,0.1943,0.0007,1.004,C,中京ダ中距離(1700-2000)・重不良・中枠(3-6)で母父系統「ニアークティック系」は基準比リフト1.004
京都,平坦・スピード型,芝,中距離(1700-2000),稍,中枠(3-6),母父系統,ネイティヴダンサー系,143,10,34,0.0699,0.2378,78.5,0.0,7.23,0.237,0.0008,1.003,C,京都芝中距離(1700-2000)・稍・中枠(3-6)で母父系統「ネイティヴダンサー系」は基準比リフト1.003
東京,直線長め・持続型,ダ,短中距離(1400-1600),稍,外枠(7-8),母父系統,ロイヤルチャージャー系,761,56,170,0.0736,0.2234,64.4,0.0,8.25,0.2227,0.0007,1.003,C,東京ダ短中距離(1400-1600)・稍・外枠(7-8)で母父系統「ロイヤルチャージャー系」は基準比リフト1.003
東京,直線長め・持続型,ダ,中長距離(2100-2400),良,中枠(3-6),母父系統,ネイティヴダンサー系,590,51,131,0.0864,0.222,74.0,0.0,7.75,0.2214,0.0006,1.003,C,東京ダ中長距離(2100-2400)・良・中枠(3-6)で母父系統「ネイティヴダンサー系」は基準比リフト1.003
新潟,直線長め・平坦型,ダ,中距離(1700-2000),重不良,外枠(7-8),母父系統,ロイヤルチャージャー系,178,11,39,0.0618,0.2191,84.4,0.0,7.24,0.2184,0.0007,1.003,C,新潟ダ中距離(1700-2000)・重不良・外枠(7-8)で母父系統「ロイヤルチャージャー系」は基準比リフト1.003
中山,坂あり・パワー型,芝,中距離(1700-2000),良,外枠(7-8),母父系統,ニアークティック系,1077,84,224,0.078,0.208,90.1,0.0,7.77,0.2074,0.0006,1.003,C,中山芝中距離(1700-2000)・良・外枠(7-8)で母父系統「ニアークティック系」は基準比リフト1.003
京都,平坦・スピード型,ダ,短距離(1000-1300),良,外枠(7-8),母父系統,ロイヤルチャージャー系,766,51,157,0.0666,0.205,78.8,0.0,8.1,0.2043,0.0007,1.003,C,京都ダ短距離(1000-1300)・良・外枠(7-8)で母父系統「ロイヤルチャージャー系」は基準比リフト1.003
東京,直線長め・持続型,ダ,短距離(1000-1300),良,中枠(3-6),母父系統,ロイヤルチャージャー系,740,43,146,0.0581,0.1973,37.8,0.0,8.31,0.1967,0.0006,1.003,C,東京ダ短距離(1000-1300)・良・中枠(3-6)で母父系統「ロイヤルチャージャー系」は基準比リフト1.003
中山,坂あり・パワー型,ダ,中距離(1700-2000),重不良,内枠(1-2),母父系統,ロイヤルチャージャー系,259,11,42,0.0425,0.1622,42.4,0.0,8.61,0.1617,0.0005,1.003,C,中山ダ中距離(1700-2000)・重不良・内枠(1-2)で母父系統「ロイヤルチャージャー系」は基準比リフト1.003
中京,直線長め・持続型,芝,中長距離(2100-2400),良,中枠(3-6),母父系統,ロイヤルチャージャー系,377,27,87,0.0716,0.2308,60.4,0.0,7.87,0.2304,0.0004,1.002,C,中京芝中長距離(2100-2400)・良・中枠(3-6)で母父系統「ロイヤルチャージャー系」は基準比リフト1.002
新潟,直線長め・平坦型,ダ,中距離(1700-2000),良,中枠(3-6),母父系統,ニアークティック系,1341,82,288,0.0611,0.2148,98.4,0.0,7.58,0.2144,0.0004,1.002,C,新潟ダ中距離(1700-2000)・良・中枠(3-6)で母父系統「ニアークティック系」は基準比リフト1.002
新潟,直線長め・平坦型,ダ,短距離(1000-1300),良,中枠(3-6),母父系統,ニアークティック系,1283,83,261,0.0647,0.2034,52.7,0.0,7.74,0.2029,0.0005,1.002,C,新潟ダ短距離(1000-1300)・良・中枠(3-6)で母父系統「ニアークティック系」は基準比リフト1.002
京都,平坦・スピード型,芝,短中距離(1400-1600),良,外枠(7-8),母父系統,その他のエクリプス系,98,6,19,0.0612,0.1939,20.6,0.0,7.49,0.1935,0.0004,1.002,C,京都芝短中距離(1400-1600)・良・外枠(7-8)で母父系統「その他のエクリプス系」は基準比リフト1.002
小倉,小回り・機動型,芝,短距離(1000-1300),重不良,外枠(7-8),母父系統,ロイヤルチャージャー系,189,15,35,0.0794,0.1852,114.1,0.0,9.16,0.1848,0.0004,1.002,C,小倉芝短距離(1000-1300)・重不良・外枠(7-8)で母父系統「ロイヤルチャージャー系」は基準比リフト1.002
中山,坂あり・パワー型,芝,中長距離(2100-2400),良,内枠(1-2),母父系統,ニアークティック系,160,15,36,0.0938,0.225,170.4,0.0,7.81,0.2248,0.0002,1.001,C,中山芝中長距離(2100-2400)・良・内枠(1-2)で母父系統「ニアークティック系」は基準比リフト1.001
新潟,直線長め・平坦型,ダ,短距離(1000-1300),重不良,外枠(7-8),母父系統,ロイヤルチャージャー系,161,9,36,0.0559,0.2236,50.9,0.0,7.86,0.2233,0.0003,1.001,C,新潟ダ短距離(1000-1300)・重不良・外枠(7-8)で母父系統「ロイヤルチャージャー系」は基準比リフト1.001
中京,直線長め・持続型,ダ,中距離(1700-2000),良,中枠(3-6),母父系統,ニアークティック系,1496,103,327,0.0689,0.2186,78.8,0.0,7.71,0.2184,0.0002,1.001,C,中京ダ中距離(1700-2000)・良・中枠(3-6)で母父系統「ニアークティック系」は基準比リフト1.001
福島,小回り・機動型,芝,長距離(2500以上),良,外枠(7-8),母父系統,ネイティヴダンサー系,238,19,48,0.0798,0.2017,45.4,0.0,6.73,0.2014,0.0003,1.001,C,福島芝長距離(2500以上)・良・外枠(7-8)で母父系統「ネイティヴダンサー系」は基準比リフト1.001
中京,直線長め・持続型,芝,短距離(1000-1300),良,中枠(3-6),母父系統,ネイティヴダンサー系,324,16,64,0.0494,0.1975,54.8,0.0,8.75,0.1973,0.0002,1.001,C,中京芝短距離(1000-1300)・良・中枠(3-6)で母父系統「ネイティヴダンサー系」は基準比リフト1.001
阪神,坂あり・パワー型,ダ,短中距離(1400-1600),重不良,内枠(1-2),母父系統,ネイティヴダンサー系,107,10,21,0.0935,0.1963,79.3,0.0,8.2,0.1961,0.0002,1.001,C,阪神ダ短中距離(1400-1600)・重不良・内枠(1-2)で母父系統「ネイティヴダンサー系」は基準比リフト1.001
阪神,坂あり・パワー型,芝,短距離(1000-1300),良,外枠(7-8),母父系統,ロイヤルチャージャー系,361,22,70,0.0609,0.1939,51.1,0.0,7.47,0.1938,0.0001,1.001,C,阪神芝短距離(1000-1300)・良・外枠(7-8)で母父系統「ロイヤルチャージャー系」は基準比リフト1.001
阪神,坂あり・パワー型,芝,短中距離(1400-1600),良,外枠(7-8),母父系統,ネイティヴダンサー系,927,63,177,0.068,0.1909,124.9,0.0,8.21,0.1907,0.0002,1.001,C,阪神芝短中距離(1400-1600)・良・外枠(7-8)で母父系統「ネイティヴダンサー系」は基準比リフト1.001
中山,坂あり・パワー型,ダ,短距離(1000-1300),重不良,外枠(7-8),母父系統,ナスルーラ系,93,6,22,0.0645,0.2366,55.5,0.0,7.4,0.2366,0.0,1.0,C,中山ダ短距離(1000-1300)・重不良・外枠(7-8)で母父系統「ナスルーラ系」は基準比リフト1.0
新潟,直線長め・平坦型,芝,長距離(2500以上),良,中枠(3-6),母父系統,ニアークティック系,519,43,117,0.0829,0.2254,64.8,0.0,6.8,0.2255,-0.0001,1.0,C,新潟芝長距離(2500以上)・良・中枠(3-6)で母父系統「ニアークティック系」は基準比リフト1.0
新潟,直線長め・平坦型,ダ,中距離(1700-2000),稍,外枠(7-8),母父系統,ニアークティック系,245,16,55,0.0653,0.2245,60.1,0.0,7.82,0.2244,0.0001,1.0,C,新潟ダ中距離(1700-2000)・稍・外枠(7-8)で母父系統「ニアークティック系」は基準比リフト1.0
中山,坂あり・パワー型,芝,長距離(2500以上),良,外枠(7-8),母父系統,ロイヤルチャージャー系,194,19,43,0.0979,0.2216,62.5,0.0,7.18,0.2217,-0.0001,1.0,C,中山芝長距離(2500以上)・良・外枠(7-8)で母父系統「ロイヤルチャージャー系」は基準比リフト1.0
福島,小回り・機動型,ダ,短距離(1000-1300),良,中枠(3-6),母父系統,ロイヤルチャージャー系,935,55,176,0.0588,0.1882,63.0,0.0,8.2,0.1882,0.0,1.0,C,福島ダ短距離(1000-1300)・良・中枠(3-6)で母父系統「ロイヤルチャージャー系」は基準比リフト1.0
福島,小回り・機動型,芝,長距離(2500以上),稍,中枠(3-6),母父系統,ニアークティック系,86,4,21,0.0465,0.2442,18.4,0.0,6.1,0.2445,-0.0003,0.999,参考,福島芝長距離(2500以上)・稍・中枠(3-6)で母父系統「ニアークティック系」は基準比リフト0.999
中山,坂あり・パワー型,ダ,中距離(1700-2000),良,外枠(7-8),母父系統,ニアークティック系,1259,84,280,0.0667,0.2224,81.4,0.0,7.96,0.2226,-0.0002,0.999,参考,中山ダ中距離(1700-2000)・良・外枠(7-8)で母父系統「ニアークティック系」は基準比リフト0.999
札幌,小回り・持続型,芝,短距離(1000-1300),良,外枠(7-8),母父系統,ニアークティック系,291,22,64,0.0756,0.2199,81.7,0.0,7.79,0.2201,-0.0002,0.999,参考,札幌芝短距離(1000-1300)・良・外枠(7-8)で母父系統「ニアークティック系」は基準比リフト0.999
京都,平坦・スピード型,ダ,短距離(1000-1300),良,外枠(7-8),母父系統,ナスルーラ系,294,23,60,0.0782,0.2041,69.7,0.0,8.29,0.2043,-0.0002,0.999,参考,京都ダ短距離(1000-1300)・良・外枠(7-8)で母父系統「ナスルーラ系」は基準比リフト0.999
中山,坂あり・パワー型,ダ,中距離(1700-2000),良,内枠(1-2),母父系統,ニアークティック系,1056,71,195,0.0672,0.1847,91.6,0.0,8.08,0.1848,-0.0001,0.999,参考,中山ダ中距離(1700-2000)・良・内枠(1-2)で母父系統「ニアークティック系」は基準比リフト0.999
小倉,小回り・機動型,芝,長距離(2500以上),良,内枠(1-2),母父系統,ロイヤルチャージャー系,166,10,48,0.0602,0.2892,37.3,0.0,6.83,0.2897,-0.0005,0.998,参考,小倉芝長距離(2500以上)・良・内枠(1-2)で母父系統「ロイヤルチャージャー系」は基準比リフト0.998
東京,直線長め・持続型,芝,中距離(1700-2000),良,中枠(3-6),母父系統,ネイティヴダンサー系,1454,111,344,0.0763,0.2366,61.5,0.0,7.31,0.237,-0.0004,0.998,参考,東京芝中距離(1700-2000)・良・中枠(3-6)で母父系統「ネイティヴダンサー系」は基準比リフト0.998
新潟,直線長め・平坦型,ダ,中距離(1700-2000),稍,中枠(3-6),母父系統,ロイヤルチャージャー系,555,32,127,0.0577,0.2288,24.7,0.0,7.35,0.2292,-0.0004,0.998,参考,新潟ダ中距離(1700-2000)・稍・中枠(3-6)で母父系統「ロイヤルチャージャー系」は基準比リフト0.998
東京,直線長め・持続型,芝,中長距離(2100-2400),良,外枠(7-8),母父系統,ロイヤルチャージャー系,496,35,112,0.0706,0.2258,35.8,0.0,7.78,0.2262,-0.0004,0.998,参考,東京芝中長距離(2100-2400)・良・外枠(7-8)で母父系統「ロイヤルチャージャー系」は基準比リフト0.998
京都,平坦・スピード型,芝,短中距離(1400-1600),稍,外枠(7-8),母父系統,ネイティヴダンサー系,135,7,30,0.0519,0.2222,14.8,0.0,7.82,0.2226,-0.0004,0.998,参考,京都芝短中距離(1400-1600)・稍・外枠(7-8)で母父系統「ネイティヴダンサー系」は基準比リフト0.998
小倉,小回り・機動型,ダ,中距離(1700-2000),稍,内枠(1-2),母父系統,ロイヤルチャージャー系,303,16,61,0.0528,0.2013,58.9,0.0,8.03,0.2017,-0.0004,0.998,参考,小倉ダ中距離(1700-2000)・稍・内枠(1-2)で母父系統「ロイヤルチャージャー系」は基準比リフト0.998
札幌,小回り・持続型,芝,中距離(1700-2000),良,中枠(3-6),母父系統,ニアークティック系,843,71,204,0.0842,0.242,96.6,0.0,7.08,0.2428,-0.0008,0.997,参考,札幌芝中距離(1700-2000)・良・中枠(3-6)で母父系統「ニアークティック系」は基準比リフト0.997
中京,直線長め・持続型,芝,中長距離(2100-2400),良,外枠(7-8),母父系統,ロイヤルチャージャー系,252,24,58,0.0952,0.2302,73.2,0.0,7.47,0.2308,-0.0006,0.997,参考,中京芝中長距離(2100-2400)・良・外枠(7-8)で母父系統「ロイヤルチャージャー系」は基準比リフト0.997
中山,坂あり・パワー型,芝,中距離(1700-2000),重不良,外枠(7-8),母父系統,ニアークティック系,87,7,18,0.0805,0.2069,77.6,0.0,8.13,0.2076,-0.0007,0.997,参考,中山芝中距離(1700-2000)・重不良・外枠(7-8)で母父系統「ニアークティック系」は基準比リフト0.997
阪神,坂あり・パワー型,ダ,短中距離(1400-1600),不,内枠(1-2),母父系統,ロイヤルチャージャー系,102,5,16,0.049,0.1569,111.9,0.0,8.79,0.1574,-0.0005,0.997,参考,阪神ダ短中距離(1400-1600)・不・内枠(1-2)で母父系統「ロイヤルチャージャー系」は基準比リフト0.997
京都,平坦・スピード型,芝,短距離(1000-1300),良,内枠(1-2),母父系統,ロイヤルチャージャー系,298,23,69,0.0772,0.2315,74.3,0.0,7.99,0.2324,-0.0009,0.996,参考,京都芝短距離(1000-1300)・良・内枠(1-2)で母父系統「ロイヤルチャージャー系」は基準比リフト0.996
東京,直線長め・持続型,ダ,短中距離(1400-1600),重不良,外枠(7-8),母父系統,ロイヤルチャージャー系,492,43,111,0.0874,0.2256,69.5,0.0,8.09,0.2265,-0.0009,0.996,参考,東京ダ短中距離(1400-1600)・重不良・外枠(7-8)で母父系統「ロイヤルチャージャー系」は基準比リフト0.996
東京,直線長め・持続型,芝,短中距離(1400-1600),良,中枠(3-6),母父系統,ロイヤルチャージャー系,3669,269,741,0.0733,0.202,79.3,0.0,8.23,0.2028,-0.0008,0.996,参考,東京芝短中距離(1400-1600)・良・中枠(3-6)で母父系統「ロイヤルチャージャー系」は基準比リフト0.996
函館,小回り・持続型,ダ,中距離(1700-2000),重不良,中枠(3-6),母父系統,ロイヤルチャージャー系,157,14,31,0.0892,0.1975,39.2,0.0,6.35,0.1983,-0.0008,0.996,参考,函館ダ中距離(1700-2000)・重不良・中枠(3-6)で母父系統「ロイヤルチャージャー系」は基準比リフト0.996
小倉,小回り・機動型,芝,短距離(1000-1300),良,外枠(7-8),母父系統,ネイティヴダンサー系,851,53,168,0.0623,0.1974,63.4,0.0,8.82,0.1981,-0.0007,0.996,参考,小倉芝短距離(1000-1300)・良・外枠(7-8)で母父系統「ネイティヴダンサー系」は基準比リフト0.996
中京,直線長め・持続型,ダ,短距離(1000-1300),良,中枠(3-6),母父系統,ネイティヴダンサー系,546,44,99,0.0806,0.1813,88.9,0.0,8.0,0.182,-0.0007,0.996,参考,中京ダ短距離(1000-1300)・良・中枠(3-6)で母父系統「ネイティヴダンサー系」は基準比リフト0.996
阪神,坂あり・パワー型,ダ,短中距離(1400-1600),重不良,中枠(3-6),母父系統,ニアークティック系,266,18,47,0.0677,0.1767,71.7,0.0,8.08,0.1774,-0.0007,0.996,参考,阪神ダ短中距離(1400-1600)・重不良・中枠(3-6)で母父系統「ニアークティック系」は基準比リフト0.996
福島,小回り・機動型,芝,長距離(2500以上),良,中枠(3-6),母父系統,ニアークティック系,664,52,160,0.0783,0.241,70.2,0.0,7.05,0.2423,-0.0013,0.995,参考,福島芝長距離(2500以上)・良・中枠(3-6)で母父系統「ニアークティック系」は基準比リフト0.995
阪神,坂あり・パワー型,ダ,中距離(1700-2000),良,外枠(7-8),母父系統,ナスルーラ系,406,37,95,0.0911,0.234,82.8,0.0,7.14,0.2351,-0.0011,0.995,参考,阪神ダ中距離(1700-2000)・良・外枠(7-8)で母父系統「ナスルーラ系」は基準比リフト0.995
東京,直線長め・持続型,ダ,中長距離(2100-2400),重不良,中枠(3-6),母父系統,ネイティヴダンサー系,99,8,23,0.0808,0.2323,77.2,0.0,8.13,0.2334,-0.0011,0.995,参考,東京ダ中長距離(2100-2400)・重不良・中枠(3-6)で母父系統「ネイティヴダンサー系」は基準比リフト0.995
京都,平坦・スピード型,ダ,中距離(1700-2000),稍,中枠(3-6),母父系統,ロイヤルチャージャー系,651,52,147,0.0799,0.2258,56.3,0.0,7.25,0.2269,-0.0011,0.995,参考,京都ダ中距離(1700-2000)・稍・中枠(3-6)で母父系統「ロイヤルチャージャー系」は基準比リフト0.995
小倉,小回り・機動型,ダ,短距離(1000-1300),良,外枠(7-8),母父系統,ロイヤルチャージャー系,328,25,74,0.0762,0.2256,81.5,0.0,7.23,0.2268,-0.0012,0.995,参考,小倉ダ短距離(1000-1300)・良・外枠(7-8)で母父系統「ロイヤルチャージャー系」は基準比リフト0.995
阪神,坂あり・パワー型,ダ,短距離(1000-1300),良,中枠(3-6),母父系統,ロイヤルチャージャー系,1360,92,281,0.0676,0.2066,48.5,0.0,8.1,0.2076,-0.001,0.995,参考,阪神ダ短距離(1000-1300)・良・中枠(3-6)で母父系統「ロイヤルチャージャー系」は基準比リフト0.995
東京,直線長め・持続型,芝,短中距離(1400-1600),稍,中枠(3-6),母父系統,ネイティヴダンサー系,371,29,72,0.0782,0.1941,42.3,0.0,8.12,0.195,-0.0009,0.995,参考,東京芝短中距離(1400-1600)・稍・中枠(3-6)で母父系統「ネイティヴダンサー系」は基準比リフト0.995
東京,直線長め・持続型,ダ,長距離(2500以上),良,外枠(7-8),母父系統,ネイティヴダンサー系,97,6,18,0.0619,0.1856,59.7,0.0,6.8,0.1865,-0.0009,0.995,参考,東京ダ長距離(2500以上)・良・外枠(7-8)で母父系統「ネイティヴダンサー系」は基準比リフト0.995
札幌,小回り・持続型,芝,短距離(1000-1300),良,内枠(1-2),母父系統,ニアークティック系,277,11,64,0.0397,0.231,38.6,0.0,7.03,0.2324,-0.0014,0.994,参考,札幌芝短距離(1000-1300)・良・内枠(1-2)で母父系統「ニアークティック系」は基準比リフト0.994
中山,坂あり・パワー型,芝,中距離(1700-2000),良,内枠(1-2),母父系統,ネイティヴダンサー系,531,38,117,0.0716,0.2203,41.0,0.0,7.46,0.2217,-0.0014,0.994,参考,中山芝中距離(1700-2000)・良・内枠(1-2)で母父系統「ネイティヴダンサー系」は基準比リフト0.994
札幌,小回り・持続型,芝,短中距離(1400-1600),良,外枠(7-8),母父系統,ロイヤルチャージャー系,264,18,57,0.0682,0.2159,33.8,0.0,6.85,0.2171,-0.0012,0.994,参考,札幌芝短中距離(1400-1600)・良・外枠(7-8)で母父系統「ロイヤルチャージャー系」は基準比リフト0.994
東京,直線長め・持続型,ダ,短中距離(1400-1600),良,外枠(7-8),母父系統,ニアークティック系,2044,155,440,0.0758,0.2153,81.9,0.0,7.99,0.2165,-0.0012,0.994,参考,東京ダ短中距離(1400-1600)・良・外枠(7-8)で母父系統「ニアークティック系」は基準比リフト0.994
東京,直線長め・持続型,芝,短中距離(1400-1600),良,中枠(3-6),母父系統,ナスルーラ系,1504,89,303,0.0592,0.2015,63.6,0.0,8.11,0.2028,-0.0013,0.994,参考,東京芝短中距離(1400-1600)・良・中枠(3-6)で母父系統「ナスルーラ系」は基準比リフト0.994
新潟,直線長め・平坦型,ダ,中距離(1700-2000),稍,内枠(1-2),母父系統,ニアークティック系,145,9,28,0.0621,0.1931,37.2,0.0,7.75,0.1942,-0.0011,0.994,参考,新潟ダ中距離(1700-2000)・稍・内枠(1-2)で母父系統「ニアークティック系」は基準比リフト0.994
新潟,直線長め・平坦型,芝,短距離(1000-1300),良,中枠(3-6),母父系統,ナスルーラ系,541,28,92,0.0518,0.1701,51.5,0.0,8.66,0.1712,-0.0011,0.994,参考,新潟芝短距離(1000-1300)・良・中枠(3-6)で母父系統「ナスルーラ系」は基準比リフト0.994
函館,小回り・持続型,ダ,短距離(1000-1300),良,外枠(7-8),母父系統,ネイティヴダンサー系,220,18,57,0.0818,0.2591,57.6,0.0,6.18,0.261,-0.0019,0.993,参考,函館ダ短距離(1000-1300)・良・外枠(7-8)で母父系統「ネイティヴダンサー系」は基準比リフト0.993
阪神,坂あり・パワー型,ダ,中距離(1700-2000),良,中枠(3-6),母父系統,ナスルーラ系,802,55,181,0.0686,0.2257,67.2,0.0,7.54,0.2273,-0.0016,0.993,参考,阪神ダ中距離(1700-2000)・良・中枠(3-6)で母父系統「ナスルーラ系」は基準比リフト0.993
中京,直線長め・持続型,ダ,中距離(1700-2000),稍,中枠(3-6),母父系統,ナスルーラ系,138,12,31,0.087,0.2246,59.5,0.0,7.09,0.2261,-0.0015,0.993,参考,中京ダ中距離(1700-2000)・稍・中枠(3-6)で母父系統「ナスルーラ系」は基準比リフト0.993
京都,平坦・スピード型,ダ,短中距離(1400-1600),良,内枠(1-2),母父系統,ロイヤルチャージャー系,636,42,131,0.066,0.206,61.0,0.0,8.2,0.2074,-0.0014,0.993,参考,京都ダ短中距離(1400-1600)・良・内枠(1-2)で母父系統「ロイヤルチャージャー系」は基準比リフト0.993
阪神,坂あり・パワー型,ダ,短中距離(1400-1600),良,中枠(3-6),母父系統,ロイヤルチャージャー系,1617,98,326,0.0606,0.2016,64.4,0.0,8.08,0.2031,-0.0015,0.993,参考,阪神ダ短中距離(1400-1600)・良・中枠(3-6)で母父系統「ロイヤルチャージャー系」は基準比リフト0.993
福島,小回り・機動型,ダ,中距離(1700-2000),良,中枠(3-6),母父系統,ナスルーラ系,498,26,99,0.0522,0.1988,44.4,0.0,7.74,0.2003,-0.0015,0.993,参考,福島ダ中距離(1700-2000)・良・中枠(3-6)で母父系統「ナスルーラ系」は基準比リフト0.993
新潟,直線長め・平坦型,ダ,短距離(1000-1300),稍,中枠(3-6),母父系統,ネイティヴダンサー系,409,28,81,0.0685,0.198,60.9,0.0,7.7,0.1993,-0.0013,0.993,参考,新潟ダ短距離(1000-1300)・稍・中枠(3-6)で母父系統「ネイティヴダンサー系」は基準比リフト0.993
阪神,坂あり・パワー型,ダ,短中距離(1400-1600),重不良,中枠(3-6),母父系統,ロイヤルチャージャー系,352,18,62,0.0511,0.1761,23.2,0.0,8.07,0.1774,-0.0013,0.993,参考,阪神ダ短中距離(1400-1600)・重不良・中枠(3-6)で母父系統「ロイヤルチャージャー系」は基準比リフト0.993
札幌,小回り・持続型,芝,中距離(1700-2000),良,内枠(1-2),母父系統,ナスルーラ系,153,16,42,0.1046,0.2745,99.5,0.0,6.91,0.2768,-0.0023,0.992,参考,札幌芝中距離(1700-2000)・良・内枠(1-2)で母父系統「ナスルーラ系」は基準比リフト0.992
新潟,直線長め・平坦型,芝,中距離(1700-2000),良,外枠(7-8),母父系統,ロイヤルチャージャー系,1009,73,211,0.0723,0.2091,92.7,0.0,7.99,0.2107,-0.0016,0.992,参考,新潟芝中距離(1700-2000)・良・外枠(7-8)で母父系統「ロイヤルチャージャー系」は基準比リフト0.992
阪神,坂あり・パワー型,ダ,短距離(1000-1300),良,中枠(3-6),母父系統,ニアークティック系,1063,77,219,0.0724,0.206,58.4,0.0,7.98,0.2076,-0.0016,0.992,参考,阪神ダ短距離(1000-1300)・良・中枠(3-6)で母父系統「ニアークティック系」は基準比リフト0.992
阪神,坂あり・パワー型,ダ,短距離(1000-1300),良,外枠(7-8),母父系統,ニアークティック系,511,32,105,0.0626,0.2055,62.9,0.0,7.95,0.2072,-0.0017,0.992,参考,阪神ダ短距離(1000-1300)・良・外枠(7-8)で母父系統「ニアークティック系」は基準比リフト0.992
新潟,直線長め・平坦型,ダ,短距離(1000-1300),良,中枠(3-6),母父系統,ネイティヴダンサー系,1043,63,210,0.0604,0.2013,58.7,0.0,7.95,0.2029,-0.0016,0.992,参考,新潟ダ短距離(1000-1300)・良・中枠(3-6)で母父系統「ネイティヴダンサー系」は基準比リフト0.992
小倉,小回り・機動型,ダ,中距離(1700-2000),良,外枠(7-8),母父系統,ロイヤルチャージャー系,710,37,139,0.0521,0.1958,86.8,0.0,8.42,0.1974,-0.0016,0.992,参考,小倉ダ中距離(1700-2000)・良・外枠(7-8)で母父系統「ロイヤルチャージャー系」は基準比リフト0.992
中京,直線長め・持続型,芝,中距離(1700-2000),良,外枠(7-8),母父系統,ニアークティック系,575,46,112,0.08,0.1948,75.9,0.0,8.3,0.1964,-0.0016,0.992,参考,中京芝中距離(1700-2000)・良・外枠(7-8)で母父系統「ニアークティック系」は基準比リフト0.992
福島,小回り・機動型,ダ,短距離(1000-1300),良,中枠(3-6),母父系統,ナスルーラ系,332,20,62,0.0602,0.1867,72.6,0.0,8.1,0.1882,-0.0015,0.992,参考,福島ダ短距離(1000-1300)・良・中枠(3-6)で母父系統「ナスルーラ系」は基準比リフト0.992
中山,坂あり・パワー型,ダ,中距離(1700-2000),稍,中枠(3-6),母父系統,ナスルーラ系,291,23,60,0.079,0.2062,89.0,0.0,7.8,0.2081,-0.0019,0.991,参考,中山ダ中距離(1700-2000)・稍・中枠(3-6)で母父系統「ナスルーラ系」は基準比リフト0.991
京都,平坦・スピード型,ダ,中距離(1700-2000),良,外枠(7-8),母父系統,ロイヤルチャージャー系,1319,78,270,0.0591,0.2047,47.2,0.0,7.54,0.2066,-0.0019,0.991,参考,京都ダ中距離(1700-2000)・良・外枠(7-8)で母父系統「ロイヤルチャージャー系」は基準比リフト0.991
阪神,坂あり・パワー型,ダ,短中距離(1400-1600),良,中枠(3-6),母父系統,ニアークティック系,1371,94,276,0.0686,0.2013,76.5,0.0,8.1,0.2031,-0.0018,0.991,参考,阪神ダ短中距離(1400-1600)・良・中枠(3-6)で母父系統「ニアークティック系」は基準比リフト0.991
中京,直線長め・持続型,ダ,中距離(1700-2000),不,外枠(7-8),母父系統,ロイヤルチャージャー系,116,6,22,0.0517,0.1897,61.5,0.0,7.79,0.1914,-0.0017,0.991,参考,中京ダ中距離(1700-2000)・不・外枠(7-8)で母父系統「ロイヤルチャージャー系」は基準比リフト0.991
中山,坂あり・パワー型,ダ,短距離(1000-1300),稍,内枠(1-2),母父系統,ロイヤルチャージャー系,509,26,91,0.0511,0.1788,77.2,0.0,8.44,0.1805,-0.0017,0.991,参考,中山ダ短距離(1000-1300)・稍・内枠(1-2)で母父系統「ロイヤルチャージャー系」は基準比リフト0.991
京都,平坦・スピード型,ダ,長距離(2500以上),良,中枠(3-6),母父系統,ネイティヴダンサー系,266,17,61,0.0639,0.2293,63.5,0.0,6.74,0.2316,-0.0023,0.99,参考,京都ダ長距離(2500以上)・良・中枠(3-6)で母父系統「ネイティヴダンサー系」は基準比リフト0.99
京都,平坦・スピード型,芝,中長距離(2100-2400),良,外枠(7-8),母父系統,ネイティヴダンサー系,211,11,47,0.0521,0.2227,33.7,0.0,7.04,0.225,-0.0023,0.99,参考,京都芝中長距離(2100-2400)・良・外枠(7-8)で母父系統「ネイティヴダンサー系」は基準比リフト0.99
福島,小回り・機動型,ダ,短距離(1000-1300),良,外枠(7-8),母父系統,ニアークティック系,384,28,80,0.0729,0.2083,57.4,0.0,7.89,0.2103,-0.002,0.99,参考,福島ダ短距離(1000-1300)・良・外枠(7-8)で母父系統「ニアークティック系」は基準比リフト0.99
阪神,坂あり・パワー型,芝,短距離(1000-1300),良,外枠(7-8),母父系統,ナスルーラ系,146,6,28,0.0411,0.1918,65.6,0.0,7.61,0.1938,-0.002,0.99,参考,阪神芝短距離(1000-1300)・良・外枠(7-8)で母父系統「ナスルーラ系」は基準比リフト0.99
東京,直線長め・持続型,ダ,中長距離(2100-2400),良,内枠(1-2),母父系統,ネイティヴダンサー系,254,11,46,0.0433,0.1811,59.2,0.0,7.87,0.183,-0.0019,0.99,参考,東京ダ中長距離(2100-2400)・良・内枠(1-2)で母父系統「ネイティヴダンサー系」は基準比リフト0.99
函館,小回り・持続型,芝,短距離(1000-1300),良,中枠(3-6),母父系統,ニアークティック系,990,86,228,0.0869,0.2303,69.4,0.0,7.18,0.2329,-0.0026,0.989,参考,函館芝短距離(1000-1300)・良・中枠(3-6)で母父系統「ニアークティック系」は基準比リフト0.989
京都,平坦・スピード型,ダ,短距離(1000-1300),不,中枠(3-6),母父系統,ネイティヴダンサー系,88,6,18,0.0682,0.2045,119.8,0.0,7.97,0.2068,-0.0023,0.989,参考,京都ダ短距離(1000-1300)・不・中枠(3-6)で母父系統「ネイティヴダンサー系」は基準比リフト0.989
小倉,小回り・機動型,芝,中距離(1700-2000),良,外枠(7-8),母父系統,ロイヤルチャージャー系,1220,90,247,0.0738,0.2025,81.5,0.0,7.92,0.2048,-0.0023,0.989,参考,小倉芝中距離(1700-2000)・良・外枠(7-8)で母父系統「ロイヤルチャージャー系」は基準比リフト0.989
新潟,直線長め・平坦型,芝,中距離(1700-2000),良,内枠(1-2),母父系統,ネイティヴダンサー系,410,31,76,0.0756,0.1854,72.2,0.0,8.43,0.1874,-0.002,0.989,参考,新潟芝中距離(1700-2000)・良・内枠(1-2)で母父系統「ネイティヴダンサー系」は基準比リフト0.989
札幌,小回り・持続型,ダ,短距離(1000-1300),良,外枠(7-8),母父系統,ニアークティック系,232,26,66,0.1121,0.2845,147.2,0.0,6.26,0.2879,-0.0034,0.988,参考,札幌ダ短距離(1000-1300)・良・外枠(7-8)で母父系統「ニアークティック系」は基準比リフト0.988
函館,小回り・持続型,芝,中距離(1700-2000),良,内枠(1-2),母父系統,ネイティヴダンサー系,215,18,60,0.0837,0.2791,114.3,0.0,7.07,0.2826,-0.0035,0.988,参考,函館芝中距離(1700-2000)・良・内枠(1-2)で母父系統「ネイティヴダンサー系」は基準比リフト0.988
東京,直線長め・持続型,芝,中長距離(2100-2400),良,中枠(3-6),母父系統,ロイヤルチャージャー系,770,53,172,0.0688,0.2234,49.9,0.0,7.49,0.226,-0.0026,0.988,参考,東京芝中長距離(2100-2400)・良・中枠(3-6)で母父系統「ロイヤルチャージャー系」は基準比リフト0.988
中京,直線長め・持続型,芝,中距離(1700-2000),稍,中枠(3-6),母父系統,ネイティヴダンサー系,100,9,22,0.09,0.22,37.4,0.0,7.26,0.2227,-0.0027,0.988,参考,中京芝中距離(1700-2000)・稍・中枠(3-6)で母父系統「ネイティヴダンサー系」は基準比リフト0.988
中京,直線長め・持続型,ダ,短中距離(1400-1600),良,内枠(1-2),母父系統,ロイヤルチャージャー系,498,25,97,0.0502,0.1948,65.4,0.0,7.98,0.1971,-0.0023,0.988,参考,中京ダ短中距離(1400-1600)・良・内枠(1-2)で母父系統「ロイヤルチャージャー系」は基準比リフト0.988
京都,平坦・スピード型,ダ,中距離(1700-2000),良,内枠(1-2),母父系統,ネイティヴダンサー系,753,65,172,0.0863,0.2284,88.2,0.0,7.54,0.2314,-0.003,0.987,参考,京都ダ中距離(1700-2000)・良・内枠(1-2)で母父系統「ネイティヴダンサー系」は基準比リフト0.987
小倉,小回り・機動型,ダ,短距離(1000-1300),稍,外枠(7-8),母父系統,ロイヤルチャージャー系,146,7,33,0.0479,0.226,24.6,0.0,7.51,0.2289,-0.0029,0.987,参考,小倉ダ短距離(1000-1300)・稍・外枠(7-8)で母父系統「ロイヤルチャージャー系」は基準比リフト0.987
福島,小回り・機動型,ダ,短距離(1000-1300),稍,中枠(3-6),母父系統,ロイヤルチャージャー系,240,20,51,0.0833,0.2125,53.2,0.0,8.31,0.2153,-0.0028,0.987,参考,福島ダ短距離(1000-1300)・稍・中枠(3-6)で母父系統「ロイヤルチャージャー系」は基準比リフト0.987
小倉,小回り・機動型,ダ,中距離(1700-2000),良,内枠(1-2),母父系統,ニアークティック系,550,34,115,0.0618,0.2091,50.2,0.0,7.45,0.2118,-0.0027,0.987,参考,小倉ダ中距離(1700-2000)・良・内枠(1-2)で母父系統「ニアークティック系」は基準比リフト0.987
小倉,小回り・機動型,芝,短距離(1000-1300),良,中枠(3-6),母父系統,その他のエクリプス系,130,6,25,0.0462,0.1923,43.6,0.0,8.41,0.1949,-0.0026,0.987,参考,小倉芝短距離(1000-1300)・良・中枠(3-6)で母父系統「その他のエクリプス系」は基準比リフト0.987
京都,平坦・スピード型,ダ,短中距離(1400-1600),稍,内枠(1-2),母父系統,ロイヤルチャージャー系,209,12,40,0.0574,0.1914,62.0,0.0,8.42,0.1939,-0.0025,0.987,参考,京都ダ短中距離(1400-1600)・稍・内枠(1-2)で母父系統「ロイヤルチャージャー系」は基準比リフト0.987
京都,平坦・スピード型,芝,中長距離(2100-2400),良,内枠(1-2),母父系統,ナスルーラ系,108,15,31,0.1389,0.287,229.9,0.0,6.97,0.2911,-0.0041,0.986,参考,京都芝中長距離(2100-2400)・良・内枠(1-2)で母父系統「ナスルーラ系」は基準比リフト0.986
阪神,坂あり・パワー型,芝,中距離(1700-2000),稍,外枠(7-8),母父系統,ナスルーラ系,85,8,18,0.0941,0.2118,89.9,0.0,7.89,0.2149,-0.0031,0.986,参考,阪神芝中距離(1700-2000)・稍・外枠(7-8)で母父系統「ナスルーラ系」は基準比リフト0.986
中山,坂あり・パワー型,芝,短中距離(1400-1600),重不良,中枠(3-6),母父系統,ニアークティック系,90,7,19,0.0778,0.2111,49.7,0.0,7.66,0.214,-0.0029,0.986,参考,中山芝短中距離(1400-1600)・重不良・中枠(3-6)で母父系統「ニアークティック系」は基準比リフト0.986
京都,平坦・スピード型,芝,短距離(1000-1300),良,中枠(3-6),母父系統,ロイヤルチャージャー系,678,41,138,0.0605,0.2035,64.7,0.0,8.15,0.2064,-0.0029,0.986,参考,京都芝短距離(1000-1300)・良・中枠(3-6)で母父系統「ロイヤルチャージャー系」は基準比リフト0.986
函館,小回り・持続型,芝,長距離(2500以上),良,中枠(3-6),母父系統,ネイティヴダンサー系,92,11,23,0.1196,0.25,59.2,0.0,6.23,0.2537,-0.0037,0.985,参考,函館芝長距離(2500以上)・良・中枠(3-6)で母父系統「ネイティヴダンサー系」は基準比リフト0.985
小倉,小回り・機動型,ダ,短距離(1000-1300),良,中枠(3-6),母父系統,ニアークティック系,583,48,128,0.0823,0.2196,68.0,0.0,7.19,0.2229,-0.0033,0.985,参考,小倉ダ短距離(1000-1300)・良・中枠(3-6)で母父系統「ニアークティック系」は基準比リフト0.985
中山,坂あり・パワー型,ダ,中距離(1700-2000),良,外枠(7-8),母父系統,ナスルーラ系,538,38,118,0.0706,0.2193,59.3,0.0,8.07,0.2226,-0.0033,0.985,参考,中山ダ中距離(1700-2000)・良・外枠(7-8)で母父系統「ナスルーラ系」は基準比リフト0.985
福島,小回り・機動型,ダ,中距離(1700-2000),良,内枠(1-2),母父系統,ロイヤルチャージャー系,555,46,116,0.0829,0.209,130.0,0.0,7.87,0.2121,-0.0031,0.985,参考,福島ダ中距離(1700-2000)・良・内枠(1-2)で母父系統「ロイヤルチャージャー系」は基準比リフト0.985
小倉,小回り・機動型,芝,中距離(1700-2000),稍,中枠(3-6),母父系統,ニアークティック系,335,24,66,0.0716,0.197,67.2,0.0,8.02,0.2,-0.003,0.985,参考,小倉芝中距離(1700-2000)・稍・中枠(3-6)で母父系統「ニアークティック系」は基準比リフト0.985
福島,小回り・機動型,芝,中距離(1700-2000),良,外枠(7-8),母父系統,ニアークティック系,741,43,137,0.058,0.1849,60.7,0.0,8.11,0.1878,-0.0029,0.985,参考,福島芝中距離(1700-2000)・良・外枠(7-8)で母父系統「ニアークティック系」は基準比リフト0.985
中山,坂あり・パワー型,ダ,中距離(1700-2000),重不良,内枠(1-2),母父系統,ニアークティック系,182,10,29,0.0549,0.1593,37.3,0.0,8.15,0.1617,-0.0024,0.985,参考,中山ダ中距離(1700-2000)・重不良・内枠(1-2)で母父系統「ニアークティック系」は基準比リフト0.985
札幌,小回り・持続型,芝,中距離(1700-2000),良,内枠(1-2),母父系統,ネイティヴダンサー系,202,18,55,0.0891,0.2723,56.2,0.0,7.3,0.2768,-0.0045,0.984,参考,札幌芝中距離(1700-2000)・良・内枠(1-2)で母父系統「ネイティヴダンサー系」は基準比リフト0.984
京都,平坦・スピード型,芝,中距離(1700-2000),稍,中枠(3-6),母父系統,ロイヤルチャージャー系,236,19,55,0.0805,0.2331,75.6,0.0,7.54,0.237,-0.0039,0.984,参考,京都芝中距離(1700-2000)・稍・中枠(3-6)で母父系統「ロイヤルチャージャー系」は基準比リフト0.984
東京,直線長め・持続型,芝,中距離(1700-2000),良,内枠(1-2),母父系統,その他のエクリプス系,91,8,21,0.0879,0.2308,41.4,0.0,6.18,0.2345,-0.0037,0.984,参考,東京芝中距離(1700-2000)・良・内枠(1-2)で母父系統「その他のエクリプス系」は基準比リフト0.984
京都,平坦・スピード型,芝,中距離(1700-2000),良,外枠(7-8),母父系統,ロイヤルチャージャー系,1105,90,246,0.0814,0.2226,72.1,0.0,7.38,0.2263,-0.0037,0.984,参考,京都芝中距離(1700-2000)・良・外枠(7-8)で母父系統「ロイヤルチャージャー系」は基準比リフト0.984
京都,平坦・スピード型,芝,短中距離(1400-1600),重不良,外枠(7-8),母父系統,ロイヤルチャージャー系,94,4,20,0.0426,0.2128,80.5,0.0,8.69,0.2162,-0.0034,0.984,参考,京都芝短中距離(1400-1600)・重不良・外枠(7-8)で母父系統「ロイヤルチャージャー系」は基準比リフト0.984
京都,平坦・スピード型,ダ,短中距離(1400-1600),重不良,中枠(3-6),母父系統,ニアークティック系,248,26,52,0.1048,0.2097,84.1,0.0,7.89,0.2131,-0.0034,0.984,参考,京都ダ短中距離(1400-1600)・重不良・中枠(3-6)で母父系統「ニアークティック系」は基準比リフト0.984
小倉,小回り・機動型,ダ,中距離(1700-2000),重不良,中枠(3-6),母父系統,ニアークティック系,359,25,74,0.0696,0.2061,60.3,0.0,7.74,0.2095,-0.0034,0.984,参考,小倉ダ中距離(1700-2000)・重不良・中枠(3-6)で母父系統「ニアークティック系」は基準比リフト0.984
東京,直線長め・持続型,芝,短中距離(1400-1600),稍,中枠(3-6),母父系統,ナスルーラ系,245,17,47,0.0694,0.1918,106.2,0.0,8.52,0.195,-0.0032,0.984,参考,東京芝短中距離(1400-1600)・稍・中枠(3-6)で母父系統「ナスルーラ系」は基準比リフト0.984
中山,坂あり・パワー型,芝,短距離(1000-1300),良,外枠(7-8),母父系統,ナスルーラ系,237,19,45,0.0802,0.1899,87.3,0.0,8.05,0.1929,-0.003,0.984,参考,中山芝短距離(1000-1300)・良・外枠(7-8)で母父系統「ナスルーラ系」は基準比リフト0.984
東京,直線長め・持続型,芝,中距離(1700-2000),稍,内枠(1-2),母父系統,ニアークティック系,126,13,33,0.1032,0.2619,81.3,0.0,6.88,0.2664,-0.0045,0.983,参考,東京芝中距離(1700-2000)・稍・内枠(1-2)で母父系統「ニアークティック系」は基準比リフト0.983
中山,坂あり・パワー型,芝,長距離(2500以上),稍,中枠(3-6),母父系統,ニアークティック系,84,6,22,0.0714,0.2619,30.2,0.0,7.32,0.2664,-0.0045,0.983,参考,中山芝長距離(2500以上)・稍・中枠(3-6)で母父系統「ニアークティック系」は基準比リフト0.983
京都,平坦・スピード型,ダ,長距離(2500以上),良,中枠(3-6),母父系統,ロイヤルチャージャー系,246,16,56,0.065,0.2276,60.6,0.0,6.99,0.2316,-0.004,0.983,参考,京都ダ長距離(2500以上)・良・中枠(3-6)で母父系統「ロイヤルチャージャー系」は基準比リフト0.983
中山,坂あり・パワー型,ダ,長距離(2500以上),良,外枠(7-8),母父系統,ネイティヴダンサー系,114,8,25,0.0702,0.2193,57.7,0.0,6.82,0.223,-0.0037,0.983,参考,中山ダ長距離(2500以上)・良・外枠(7-8)で母父系統「ネイティヴダンサー系」は基準比リフト0.983
東京,直線長め・持続型,ダ,短中距離(1400-1600),稍,外枠(7-8),母父系統,ニアークティック系,516,36,113,0.0698,0.219,74.0,0.0,8.11,0.2227,-0.0037,0.983,参考,東京ダ短中距離(1400-1600)・稍・外枠(7-8)で母父系統「ニアークティック系」は基準比リフト0.983
東京,直線長め・持続型,ダ,短中距離(1400-1600),良,外枠(7-8),母父系統,その他のエクリプス系,155,11,33,0.071,0.2129,104.2,0.0,8.47,0.2165,-0.0036,0.983,参考,東京ダ短中距離(1400-1600)・良・外枠(7-8)で母父系統「その他のエクリプス系」は基準比リフト0.983
福島,小回り・機動型,ダ,短距離(1000-1300),良,外枠(7-8),母父系統,ネイティヴダンサー系,324,30,67,0.0926,0.2068,93.0,0.0,8.15,0.2103,-0.0035,0.983,参考,福島ダ短距離(1000-1300)・良・外枠(7-8)で母父系統「ネイティヴダンサー系」は基準比リフト0.983
中山,坂あり・パワー型,芝,短中距離(1400-1600),良,中枠(3-6),母父系統,ナスルーラ系,702,53,139,0.0755,0.198,81.6,0.0,8.1,0.2014,-0.0034,0.983,参考,中山芝短中距離(1400-1600)・良・中枠(3-6)で母父系統「ナスルーラ系」は基準比リフト0.983
中山,坂あり・パワー型,芝,短距離(1000-1300),良,中枠(3-6),母父系統,ニアークティック系,870,66,172,0.0759,0.1977,72.4,0.0,8.03,0.2011,-0.0034,0.983,参考,中山芝短距離(1000-1300)・良・中枠(3-6)で母父系統「ニアークティック系」は基準比リフト0.983
函館,小回り・持続型,芝,中距離(1700-2000),稍,中枠(3-6),母父系統,ロイヤルチャージャー系,194,18,51,0.0928,0.2629,85.5,0.0,6.87,0.2678,-0.0049,0.982,参考,函館芝中距離(1700-2000)・稍・中枠(3-6)で母父系統「ロイヤルチャージャー系」は基準比リフト0.982
中京,直線長め・持続型,芝,中距離(1700-2000),良,内枠(1-2),母父系統,ネイティヴダンサー系,276,25,61,0.0906,0.221,60.0,0.0,7.89,0.2251,-0.0041,0.982,参考,中京芝中距離(1700-2000)・良・内枠(1-2)で母父系統「ネイティヴダンサー系」は基準比リフト0.982
新潟,直線長め・平坦型,ダ,中距離(1700-2000),良,内枠(1-2),母父系統,ニアークティック系,502,27,100,0.0538,0.1992,70.5,0.0,7.48,0.2028,-0.0036,0.982,参考,新潟ダ中距離(1700-2000)・良・内枠(1-2)で母父系統「ニアークティック系」は基準比リフト0.982
福島,小回り・機動型,ダ,中距離(1700-2000),良,中枠(3-6),母父系統,ロイヤルチャージャー系,1576,100,310,0.0635,0.1967,70.7,0.0,7.71,0.2003,-0.0036,0.982,参考,福島ダ中距離(1700-2000)・良・中枠(3-6)で母父系統「ロイヤルチャージャー系」は基準比リフト0.982
新潟,直線長め・平坦型,ダ,短距離(1000-1300),重不良,中枠(3-6),母父系統,ナスルーラ系,83,10,16,0.1205,0.1928,92.8,0.0,8.28,0.1964,-0.0036,0.982,参考,新潟ダ短距離(1000-1300)・重不良・中枠(3-6)で母父系統「ナスルーラ系」は基準比リフト0.982
京都,平坦・スピード型,芝,中長距離(2100-2400),良,内枠(1-2),母父系統,ニアークティック系,231,21,66,0.0909,0.2857,56.8,0.0,6.72,0.2911,-0.0054,0.981,参考,京都芝中長距離(2100-2400)・良・内枠(1-2)で母父系統「ニアークティック系」は基準比リフト0.981
函館,小回り・持続型,ダ,短距離(1000-1300),良,中枠(3-6),母父系統,ナスルーラ系,166,14,42,0.0843,0.253,66.9,0.0,6.3,0.2579,-0.0049,0.981,参考,函館ダ短距離(1000-1300)・良・中枠(3-6)で母父系統「ナスルーラ系」は基準比リフト0.981
札幌,小回り・持続型,芝,長距離(2500以上),良,中枠(3-6),母父系統,ネイティヴダンサー系,105,15,24,0.1429,0.2286,75.8,0.0,7.24,0.233,-0.0044,0.981,参考,札幌芝長距離(2500以上)・良・中枠(3-6)で母父系統「ネイティヴダンサー系」は基準比リフト0.981
中山,坂あり・パワー型,ダ,短距離(1000-1300),稍,外枠(7-8),母父系統,ネイティヴダンサー系,348,29,77,0.0833,0.2213,68.4,0.0,7.93,0.2257,-0.0044,0.981,参考,中山ダ短距離(1000-1300)・稍・外枠(7-8)で母父系統「ネイティヴダンサー系」は基準比リフト0.981
中京,直線長め・持続型,芝,短中距離(1400-1600),稍,中枠(3-6),母父系統,ニアークティック系,261,16,54,0.0613,0.2069,68.7,0.0,8.31,0.211,-0.0041,0.981,参考,中京芝短中距離(1400-1600)・稍・中枠(3-6)で母父系統「ニアークティック系」は基準比リフト0.981
札幌,小回り・持続型,ダ,中距離(1700-2000),良,内枠(1-2),母父系統,ニアークティック系,301,15,62,0.0498,0.206,38.0,0.0,6.8,0.21,-0.004,0.981,参考,札幌ダ中距離(1700-2000)・良・内枠(1-2)で母父系統「ニアークティック系」は基準比リフト0.981
中京,直線長め・持続型,ダ,短距離(1000-1300),稍,中枠(3-6),母父系統,ネイティヴダンサー系,143,14,29,0.0979,0.2028,145.0,0.0,8.44,0.2068,-0.004,0.981,参考,中京ダ短距離(1000-1300)・稍・中枠(3-6)で母父系統「ネイティヴダンサー系」は基準比リフト0.981
小倉,小回り・機動型,ダ,中距離(1700-2000),稍,中枠(3-6),母父系統,ナスルーラ系,213,15,43,0.0704,0.2019,209.6,0.0,8.14,0.2059,-0.004,0.981,参考,小倉ダ中距離(1700-2000)・稍・中枠(3-6)で母父系統「ナスルーラ系」は基準比リフト0.981
中京,直線長め・持続型,ダ,短距離(1000-1300),良,外枠(7-8),母父系統,ロイヤルチャージャー系,451,29,88,0.0643,0.1951,55.5,0.0,8.5,0.1988,-0.0037,0.981,参考,中京ダ短距離(1000-1300)・良・外枠(7-8)で母父系統「ロイヤルチャージャー系」は基準比リフト0.981
小倉,小回り・機動型,芝,短距離(1000-1300),重不良,中枠(3-6),母父系統,ニアークティック系,209,10,40,0.0478,0.1914,29.1,0.0,8.62,0.1952,-0.0038,0.981,参考,小倉芝短距離(1000-1300)・重不良・中枠(3-6)で母父系統「ニアークティック系」は基準比リフト0.981
新潟,直線長め・平坦型,芝,短距離(1000-1300),良,中枠(3-6),母父系統,ロイヤルチャージャー系,1250,85,210,0.068,0.168,76.3,0.0,9.09,0.1712,-0.0032,0.981,参考,新潟芝短距離(1000-1300)・良・中枠(3-6)で母父系統「ロイヤルチャージャー系」は基準比リフト0.981
新潟,直線長め・平坦型,芝,短距離(1000-1300),良,中枠(3-6),母父系統,ネイティヴダンサー系,786,45,132,0.0573,0.1679,71.0,0.0,9.13,0.1712,-0.0033,0.981,参考,新潟芝短距離(1000-1300)・良・中枠(3-6)で母父系統「ネイティヴダンサー系」は基準比リフト0.981
新潟,直線長め・平坦型,芝,短距離(1000-1300),稍,中枠(3-6),母父系統,ネイティヴダンサー系,142,6,23,0.0423,0.162,52.6,0.0,8.56,0.1652,-0.0032,0.981,参考,新潟芝短距離(1000-1300)・稍・中枠(3-6)で母父系統「ネイティヴダンサー系」は基準比リフト0.981
新潟,直線長め・平坦型,芝,中距離(1700-2000),良,中枠(3-6),母父系統,ネイティヴダンサー系,1015,67,216,0.066,0.2128,62.8,0.0,7.6,0.2171,-0.0043,0.98,参考,新潟芝中距離(1700-2000)・良・中枠(3-6)で母父系統「ネイティヴダンサー系」は基準比リフト0.98
京都,平坦・スピード型,芝,短中距離(1400-1600),稍,中枠(3-6),母父系統,ロイヤルチャージャー系,364,33,75,0.0907,0.206,95.7,0.0,7.89,0.2103,-0.0043,0.98,参考,京都芝短中距離(1400-1600)・稍・中枠(3-6)で母父系統「ロイヤルチャージャー系」は基準比リフト0.98
京都,平坦・スピード型,ダ,短中距離(1400-1600),稍,中枠(3-6),母父系統,ロイヤルチャージャー系,401,24,81,0.0599,0.202,44.4,0.0,8.15,0.2062,-0.0042,0.98,参考,京都ダ短中距離(1400-1600)・稍・中枠(3-6)で母父系統「ロイヤルチャージャー系」は基準比リフト0.98
中京,直線長め・持続型,芝,短中距離(1400-1600),良,中枠(3-6),母父系統,ロイヤルチャージャー系,1513,93,304,0.0615,0.2009,59.4,0.0,8.24,0.2051,-0.0042,0.98,参考,中京芝短中距離(1400-1600)・良・中枠(3-6)で母父系統「ロイヤルチャージャー系」は基準比リフト0.98
京都,平坦・スピード型,ダ,短中距離(1400-1600),稍,内枠(1-2),母父系統,ニアークティック系,142,10,27,0.0704,0.1901,70.4,0.0,8.26,0.1939,-0.0038,0.98,参考,京都ダ短中距離(1400-1600)・稍・内枠(1-2)で母父系統「ニアークティック系」は基準比リフト0.98
新潟,直線長め・平坦型,ダ,短距離(1000-1300),良,内枠(1-2),母父系統,ニアークティック系,440,21,76,0.0477,0.1727,46.8,0.0,8.18,0.1762,-0.0035,0.98,参考,新潟ダ短距離(1000-1300)・良・内枠(1-2)で母父系統「ニアークティック系」は基準比リフト0.98
京都,平坦・スピード型,芝,短距離(1000-1300),良,外枠(7-8),母父系統,ネイティヴダンサー系,258,14,44,0.0543,0.1705,82.5,0.0,8.77,0.1739,-0.0034,0.98,参考,京都芝短距離(1000-1300)・良・外枠(7-8)で母父系統「ネイティヴダンサー系」は基準比リフト0.98
東京,直線長め・持続型,ダ,短中距離(1400-1600),良,内枠(1-2),母父系統,ロイヤルチャージャー系,2305,112,379,0.0486,0.1644,63.2,0.0,8.49,0.1677,-0.0033,0.98,参考,東京ダ短中距離(1400-1600)・良・内枠(1-2)で母父系統「ロイヤルチャージャー系」は基準比リフト0.98
函館,小回り・持続型,ダ,中距離(1700-2000),良,中枠(3-6),母父系統,ロイヤルチャージャー系,945,75,218,0.0794,0.2307,93.9,0.0,6.84,0.2356,-0.0049,0.979,参考,函館ダ中距離(1700-2000)・良・中枠(3-6)で母父系統「ロイヤルチャージャー系」は基準比リフト0.979
小倉,小回り・機動型,ダ,短距離(1000-1300),良,内枠(1-2),母父系統,ネイティヴダンサー系,117,8,24,0.0684,0.2051,59.1,0.0,7.69,0.2096,-0.0045,0.979,参考,小倉ダ短距離(1000-1300)・良・内枠(1-2)で母父系統「ネイティヴダンサー系」は基準比リフト0.979
福島,小回り・機動型,ダ,中距離(1700-2000),稍,中枠(3-6),母父系統,ロイヤルチャージャー系,373,21,73,0.0563,0.1957,78.0,0.0,7.99,0.1998,-0.0041,0.979,参考,福島ダ中距離(1700-2000)・稍・中枠(3-6)で母父系統「ロイヤルチャージャー系」は基準比リフト0.979
小倉,小回り・機動型,ダ,中距離(1700-2000),重不良,外枠(7-8),母父系統,ナスルーラ系,82,4,15,0.0488,0.1829,27.9,0.0,7.71,0.1868,-0.0039,0.979,参考,小倉ダ中距離(1700-2000)・重不良・外枠(7-8)で母父系統「ナスルーラ系」は基準比リフト0.979
東京,直線長め・持続型,ダ,短中距離(1400-1600),不,外枠(7-8),母父系統,ネイティヴダンサー系,179,11,32,0.0615,0.1788,57.5,0.0,8.11,0.1827,-0.0039,0.979,参考,東京ダ短中距離(1400-1600)・不・外枠(7-8)で母父系統「ネイティヴダンサー系」は基準比リフト0.979
東京,直線長め・持続型,ダ,短中距離(1400-1600),稍,内枠(1-2),母父系統,ネイティヴダンサー系,478,30,82,0.0628,0.1715,75.4,0.0,8.0,0.1751,-0.0036,0.979,参考,東京ダ短中距離(1400-1600)・稍・内枠(1-2)で母父系統「ネイティヴダンサー系」は基準比リフト0.979
札幌,小回り・持続型,ダ,短距離(1000-1300),良,外枠(7-8),母父系統,ナスルーラ系,103,8,29,0.0777,0.2816,79.4,0.0,6.03,0.2879,-0.0063,0.978,参考,札幌ダ短距離(1000-1300)・良・外枠(7-8)で母父系統「ナスルーラ系」は基準比リフト0.978
中山,坂あり・パワー型,芝,短中距離(1400-1600),良,内枠(1-2),母父系統,ニアークティック系,674,54,158,0.0801,0.2344,70.3,0.0,7.31,0.2397,-0.0053,0.978,参考,中山芝短中距離(1400-1600)・良・内枠(1-2)で母父系統「ニアークティック系」は基準比リフト0.978
小倉,小回り・機動型,ダ,短距離(1000-1300),不,中枠(3-6),母父系統,ニアークティック系,97,5,21,0.0515,0.2165,44.2,0.0,8.19,0.2213,-0.0048,0.978,参考,小倉ダ短距離(1000-1300)・不・中枠(3-6)で母父系統「ニアークティック系」は基準比リフト0.978
東京,直線長め・持続型,ダ,短中距離(1400-1600),不,中枠(3-6),母父系統,ロイヤルチャージャー系,558,41,116,0.0735,0.2079,77.8,0.0,8.21,0.2126,-0.0047,0.978,参考,東京ダ短中距離(1400-1600)・不・中枠(3-6)で母父系統「ロイヤルチャージャー系」は基準比リフト0.978
新潟,直線長め・平坦型,芝,中距離(1700-2000),良,外枠(7-8),母父系統,ナスルーラ系,398,32,82,0.0804,0.206,85.5,0.0,8.24,0.2107,-0.0047,0.978,参考,新潟芝中距離(1700-2000)・良・外枠(7-8)で母父系統「ナスルーラ系」は基準比リフト0.978
中京,直線長め・持続型,ダ,短距離(1000-1300),良,内枠(1-2),母父系統,ロイヤルチャージャー系,418,37,86,0.0885,0.2057,80.3,0.0,8.3,0.2103,-0.0046,0.978,参考,中京ダ短距離(1000-1300)・良・内枠(1-2)で母父系統「ロイヤルチャージャー系」は基準比リフト0.978
東京,直線長め・持続型,芝,短中距離(1400-1600),良,外枠(7-8),母父系統,ロイヤルチャージャー系,2346,138,456,0.0588,0.1944,60.1,0.0,8.24,0.1988,-0.0044,0.978,参考,東京芝短中距離(1400-1600)・良・外枠(7-8)で母父系統「ロイヤルチャージャー系」は基準比リフト0.978
小倉,小回り・機動型,ダ,中距離(1700-2000),良,中枠(3-6),母父系統,ニアークティック系,1203,85,229,0.0707,0.1904,76.4,0.0,8.21,0.1947,-0.0043,0.978,参考,小倉ダ中距離(1700-2000)・良・中枠(3-6)で母父系統「ニアークティック系」は基準比リフト0.978
中山,坂あり・パワー型,ダ,短距離(1000-1300),稍,内枠(1-2),母父系統,ネイティヴダンサー系,334,22,59,0.0659,0.1766,148.6,0.0,8.55,0.1805,-0.0039,0.978,参考,中山ダ短距離(1000-1300)・稍・内枠(1-2)で母父系統「ネイティヴダンサー系」は基準比リフト0.978
福島,小回り・機動型,芝,中距離(1700-2000),稍,外枠(7-8),母父系統,ロイヤルチャージャー系,156,14,39,0.0897,0.25,61.3,0.0,7.87,0.2558,-0.0058,0.977,参考,福島芝中距離(1700-2000)・稍・外枠(7-8)で母父系統「ロイヤルチャージャー系」は基準比リフト0.977
東京,直線長め・持続型,芝,中長距離(2100-2400),良,外枠(7-8),母父系統,ネイティヴダンサー系,267,21,59,0.0787,0.221,66.1,0.0,7.63,0.2262,-0.0052,0.977,参考,東京芝中長距離(2100-2400)・良・外枠(7-8)で母父系統「ネイティヴダンサー系」は基準比リフト0.977
阪神,坂あり・パワー型,芝,短中距離(1400-1600),良,内枠(1-2),母父系統,ロイヤルチャージャー系,1108,76,241,0.0686,0.2175,90.9,0.0,7.95,0.2227,-0.0052,0.977,参考,阪神芝短中距離(1400-1600)・良・内枠(1-2)で母父系統「ロイヤルチャージャー系」は基準比リフト0.977
中京,直線長め・持続型,芝,中距離(1700-2000),良,中枠(3-6),母父系統,ナスルーラ系,385,29,83,0.0753,0.2156,56.9,0.0,7.77,0.2207,-0.0051,0.977,参考,中京芝中距離(1700-2000)・良・中枠(3-6)で母父系統「ナスルーラ系」は基準比リフト0.977
中京,直線長め・持続型,芝,短中距離(1400-1600),良,内枠(1-2),母父系統,ロイヤルチャージャー系,715,51,146,0.0713,0.2042,95.1,0.0,8.18,0.2091,-0.0049,0.977,参考,中京芝短中距離(1400-1600)・良・内枠(1-2)で母父系統「ロイヤルチャージャー系」は基準比リフト0.977
東京,直線長め・持続型,芝,短中距離(1400-1600),良,内枠(1-2),母父系統,ナスルーラ系,605,42,121,0.0694,0.2,82.9,0.0,8.27,0.2047,-0.0047,0.977,参考,東京芝短中距離(1400-1600)・良・内枠(1-2)で母父系統「ナスルーラ系」は基準比リフト0.977
福島,小回り・機動型,芝,中距離(1700-2000),良,外枠(7-8),母父系統,ネイティヴダンサー系,496,27,91,0.0544,0.1835,125.1,0.0,8.15,0.1878,-0.0043,0.977,参考,福島芝中距離(1700-2000)・良・外枠(7-8)で母父系統「ネイティヴダンサー系」は基準比リフト0.977
中山,坂あり・パワー型,ダ,短距離(1000-1300),不,外枠(7-8),母父系統,ネイティヴダンサー系,120,8,21,0.0667,0.175,57.2,0.0,7.94,0.1791,-0.0041,0.977,参考,中山ダ短距離(1000-1300)・不・外枠(7-8)で母父系統「ネイティヴダンサー系」は基準比リフト0.977
東京,直線長め・持続型,ダ,短距離(1000-1300),良,外枠(7-8),母父系統,ロイヤルチャージャー系,382,23,66,0.0602,0.1728,66.4,0.0,8.23,0.1768,-0.004,0.977,参考,東京ダ短距離(1000-1300)・良・外枠(7-8)で母父系統「ロイヤルチャージャー系」は基準比リフト0.977
福島,小回り・機動型,ダ,短距離(1000-1300),稍,外枠(7-8),母父系統,ニアークティック系,95,4,16,0.0421,0.1684,20.8,0.0,8.56,0.1723,-0.0039,0.977,参考,福島ダ短距離(1000-1300)・稍・外枠(7-8)で母父系統「ニアークティック系」は基準比リフト0.977
京都,平坦・スピード型,芝,中距離(1700-2000),稍,外枠(7-8),母父系統,ロイヤルチャージャー系,158,9,40,0.057,0.2532,31.8,0.0,7.3,0.2593,-0.0061,0.976,参考,京都芝中距離(1700-2000)・稍・外枠(7-8)で母父系統「ロイヤルチャージャー系」は基準比リフト0.976
京都,平坦・スピード型,ダ,中距離(1700-2000),重不良,中枠(3-6),母父系統,ニアークティック系,366,26,80,0.071,0.2186,56.1,0.0,7.04,0.2239,-0.0053,0.976,参考,京都ダ中距離(1700-2000)・重不良・中枠(3-6)で母父系統「ニアークティック系」は基準比リフト0.976
小倉,小回り・機動型,芝,中距離(1700-2000),良,内枠(1-2),母父系統,ニアークティック系,732,61,159,0.0833,0.2172,63.3,0.0,7.59,0.2226,-0.0054,0.976,参考,小倉芝中距離(1700-2000)・良・内枠(1-2)で母父系統「ニアークティック系」は基準比リフト0.976
阪神,坂あり・パワー型,ダ,短中距離(1400-1600),良,外枠(7-8),母父系統,ニアークティック系,704,58,152,0.0824,0.2159,79.9,0.0,7.92,0.2213,-0.0054,0.976,参考,阪神ダ短中距離(1400-1600)・良・外枠(7-8)で母父系統「ニアークティック系」は基準比リフト0.976
福島,小回り・機動型,芝,中距離(1700-2000),良,中枠(3-6),母父系統,ニアークティック系,1391,107,297,0.0769,0.2135,78.9,0.0,7.86,0.2188,-0.0053,0.976,参考,福島芝中距離(1700-2000)・良・中枠(3-6)で母父系統「ニアークティック系」は基準比リフト0.976
京都,平坦・スピード型,ダ,中距離(1700-2000),良,中枠(3-6),母父系統,その他のエクリプス系,155,15,33,0.0968,0.2129,211.7,0.0,7.62,0.2181,-0.0052,0.976,参考,京都ダ中距離(1700-2000)・良・中枠(3-6)で母父系統「その他のエクリプス系」は基準比リフト0.976
新潟,直線長め・平坦型,ダ,短距離(1000-1300),不,中枠(3-6),母父系統,ニアークティック系,152,7,32,0.0461,0.2105,71.1,0.0,7.89,0.2157,-0.0052,0.976,参考,新潟ダ短距離(1000-1300)・不・中枠(3-6)で母父系統「ニアークティック系」は基準比リフト0.976
京都,平坦・スピード型,ダ,短中距離(1400-1600),重不良,中枠(3-6),母父系統,ネイティヴダンサー系,178,9,37,0.0506,0.2079,66.7,0.0,7.73,0.2131,-0.0052,0.976,参考,京都ダ短中距離(1400-1600)・重不良・中枠(3-6)で母父系統「ネイティヴダンサー系」は基準比リフト0.976
東京,直線長め・持続型,芝,短中距離(1400-1600),良,内枠(1-2),母父系統,ロイヤルチャージャー系,1592,94,318,0.059,0.1997,52.2,0.0,8.39,0.2047,-0.005,0.976,参考,東京芝短中距離(1400-1600)・良・内枠(1-2)で母父系統「ロイヤルチャージャー系」は基準比リフト0.976
小倉,小回り・機動型,ダ,中距離(1700-2000),良,中枠(3-6),母父系統,ネイティヴダンサー系,952,64,181,0.0672,0.1901,53.4,0.0,7.79,0.1947,-0.0046,0.976,参考,小倉ダ中距離(1700-2000)・良・中枠(3-6)で母父系統「ネイティヴダンサー系」は基準比リフト0.976
小倉,小回り・機動型,芝,短距離(1000-1300),重不良,内枠(1-2),母父系統,ロイヤルチャージャー系,122,9,19,0.0738,0.1557,103.3,0.0,8.7,0.1595,-0.0038,0.976,参考,小倉芝短距離(1000-1300)・重不良・内枠(1-2)で母父系統「ロイヤルチャージャー系」は基準比リフト0.976
阪神,坂あり・パワー型,芝,長距離(2500以上),良,中枠(3-6),母父系統,ネイティヴダンサー系,98,7,24,0.0714,0.2449,52.4,0.0,7.19,0.2511,-0.0062,0.975,参考,阪神芝長距離(2500以上)・良・中枠(3-6)で母父系統「ネイティヴダンサー系」は基準比リフト0.975
函館,小回り・持続型,芝,中距離(1700-2000),良,中枠(3-6),母父系統,ロイヤルチャージャー系,907,68,212,0.075,0.2337,68.8,0.0,7.17,0.2397,-0.006,0.975,参考,函館芝中距離(1700-2000)・良・中枠(3-6)で母父系統「ロイヤルチャージャー系」は基準比リフト0.975
京都,平坦・スピード型,ダ,中距離(1700-2000),重不良,中枠(3-6),母父系統,ロイヤルチャージャー系,412,29,90,0.0704,0.2184,65.7,0.0,7.41,0.2239,-0.0055,0.975,参考,京都ダ中距離(1700-2000)・重不良・中枠(3-6)で母父系統「ロイヤルチャージャー系」は基準比リフト0.975
阪神,坂あり・パワー型,芝,短中距離(1400-1600),良,内枠(1-2),母父系統,ネイティヴダンサー系,654,48,142,0.0734,0.2171,50.8,0.0,7.94,0.2227,-0.0056,0.975,参考,阪神芝短中距離(1400-1600)・良・内枠(1-2)で母父系統「ネイティヴダンサー系」は基準比リフト0.975
小倉,小回り・機動型,芝,中距離(1700-2000),良,内枠(1-2),母父系統,ネイティヴダンサー系,530,40,115,0.0755,0.217,50.2,0.0,7.55,0.2226,-0.0056,0.975,参考,小倉芝中距離(1700-2000)・良・内枠(1-2)で母父系統「ネイティヴダンサー系」は基準比リフト0.975
福島,小回り・機動型,芝,短距離(1000-1300),良,内枠(1-2),母父系統,ニアークティック系,663,46,142,0.0694,0.2142,83.8,0.0,7.97,0.2198,-0.0056,0.975,参考,福島芝短距離(1000-1300)・良・内枠(1-2)で母父系統「ニアークティック系」は基準比リフト0.975
京都,平坦・スピード型,ダ,中距離(1700-2000),良,中枠(3-6),母父系統,ネイティヴダンサー系,1777,129,378,0.0726,0.2127,72.5,0.0,7.47,0.2181,-0.0054,0.975,参考,京都ダ中距離(1700-2000)・良・中枠(3-6)で母父系統「ネイティヴダンサー系」は基準比リフト0.975
中山,坂あり・パワー型,ダ,短距離(1000-1300),不,中枠(3-6),母父系統,ネイティヴダンサー系,238,19,50,0.0798,0.2101,90.8,0.0,7.68,0.2154,-0.0053,0.975,参考,中山ダ短距離(1000-1300)・不・中枠(3-6)で母父系統「ネイティヴダンサー系」は基準比リフト0.975
阪神,坂あり・パワー型,ダ,中距離(1700-2000),重不良,外枠(7-8),母父系統,ネイティヴダンサー系,210,14,43,0.0667,0.2048,46.2,0.0,7.43,0.2101,-0.0053,0.975,参考,阪神ダ中距離(1700-2000)・重不良・外枠(7-8)で母父系統「ネイティヴダンサー系」は基準比リフト0.975
中山,坂あり・パワー型,芝,短中距離(1400-1600),良,中枠(3-6),母父系統,ロイヤルチャージャー系,1763,114,346,0.0647,0.1963,73.9,0.0,7.92,0.2014,-0.0051,0.975,参考,中山芝短中距離(1400-1600)・良・中枠(3-6)で母父系統「ロイヤルチャージャー系」は基準比リフト0.975
中京,直線長め・持続型,芝,短距離(1000-1300),良,中枠(3-6),母父系統,ロイヤルチャージャー系,608,30,117,0.0493,0.1924,44.8,0.0,8.58,0.1973,-0.0049,0.975,参考,中京芝短距離(1000-1300)・良・中枠(3-6)で母父系統「ロイヤルチャージャー系」は基準比リフト0.975
東京,直線長め・持続型,ダ,短距離(1000-1300),良,中枠(3-6),母父系統,ネイティヴダンサー系,511,46,98,0.09,0.1918,115.4,0.0,8.22,0.1967,-0.0049,0.975,参考,東京ダ短距離(1000-1300)・良・中枠(3-6)で母父系統「ネイティヴダンサー系」は基準比リフト0.975
新潟,直線長め・平坦型,芝,短中距離(1400-1600),良,外枠(7-8),母父系統,ニアークティック系,899,63,167,0.0701,0.1858,57.2,0.0,8.65,0.1905,-0.0047,0.975,参考,新潟芝短中距離(1400-1600)・良・外枠(7-8)で母父系統「ニアークティック系」は基準比リフト0.975
新潟,直線長め・平坦型,芝,中距離(1700-2000),良,内枠(1-2),母父系統,ナスルーラ系,268,18,49,0.0672,0.1828,32.3,0.0,8.37,0.1874,-0.0046,0.975,参考,新潟芝中距離(1700-2000)・良・内枠(1-2)で母父系統「ナスルーラ系」は基準比リフト0.975
東京,直線長め・持続型,ダ,短中距離(1400-1600),良,内枠(1-2),母父系統,ナスルーラ系,728,44,119,0.0604,0.1635,34.4,0.0,8.58,0.1677,-0.0042,0.975,参考,東京ダ短中距離(1400-1600)・良・内枠(1-2)で母父系統「ナスルーラ系」は基準比リフト0.975
小倉,小回り・機動型,芝,長距離(2500以上),稍,中枠(3-6),母父系統,ニアークティック系,100,8,27,0.08,0.27,35.0,0.0,6.21,0.2771,-0.0071,0.974,参考,小倉芝長距離(2500以上)・稍・中枠(3-6)で母父系統「ニアークティック系」は基準比リフト0.974
阪神,坂あり・パワー型,芝,中距離(1700-2000),稍,内枠(1-2),母父系統,ネイティヴダンサー系,108,11,27,0.1019,0.25,58.1,0.0,7.11,0.2567,-0.0067,0.974,参考,阪神芝中距離(1700-2000)・稍・内枠(1-2)で母父系統「ネイティヴダンサー系」は基準比リフト0.974
新潟,直線長め・平坦型,ダ,短距離(1000-1300),稍,外枠(7-8),母父系統,ニアークティック系,265,24,61,0.0906,0.2302,152.6,0.0,8.11,0.2363,-0.0061,0.974,参考,新潟ダ短距離(1000-1300)・稍・外枠(7-8)で母父系統「ニアークティック系」は基準比リフト0.974
中山,坂あり・パワー型,ダ,中距離(1700-2000),不,内枠(1-2),母父系統,ロイヤルチャージャー系,164,5,32,0.0305,0.1951,16.6,0.0,7.7,0.2004,-0.0053,0.974,参考,中山ダ中距離(1700-2000)・不・内枠(1-2)で母父系統「ロイヤルチャージャー系」は基準比リフト0.974
小倉,小回り・機動型,芝,中距離(1700-2000),稍,中枠(3-6),母父系統,ロイヤルチャージャー系,457,22,89,0.0481,0.1947,56.9,0.0,7.76,0.2,-0.0053,0.974,参考,小倉芝中距離(1700-2000)・稍・中枠(3-6)で母父系統「ロイヤルチャージャー系」は基準比リフト0.974
新潟,直線長め・平坦型,芝,短中距離(1400-1600),良,外枠(7-8),母父系統,ロイヤルチャージャー系,1040,71,193,0.0683,0.1856,81.9,0.0,8.73,0.1905,-0.0049,0.974,参考,新潟芝短中距離(1400-1600)・良・外枠(7-8)で母父系統「ロイヤルチャージャー系」は基準比リフト0.974
中京,直線長め・持続型,ダ,短中距離(1400-1600),良,内枠(1-2),母父系統,ニアークティック系,365,30,70,0.0822,0.1918,92.5,0.0,8.11,0.1971,-0.0053,0.973,参考,中京ダ短中距離(1400-1600)・良・内枠(1-2)で母父系統「ニアークティック系」は基準比リフト0.973
新潟,直線長め・平坦型,ダ,短距離(1000-1300),重不良,中枠(3-6),母父系統,ロイヤルチャージャー系,293,20,56,0.0683,0.1911,28.4,0.0,7.78,0.1964,-0.0053,0.973,参考,新潟ダ短距離(1000-1300)・重不良・中枠(3-6)で母父系統「ロイヤルチャージャー系」は基準比リフト0.973
京都,平坦・スピード型,ダ,短中距離(1400-1600),稍,外枠(7-8),母父系統,ニアークティック系,160,10,29,0.0625,0.1812,50.2,0.0,8.3,0.1862,-0.005,0.973,参考,京都ダ短中距離(1400-1600)・稍・外枠(7-8)で母父系統「ニアークティック系」は基準比リフト0.973
阪神,坂あり・パワー型,芝,中距離(1700-2000),良,中枠(3-6),母父系統,ロイヤルチャージャー系,2111,158,492,0.0748,0.2331,65.6,0.0,7.24,0.2399,-0.0068,0.972,参考,阪神芝中距離(1700-2000)・良・中枠(3-6)で母父系統「ロイヤルチャージャー系」は基準比リフト0.972
京都,平坦・スピード型,芝,中距離(1700-2000),良,内枠(1-2),母父系統,ニアークティック系,680,58,158,0.0853,0.2324,65.4,0.0,7.19,0.239,-0.0066,0.972,参考,京都芝中距離(1700-2000)・良・内枠(1-2)で母父系統「ニアークティック系」は基準比リフト0.972
中山,坂あり・パワー型,芝,中長距離(2100-2400),良,内枠(1-2),母父系統,ネイティヴダンサー系,87,7,19,0.0805,0.2184,72.1,0.0,7.63,0.2248,-0.0064,0.972,参考,中山芝中長距離(2100-2400)・良・内枠(1-2)で母父系統「ネイティヴダンサー系」は基準比リフト0.972
小倉,小回り・機動型,ダ,短距離(1000-1300),良,内枠(1-2),母父系統,ロイヤルチャージャー系,162,16,33,0.0988,0.2037,102.8,0.0,7.05,0.2096,-0.0059,0.972,参考,小倉ダ短距離(1000-1300)・良・内枠(1-2)で母父系統「ロイヤルチャージャー系」は基準比リフト0.972
新潟,直線長め・平坦型,芝,中距離(1700-2000),稍,内枠(1-2),母父系統,ニアークティック系,102,6,20,0.0588,0.1961,85.3,0.0,8.46,0.2017,-0.0056,0.972,参考,新潟芝中距離(1700-2000)・稍・内枠(1-2)で母父系統「ニアークティック系」は基準比リフト0.972
福島,小回り・機動型,ダ,短距離(1000-1300),良,内枠(1-2),母父系統,ロイヤルチャージャー系,407,20,76,0.0491,0.1867,46.2,0.0,8.56,0.1921,-0.0054,0.972,参考,福島ダ短距離(1000-1300)・良・内枠(1-2)で母父系統「ロイヤルチャージャー系」は基準比リフト0.972
福島,小回り・機動型,ダ,中距離(1700-2000),重不良,中枠(3-6),母父系統,ロイヤルチャージャー系,244,11,45,0.0451,0.1844,63.1,0.0,8.23,0.1898,-0.0054,0.972,参考,福島ダ中距離(1700-2000)・重不良・中枠(3-6)で母父系統「ロイヤルチャージャー系」は基準比リフト0.972
京都,平坦・スピード型,ダ,短中距離(1400-1600),重不良,内枠(1-2),母父系統,ネイティヴダンサー系,87,5,15,0.0575,0.1724,32.8,0.0,7.72,0.1773,-0.0049,0.972,参考,京都ダ短中距離(1400-1600)・重不良・内枠(1-2)で母父系統「ネイティヴダンサー系」は基準比リフト0.972
新潟,直線長め・平坦型,ダ,短距離(1000-1300),稍,内枠(1-2),母父系統,ロイヤルチャージャー系,195,14,33,0.0718,0.1692,62.8,0.0,7.72,0.1741,-0.0049,0.972,参考,新潟ダ短距離(1000-1300)・稍・内枠(1-2)で母父系統「ロイヤルチャージャー系」は基準比リフト0.972
福島,小回り・機動型,芝,長距離(2500以上),良,内枠(1-2),母父系統,ロイヤルチャージャー系,258,21,63,0.0814,0.2442,146.0,0.0,7.24,0.2516,-0.0074,0.971,参考,福島芝長距離(2500以上)・良・内枠(1-2)で母父系統「ロイヤルチャージャー系」は基準比リフト0.971
阪神,坂あり・パワー型,芝,短距離(1000-1300),良,中枠(3-6),母父系統,ネイティヴダンサー系,438,39,95,0.089,0.2169,70.9,0.0,7.57,0.2234,-0.0065,0.971,参考,阪神芝短距離(1000-1300)・良・中枠(3-6)で母父系統「ネイティヴダンサー系」は基準比リフト0.971
中山,坂あり・パワー型,ダ,短距離(1000-1300),不,中枠(3-6),母父系統,ロイヤルチャージャー系,330,18,69,0.0545,0.2091,51.9,0.0,8.7,0.2154,-0.0063,0.971,参考,中山ダ短距離(1000-1300)・不・中枠(3-6)で母父系統「ロイヤルチャージャー系」は基準比リフト0.971
小倉,小回り・機動型,ダ,中距離(1700-2000),不,内枠(1-2),母父系統,ロイヤルチャージャー系,130,12,27,0.0923,0.2077,152.7,0.0,8.58,0.2139,-0.0062,0.971,参考,小倉ダ中距離(1700-2000)・不・内枠(1-2)で母父系統「ロイヤルチャージャー系」は基準比リフト0.971
阪神,坂あり・パワー型,ダ,短距離(1000-1300),重不良,外枠(7-8),母父系統,ロイヤルチャージャー系,190,12,39,0.0632,0.2053,46.4,0.0,7.97,0.2115,-0.0062,0.971,参考,阪神ダ短距離(1000-1300)・重不良・外枠(7-8)で母父系統「ロイヤルチャージャー系」は基準比リフト0.971
中山,坂あり・パワー型,芝,短距離(1000-1300),稍,中枠(3-6),母父系統,ネイティヴダンサー系,128,9,26,0.0703,0.2031,94.2,0.0,7.91,0.2091,-0.006,0.971,参考,中山芝短距離(1000-1300)・稍・中枠(3-6)で母父系統「ネイティヴダンサー系」は基準比リフト0.971
新潟,直線長め・平坦型,芝,短中距離(1400-1600),稍,中枠(3-6),母父系統,ニアークティック系,195,10,35,0.0513,0.1795,25.4,0.0,8.39,0.1849,-0.0054,0.971,参考,新潟芝短中距離(1400-1600)・稍・中枠(3-6)で母父系統「ニアークティック系」は基準比リフト0.971
札幌,小回り・持続型,ダ,短距離(1000-1300),良,外枠(7-8),母父系統,ネイティヴダンサー系,154,20,43,0.1299,0.2792,153.9,0.0,6.29,0.2879,-0.0087,0.97,参考,札幌ダ短距離(1000-1300)・良・外枠(7-8)で母父系統「ネイティヴダンサー系」は基準比リフト0.97
小倉,小回り・機動型,ダ,短距離(1000-1300),良,中枠(3-6),母父系統,ロイヤルチャージャー系,564,38,122,0.0674,0.2163,56.0,0.0,7.38,0.2229,-0.0066,0.97,参考,小倉ダ短距離(1000-1300)・良・中枠(3-6)で母父系統「ロイヤルチャージャー系」は基準比リフト0.97
東京,直線長め・持続型,ダ,短中距離(1400-1600),稍,外枠(7-8),母父系統,ナスルーラ系,199,16,43,0.0804,0.2161,60.1,0.0,8.19,0.2227,-0.0066,0.97,参考,東京ダ短中距離(1400-1600)・稍・外枠(7-8)で母父系統「ナスルーラ系」は基準比リフト0.97
東京,直線長め・持続型,ダ,短中距離(1400-1600),良,外枠(7-8),母父系統,ロイヤルチャージャー系,2657,176,558,0.0662,0.21,70.7,0.0,8.07,0.2165,-0.0065,0.97,参考,東京ダ短中距離(1400-1600)・良・外枠(7-8)で母父系統「ロイヤルチャージャー系」は基準比リフト0.97
阪神,坂あり・パワー型,芝,短中距離(1400-1600),重不良,中枠(3-6),母父系統,ロイヤルチャージャー系,160,11,30,0.0688,0.1875,112.8,0.0,8.39,0.1933,-0.0058,0.97,参考,阪神芝短中距離(1400-1600)・重不良・中枠(3-6)で母父系統「ロイヤルチャージャー系」は基準比リフト0.97
函館,小回り・持続型,ダ,中距離(1700-2000),稍,外枠(7-8),母父系統,ロイヤルチャージャー系,184,18,49,0.0978,0.2663,80.0,0.0,6.51,0.2747,-0.0084,0.969,参考,函館ダ中距離(1700-2000)・稍・外枠(7-8)で母父系統「ロイヤルチャージャー系」は基準比リフト0.969
小倉,小回り・機動型,芝,長距離(2500以上),良,外枠(7-8),母父系統,ニアークティック系,272,17,62,0.0625,0.2279,34.9,0.0,6.72,0.2352,-0.0073,0.969,参考,小倉芝長距離(2500以上)・良・外枠(7-8)で母父系統「ニアークティック系」は基準比リフト0.969
阪神,坂あり・パワー型,芝,中長距離(2100-2400),良,外枠(7-8),母父系統,ネイティヴダンサー系,206,15,44,0.0728,0.2136,70.2,0.0,6.7,0.2204,-0.0068,0.969,参考,阪神芝中長距離(2100-2400)・良・外枠(7-8)で母父系統「ネイティヴダンサー系」は基準比リフト0.969
東京,直線長め・持続型,芝,中距離(1700-2000),良,外枠(7-8),母父系統,ナスルーラ系,575,30,120,0.0522,0.2087,35.4,0.0,7.37,0.2154,-0.0067,0.969,参考,東京芝中距離(1700-2000)・良・外枠(7-8)で母父系統「ナスルーラ系」は基準比リフト0.969
中山,坂あり・パワー型,ダ,中距離(1700-2000),稍,外枠(7-8),母父系統,ナスルーラ系,160,7,33,0.0438,0.2062,33.1,0.0,8.26,0.2128,-0.0066,0.969,参考,中山ダ中距離(1700-2000)・稍・外枠(7-8)で母父系統「ナスルーラ系」は基準比リフト0.969
京都,平坦・スピード型,芝,短中距離(1400-1600),重不良,中枠(3-6),母父系統,ネイティヴダンサー系,109,10,22,0.0917,0.2018,115.7,0.0,8.15,0.2082,-0.0064,0.969,参考,京都芝短中距離(1400-1600)・重不良・中枠(3-6)で母父系統「ネイティヴダンサー系」は基準比リフト0.969
中京,直線長め・持続型,芝,長距離(2500以上),良,外枠(7-8),母父系統,ロイヤルチャージャー系,173,10,40,0.0578,0.2312,47.7,0.0,7.03,0.2389,-0.0077,0.968,参考,中京芝長距離(2500以上)・良・外枠(7-8)で母父系統「ロイヤルチャージャー系」は基準比リフト0.968
阪神,坂あり・パワー型,ダ,中距離(1700-2000),良,中枠(3-6),母父系統,ネイティヴダンサー系,1722,138,379,0.0801,0.2201,68.2,0.0,7.38,0.2273,-0.0072,0.968,参考,阪神ダ中距離(1700-2000)・良・中枠(3-6)で母父系統「ネイティヴダンサー系」は基準比リフト0.968
新潟,直線長め・平坦型,芝,長距離(2500以上),稍,中枠(3-6),母父系統,ロイヤルチャージャー系,150,13,33,0.0867,0.22,79.7,0.0,6.84,0.2272,-0.0072,0.968,参考,新潟芝長距離(2500以上)・稍・中枠(3-6)で母父系統「ロイヤルチャージャー系」は基準比リフト0.968
中山,坂あり・パワー型,芝,短中距離(1400-1600),稍,外枠(7-8),母父系統,ニアークティック系,137,12,29,0.0876,0.2117,48.8,0.0,7.54,0.2188,-0.0071,0.968,参考,中山芝短中距離(1400-1600)・稍・外枠(7-8)で母父系統「ニアークティック系」は基準比リフト0.968
阪神,坂あり・パワー型,ダ,短距離(1000-1300),不,中枠(3-6),母父系統,ネイティヴダンサー系,122,12,25,0.0984,0.2049,94.3,0.0,8.16,0.2117,-0.0068,0.968,参考,阪神ダ短距離(1000-1300)・不・中枠(3-6)で母父系統「ネイティヴダンサー系」は基準比リフト0.968
阪神,坂あり・パワー型,ダ,中距離(1700-2000),稍,中枠(3-6),母父系統,ナスルーラ系,281,18,57,0.0641,0.2028,77.4,0.0,7.66,0.2095,-0.0067,0.968,参考,阪神ダ中距離(1700-2000)・稍・中枠(3-6)で母父系統「ナスルーラ系」は基準比リフト0.968
新潟,直線長め・平坦型,芝,中距離(1700-2000),稍,外枠(7-8),母父系統,ロイヤルチャージャー系,180,17,36,0.0944,0.2,144.1,0.0,8.08,0.2066,-0.0066,0.968,参考,新潟芝中距離(1700-2000)・稍・外枠(7-8)で母父系統「ロイヤルチャージャー系」は基準比リフト0.968
東京,直線長め・持続型,ダ,短中距離(1400-1600),良,中枠(3-6),母父系統,ニアークティック系,4039,239,781,0.0592,0.1934,48.5,0.0,8.16,0.1997,-0.0063,0.968,参考,東京ダ短中距離(1400-1600)・良・中枠(3-6)で母父系統「ニアークティック系」は基準比リフト0.968
新潟,直線長め・平坦型,ダ,短距離(1000-1300),稍,中枠(3-6),母父系統,ロイヤルチャージャー系,565,24,109,0.0425,0.1929,39.4,0.0,7.88,0.1993,-0.0064,0.968,参考,新潟ダ短距離(1000-1300)・稍・中枠(3-6)で母父系統「ロイヤルチャージャー系」は基準比リフト0.968
新潟,直線長め・平坦型,ダ,短距離(1000-1300),稍,内枠(1-2),母父系統,ニアークティック系,178,11,30,0.0618,0.1685,87.5,0.0,8.24,0.1741,-0.0056,0.968,参考,新潟ダ短距離(1000-1300)・稍・内枠(1-2)で母父系統「ニアークティック系」は基準比リフト0.968
函館,小回り・持続型,芝,短距離(1000-1300),良,中枠(3-6),母父系統,ロイヤルチャージャー系,1159,88,261,0.0759,0.2252,70.5,0.0,7.4,0.2329,-0.0077,0.967,参考,函館芝短距離(1000-1300)・良・中枠(3-6)で母父系統「ロイヤルチャージャー系」は基準比リフト0.967
京都,平坦・スピード型,芝,短中距離(1400-1600),良,中枠(3-6),母父系統,ネイティヴダンサー系,1419,111,294,0.0782,0.2072,88.4,0.0,7.87,0.2142,-0.007,0.967,参考,京都芝短中距離(1400-1600)・良・中枠(3-6)で母父系統「ネイティヴダンサー系」は基準比リフト0.967
中山,坂あり・パワー型,ダ,中距離(1700-2000),良,中枠(3-6),母父系統,ロイヤルチャージャー系,3195,198,615,0.062,0.1925,68.9,0.0,8.12,0.199,-0.0065,0.967,参考,中山ダ中距離(1700-2000)・良・中枠(3-6)で母父系統「ロイヤルチャージャー系」は基準比リフト0.967
京都,平坦・スピード型,ダ,短距離(1000-1300),良,中枠(3-6),母父系統,ナスルーラ系,589,35,111,0.0594,0.1885,97.9,0.0,8.34,0.1949,-0.0064,0.967,参考,京都ダ短距離(1000-1300)・良・中枠(3-6)で母父系統「ナスルーラ系」は基準比リフト0.967
中山,坂あり・パワー型,ダ,中距離(1700-2000),稍,中枠(3-6),母父系統,ネイティヴダンサー系,706,48,142,0.068,0.2011,74.7,0.0,8.01,0.2081,-0.007,0.966,参考,中山ダ中距離(1700-2000)・稍・中枠(3-6)で母父系統「ネイティヴダンサー系」は基準比リフト0.966
札幌,小回り・持続型,ダ,短距離(1000-1300),良,中枠(3-6),母父系統,ネイティヴダンサー系,231,20,57,0.0866,0.2468,58.1,0.0,6.39,0.2558,-0.009,0.965,参考,札幌ダ短距離(1000-1300)・良・中枠(3-6)で母父系統「ネイティヴダンサー系」は基準比リフト0.965
阪神,坂あり・パワー型,ダ,中距離(1700-2000),稍,外枠(7-8),母父系統,ロイヤルチャージャー系,572,49,134,0.0857,0.2343,102.6,0.0,7.27,0.2427,-0.0084,0.965,参考,阪神ダ中距離(1700-2000)・稍・外枠(7-8)で母父系統「ロイヤルチャージャー系」は基準比リフト0.965
函館,小回り・持続型,ダ,中距離(1700-2000),良,外枠(7-8),母父系統,ニアークティック系,522,40,121,0.0766,0.2318,69.0,0.0,6.56,0.2402,-0.0084,0.965,参考,函館ダ中距離(1700-2000)・良・外枠(7-8)で母父系統「ニアークティック系」は基準比リフト0.965
中山,坂あり・パワー型,ダ,中長距離(2100-2400),良,中枠(3-6),母父系統,ニアークティック系,161,10,37,0.0621,0.2298,52.7,0.0,7.24,0.2381,-0.0083,0.965,参考,中山ダ中長距離(2100-2400)・良・中枠(3-6)で母父系統「ニアークティック系」は基準比リフト0.965
福島,小回り・機動型,芝,中距離(1700-2000),良,中枠(3-6),母父系統,ロイヤルチャージャー系,1657,117,350,0.0706,0.2112,73.9,0.0,7.87,0.2188,-0.0076,0.965,参考,福島芝中距離(1700-2000)・良・中枠(3-6)で母父系統「ロイヤルチャージャー系」は基準比リフト0.965
小倉,小回り・機動型,芝,短距離(1000-1300),重不良,中枠(3-6),母父系統,ロイヤルチャージャー系,276,11,52,0.0399,0.1884,27.0,0.0,8.85,0.1952,-0.0068,0.965,参考,小倉芝短距離(1000-1300)・重不良・中枠(3-6)で母父系統「ロイヤルチャージャー系」は基準比リフト0.965
中山,坂あり・パワー型,ダ,中距離(1700-2000),良,内枠(1-2),母父系統,ロイヤルチャージャー系,1401,80,250,0.0571,0.1784,50.5,0.0,8.29,0.1848,-0.0064,0.965,参考,中山ダ中距離(1700-2000)・良・内枠(1-2)で母父系統「ロイヤルチャージャー系」は基準比リフト0.965
阪神,坂あり・パワー型,芝,中長距離(2100-2400),良,内枠(1-2),母父系統,ネイティヴダンサー系,131,10,34,0.0763,0.2595,53.7,0.0,6.79,0.2691,-0.0096,0.964,参考,阪神芝中長距離(2100-2400)・良・内枠(1-2)で母父系統「ネイティヴダンサー系」は基準比リフト0.964
札幌,小回り・持続型,ダ,中距離(1700-2000),良,中枠(3-6),母父系統,ニアークティック系,1025,86,244,0.0839,0.238,80.1,0.0,7.01,0.2469,-0.0089,0.964,参考,札幌ダ中距離(1700-2000)・良・中枠(3-6)で母父系統「ニアークティック系」は基準比リフト0.964
阪神,坂あり・パワー型,芝,短中距離(1400-1600),良,内枠(1-2),母父系統,ニアークティック系,885,57,190,0.0644,0.2147,46.7,0.0,7.91,0.2227,-0.008,0.964,参考,阪神芝短中距離(1400-1600)・良・内枠(1-2)で母父系統「ニアークティック系」は基準比リフト0.964
新潟,直線長め・平坦型,ダ,中距離(1700-2000),良,中枠(3-6),母父系統,ロイヤルチャージャー系,1722,113,356,0.0656,0.2067,59.9,0.0,7.61,0.2144,-0.0077,0.964,参考,新潟ダ中距離(1700-2000)・良・中枠(3-6)で母父系統「ロイヤルチャージャー系」は基準比リフト0.964
京都,平坦・スピード型,芝,短中距離(1400-1600),良,中枠(3-6),母父系統,ロイヤルチャージャー系,2165,142,447,0.0656,0.2065,60.2,0.0,8.03,0.2142,-0.0077,0.964,参考,京都芝短中距離(1400-1600)・良・中枠(3-6)で母父系統「ロイヤルチャージャー系」は基準比リフト0.964
福島,小回り・機動型,芝,短距離(1000-1300),良,中枠(3-6),母父系統,ロイヤルチャージャー系,1769,107,322,0.0605,0.182,67.3,0.0,8.14,0.1887,-0.0067,0.964,参考,福島芝短距離(1000-1300)・良・中枠(3-6)で母父系統「ロイヤルチャージャー系」は基準比リフト0.964
京都,平坦・スピード型,ダ,短距離(1000-1300),稍,中枠(3-6),母父系統,ニアークティック系,338,18,61,0.0533,0.1805,42.3,0.0,8.12,0.1872,-0.0067,0.964,参考,京都ダ短距離(1000-1300)・稍・中枠(3-6)で母父系統「ニアークティック系」は基準比リフト0.964
京都,平坦・スピード型,ダ,短中距離(1400-1600),重不良,内枠(1-2),母父系統,ロイヤルチャージャー系,117,5,20,0.0427,0.1709,91.1,0.0,8.38,0.1773,-0.0064,0.964,参考,京都ダ短中距離(1400-1600)・重不良・内枠(1-2)で母父系統「ロイヤルチャージャー系」は基準比リフト0.964
函館,小回り・持続型,芝,中距離(1700-2000),良,中枠(3-6),母父系統,ネイティヴダンサー系,520,39,120,0.075,0.2308,69.1,0.0,7.16,0.2397,-0.0089,0.963,参考,函館芝中距離(1700-2000)・良・中枠(3-6)で母父系統「ネイティヴダンサー系」は基準比リフト0.963
東京,直線長め・持続型,芝,中距離(1700-2000),良,内枠(1-2),母父系統,ロイヤルチャージャー系,1049,85,237,0.081,0.2259,58.2,0.0,7.45,0.2345,-0.0086,0.963,参考,東京芝中距離(1700-2000)・良・内枠(1-2)で母父系統「ロイヤルチャージャー系」は基準比リフト0.963
新潟,直線長め・平坦型,ダ,中距離(1700-2000),良,外枠(7-8),母父系統,ニアークティック系,749,63,163,0.0841,0.2176,72.1,0.0,7.53,0.226,-0.0084,0.963,参考,新潟ダ中距離(1700-2000)・良・外枠(7-8)で母父系統「ニアークティック系」は基準比リフト0.963
京都,平坦・スピード型,芝,中長距離(2100-2400),良,外枠(7-8),母父系統,ニアークティック系,397,31,86,0.0781,0.2166,76.4,0.0,7.38,0.225,-0.0084,0.963,参考,京都芝中長距離(2100-2400)・良・外枠(7-8)で母父系統「ニアークティック系」は基準比リフト0.963
中京,直線長め・持続型,芝,長距離(2500以上),良,中枠(3-6),母父系統,ニアークティック系,313,23,66,0.0735,0.2109,46.1,0.0,6.91,0.219,-0.0081,0.963,参考,中京芝長距離(2500以上)・良・中枠(3-6)で母父系統「ニアークティック系」は基準比リフト0.963
阪神,坂あり・パワー型,ダ,短距離(1000-1300),不,中枠(3-6),母父系統,ニアークティック系,157,12,32,0.0764,0.2038,191.3,0.0,7.85,0.2117,-0.0079,0.963,参考,阪神ダ短距離(1000-1300)・不・中枠(3-6)で母父系統「ニアークティック系」は基準比リフト0.963
阪神,坂あり・パワー型,ダ,中距離(1700-2000),良,内枠(1-2),母父系統,ネイティヴダンサー系,726,56,144,0.0771,0.1983,69.9,0.0,7.66,0.206,-0.0077,0.963,参考,阪神ダ中距離(1700-2000)・良・内枠(1-2)で母父系統「ネイティヴダンサー系」は基準比リフト0.963
新潟,直線長め・平坦型,ダ,短距離(1000-1300),重不良,内枠(1-2),母父系統,ロイヤルチャージャー系,112,6,22,0.0536,0.1964,54.8,0.0,8.25,0.2039,-0.0075,0.963,参考,新潟ダ短距離(1000-1300)・重不良・内枠(1-2)で母父系統「ロイヤルチャージャー系」は基準比リフト0.963
阪神,坂あり・パワー型,芝,中長距離(2100-2400),良,中枠(3-6),母父系統,ナスルーラ系,219,16,55,0.0731,0.2511,91.1,0.0,6.96,0.2609,-0.0098,0.962,参考,阪神芝中長距離(2100-2400)・良・中枠(3-6)で母父系統「ナスルーラ系」は基準比リフト0.962
札幌,小回り・持続型,芝,短中距離(1400-1600),良,中枠(3-6),母父系統,ニアークティック系,424,40,101,0.0943,0.2382,77.4,0.0,6.98,0.2476,-0.0094,0.962,参考,札幌芝短中距離(1400-1600)・良・中枠(3-6)で母父系統「ニアークティック系」は基準比リフト0.962
東京,直線長め・持続型,芝,中距離(1700-2000),良,中枠(3-6),母父系統,ロイヤルチャージャー系,2574,197,587,0.0765,0.228,79.0,0.0,7.54,0.237,-0.009,0.962,参考,東京芝中距離(1700-2000)・良・中枠(3-6)で母父系統「ロイヤルチャージャー系」は基準比リフト0.962
小倉,小回り・機動型,ダ,短距離(1000-1300),重不良,中枠(3-6),母父系統,ロイヤルチャージャー系,241,14,52,0.0581,0.2158,124.1,0.0,7.58,0.2243,-0.0085,0.962,参考,小倉ダ短距離(1000-1300)・重不良・中枠(3-6)で母父系統「ロイヤルチャージャー系」は基準比リフト0.962
阪神,坂あり・パワー型,ダ,中距離(1700-2000),重不良,外枠(7-8),母父系統,ナスルーラ系,94,7,19,0.0745,0.2021,28.8,0.0,8.11,0.2101,-0.008,0.962,参考,阪神ダ中距離(1700-2000)・重不良・外枠(7-8)で母父系統「ナスルーラ系」は基準比リフト0.962
東京,直線長め・持続型,芝,短中距離(1400-1600),良,中枠(3-6),母父系統,マンノウォー系,82,6,16,0.0732,0.1951,24.6,0.0,8.1,0.2028,-0.0077,0.962,参考,東京芝短中距離(1400-1600)・良・中枠(3-6)で母父系統「マンノウォー系」は基準比リフト0.962
阪神,坂あり・パワー型,ダ,短距離(1000-1300),稍,外枠(7-8),母父系統,ナスルーラ系,106,6,24,0.0566,0.2264,65.8,0.0,7.89,0.2356,-0.0092,0.961,参考,阪神ダ短距離(1000-1300)・稍・外枠(7-8)で母父系統「ナスルーラ系」は基準比リフト0.961
中山,坂あり・パワー型,芝,長距離(2500以上),良,内枠(1-2),母父系統,ネイティヴダンサー系,82,6,18,0.0732,0.2195,36.6,0.0,6.89,0.2284,-0.0089,0.961,参考,中山芝長距離(2500以上)・良・内枠(1-2)で母父系統「ネイティヴダンサー系」は基準比リフト0.961
阪神,坂あり・パワー型,ダ,短中距離(1400-1600),稍,中枠(3-6),母父系統,ロイヤルチャージャー系,682,44,129,0.0645,0.1891,85.6,0.0,8.12,0.1968,-0.0077,0.961,参考,阪神ダ短中距離(1400-1600)・稍・中枠(3-6)で母父系統「ロイヤルチャージャー系」は基準比リフト0.961
東京,直線長め・持続型,ダ,短中距離(1400-1600),重不良,中枠(3-6),母父系統,ニアークティック系,712,50,133,0.0702,0.1868,102.3,0.0,8.23,0.1943,-0.0075,0.961,参考,東京ダ短中距離(1400-1600)・重不良・中枠(3-6)で母父系統「ニアークティック系」は基準比リフト0.961
函館,小回り・持続型,芝,短距離(1000-1300),良,内枠(1-2),母父系統,ネイティヴダンサー系,342,20,86,0.0585,0.2515,50.8,0.0,7.15,0.262,-0.0105,0.96,参考,函館芝短距離(1000-1300)・良・内枠(1-2)で母父系統「ネイティヴダンサー系」は基準比リフト0.96
小倉,小回り・機動型,ダ,中距離(1700-2000),稍,中枠(3-6),母父系統,ニアークティック系,531,35,105,0.0659,0.1977,114.2,0.0,8.1,0.2059,-0.0082,0.96,参考,小倉ダ中距離(1700-2000)・稍・中枠(3-6)で母父系統「ニアークティック系」は基準比リフト0.96
中京,直線長め・持続型,芝,短中距離(1400-1600),良,中枠(3-6),母父系統,ネイティヴダンサー系,884,55,174,0.0622,0.1968,53.2,0.0,8.33,0.2051,-0.0083,0.96,参考,中京芝短中距離(1400-1600)・良・中枠(3-6)で母父系統「ネイティヴダンサー系」は基準比リフト0.96
中山,坂あり・パワー型,芝,中距離(1700-2000),稍,中枠(3-6),母父系統,ニアークティック系,314,23,67,0.0732,0.2134,54.7,0.0,7.35,0.2225,-0.0091,0.959,参考,中山芝中距離(1700-2000)・稍・中枠(3-6)で母父系統「ニアークティック系」は基準比リフト0.959
阪神,坂あり・パワー型,芝,短中距離(1400-1600),良,中枠(3-6),母父系統,ネイティヴダンサー系,1525,105,317,0.0689,0.2079,67.1,0.0,7.84,0.2169,-0.009,0.959,参考,阪神芝短中距離(1400-1600)・良・中枠(3-6)で母父系統「ネイティヴダンサー系」は基準比リフト0.959
京都,平坦・スピード型,ダ,短中距離(1400-1600),重不良,中枠(3-6),母父系統,ナスルーラ系,93,6,19,0.0645,0.2043,30.2,0.0,8.17,0.2131,-0.0088,0.959,参考,京都ダ短中距離(1400-1600)・重不良・中枠(3-6)で母父系統「ナスルーラ系」は基準比リフト0.959
中京,直線長め・持続型,ダ,中距離(1700-2000),稍,外枠(7-8),母父系統,ロイヤルチャージャー系,281,17,57,0.0605,0.2028,44.5,0.0,7.61,0.2115,-0.0087,0.959,参考,中京ダ中距離(1700-2000)・稍・外枠(7-8)で母父系統「ロイヤルチャージャー系」は基準比リフト0.959
阪神,坂あり・パワー型,ダ,中距離(1700-2000),良,内枠(1-2),母父系統,ナスルーラ系,339,14,67,0.0413,0.1976,18.5,0.0,7.49,0.206,-0.0084,0.959,参考,阪神ダ中距離(1700-2000)・良・内枠(1-2)で母父系統「ナスルーラ系」は基準比リフト0.959
新潟,直線長め・平坦型,ダ,中距離(1700-2000),良,外枠(7-8),母父系統,ネイティヴダンサー系,610,42,132,0.0689,0.2164,93.0,0.0,7.17,0.226,-0.0096,0.958,参考,新潟ダ中距離(1700-2000)・良・外枠(7-8)で母父系統「ネイティヴダンサー系」は基準比リフト0.958
東京,直線長め・持続型,芝,短中距離(1400-1600),不,中枠(3-6),母父系統,ロイヤルチャージャー系,140,6,30,0.0429,0.2143,32.7,0.0,7.96,0.2237,-0.0094,0.958,参考,東京芝短中距離(1400-1600)・不・中枠(3-6)で母父系統「ロイヤルチャージャー系」は基準比リフト0.958
阪神,坂あり・パワー型,芝,中距離(1700-2000),稍,外枠(7-8),母父系統,ロイヤルチャージャー系,243,23,50,0.0947,0.2058,86.5,0.0,7.98,0.2149,-0.0091,0.958,参考,阪神芝中距離(1700-2000)・稍・外枠(7-8)で母父系統「ロイヤルチャージャー系」は基準比リフト0.958
中山,坂あり・パワー型,芝,短中距離(1400-1600),稍,中枠(3-6),母父系統,ニアークティック系,247,15,49,0.0607,0.1984,67.4,0.0,7.77,0.2072,-0.0088,0.958,参考,中山芝短中距離(1400-1600)・稍・中枠(3-6)で母父系統「ニアークティック系」は基準比リフト0.958
京都,平坦・スピード型,ダ,中距離(1700-2000),良,外枠(7-8),母父系統,ナスルーラ系,475,28,94,0.0589,0.1979,57.9,0.0,7.33,0.2066,-0.0087,0.958,参考,京都ダ中距離(1700-2000)・良・外枠(7-8)で母父系統「ナスルーラ系」は基準比リフト0.958
京都,平坦・スピード型,芝,短距離(1000-1300),良,中枠(3-6),母父系統,ニアークティック系,637,43,126,0.0675,0.1978,74.7,0.0,8.41,0.2064,-0.0086,0.958,参考,京都芝短距離(1000-1300)・良・中枠(3-6)で母父系統「ニアークティック系」は基準比リフト0.958
中京,直線長め・持続型,ダ,短中距離(1400-1600),良,中枠(3-6),母父系統,ニアークティック系,788,49,149,0.0622,0.1891,77.3,0.0,8.14,0.1973,-0.0082,0.958,参考,中京ダ短中距離(1400-1600)・良・中枠(3-6)で母父系統「ニアークティック系」は基準比リフト0.958
小倉,小回り・機動型,芝,短距離(1000-1300),稍,中枠(3-6),母父系統,ニアークティック系,358,19,66,0.0531,0.1844,47.5,0.0,8.73,0.1925,-0.0081,0.958,参考,小倉芝短距離(1000-1300)・稍・中枠(3-6)で母父系統「ニアークティック系」は基準比リフト0.958
中山,坂あり・パワー型,ダ,短距離(1000-1300),稍,中枠(3-6),母父系統,ナスルーラ系,341,21,58,0.0616,0.1701,39.1,0.0,8.63,0.1775,-0.0074,0.958,参考,中山ダ短距離(1000-1300)・稍・中枠(3-6)で母父系統「ナスルーラ系」は基準比リフト0.958
札幌,小回り・持続型,ダ,中距離(1700-2000),良,中枠(3-6),母父系統,ロイヤルチャージャー系,1130,77,267,0.0681,0.2363,71.5,0.0,7.05,0.2469,-0.0106,0.957,参考,札幌ダ中距離(1700-2000)・良・中枠(3-6)で母父系統「ロイヤルチャージャー系」は基準比リフト0.957
札幌,小回り・持続型,ダ,中距離(1700-2000),良,外枠(7-8),母父系統,ニアークティック系,541,47,118,0.0869,0.2181,106.1,0.0,6.92,0.2278,-0.0097,0.957,参考,札幌ダ中距離(1700-2000)・良・外枠(7-8)で母父系統「ニアークティック系」は基準比リフト0.957
札幌,小回り・持続型,ダ,中距離(1700-2000),良,外枠(7-8),母父系統,ロイヤルチャージャー系,679,46,148,0.0677,0.218,53.4,0.0,7.22,0.2278,-0.0098,0.957,参考,札幌ダ中距離(1700-2000)・良・外枠(7-8)で母父系統「ロイヤルチャージャー系」は基準比リフト0.957
京都,平坦・スピード型,ダ,中距離(1700-2000),稍,中枠(3-6),母父系統,ニアークティック系,603,40,131,0.0663,0.2172,71.9,0.0,7.43,0.2269,-0.0097,0.957,参考,京都ダ中距離(1700-2000)・稍・中枠(3-6)で母父系統「ニアークティック系」は基準比リフト0.957
中京,直線長め・持続型,芝,長距離(2500以上),良,中枠(3-6),母父系統,ネイティヴダンサー系,210,13,44,0.0619,0.2095,118.2,0.0,7.58,0.219,-0.0095,0.957,参考,中京芝長距離(2500以上)・良・中枠(3-6)で母父系統「ネイティヴダンサー系」は基準比リフト0.957
京都,平坦・スピード型,芝,短中距離(1400-1600),稍,中枠(3-6),母父系統,ナスルーラ系,169,9,34,0.0533,0.2012,44.3,0.0,8.07,0.2103,-0.0091,0.957,参考,京都芝短中距離(1400-1600)・稍・中枠(3-6)で母父系統「ナスルーラ系」は基準比リフト0.957
中山,坂あり・パワー型,芝,中距離(1700-2000),稍,外枠(7-8),母父系統,ネイティヴダンサー系,142,10,27,0.0704,0.1901,44.9,0.0,7.99,0.1986,-0.0085,0.957,参考,中山芝中距離(1700-2000)・稍・外枠(7-8)で母父系統「ネイティヴダンサー系」は基準比リフト0.957
京都,平坦・スピード型,ダ,短中距離(1400-1600),良,外枠(7-8),母父系統,ロイヤルチャージャー系,753,47,140,0.0624,0.1859,51.7,0.0,8.14,0.1942,-0.0083,0.957,参考,京都ダ短中距離(1400-1600)・良・外枠(7-8)で母父系統「ロイヤルチャージャー系」は基準比リフト0.957
東京,直線長め・持続型,ダ,短中距離(1400-1600),重不良,内枠(1-2),母父系統,ニアークティック系,320,15,51,0.0469,0.1594,28.8,0.0,8.49,0.1665,-0.0071,0.957,参考,東京ダ短中距離(1400-1600)・重不良・内枠(1-2)で母父系統「ニアークティック系」は基準比リフト0.957
中山,坂あり・パワー型,芝,長距離(2500以上),良,中枠(3-6),母父系統,ネイティヴダンサー系,198,16,46,0.0808,0.2323,71.6,0.0,7.21,0.2429,-0.0106,0.956,参考,中山芝長距離(2500以上)・良・中枠(3-6)で母父系統「ネイティヴダンサー系」は基準比リフト0.956
東京,直線長め・持続型,芝,中長距離(2100-2400),良,外枠(7-8),母父系統,ニアークティック系,453,27,98,0.0596,0.2163,37.0,0.0,7.42,0.2262,-0.0099,0.956,参考,東京芝中長距離(2100-2400)・良・外枠(7-8)で母父系統「ニアークティック系」は基準比リフト0.956
中京,直線長め・持続型,芝,短中距離(1400-1600),良,内枠(1-2),母父系統,ネイティヴダンサー系,430,26,86,0.0605,0.2,54.0,0.0,8.16,0.2091,-0.0091,0.956,参考,中京芝短中距離(1400-1600)・良・内枠(1-2)で母父系統「ネイティヴダンサー系」は基準比リフト0.956
福島,小回り・機動型,芝,短距離(1000-1300),稍,中枠(3-6),母父系統,ナスルーラ系,108,7,21,0.0648,0.1944,48.6,0.0,7.4,0.2033,-0.0089,0.956,参考,福島芝短距離(1000-1300)・稍・中枠(3-6)で母父系統「ナスルーラ系」は基準比リフト0.956
福島,小回り・機動型,ダ,中距離(1700-2000),良,中枠(3-6),母父系統,ニアークティック系,1233,78,236,0.0633,0.1914,89.7,0.0,7.8,0.2003,-0.0089,0.956,参考,福島ダ中距離(1700-2000)・良・中枠(3-6)で母父系統「ニアークティック系」は基準比リフト0.956
福島,小回り・機動型,芝,長距離(2500以上),稍,中枠(3-6),母父系統,ロイヤルチャージャー系,107,11,25,0.1028,0.2336,201.3,0.0,7.62,0.2445,-0.0109,0.955,参考,福島芝長距離(2500以上)・稍・中枠(3-6)で母父系統「ロイヤルチャージャー系」は基準比リフト0.955
福島,小回り・機動型,芝,短距離(1000-1300),良,内枠(1-2),母父系統,ネイティヴダンサー系,543,39,114,0.0718,0.2099,72.6,0.0,7.99,0.2198,-0.0099,0.955,参考,福島芝短距離(1000-1300)・良・内枠(1-2)で母父系統「ネイティヴダンサー系」は基準比リフト0.955
札幌,小回り・持続型,ダ,短距離(1000-1300),良,内枠(1-2),母父系統,ロイヤルチャージャー系,118,7,24,0.0593,0.2034,47.5,0.0,6.69,0.2129,-0.0095,0.955,参考,札幌ダ短距離(1000-1300)・良・内枠(1-2)で母父系統「ロイヤルチャージャー系」は基準比リフト0.955
京都,平坦・スピード型,ダ,中距離(1700-2000),良,外枠(7-8),母父系統,ニアークティック系,1197,77,236,0.0643,0.1972,63.9,0.0,7.59,0.2066,-0.0094,0.955,参考,京都ダ中距離(1700-2000)・良・外枠(7-8)で母父系統「ニアークティック系」は基準比リフト0.955
東京,直線長め・持続型,ダ,短中距離(1400-1600),良,中枠(3-6),母父系統,ナスルーラ系,1568,107,299,0.0682,0.1907,50.3,0.0,8.32,0.1997,-0.009,0.955,参考,東京ダ短中距離(1400-1600)・良・中枠(3-6)で母父系統「ナスルーラ系」は基準比リフト0.955
新潟,直線長め・平坦型,芝,長距離(2500以上),良,外枠(7-8),母父系統,ロイヤルチャージャー系,314,21,75,0.0669,0.2389,56.9,0.0,6.8,0.2503,-0.0114,0.954,参考,新潟芝長距離(2500以上)・良・外枠(7-8)で母父系統「ロイヤルチャージャー系」は基準比リフト0.954
札幌,小回り・持続型,芝,中距離(1700-2000),良,中枠(3-6),母父系統,ネイティヴダンサー系,600,47,139,0.0783,0.2317,70.2,0.0,6.94,0.2428,-0.0111,0.954,参考,札幌芝中距離(1700-2000)・良・中枠(3-6)で母父系統「ネイティヴダンサー系」は基準比リフト0.954
新潟,直線長め・平坦型,芝,中長距離(2100-2400),良,内枠(1-2),母父系統,ロイヤルチャージャー系,184,12,40,0.0652,0.2174,44.8,0.0,7.56,0.2278,-0.0104,0.954,参考,新潟芝中長距離(2100-2400)・良・内枠(1-2)で母父系統「ロイヤルチャージャー系」は基準比リフト0.954
小倉,小回り・機動型,芝,中距離(1700-2000),良,中枠(3-6),母父系統,ロイヤルチャージャー系,1975,133,418,0.0673,0.2116,64.0,0.0,7.74,0.2218,-0.0102,0.954,参考,小倉芝中距離(1700-2000)・良・中枠(3-6)で母父系統「ロイヤルチャージャー系」は基準比リフト0.954
東京,直線長め・持続型,芝,短中距離(1400-1600),重不良,中枠(3-6),母父系統,ロイヤルチャージャー系,159,10,30,0.0629,0.1887,56.5,0.0,8.5,0.1977,-0.009,0.954,参考,東京芝短中距離(1400-1600)・重不良・中枠(3-6)で母父系統「ロイヤルチャージャー系」は基準比リフト0.954
小倉,小回り・機動型,ダ,短距離(1000-1300),重不良,中枠(3-6),母父系統,ネイティヴダンサー系,159,8,34,0.0503,0.2138,29.6,0.0,7.14,0.2243,-0.0105,0.953,参考,小倉ダ短距離(1000-1300)・重不良・中枠(3-6)で母父系統「ネイティヴダンサー系」は基準比リフト0.953
中京,直線長め・持続型,芝,短中距離(1400-1600),良,内枠(1-2),母父系統,ナスルーラ系,241,16,48,0.0664,0.1992,54.1,0.0,8.48,0.2091,-0.0099,0.953,参考,中京芝短中距離(1400-1600)・良・内枠(1-2)で母父系統「ナスルーラ系」は基準比リフト0.953
新潟,直線長め・平坦型,芝,短中距離(1400-1600),稍,外枠(7-8),母父系統,ロイヤルチャージャー系,166,13,33,0.0783,0.1988,99.9,0.0,8.9,0.2086,-0.0098,0.953,参考,新潟芝短中距離(1400-1600)・稍・外枠(7-8)で母父系統「ロイヤルチャージャー系」は基準比リフト0.953
新潟,直線長め・平坦型,ダ,短距離(1000-1300),重不良,外枠(7-8),母父系統,ニアークティック系,127,11,27,0.0866,0.2126,89.9,0.0,7.87,0.2233,-0.0107,0.952,参考,新潟ダ短距離(1000-1300)・重不良・外枠(7-8)で母父系統「ニアークティック系」は基準比リフト0.952
東京,直線長め・持続型,芝,短中距離(1400-1600),良,内枠(1-2),母父系統,ネイティヴダンサー系,990,61,193,0.0616,0.1949,69.8,0.0,8.22,0.2047,-0.0098,0.952,参考,東京芝短中距離(1400-1600)・良・内枠(1-2)で母父系統「ネイティヴダンサー系」は基準比リフト0.952
中京,直線長め・持続型,芝,短中距離(1400-1600),稍,内枠(1-2),母父系統,ロイヤルチャージャー系,140,7,25,0.05,0.1786,84.2,0.0,8.8,0.1877,-0.0091,0.952,参考,中京芝短中距離(1400-1600)・稍・内枠(1-2)で母父系統「ロイヤルチャージャー系」は基準比リフト0.952
阪神,坂あり・パワー型,芝,中長距離(2100-2400),良,内枠(1-2),母父系統,ナスルーラ系,86,8,22,0.093,0.2558,84.3,0.0,7.5,0.2691,-0.0133,0.951,参考,阪神芝中長距離(2100-2400)・良・内枠(1-2)で母父系統「ナスルーラ系」は基準比リフト0.951
新潟,直線長め・平坦型,ダ,短距離(1000-1300),良,外枠(7-8),母父系統,ナスルーラ系,263,22,57,0.0837,0.2167,44.0,0.0,7.7,0.2279,-0.0112,0.951,参考,新潟ダ短距離(1000-1300)・良・外枠(7-8)で母父系統「ナスルーラ系」は基準比リフト0.951
東京,直線長め・持続型,ダ,中長距離(2100-2400),良,中枠(3-6),母父系統,ナスルーラ系,266,19,56,0.0714,0.2105,97.8,0.0,7.61,0.2214,-0.0109,0.951,参考,東京ダ中長距離(2100-2400)・良・中枠(3-6)で母父系統「ナスルーラ系」は基準比リフト0.951
新潟,直線長め・平坦型,ダ,中距離(1700-2000),重不良,外枠(7-8),母父系統,ニアークティック系,130,10,27,0.0769,0.2077,51.4,0.0,6.88,0.2184,-0.0107,0.951,参考,新潟ダ中距離(1700-2000)・重不良・外枠(7-8)で母父系統「ニアークティック系」は基準比リフト0.951
阪神,坂あり・パワー型,芝,短中距離(1400-1600),良,中枠(3-6),母父系統,ロイヤルチャージャー系,2307,155,476,0.0672,0.2063,76.7,0.0,8.14,0.2169,-0.0106,0.951,参考,阪神芝短中距離(1400-1600)・良・中枠(3-6)で母父系統「ロイヤルチャージャー系」は基準比リフト0.951
阪神,坂あり・パワー型,芝,中距離(1700-2000),稍,外枠(7-8),母父系統,ニアークティック系,186,14,38,0.0753,0.2043,43.7,0.0,7.54,0.2149,-0.0106,0.951,参考,阪神芝中距離(1700-2000)・稍・外枠(7-8)で母父系統「ニアークティック系」は基準比リフト0.951
新潟,直線長め・平坦型,芝,短中距離(1400-1600),稍,中枠(3-6),母父系統,ナスルーラ系,108,3,19,0.0278,0.1759,18.5,0.0,8.06,0.1849,-0.009,0.951,参考,新潟芝短中距離(1400-1600)・稍・中枠(3-6)で母父系統「ナスルーラ系」は基準比リフト0.951
福島,小回り・機動型,ダ,短距離(1000-1300),稍,外枠(7-8),母父系統,ロイヤルチャージャー系,122,3,20,0.0246,0.1639,9.2,0.0,8.08,0.1723,-0.0084,0.951,参考,福島ダ短距離(1000-1300)・稍・外枠(7-8)で母父系統「ロイヤルチャージャー系」は基準比リフト0.951
阪神,坂あり・パワー型,ダ,短距離(1000-1300),不,外枠(7-8),母父系統,ロイヤルチャージャー系,98,7,16,0.0714,0.1633,61.8,0.0,8.37,0.1718,-0.0085,0.951,参考,阪神ダ短距離(1000-1300)・不・外枠(7-8)で母父系統「ロイヤルチャージャー系」は基準比リフト0.951
中京,直線長め・持続型,芝,短距離(1000-1300),良,外枠(7-8),母父系統,ニアークティック系,381,21,59,0.0551,0.1549,35.8,0.0,8.99,0.1628,-0.0079,0.951,参考,中京芝短距離(1000-1300)・良・外枠(7-8)で母父系統「ニアークティック系」は基準比リフト0.951
函館,小回り・持続型,ダ,中距離(1700-2000),良,内枠(1-2),母父系統,ナスルーラ系,113,12,29,0.1062,0.2566,104.6,0.0,6.81,0.2701,-0.0135,0.95,参考,函館ダ中距離(1700-2000)・良・内枠(1-2)で母父系統「ナスルーラ系」は基準比リフト0.95
阪神,坂あり・パワー型,ダ,短中距離(1400-1600),重不良,外枠(7-8),母父系統,ニアークティック系,142,6,31,0.0423,0.2183,72.4,0.0,8.51,0.2297,-0.0114,0.95,参考,阪神ダ短中距離(1400-1600)・重不良・外枠(7-8)で母父系統「ニアークティック系」は基準比リフト0.95
阪神,坂あり・パワー型,芝,短中距離(1400-1600),稍,内枠(1-2),母父系統,ニアークティック系,172,14,36,0.0814,0.2093,68.4,0.0,7.4,0.2203,-0.011,0.95,参考,阪神芝短中距離(1400-1600)・稍・内枠(1-2)で母父系統「ニアークティック系」は基準比リフト0.95
中京,直線長め・持続型,ダ,中距離(1700-2000),良,中枠(3-6),母父系統,ロイヤルチャージャー系,1780,120,369,0.0674,0.2073,64.6,0.0,7.55,0.2184,-0.0111,0.949,参考,中京ダ中距離(1700-2000)・良・中枠(3-6)で母父系統「ロイヤルチャージャー系」は基準比リフト0.949
中山,坂あり・パワー型,ダ,中距離(1700-2000),稍,中枠(3-6),母父系統,ロイヤルチャージャー系,1119,73,221,0.0652,0.1975,66.4,0.0,8.05,0.2081,-0.0106,0.949,参考,中山ダ中距離(1700-2000)・稍・中枠(3-6)で母父系統「ロイヤルチャージャー系」は基準比リフト0.949
中京,直線長め・持続型,芝,中長距離(2100-2400),良,外枠(7-8),母父系統,ニアークティック系,192,10,42,0.0521,0.2188,25.5,0.0,7.68,0.2308,-0.012,0.948,参考,中京芝中長距離(2100-2400)・良・外枠(7-8)で母父系統「ニアークティック系」は基準比リフト0.948
中山,坂あり・パワー型,芝,中距離(1700-2000),稍,内枠(1-2),母父系統,ロイヤルチャージャー系,192,14,41,0.0729,0.2135,46.8,0.0,7.25,0.2251,-0.0116,0.948,参考,中山芝中距離(1700-2000)・稍・内枠(1-2)で母父系統「ロイヤルチャージャー系」は基準比リフト0.948
中山,坂あり・パワー型,芝,短中距離(1400-1600),良,中枠(3-6),母父系統,その他のエクリプス系,110,11,21,0.1,0.1909,108.7,0.0,7.35,0.2014,-0.0105,0.948,参考,中山芝短中距離(1400-1600)・良・中枠(3-6)で母父系統「その他のエクリプス系」は基準比リフト0.948
中京,直線長め・持続型,芝,短距離(1000-1300),良,中枠(3-6),母父系統,ナスルーラ系,278,17,52,0.0612,0.1871,63.5,0.0,8.64,0.1973,-0.0102,0.948,参考,中京芝短距離(1000-1300)・良・中枠(3-6)で母父系統「ナスルーラ系」は基準比リフト0.948
中山,坂あり・パワー型,ダ,中距離(1700-2000),不,中枠(3-6),母父系統,ロイヤルチャージャー系,391,19,72,0.0486,0.1841,56.1,0.0,8.32,0.1941,-0.01,0.948,参考,中山ダ中距離(1700-2000)・不・中枠(3-6)で母父系統「ロイヤルチャージャー系」は基準比リフト0.948
東京,直線長め・持続型,ダ,短中距離(1400-1600),稍,中枠(3-6),母父系統,ナスルーラ系,429,26,77,0.0606,0.1795,86.1,0.0,8.39,0.1894,-0.0099,0.948,参考,東京ダ短中距離(1400-1600)・稍・中枠(3-6)で母父系統「ナスルーラ系」は基準比リフト0.948
阪神,坂あり・パワー型,芝,中距離(1700-2000),良,中枠(3-6),母父系統,ニアークティック系,1751,152,398,0.0868,0.2273,61.8,0.0,7.2,0.2399,-0.0126,0.947,参考,阪神芝中距離(1700-2000)・良・中枠(3-6)で母父系統「ニアークティック系」は基準比リフト0.947
東京,直線長め・持続型,ダ,中長距離(2100-2400),良,中枠(3-6),母父系統,ニアークティック系,739,55,155,0.0744,0.2097,84.2,0.0,7.92,0.2214,-0.0117,0.947,参考,東京ダ中長距離(2100-2400)・良・中枠(3-6)で母父系統「ニアークティック系」は基準比リフト0.947
札幌,小回り・持続型,芝,短中距離(1400-1600),良,外枠(7-8),母父系統,ナスルーラ系,107,7,22,0.0654,0.2056,39.1,0.0,7.31,0.2171,-0.0115,0.947,参考,札幌芝短中距離(1400-1600)・良・外枠(7-8)で母父系統「ナスルーラ系」は基準比リフト0.947
阪神,坂あり・パワー型,芝,短中距離(1400-1600),稍,中枠(3-6),母父系統,ロイヤルチャージャー系,507,34,99,0.0671,0.1953,87.2,0.0,8.08,0.2062,-0.0109,0.947,参考,阪神芝短中距離(1400-1600)・稍・中枠(3-6)で母父系統「ロイヤルチャージャー系」は基準比リフト0.947
阪神,坂あり・パワー型,ダ,短距離(1000-1300),重不良,中枠(3-6),母父系統,ニアークティック系,307,12,59,0.0391,0.1922,36.0,0.0,8.39,0.203,-0.0108,0.947,参考,阪神ダ短距離(1000-1300)・重不良・中枠(3-6)で母父系統「ニアークティック系」は基準比リフト0.947
阪神,坂あり・パワー型,ダ,短距離(1000-1300),稍,内枠(1-2),母父系統,ニアークティック系,178,11,29,0.0618,0.1629,63.7,0.0,8.21,0.1721,-0.0092,0.947,参考,阪神ダ短距離(1000-1300)・稍・内枠(1-2)で母父系統「ニアークティック系」は基準比リフト0.947
中山,坂あり・パワー型,芝,短中距離(1400-1600),良,内枠(1-2),母父系統,ネイティヴダンサー系,450,35,102,0.0778,0.2267,64.5,0.0,7.76,0.2397,-0.013,0.946,参考,中山芝短中距離(1400-1600)・良・内枠(1-2)で母父系統「ネイティヴダンサー系」は基準比リフト0.946
中山,坂あり・パワー型,芝,中距離(1700-2000),良,内枠(1-2),母父系統,ロイヤルチャージャー系,996,69,209,0.0693,0.2098,48.2,0.0,7.6,0.2217,-0.0119,0.946,参考,中山芝中距離(1700-2000)・良・内枠(1-2)で母父系統「ロイヤルチャージャー系」は基準比リフト0.946
中京,直線長め・持続型,ダ,中距離(1700-2000),重不良,中枠(3-6),母父系統,ロイヤルチャージャー系,321,24,59,0.0748,0.1838,66.3,0.0,7.48,0.1943,-0.0105,0.946,参考,中京ダ中距離(1700-2000)・重不良・中枠(3-6)で母父系統「ロイヤルチャージャー系」は基準比リフト0.946
東京,直線長め・持続型,ダ,短中距離(1400-1600),稍,中枠(3-6),母父系統,ニアークティック系,1038,55,186,0.053,0.1792,45.4,0.0,8.03,0.1894,-0.0102,0.946,参考,東京ダ短中距離(1400-1600)・稍・中枠(3-6)で母父系統「ニアークティック系」は基準比リフト0.946
小倉,小回り・機動型,芝,短距離(1000-1300),重不良,外枠(7-8),母父系統,ネイティヴダンサー系,103,8,18,0.0777,0.1748,60.8,0.0,8.93,0.1848,-0.01,0.946,参考,小倉芝短距離(1000-1300)・重不良・外枠(7-8)で母父系統「ネイティヴダンサー系」は基準比リフト0.946
阪神,坂あり・パワー型,ダ,長距離(2500以上),良,内枠(1-2),母父系統,ロイヤルチャージャー系,103,8,26,0.0777,0.2524,26.2,0.0,6.0,0.2672,-0.0148,0.945,参考,阪神ダ長距離(2500以上)・良・内枠(1-2)で母父系統「ロイヤルチャージャー系」は基準比リフト0.945
札幌,小回り・持続型,芝,短中距離(1400-1600),良,中枠(3-6),母父系統,ナスルーラ系,171,17,40,0.0994,0.2339,202.7,0.0,6.93,0.2476,-0.0137,0.945,参考,札幌芝短中距離(1400-1600)・良・中枠(3-6)で母父系統「ナスルーラ系」は基準比リフト0.945
小倉,小回り・機動型,芝,中距離(1700-2000),稍,中枠(3-6),母父系統,ネイティヴダンサー系,254,17,48,0.0669,0.189,63.4,0.0,7.72,0.2,-0.011,0.945,参考,小倉芝中距離(1700-2000)・稍・中枠(3-6)で母父系統「ネイティヴダンサー系」は基準比リフト0.945
京都,平坦・スピード型,ダ,短距離(1000-1300),稍,中枠(3-6),母父系統,ロイヤルチャージャー系,373,17,66,0.0456,0.1769,46.2,0.0,8.01,0.1872,-0.0103,0.945,参考,京都ダ短距離(1000-1300)・稍・中枠(3-6)で母父系統「ロイヤルチャージャー系」は基準比リフト0.945
阪神,坂あり・パワー型,ダ,中距離(1700-2000),稍,外枠(7-8),母父系統,ナスルーラ系,192,12,44,0.0625,0.2292,39.7,0.0,6.98,0.2427,-0.0135,0.944,参考,阪神ダ中距離(1700-2000)・稍・外枠(7-8)で母父系統「ナスルーラ系」は基準比リフト0.944
新潟,直線長め・平坦型,ダ,短距離(1000-1300),良,中枠(3-6),母父系統,その他のエクリプス系,94,6,18,0.0638,0.1915,77.8,0.0,8.07,0.2029,-0.0114,0.944,参考,新潟ダ短距離(1000-1300)・良・中枠(3-6)で母父系統「その他のエクリプス系」は基準比リフト0.944
中京,直線長め・持続型,芝,短中距離(1400-1600),良,外枠(7-8),母父系統,ロイヤルチャージャー系,937,70,175,0.0747,0.1868,92.4,0.0,8.33,0.1978,-0.011,0.944,参考,中京芝短中距離(1400-1600)・良・外枠(7-8)で母父系統「ロイヤルチャージャー系」は基準比リフト0.944
福島,小回り・機動型,芝,短距離(1000-1300),良,中枠(3-6),母父系統,ネイティヴダンサー系,993,56,177,0.0564,0.1782,42.1,0.0,8.34,0.1887,-0.0105,0.944,参考,福島芝短距離(1000-1300)・良・中枠(3-6)で母父系統「ネイティヴダンサー系」は基準比リフト0.944
札幌,小回り・持続型,芝,中距離(1700-2000),良,内枠(1-2),母父系統,ニアークティック系,360,30,94,0.0833,0.2611,43.2,0.0,6.91,0.2768,-0.0157,0.943,参考,札幌芝中距離(1700-2000)・良・内枠(1-2)で母父系統「ニアークティック系」は基準比リフト0.943
中山,坂あり・パワー型,芝,中距離(1700-2000),良,中枠(3-6),母父系統,ネイティヴダンサー系,1190,84,243,0.0706,0.2042,55.4,0.0,7.63,0.2165,-0.0123,0.943,参考,中山芝中距離(1700-2000)・良・中枠(3-6)で母父系統「ネイティヴダンサー系」は基準比リフト0.943
小倉,小回り・機動型,芝,短距離(1000-1300),稍,中枠(3-6),母父系統,ネイティヴダンサー系,259,12,47,0.0463,0.1815,35.1,0.0,8.5,0.1925,-0.011,0.943,参考,小倉芝短距離(1000-1300)・稍・中枠(3-6)で母父系統「ネイティヴダンサー系」は基準比リフト0.943
東京,直線長め・持続型,ダ,中長距離(2100-2400),良,内枠(1-2),母父系統,ロイヤルチャージャー系,365,13,63,0.0356,0.1726,21.4,0.0,8.09,0.183,-0.0104,0.943,参考,東京ダ中長距離(2100-2400)・良・内枠(1-2)で母父系統「ロイヤルチャージャー系」は基準比リフト0.943
東京,直線長め・持続型,ダ,短中距離(1400-1600),稍,内枠(1-2),母父系統,ナスルーラ系,212,9,35,0.0425,0.1651,33.9,0.0,8.35,0.1751,-0.01,0.943,参考,東京ダ短中距離(1400-1600)・稍・内枠(1-2)で母父系統「ナスルーラ系」は基準比リフト0.943
札幌,小回り・持続型,芝,短距離(1000-1300),良,内枠(1-2),母父系統,ネイティヴダンサー系,201,18,44,0.0896,0.2189,98.3,0.0,7.81,0.2324,-0.0135,0.942,参考,札幌芝短距離(1000-1300)・良・内枠(1-2)で母父系統「ネイティヴダンサー系」は基準比リフト0.942
中山,坂あり・パワー型,芝,短中距離(1400-1600),稍,中枠(3-6),母父系統,ナスルーラ系,123,7,24,0.0569,0.1951,46.5,0.0,8.28,0.2072,-0.0121,0.942,参考,中山芝短中距離(1400-1600)・稍・中枠(3-6)で母父系統「ナスルーラ系」は基準比リフト0.942
東京,直線長め・持続型,ダ,短距離(1000-1300),稍,中枠(3-6),母父系統,ロイヤルチャージャー系,144,10,27,0.0694,0.1875,154.2,0.0,8.55,0.1991,-0.0116,0.942,参考,東京ダ短距離(1000-1300)・稍・中枠(3-6)で母父系統「ロイヤルチャージャー系」は基準比リフト0.942
東京,直線長め・持続型,ダ,短中距離(1400-1600),良,内枠(1-2),母父系統,ニアークティック系,1829,102,289,0.0558,0.158,64.2,0.0,8.36,0.1677,-0.0097,0.942,参考,東京ダ短中距離(1400-1600)・良・内枠(1-2)で母父系統「ニアークティック系」は基準比リフト0.942
札幌,小回り・持続型,芝,短中距離(1400-1600),稍,中枠(3-6),母父系統,ロイヤルチャージャー系,98,6,22,0.0612,0.2245,76.5,0.0,6.81,0.2385,-0.014,0.941,参考,札幌芝短中距離(1400-1600)・稍・中枠(3-6)で母父系統「ロイヤルチャージャー系」は基準比リフト0.941
阪神,坂あり・パワー型,ダ,中距離(1700-2000),良,中枠(3-6),母父系統,その他のエクリプス系,173,8,37,0.0462,0.2139,28.5,0.0,7.89,0.2273,-0.0134,0.941,参考,阪神ダ中距離(1700-2000)・良・中枠(3-6)で母父系統「その他のエクリプス系」は基準比リフト0.941
中山,坂あり・パワー型,芝,短距離(1000-1300),良,内枠(1-2),母父系統,ニアークティック系,358,20,72,0.0559,0.2011,91.1,0.0,7.96,0.2138,-0.0127,0.941,参考,中山芝短距離(1000-1300)・良・内枠(1-2)で母父系統「ニアークティック系」は基準比リフト0.941
中山,坂あり・パワー型,ダ,中距離(1700-2000),重不良,中枠(3-6),母父系統,ニアークティック系,434,28,83,0.0645,0.1912,45.7,0.0,8.07,0.2032,-0.012,0.941,参考,中山ダ中距離(1700-2000)・重不良・中枠(3-6)で母父系統「ニアークティック系」は基準比リフト0.941
小倉,小回り・機動型,ダ,中距離(1700-2000),不,中枠(3-6),母父系統,ニアークティック系,232,11,44,0.0474,0.1897,53.9,0.0,7.91,0.2015,-0.0118,0.941,参考,小倉ダ中距離(1700-2000)・不・中枠(3-6)で母父系統「ニアークティック系」は基準比リフト0.941
中京,直線長め・持続型,ダ,短距離(1000-1300),良,中枠(3-6),母父系統,ロイヤルチャージャー系,911,51,156,0.056,0.1712,64.7,0.0,8.54,0.182,-0.0108,0.941,参考,中京ダ短距離(1000-1300)・良・中枠(3-6)で母父系統「ロイヤルチャージャー系」は基準比リフト0.941
中山,坂あり・パワー型,ダ,短距離(1000-1300),稍,中枠(3-6),母父系統,ロイヤルチャージャー系,1078,66,180,0.0612,0.167,81.4,0.0,8.39,0.1775,-0.0105,0.941,参考,中山ダ短距離(1000-1300)・稍・中枠(3-6)で母父系統「ロイヤルチャージャー系」は基準比リフト0.941
東京,直線長め・持続型,ダ,中長距離(2100-2400),稍,中枠(3-6),母父系統,ロイヤルチャージャー系,199,16,44,0.0804,0.2211,118.9,0.0,7.8,0.2351,-0.014,0.94,参考,東京ダ中長距離(2100-2400)・稍・中枠(3-6)で母父系統「ロイヤルチャージャー系」は基準比リフト0.94
小倉,小回り・機動型,ダ,中距離(1700-2000),重不良,中枠(3-6),母父系統,ナスルーラ系,132,6,26,0.0455,0.197,49.4,0.0,7.8,0.2095,-0.0125,0.94,参考,小倉ダ中距離(1700-2000)・重不良・中枠(3-6)で母父系統「ナスルーラ系」は基準比リフト0.94
小倉,小回り・機動型,ダ,中距離(1700-2000),良,外枠(7-8),母父系統,ネイティヴダンサー系,512,38,95,0.0742,0.1855,56.9,0.0,8.07,0.1974,-0.0119,0.94,参考,小倉ダ中距離(1700-2000)・良・外枠(7-8)で母父系統「ネイティヴダンサー系」は基準比リフト0.94
中京,直線長め・持続型,芝,中距離(1700-2000),良,外枠(7-8),母父系統,ナスルーラ系,260,12,48,0.0462,0.1846,38.8,0.0,8.72,0.1964,-0.0118,0.94,参考,中京芝中距離(1700-2000)・良・外枠(7-8)で母父系統「ナスルーラ系」は基準比リフト0.94
中山,坂あり・パワー型,芝,短中距離(1400-1600),良,外枠(7-8),母父系統,ロイヤルチャージャー系,970,53,172,0.0546,0.1773,66.9,0.0,8.25,0.1887,-0.0114,0.94,参考,中山芝短中距離(1400-1600)・良・外枠(7-8)で母父系統「ロイヤルチャージャー系」は基準比リフト0.94
中山,坂あり・パワー型,ダ,短距離(1000-1300),良,中枠(3-6),母父系統,ロイヤルチャージャー系,2879,174,521,0.0604,0.181,55.9,0.0,8.49,0.1927,-0.0117,0.939,参考,中山ダ短距離(1000-1300)・良・中枠(3-6)で母父系統「ロイヤルチャージャー系」は基準比リフト0.939
福島,小回り・機動型,ダ,短距離(1000-1300),良,中枠(3-6),母父系統,ネイティヴダンサー系,623,40,110,0.0642,0.1766,85.8,0.0,8.42,0.1882,-0.0116,0.938,参考,福島ダ短距離(1000-1300)・良・中枠(3-6)で母父系統「ネイティヴダンサー系」は基準比リフト0.938
阪神,坂あり・パワー型,芝,短距離(1000-1300),良,内枠(1-2),母父系統,ネイティヴダンサー系,172,14,40,0.0814,0.2326,89.1,0.0,7.13,0.2482,-0.0156,0.937,参考,阪神芝短距離(1000-1300)・良・内枠(1-2)で母父系統「ネイティヴダンサー系」は基準比リフト0.937
阪神,坂あり・パワー型,ダ,中距離(1700-2000),良,外枠(7-8),母父系統,ニアークティック系,1280,101,282,0.0789,0.2203,90.6,0.0,7.29,0.2351,-0.0148,0.937,参考,阪神ダ中距離(1700-2000)・良・外枠(7-8)で母父系統「ニアークティック系」は基準比リフト0.937
阪神,坂あり・パワー型,ダ,短中距離(1400-1600),稍,外枠(7-8),母父系統,ロイヤルチャージャー系,353,23,71,0.0652,0.2011,91.9,0.0,8.11,0.2147,-0.0136,0.937,参考,阪神ダ短中距離(1400-1600)・稍・外枠(7-8)で母父系統「ロイヤルチャージャー系」は基準比リフト0.937
中京,直線長め・持続型,ダ,短中距離(1400-1600),重不良,中枠(3-6),母父系統,ロイヤルチャージャー系,198,10,38,0.0505,0.1919,89.5,0.0,8.31,0.2048,-0.0129,0.937,参考,中京ダ短中距離(1400-1600)・重不良・中枠(3-6)で母父系統「ロイヤルチャージャー系」は基準比リフト0.937
福島,小回り・機動型,ダ,短距離(1000-1300),良,内枠(1-2),母父系統,ネイティヴダンサー系,300,17,54,0.0567,0.18,75.1,0.0,8.39,0.1921,-0.0121,0.937,参考,福島ダ短距離(1000-1300)・良・内枠(1-2)で母父系統「ネイティヴダンサー系」は基準比リフト0.937
中山,坂あり・パワー型,ダ,短距離(1000-1300),重不良,中枠(3-6),母父系統,ロイヤルチャージャー系,529,35,95,0.0662,0.1796,50.7,0.0,8.39,0.1917,-0.0121,0.937,参考,中山ダ短距離(1000-1300)・重不良・中枠(3-6)で母父系統「ロイヤルチャージャー系」は基準比リフト0.937
新潟,直線長め・平坦型,芝,中長距離(2100-2400),良,外枠(7-8),母父系統,ナスルーラ系,129,5,23,0.0388,0.1783,25.3,0.0,7.8,0.1903,-0.012,0.937,参考,新潟芝中長距離(2100-2400)・良・外枠(7-8)で母父系統「ナスルーラ系」は基準比リフト0.937
京都,平坦・スピード型,芝,短中距離(1400-1600),良,内枠(1-2),母父系統,ロイヤルチャージャー系,929,55,190,0.0592,0.2045,64.1,0.0,8.04,0.2185,-0.014,0.936,参考,京都芝短中距離(1400-1600)・良・内枠(1-2)で母父系統「ロイヤルチャージャー系」は基準比リフト0.936
福島,小回り・機動型,ダ,中距離(1700-2000),良,外枠(7-8),母父系統,ロイヤルチャージャー系,768,58,157,0.0755,0.2044,101.4,0.0,7.91,0.2183,-0.0139,0.936,参考,福島ダ中距離(1700-2000)・良・外枠(7-8)で母父系統「ロイヤルチャージャー系」は基準比リフト0.936
福島,小回り・機動型,ダ,中距離(1700-2000),稍,中枠(3-6),母父系統,ネイティヴダンサー系,246,11,46,0.0447,0.187,47.7,0.0,7.51,0.1998,-0.0128,0.936,参考,福島ダ中距離(1700-2000)・稍・中枠(3-6)で母父系統「ネイティヴダンサー系」は基準比リフト0.936
札幌,小回り・持続型,芝,短中距離(1400-1600),良,中枠(3-6),母父系統,ネイティヴダンサー系,298,22,69,0.0738,0.2315,101.3,0.0,6.86,0.2476,-0.0161,0.935,参考,札幌芝短中距離(1400-1600)・良・中枠(3-6)で母父系統「ネイティヴダンサー系」は基準比リフト0.935
阪神,坂あり・パワー型,ダ,短距離(1000-1300),稍,外枠(7-8),母父系統,ネイティヴダンサー系,186,19,41,0.1022,0.2204,82.0,0.0,7.68,0.2356,-0.0152,0.935,参考,阪神ダ短距離(1000-1300)・稍・外枠(7-8)で母父系統「ネイティヴダンサー系」は基準比リフト0.935
阪神,坂あり・パワー型,ダ,短距離(1000-1300),稍,外枠(7-8),母父系統,ニアークティック系,227,17,50,0.0749,0.2203,56.5,0.0,7.81,0.2356,-0.0153,0.935,参考,阪神ダ短距離(1000-1300)・稍・外枠(7-8)で母父系統「ニアークティック系」は基準比リフト0.935
東京,直線長め・持続型,芝,中距離(1700-2000),良,外枠(7-8),母父系統,ロイヤルチャージャー系,1590,109,320,0.0686,0.2013,72.2,0.0,7.53,0.2154,-0.0141,0.935,参考,東京芝中距離(1700-2000)・良・外枠(7-8)で母父系統「ロイヤルチャージャー系」は基準比リフト0.935
函館,小回り・持続型,芝,中距離(1700-2000),良,外枠(7-8),母父系統,ロイヤルチャージャー系,520,38,100,0.0731,0.1923,52.7,0.0,7.42,0.2056,-0.0133,0.935,参考,函館芝中距離(1700-2000)・良・外枠(7-8)で母父系統「ロイヤルチャージャー系」は基準比リフト0.935
小倉,小回り・機動型,芝,短距離(1000-1300),稍,外枠(7-8),母父系統,ロイヤルチャージャー系,326,16,56,0.0491,0.1718,47.7,0.0,9.06,0.1838,-0.012,0.935,参考,小倉芝短距離(1000-1300)・稍・外枠(7-8)で母父系統「ロイヤルチャージャー系」は基準比リフト0.935
京都,平坦・スピード型,芝,短距離(1000-1300),良,外枠(7-8),母父系統,ニアークティック系,406,21,66,0.0517,0.1626,51.2,0.0,8.14,0.1739,-0.0113,0.935,参考,京都芝短距離(1000-1300)・良・外枠(7-8)で母父系統「ニアークティック系」は基準比リフト0.935
札幌,小回り・持続型,芝,中距離(1700-2000),稍,中枠(3-6),母父系統,ロイヤルチャージャー系,168,11,36,0.0655,0.2143,25.6,0.0,6.9,0.2294,-0.0151,0.934,参考,札幌芝中距離(1700-2000)・稍・中枠(3-6)で母父系統「ロイヤルチャージャー系」は基準比リフト0.934
福島,小回り・機動型,芝,中距離(1700-2000),良,中枠(3-6),母父系統,トゥルビヨン系,93,2,19,0.0215,0.2043,20.8,0.0,8.25,0.2188,-0.0145,0.934,参考,福島芝中距離(1700-2000)・良・中枠(3-6)で母父系統「トゥルビヨン系」は基準比リフト0.934
京都,平坦・スピード型,ダ,短中距離(1400-1600),良,外枠(7-8),母父系統,ニアークティック系,761,46,138,0.0604,0.1813,53.5,0.0,8.02,0.1942,-0.0129,0.934,参考,京都ダ短中距離(1400-1600)・良・外枠(7-8)で母父系統「ニアークティック系」は基準比リフト0.934
小倉,小回り・機動型,芝,短距離(1000-1300),稍,外枠(7-8),母父系統,ニアークティック系,233,11,40,0.0472,0.1717,28.4,0.0,8.94,0.1838,-0.0121,0.934,参考,小倉芝短距離(1000-1300)・稍・外枠(7-8)で母父系統「ニアークティック系」は基準比リフト0.934
阪神,坂あり・パワー型,芝,中距離(1700-2000),良,中枠(3-6),母父系統,その他のエクリプス系,143,10,32,0.0699,0.2238,37.6,0.0,6.87,0.2399,-0.0161,0.933,参考,阪神芝中距離(1700-2000)・良・中枠(3-6)で母父系統「その他のエクリプス系」は基準比リフト0.933
東京,直線長め・持続型,ダ,長距離(2500以上),良,中枠(3-6),母父系統,ニアークティック系,305,19,67,0.0623,0.2197,36.1,0.0,7.38,0.2354,-0.0157,0.933,参考,東京ダ長距離(2500以上)・良・中枠(3-6)で母父系統「ニアークティック系」は基準比リフト0.933
京都,平坦・スピード型,芝,中長距離(2100-2400),良,中枠(3-6),母父系統,ニアークティック系,591,41,129,0.0694,0.2183,90.4,0.0,7.23,0.2341,-0.0158,0.933,参考,京都芝中長距離(2100-2400)・良・中枠(3-6)で母父系統「ニアークティック系」は基準比リフト0.933
京都,平坦・スピード型,芝,短中距離(1400-1600),稍,外枠(7-8),母父系統,ニアークティック系,188,15,39,0.0798,0.2074,130.6,0.0,7.95,0.2226,-0.0152,0.932,参考,京都芝短中距離(1400-1600)・稍・外枠(7-8)で母父系統「ニアークティック系」は基準比リフト0.932
福島,小回り・機動型,芝,中距離(1700-2000),良,中枠(3-6),母父系統,その他のエクリプス系,103,4,21,0.0388,0.2039,37.9,0.0,7.5,0.2188,-0.0149,0.932,参考,福島芝中距離(1700-2000)・良・中枠(3-6)で母父系統「その他のエクリプス系」は基準比リフト0.932
福島,小回り・機動型,芝,中距離(1700-2000),稍,内枠(1-2),母父系統,ニアークティック系,94,6,19,0.0638,0.2021,62.9,0.0,7.59,0.2169,-0.0148,0.932,参考,福島芝中距離(1700-2000)・稍・内枠(1-2)で母父系統「ニアークティック系」は基準比リフト0.932
福島,小回り・機動型,芝,短距離(1000-1300),稍,中枠(3-6),母父系統,ニアークティック系,190,11,36,0.0579,0.1895,66.2,0.0,7.82,0.2033,-0.0138,0.932,参考,福島芝短距離(1000-1300)・稍・中枠(3-6)で母父系統「ニアークティック系」は基準比リフト0.932
阪神,坂あり・パワー型,ダ,短距離(1000-1300),良,内枠(1-2),母父系統,ナスルーラ系,233,11,39,0.0472,0.1674,48.1,0.0,8.49,0.1796,-0.0122,0.932,参考,阪神ダ短距離(1000-1300)・良・内枠(1-2)で母父系統「ナスルーラ系」は基準比リフト0.932
中山,坂あり・パワー型,ダ,中距離(1700-2000),重不良,外枠(7-8),母父系統,ロイヤルチャージャー系,269,22,63,0.0818,0.2342,31.7,0.0,7.42,0.2515,-0.0173,0.931,参考,中山ダ中距離(1700-2000)・重不良・外枠(7-8)で母父系統「ロイヤルチャージャー系」は基準比リフト0.931
札幌,小回り・持続型,芝,短距離(1000-1300),良,中枠(3-6),母父系統,ナスルーラ系,274,17,53,0.062,0.1934,47.4,0.0,7.84,0.2078,-0.0144,0.931,参考,札幌芝短距離(1000-1300)・良・中枠(3-6)で母父系統「ナスルーラ系」は基準比リフト0.931
新潟,直線長め・平坦型,ダ,短距離(1000-1300),良,中枠(3-6),母父系統,ナスルーラ系,556,39,105,0.0701,0.1888,71.3,0.0,8.3,0.2029,-0.0141,0.931,参考,新潟ダ短距離(1000-1300)・良・中枠(3-6)で母父系統「ナスルーラ系」は基準比リフト0.931
京都,平坦・スピード型,ダ,短距離(1000-1300),良,中枠(3-6),母父系統,ロイヤルチャージャー系,1384,84,251,0.0607,0.1814,82.4,0.0,8.15,0.1949,-0.0135,0.931,参考,京都ダ短距離(1000-1300)・良・中枠(3-6)で母父系統「ロイヤルチャージャー系」は基準比リフト0.931
札幌,小回り・持続型,芝,短距離(1000-1300),良,外枠(7-8),母父系統,ロイヤルチャージャー系,376,24,77,0.0638,0.2048,79.9,0.0,7.99,0.2201,-0.0153,0.93,参考,札幌芝短距離(1000-1300)・良・外枠(7-8)で母父系統「ロイヤルチャージャー系」は基準比リフト0.93
京都,平坦・スピード型,ダ,中距離(1700-2000),良,中枠(3-6),母父系統,ナスルーラ系,848,55,172,0.0649,0.2028,78.0,0.0,8.06,0.2181,-0.0153,0.93,参考,京都ダ中距離(1700-2000)・良・中枠(3-6)で母父系統「ナスルーラ系」は基準比リフト0.93
中京,直線長め・持続型,ダ,中距離(1700-2000),重不良,外枠(7-8),母父系統,ロイヤルチャージャー系,195,15,39,0.0769,0.2,58.1,0.0,7.75,0.2151,-0.0151,0.93,参考,中京ダ中距離(1700-2000)・重不良・外枠(7-8)で母父系統「ロイヤルチャージャー系」は基準比リフト0.93
福島,小回り・機動型,芝,中距離(1700-2000),稍,中枠(3-6),母父系統,ニアークティック系,217,14,37,0.0645,0.1705,64.1,0.0,8.03,0.1834,-0.0129,0.93,参考,福島芝中距離(1700-2000)・稍・中枠(3-6)で母父系統「ニアークティック系」は基準比リフト0.93
京都,平坦・スピード型,芝,中距離(1700-2000),良,中枠(3-6),母父系統,ナスルーラ系,693,58,158,0.0837,0.228,54.9,0.0,7.08,0.2454,-0.0174,0.929,参考,京都芝中距離(1700-2000)・良・中枠(3-6)で母父系統「ナスルーラ系」は基準比リフト0.929
中山,坂あり・パワー型,ダ,短距離(1000-1300),稍,外枠(7-8),母父系統,ロイヤルチャージャー系,558,35,117,0.0627,0.2097,85.8,0.0,8.41,0.2257,-0.016,0.929,参考,中山ダ短距離(1000-1300)・稍・外枠(7-8)で母父系統「ロイヤルチャージャー系」は基準比リフト0.929
阪神,坂あり・パワー型,ダ,中距離(1700-2000),稍,中枠(3-6),母父系統,ニアークティック系,837,46,163,0.055,0.1947,44.6,0.0,7.76,0.2095,-0.0148,0.929,参考,阪神ダ中距離(1700-2000)・稍・中枠(3-6)で母父系統「ニアークティック系」は基準比リフト0.929
新潟,直線長め・平坦型,ダ,中距離(1700-2000),良,内枠(1-2),母父系統,ロイヤルチャージャー系,605,40,114,0.0661,0.1884,73.9,0.0,7.64,0.2028,-0.0144,0.929,参考,新潟ダ中距離(1700-2000)・良・内枠(1-2)で母父系統「ロイヤルチャージャー系」は基準比リフト0.929
函館,小回り・持続型,ダ,中距離(1700-2000),良,中枠(3-6),母父系統,ナスルーラ系,334,27,73,0.0808,0.2186,107.4,0.0,6.9,0.2356,-0.017,0.928,参考,函館ダ中距離(1700-2000)・良・中枠(3-6)で母父系統「ナスルーラ系」は基準比リフト0.928
札幌,小回り・持続型,ダ,中距離(1700-2000),稍,中枠(3-6),母父系統,ロイヤルチャージャー系,227,21,48,0.0925,0.2115,128.6,0.0,7.58,0.2278,-0.0163,0.928,参考,札幌ダ中距離(1700-2000)・稍・中枠(3-6)で母父系統「ロイヤルチャージャー系」は基準比リフト0.928
中山,坂あり・パワー型,芝,短距離(1000-1300),良,内枠(1-2),母父系統,ネイティヴダンサー系,272,19,54,0.0699,0.1985,56.3,0.0,7.75,0.2138,-0.0153,0.928,参考,中山芝短距離(1000-1300)・良・内枠(1-2)で母父系統「ネイティヴダンサー系」は基準比リフト0.928
小倉,小回り・機動型,ダ,中距離(1700-2000),稍,中枠(3-6),母父系統,ネイティヴダンサー系,424,27,81,0.0637,0.191,62.9,0.0,8.14,0.2059,-0.0149,0.928,参考,小倉ダ中距離(1700-2000)・稍・中枠(3-6)で母父系統「ネイティヴダンサー系」は基準比リフト0.928
阪神,坂あり・パワー型,ダ,短距離(1000-1300),不,内枠(1-2),母父系統,ロイヤルチャージャー系,91,1,16,0.011,0.1758,6.8,0.0,8.38,0.1894,-0.0136,0.928,参考,阪神ダ短距離(1000-1300)・不・内枠(1-2)で母父系統「ロイヤルチャージャー系」は基準比リフト0.928
東京,直線長め・持続型,ダ,中長距離(2100-2400),重不良,外枠(7-8),母父系統,ロイヤルチャージャー系,82,6,15,0.0732,0.1829,44.6,0.0,7.89,0.1974,-0.0145,0.927,参考,東京ダ中長距離(2100-2400)・重不良・外枠(7-8)で母父系統「ロイヤルチャージャー系」は基準比リフト0.927
中山,坂あり・パワー型,ダ,短距離(1000-1300),良,中枠(3-6),母父系統,ナスルーラ系,974,59,174,0.0606,0.1786,75.6,0.0,8.65,0.1927,-0.0141,0.927,参考,中山ダ短距離(1000-1300)・良・中枠(3-6)で母父系統「ナスルーラ系」は基準比リフト0.927
福島,小回り・機動型,芝,中距離(1700-2000),稍,中枠(3-6),母父系統,ナスルーラ系,100,5,17,0.05,0.17,55.2,0.0,7.94,0.1834,-0.0134,0.927,参考,福島芝中距離(1700-2000)・稍・中枠(3-6)で母父系統「ナスルーラ系」は基準比リフト0.927
新潟,直線長め・平坦型,芝,中距離(1700-2000),良,外枠(7-8),母父系統,ニアークティック系,871,69,170,0.0792,0.1952,60.5,0.0,7.91,0.2107,-0.0155,0.926,参考,新潟芝中距離(1700-2000)・良・外枠(7-8)で母父系統「ニアークティック系」は基準比リフト0.926
阪神,坂あり・パワー型,芝,短距離(1000-1300),良,中枠(3-6),母父系統,ニアークティック系,489,27,101,0.0552,0.2065,120.8,0.0,7.58,0.2234,-0.0169,0.924,参考,阪神芝短距離(1000-1300)・良・中枠(3-6)で母父系統「ニアークティック系」は基準比リフト0.924
福島,小回り・機動型,ダ,中距離(1700-2000),重不良,外枠(7-8),母父系統,ニアークティック系,88,6,17,0.0682,0.1932,52.4,0.0,7.08,0.2092,-0.016,0.924,参考,福島ダ中距離(1700-2000)・重不良・外枠(7-8)で母父系統「ニアークティック系」は基準比リフト0.924
小倉,小回り・機動型,ダ,中距離(1700-2000),稍,内枠(1-2),母父系統,ニアークティック系,220,12,41,0.0545,0.1864,112.4,0.0,8.02,0.2017,-0.0153,0.924,参考,小倉ダ中距離(1700-2000)・稍・内枠(1-2)で母父系統「ニアークティック系」は基準比リフト0.924
京都,平坦・スピード型,ダ,中距離(1700-2000),重不良,中枠(3-6),母父系統,ナスルーラ系,121,9,25,0.0744,0.2066,61.9,0.0,8.26,0.2239,-0.0173,0.923,参考,京都ダ中距離(1700-2000)・重不良・中枠(3-6)で母父系統「ナスルーラ系」は基準比リフト0.923
小倉,小回り・機動型,ダ,中距離(1700-2000),重不良,内枠(1-2),母父系統,ロイヤルチャージャー系,190,14,38,0.0737,0.2,35.4,0.0,8.0,0.2168,-0.0168,0.923,参考,小倉ダ中距離(1700-2000)・重不良・内枠(1-2)で母父系統「ロイヤルチャージャー系」は基準比リフト0.923
新潟,直線長め・平坦型,芝,短距離(1000-1300),稍,中枠(3-6),母父系統,ロイヤルチャージャー系,236,13,36,0.0551,0.1525,74.7,0.0,8.91,0.1652,-0.0127,0.923,参考,新潟芝短距離(1000-1300)・稍・中枠(3-6)で母父系統「ロイヤルチャージャー系」は基準比リフト0.923
東京,直線長め・持続型,芝,中距離(1700-2000),良,中枠(3-6),母父系統,ナスルーラ系,902,53,197,0.0588,0.2184,51.6,0.0,7.47,0.237,-0.0186,0.922,参考,東京芝中距離(1700-2000)・良・中枠(3-6)で母父系統「ナスルーラ系」は基準比リフト0.922
中京,直線長め・持続型,ダ,中距離(1700-2000),良,外枠(7-8),母父系統,ニアークティック系,857,48,165,0.056,0.1925,50.5,0.0,7.65,0.2087,-0.0162,0.922,参考,中京ダ中距離(1700-2000)・良・外枠(7-8)で母父系統「ニアークティック系」は基準比リフト0.922
東京,直線長め・持続型,ダ,短中距離(1400-1600),稍,中枠(3-6),母父系統,ロイヤルチャージャー系,1443,80,252,0.0554,0.1746,54.2,0.0,8.35,0.1894,-0.0148,0.922,参考,東京ダ短中距離(1400-1600)・稍・中枠(3-6)で母父系統「ロイヤルチャージャー系」は基準比リフト0.922
福島,小回り・機動型,芝,中距離(1700-2000),良,外枠(7-8),母父系統,ロイヤルチャージャー系,884,56,153,0.0633,0.1731,87.5,0.0,8.17,0.1878,-0.0147,0.922,参考,福島芝中距離(1700-2000)・良・外枠(7-8)で母父系統「ロイヤルチャージャー系」は基準比リフト0.922
新潟,直線長め・平坦型,芝,短距離(1000-1300),良,中枠(3-6),母父系統,その他のエクリプス系,95,5,15,0.0526,0.1579,70.2,0.0,9.07,0.1712,-0.0133,0.922,参考,新潟芝短距離(1000-1300)・良・中枠(3-6)で母父系統「その他のエクリプス系」は基準比リフト0.922
新潟,直線長め・平坦型,芝,中距離(1700-2000),稍,内枠(1-2),母父系統,ロイヤルチャージャー系,113,4,21,0.0354,0.1858,16.3,0.0,8.26,0.2017,-0.0159,0.921,参考,新潟芝中距離(1700-2000)・稍・内枠(1-2)で母父系統「ロイヤルチャージャー系」は基準比リフト0.921
中山,坂あり・パワー型,ダ,短距離(1000-1300),重不良,外枠(7-8),母父系統,ロイヤルチャージャー系,262,19,57,0.0725,0.2176,53.2,0.0,8.26,0.2366,-0.019,0.92,参考,中山ダ短距離(1000-1300)・重不良・外枠(7-8)で母父系統「ロイヤルチャージャー系」は基準比リフト0.92
新潟,直線長め・平坦型,ダ,短距離(1000-1300),稍,外枠(7-8),母父系統,ネイティヴダンサー系,184,13,40,0.0707,0.2174,47.9,0.0,7.89,0.2363,-0.0189,0.92,参考,新潟ダ短距離(1000-1300)・稍・外枠(7-8)で母父系統「ネイティヴダンサー系」は基準比リフト0.92
札幌,小回り・持続型,芝,短距離(1000-1300),良,中枠(3-6),母父系統,ロイヤルチャージャー系,706,52,135,0.0737,0.1912,52.3,0.0,7.68,0.2078,-0.0166,0.92,参考,札幌芝短距離(1000-1300)・良・中枠(3-6)で母父系統「ロイヤルチャージャー系」は基準比リフト0.92
中山,坂あり・パワー型,ダ,短距離(1000-1300),良,内枠(1-2),母父系統,ロイヤルチャージャー系,1414,77,230,0.0545,0.1627,55.2,0.0,8.69,0.1768,-0.0141,0.92,参考,中山ダ短距離(1000-1300)・良・内枠(1-2)で母父系統「ロイヤルチャージャー系」は基準比リフト0.92
函館,小回り・持続型,芝,中距離(1700-2000),良,内枠(1-2),母父系統,ロイヤルチャージャー系,389,36,101,0.0925,0.2596,113.5,0.0,6.84,0.2826,-0.023,0.919,参考,函館芝中距離(1700-2000)・良・内枠(1-2)で母父系統「ロイヤルチャージャー系」は基準比リフト0.919
東京,直線長め・持続型,芝,中距離(1700-2000),稍,中枠(3-6),母父系統,ロイヤルチャージャー系,353,26,77,0.0737,0.2181,45.5,0.0,7.54,0.2372,-0.0191,0.919,参考,東京芝中距離(1700-2000)・稍・中枠(3-6)で母父系統「ロイヤルチャージャー系」は基準比リフト0.919
阪神,坂あり・パワー型,芝,中距離(1700-2000),良,外枠(7-8),母父系統,ロイヤルチャージャー系,1274,88,273,0.0691,0.2143,49.4,0.0,7.47,0.2332,-0.0189,0.919,参考,阪神芝中距離(1700-2000)・良・外枠(7-8)で母父系統「ロイヤルチャージャー系」は基準比リフト0.919
中京,直線長め・持続型,ダ,中距離(1700-2000),稍,外枠(7-8),母父系統,ネイティヴダンサー系,180,12,35,0.0667,0.1944,78.2,0.0,7.86,0.2115,-0.0171,0.919,参考,中京ダ中距離(1700-2000)・稍・外枠(7-8)で母父系統「ネイティヴダンサー系」は基準比リフト0.919
中山,坂あり・パワー型,芝,短中距離(1400-1600),稍,内枠(1-2),母父系統,ネイティヴダンサー系,83,6,15,0.0723,0.1807,34.8,0.0,7.63,0.1967,-0.016,0.919,参考,中山芝短中距離(1400-1600)・稍・内枠(1-2)で母父系統「ネイティヴダンサー系」は基準比リフト0.919
東京,直線長め・持続型,ダ,短中距離(1400-1600),重不良,中枠(3-6),母父系統,ナスルーラ系,280,14,50,0.05,0.1786,46.0,0.0,8.14,0.1943,-0.0157,0.919,参考,東京ダ短中距離(1400-1600)・重不良・中枠(3-6)で母父系統「ナスルーラ系」は基準比リフト0.919
中京,直線長め・持続型,芝,中距離(1700-2000),重不良,中枠(3-6),母父系統,ニアークティック系,82,5,14,0.061,0.1707,317.4,0.0,8.44,0.1857,-0.015,0.919,参考,中京芝中距離(1700-2000)・重不良・中枠(3-6)で母父系統「ニアークティック系」は基準比リフト0.919
東京,直線長め・持続型,ダ,中長距離(2100-2400),稍,外枠(7-8),母父系統,ロイヤルチャージャー系,105,8,17,0.0762,0.1619,55.0,0.0,8.08,0.1761,-0.0142,0.919,参考,東京ダ中長距離(2100-2400)・稍・外枠(7-8)で母父系統「ロイヤルチャージャー系」は基準比リフト0.919
中京,直線長め・持続型,芝,短中距離(1400-1600),良,外枠(7-8),母父系統,ネイティヴダンサー系,551,41,100,0.0744,0.1815,90.2,0.0,8.44,0.1978,-0.0163,0.918,参考,中京芝短中距離(1400-1600)・良・外枠(7-8)で母父系統「ネイティヴダンサー系」は基準比リフト0.918
中京,直線長め・持続型,芝,短距離(1000-1300),良,内枠(1-2),母父系統,ニアークティック系,232,13,41,0.056,0.1767,34.7,0.0,8.53,0.1925,-0.0158,0.918,参考,中京芝短距離(1000-1300)・良・内枠(1-2)で母父系統「ニアークティック系」は基準比リフト0.918
中京,直線長め・持続型,ダ,中距離(1700-2000),良,内枠(1-2),母父系統,ロイヤルチャージャー系,746,55,154,0.0737,0.2064,73.7,0.0,7.63,0.225,-0.0186,0.917,参考,中京ダ中距離(1700-2000)・良・内枠(1-2)で母父系統「ロイヤルチャージャー系」は基準比リフト0.917
新潟,直線長め・平坦型,ダ,中距離(1700-2000),不,外枠(7-8),母父系統,ニアークティック系,94,8,18,0.0851,0.1915,37.6,0.0,7.35,0.2088,-0.0173,0.917,参考,新潟ダ中距離(1700-2000)・不・外枠(7-8)で母父系統「ニアークティック系」は基準比リフト0.917
東京,直線長め・持続型,芝,短中距離(1400-1600),稍,内枠(1-2),母父系統,ナスルーラ系,111,9,21,0.0811,0.1892,98.9,0.0,8.31,0.2063,-0.0171,0.917,参考,東京芝短中距離(1400-1600)・稍・内枠(1-2)で母父系統「ナスルーラ系」は基準比リフト0.917
函館,小回り・持続型,ダ,中距離(1700-2000),稍,外枠(7-8),母父系統,ニアークティック系,143,13,36,0.0909,0.2517,71.0,0.0,6.59,0.2747,-0.023,0.916,参考,函館ダ中距離(1700-2000)・稍・外枠(7-8)で母父系統「ニアークティック系」は基準比リフト0.916
函館,小回り・持続型,芝,中距離(1700-2000),良,中枠(3-6),母父系統,その他のエクリプス系,82,8,18,0.0976,0.2195,56.3,0.0,6.73,0.2397,-0.0202,0.916,参考,函館芝中距離(1700-2000)・良・中枠(3-6)で母父系統「その他のエクリプス系」は基準比リフト0.916
中京,直線長め・持続型,芝,中距離(1700-2000),良,内枠(1-2),母父系統,ロイヤルチャージャー系,446,33,92,0.074,0.2063,64.1,0.0,7.67,0.2251,-0.0188,0.916,参考,中京芝中距離(1700-2000)・良・内枠(1-2)で母父系統「ロイヤルチャージャー系」は基準比リフト0.916
福島,小回り・機動型,芝,短距離(1000-1300),良,外枠(7-8),母父系統,ロイヤルチャージャー系,896,47,161,0.0525,0.1797,48.1,0.0,8.2,0.1962,-0.0165,0.916,参考,福島芝短距離(1000-1300)・良・外枠(7-8)で母父系統「ロイヤルチャージャー系」は基準比リフト0.916
中山,坂あり・パワー型,芝,短距離(1000-1300),稍,内枠(1-2),母父系統,ロイヤルチャージャー系,97,8,23,0.0825,0.2371,44.7,0.0,8.06,0.259,-0.0219,0.915,参考,中山芝短距離(1000-1300)・稍・内枠(1-2)で母父系統「ロイヤルチャージャー系」は基準比リフト0.915
小倉,小回り・機動型,芝,長距離(2500以上),良,中枠(3-6),母父系統,ナスルーラ系,171,8,40,0.0468,0.2339,20.1,0.0,6.57,0.2556,-0.0217,0.915,参考,小倉芝長距離(2500以上)・良・中枠(3-6)で母父系統「ナスルーラ系」は基準比リフト0.915
中山,坂あり・パワー型,ダ,短距離(1000-1300),重不良,外枠(7-8),母父系統,ネイティヴダンサー系,217,14,47,0.0645,0.2166,49.3,0.0,8.0,0.2366,-0.02,0.915,参考,中山ダ短距離(1000-1300)・重不良・外枠(7-8)で母父系統「ネイティヴダンサー系」は基準比リフト0.915
阪神,坂あり・パワー型,ダ,短中距離(1400-1600),良,中枠(3-6),母父系統,その他のエクリプス系,97,5,18,0.0515,0.1856,24.4,0.0,7.94,0.2031,-0.0175,0.914,参考,阪神ダ短中距離(1400-1600)・良・中枠(3-6)で母父系統「その他のエクリプス系」は基準比リフト0.914
中山,坂あり・パワー型,ダ,中距離(1700-2000),良,中枠(3-6),母父系統,その他のエクリプス系,187,16,34,0.0856,0.1818,80.4,0.0,7.53,0.199,-0.0172,0.914,参考,中山ダ中距離(1700-2000)・良・中枠(3-6)で母父系統「その他のエクリプス系」は基準比リフト0.914
東京,直線長め・持続型,芝,短中距離(1400-1600),稍,中枠(3-6),母父系統,ニアークティック系,443,29,79,0.0655,0.1783,42.8,0.0,7.8,0.195,-0.0167,0.914,参考,東京芝短中距離(1400-1600)・稍・中枠(3-6)で母父系統「ニアークティック系」は基準比リフト0.914
東京,直線長め・持続型,ダ,中長距離(2100-2400),重不良,中枠(3-6),母父系統,ニアークティック系,108,11,23,0.1019,0.213,103.1,0.0,8.48,0.2334,-0.0204,0.913,参考,東京ダ中長距離(2100-2400)・重不良・中枠(3-6)で母父系統「ニアークティック系」は基準比リフト0.913
中京,直線長め・持続型,芝,中距離(1700-2000),良,中枠(3-6),母父系統,ロイヤルチャージャー系,1022,72,206,0.0705,0.2016,58.3,0.0,8.05,0.2207,-0.0191,0.913,参考,中京芝中距離(1700-2000)・良・中枠(3-6)で母父系統「ロイヤルチャージャー系」は基準比リフト0.913
小倉,小回り・機動型,ダ,短距離(1000-1300),稍,中枠(3-6),母父系統,ロイヤルチャージャー系,287,16,54,0.0557,0.1882,31.2,0.0,7.56,0.2062,-0.018,0.913,参考,小倉ダ短距離(1000-1300)・稍・中枠(3-6)で母父系統「ロイヤルチャージャー系」は基準比リフト0.913
新潟,直線長め・平坦型,芝,短中距離(1400-1600),良,外枠(7-8),母父系統,ナスルーラ系,454,33,79,0.0727,0.174,119.3,0.0,8.78,0.1905,-0.0165,0.913,参考,新潟芝短中距離(1400-1600)・良・外枠(7-8)で母父系統「ナスルーラ系」は基準比リフト0.913
東京,直線長め・持続型,ダ,短距離(1000-1300),良,外枠(7-8),母父系統,ネイティヴダンサー系,260,16,42,0.0615,0.1615,43.8,0.0,8.48,0.1768,-0.0153,0.913,参考,東京ダ短距離(1000-1300)・良・外枠(7-8)で母父系統「ネイティヴダンサー系」は基準比リフト0.913
東京,直線長め・持続型,芝,中距離(1700-2000),良,中枠(3-6),母父系統,トゥルビヨン系,111,8,24,0.0721,0.2162,46.1,0.0,7.56,0.237,-0.0208,0.912,参考,東京芝中距離(1700-2000)・良・中枠(3-6)で母父系統「トゥルビヨン系」は基準比リフト0.912
新潟,直線長め・平坦型,ダ,短距離(1000-1300),良,外枠(7-8),母父系統,ロイヤルチャージャー系,770,42,160,0.0545,0.2078,59.1,0.0,7.73,0.2279,-0.0201,0.912,参考,新潟ダ短距離(1000-1300)・良・外枠(7-8)で母父系統「ロイヤルチャージャー系」は基準比リフト0.912
阪神,坂あり・パワー型,芝,中距離(1700-2000),良,内枠(1-2),母父系統,ナスルーラ系,333,17,76,0.0511,0.2282,47.4,0.0,7.61,0.2505,-0.0223,0.911,参考,阪神芝中距離(1700-2000)・良・内枠(1-2)で母父系統「ナスルーラ系」は基準比リフト0.911
中京,直線長め・持続型,芝,中長距離(2100-2400),良,中枠(3-6),母父系統,ネイティヴダンサー系,205,15,43,0.0732,0.2098,110.0,0.0,7.69,0.2304,-0.0206,0.911,参考,中京芝中長距離(2100-2400)・良・中枠(3-6)で母父系統「ネイティヴダンサー系」は基準比リフト0.911
東京,直線長め・持続型,ダ,短中距離(1400-1600),良,外枠(7-8),母父系統,ナスルーラ系,811,55,160,0.0678,0.1973,65.5,0.0,7.98,0.2165,-0.0192,0.911,参考,東京ダ短中距離(1400-1600)・良・外枠(7-8)で母父系統「ナスルーラ系」は基準比リフト0.911
福島,小回り・機動型,ダ,短距離(1000-1300),重不良,中枠(3-6),母父系統,ロイヤルチャージャー系,131,6,21,0.0458,0.1603,70.2,0.0,8.86,0.1759,-0.0156,0.911,参考,福島ダ短距離(1000-1300)・重不良・中枠(3-6)で母父系統「ロイヤルチャージャー系」は基準比リフト0.911
小倉,小回り・機動型,芝,中距離(1700-2000),稍,外枠(7-8),母父系統,ネイティヴダンサー系,156,9,31,0.0577,0.1987,78.8,0.0,7.67,0.2184,-0.0197,0.91,参考,小倉芝中距離(1700-2000)・稍・外枠(7-8)で母父系統「ネイティヴダンサー系」は基準比リフト0.91
阪神,坂あり・パワー型,ダ,中距離(1700-2000),良,内枠(1-2),母父系統,ロイヤルチャージャー系,1110,67,208,0.0604,0.1874,74.1,0.0,7.42,0.206,-0.0186,0.91,参考,阪神ダ中距離(1700-2000)・良・内枠(1-2)で母父系統「ロイヤルチャージャー系」は基準比リフト0.91
新潟,直線長め・平坦型,ダ,短距離(1000-1300),良,内枠(1-2),母父系統,ネイティヴダンサー系,393,24,63,0.0611,0.1603,53.1,0.0,7.91,0.1762,-0.0159,0.91,参考,新潟ダ短距離(1000-1300)・良・内枠(1-2)で母父系統「ネイティヴダンサー系」は基準比リフト0.91
阪神,坂あり・パワー型,芝,長距離(2500以上),良,中枠(3-6),母父系統,ロイヤルチャージャー系,149,10,34,0.0671,0.2282,41.7,0.0,7.04,0.2511,-0.0229,0.909,参考,阪神芝長距離(2500以上)・良・中枠(3-6)で母父系統「ロイヤルチャージャー系」は基準比リフト0.909
中京,直線長め・持続型,芝,長距離(2500以上),良,内枠(1-2),母父系統,ロイヤルチャージャー系,110,5,25,0.0455,0.2273,47.9,0.0,7.44,0.25,-0.0227,0.909,参考,中京芝長距離(2500以上)・良・内枠(1-2)で母父系統「ロイヤルチャージャー系」は基準比リフト0.909
阪神,坂あり・パワー型,芝,中距離(1700-2000),稍,中枠(3-6),母父系統,ロイヤルチャージャー系,385,23,82,0.0597,0.213,41.0,0.0,7.56,0.2342,-0.0212,0.909,参考,阪神芝中距離(1700-2000)・稍・中枠(3-6)で母父系統「ロイヤルチャージャー系」は基準比リフト0.909
中山,坂あり・パワー型,芝,中距離(1700-2000),良,外枠(7-8),母父系統,ネイティヴダンサー系,679,48,128,0.0707,0.1885,72.7,0.0,8.02,0.2074,-0.0189,0.909,参考,中山芝中距離(1700-2000)・良・外枠(7-8)で母父系統「ネイティヴダンサー系」は基準比リフト0.909
函館,小回り・持続型,ダ,中距離(1700-2000),重不良,中枠(3-6),母父系統,ネイティヴダンサー系,111,8,20,0.0721,0.1802,126.2,0.0,7.45,0.1983,-0.0181,0.909,参考,函館ダ中距離(1700-2000)・重不良・中枠(3-6)で母父系統「ネイティヴダンサー系」は基準比リフト0.909
小倉,小回り・機動型,芝,短距離(1000-1300),良,外枠(7-8),母父系統,ナスルーラ系,561,41,101,0.0731,0.18,95.4,0.0,8.64,0.1981,-0.0181,0.909,参考,小倉芝短距離(1000-1300)・良・外枠(7-8)で母父系統「ナスルーラ系」は基準比リフト0.909
福島,小回り・機動型,ダ,短距離(1000-1300),良,内枠(1-2),母父系統,ナスルーラ系,166,14,29,0.0843,0.1747,84.0,0.0,8.15,0.1921,-0.0174,0.909,参考,福島ダ短距離(1000-1300)・良・内枠(1-2)で母父系統「ナスルーラ系」は基準比リフト0.909
京都,平坦・スピード型,ダ,中距離(1700-2000),不,中枠(3-6),母父系統,ニアークティック系,191,6,40,0.0314,0.2094,27.4,0.0,7.72,0.2306,-0.0212,0.908,参考,京都ダ中距離(1700-2000)・不・中枠(3-6)で母父系統「ニアークティック系」は基準比リフト0.908
中京,直線長め・持続型,ダ,中距離(1700-2000),稍,中枠(3-6),母父系統,ロイヤルチャージャー系,516,34,106,0.0659,0.2054,51.1,0.0,7.59,0.2261,-0.0207,0.908,参考,中京ダ中距離(1700-2000)・稍・中枠(3-6)で母父系統「ロイヤルチャージャー系」は基準比リフト0.908
中京,直線長め・持続型,ダ,中距離(1700-2000),良,中枠(3-6),母父系統,ナスルーラ系,565,43,112,0.0761,0.1982,74.5,0.0,7.7,0.2184,-0.0202,0.908,参考,中京ダ中距離(1700-2000)・良・中枠(3-6)で母父系統「ナスルーラ系」は基準比リフト0.908
阪神,坂あり・パワー型,ダ,中距離(1700-2000),不,外枠(7-8),母父系統,ネイティヴダンサー系,127,10,24,0.0787,0.189,42.1,0.0,7.35,0.2081,-0.0191,0.908,参考,阪神ダ中距離(1700-2000)・不・外枠(7-8)で母父系統「ネイティヴダンサー系」は基準比リフト0.908
中京,直線長め・持続型,ダ,短中距離(1400-1600),良,中枠(3-6),母父系統,ロイヤルチャージャー系,1127,68,202,0.0603,0.1792,49.8,0.0,8.56,0.1973,-0.0181,0.908,参考,中京ダ短中距離(1400-1600)・良・中枠(3-6)で母父系統「ロイヤルチャージャー系」は基準比リフト0.908
東京,直線長め・持続型,ダ,短中距離(1400-1600),重不良,内枠(1-2),母父系統,ロイヤルチャージャー系,410,18,62,0.0439,0.1512,36.4,0.0,8.57,0.1665,-0.0153,0.908,参考,東京ダ短中距離(1400-1600)・重不良・内枠(1-2)で母父系統「ロイヤルチャージャー系」は基準比リフト0.908
阪神,坂あり・パワー型,芝,中距離(1700-2000),良,内枠(1-2),母父系統,ニアークティック系,766,64,174,0.0836,0.2272,61.4,0.0,6.97,0.2505,-0.0233,0.907,参考,阪神芝中距離(1700-2000)・良・内枠(1-2)で母父系統「ニアークティック系」は基準比リフト0.907
東京,直線長め・持続型,芝,中長距離(2100-2400),良,中枠(3-6),母父系統,ナスルーラ系,322,23,66,0.0714,0.205,54.0,0.0,7.2,0.226,-0.021,0.907,参考,東京芝中長距離(2100-2400)・良・中枠(3-6)で母父系統「ナスルーラ系」は基準比リフト0.907
東京,直線長め・持続型,ダ,短中距離(1400-1600),重不良,中枠(3-6),母父系統,ロイヤルチャージャー系,896,53,158,0.0592,0.1763,67.7,0.0,8.07,0.1943,-0.018,0.907,参考,東京ダ短中距離(1400-1600)・重不良・中枠(3-6)で母父系統「ロイヤルチャージャー系」は基準比リフト0.907
阪神,坂あり・パワー型,ダ,短距離(1000-1300),重不良,内枠(1-2),母父系統,ネイティヴダンサー系,131,6,21,0.0458,0.1603,37.6,0.0,8.28,0.1767,-0.0164,0.907,参考,阪神ダ短距離(1000-1300)・重不良・内枠(1-2)で母父系統「ネイティヴダンサー系」は基準比リフト0.907
小倉,小回り・機動型,芝,長距離(2500以上),良,内枠(1-2),母父系統,ナスルーラ系,80,11,21,0.1375,0.2625,293.0,0.0,7.1,0.2897,-0.0272,0.906,参考,小倉芝長距離(2500以上)・良・内枠(1-2)で母父系統「ナスルーラ系」は基準比リフト0.906
京都,平坦・スピード型,芝,短中距離(1400-1600),良,内枠(1-2),母父系統,ネイティヴダンサー系,596,42,118,0.0705,0.198,79.6,0.0,8.06,0.2185,-0.0205,0.906,参考,京都芝短中距離(1400-1600)・良・内枠(1-2)で母父系統「ネイティヴダンサー系」は基準比リフト0.906
札幌,小回り・持続型,芝,短中距離(1400-1600),良,内枠(1-2),母父系統,ネイティヴダンサー系,95,7,24,0.0737,0.2526,23.2,0.0,6.33,0.279,-0.0264,0.905,参考,札幌芝短中距離(1400-1600)・良・内枠(1-2)で母父系統「ネイティヴダンサー系」は基準比リフト0.905
小倉,小回り・機動型,芝,中距離(1700-2000),重不良,中枠(3-6),母父系統,ネイティヴダンサー系,148,8,28,0.0541,0.1892,37.9,0.0,7.87,0.209,-0.0198,0.905,参考,小倉芝中距離(1700-2000)・重不良・中枠(3-6)で母父系統「ネイティヴダンサー系」は基準比リフト0.905
中山,坂あり・パワー型,芝,短距離(1000-1300),良,中枠(3-6),母父系統,ロイヤルチャージャー系,945,60,172,0.0635,0.182,63.4,0.0,8.37,0.2011,-0.0191,0.905,参考,中山芝短距離(1000-1300)・良・中枠(3-6)で母父系統「ロイヤルチャージャー系」は基準比リフト0.905
中京,直線長め・持続型,ダ,短中距離(1400-1600),稍,内枠(1-2),母父系統,ニアークティック系,108,8,19,0.0741,0.1759,34.9,0.0,7.22,0.1944,-0.0185,0.905,参考,中京ダ短中距離(1400-1600)・稍・内枠(1-2)で母父系統「ニアークティック系」は基準比リフト0.905
東京,直線長め・持続型,芝,短中距離(1400-1600),重不良,外枠(7-8),母父系統,ロイヤルチャージャー系,99,7,17,0.0707,0.1717,37.3,0.0,9.33,0.1897,-0.018,0.905,参考,東京芝短中距離(1400-1600)・重不良・外枠(7-8)で母父系統「ロイヤルチャージャー系」は基準比リフト0.905
札幌,小回り・持続型,芝,中距離(1700-2000),稍,外枠(7-8),母父系統,ロイヤルチャージャー系,122,13,29,0.1066,0.2377,47.0,0.0,7.03,0.263,-0.0253,0.904,参考,札幌芝中距離(1700-2000)・稍・外枠(7-8)で母父系統「ロイヤルチャージャー系」は基準比リフト0.904
小倉,小回り・機動型,ダ,短距離(1000-1300),稍,外枠(7-8),母父系統,ネイティヴダンサー系,116,9,24,0.0776,0.2069,64.7,0.0,7.54,0.2289,-0.022,0.904,参考,小倉ダ短距離(1000-1300)・稍・外枠(7-8)で母父系統「ネイティヴダンサー系」は基準比リフト0.904
小倉,小回り・機動型,芝,短距離(1000-1300),重不良,中枠(3-6),母父系統,ナスルーラ系,85,7,15,0.0824,0.1765,64.1,0.0,8.85,0.1952,-0.0187,0.904,参考,小倉芝短距離(1000-1300)・重不良・中枠(3-6)で母父系統「ナスルーラ系」は基準比リフト0.904
東京,直線長め・持続型,芝,中長距離(2100-2400),稍,中枠(3-6),母父系統,ロイヤルチャージャー系,102,10,22,0.098,0.2157,62.2,0.0,8.03,0.2389,-0.0232,0.903,参考,東京芝中長距離(2100-2400)・稍・中枠(3-6)で母父系統「ロイヤルチャージャー系」は基準比リフト0.903
中京,直線長め・持続型,ダ,中距離(1700-2000),稍,内枠(1-2),母父系統,ニアークティック系,168,8,33,0.0476,0.1964,41.0,0.0,7.76,0.2175,-0.0211,0.903,参考,中京ダ中距離(1700-2000)・稍・内枠(1-2)で母父系統「ニアークティック系」は基準比リフト0.903
中山,坂あり・パワー型,ダ,短距離(1000-1300),良,外枠(7-8),母父系統,ネイティヴダンサー系,991,54,182,0.0545,0.1837,65.2,0.0,8.11,0.2034,-0.0197,0.903,参考,中山ダ短距離(1000-1300)・良・外枠(7-8)で母父系統「ネイティヴダンサー系」は基準比リフト0.903
小倉,小回り・機動型,芝,短距離(1000-1300),稍,中枠(3-6),母父系統,ロイヤルチャージャー系,455,28,79,0.0615,0.1736,67.1,0.0,9.24,0.1925,-0.0189,0.902,参考,小倉芝短距離(1000-1300)・稍・中枠(3-6)で母父系統「ロイヤルチャージャー系」は基準比リフト0.902
阪神,坂あり・パワー型,芝,短中距離(1400-1600),重不良,外枠(7-8),母父系統,ロイヤルチャージャー系,98,7,17,0.0714,0.1735,49.8,0.0,8.35,0.1923,-0.0188,0.902,参考,阪神芝短中距離(1400-1600)・重不良・外枠(7-8)で母父系統「ロイヤルチャージャー系」は基準比リフト0.902
京都,平坦・スピード型,ダ,短中距離(1400-1600),重不良,内枠(1-2),母父系統,ニアークティック系,100,5,16,0.05,0.16,25.9,0.0,7.53,0.1773,-0.0173,0.902,参考,京都ダ短中距離(1400-1600)・重不良・内枠(1-2)で母父系統「ニアークティック系」は基準比リフト0.902
阪神,坂あり・パワー型,ダ,短中距離(1400-1600),良,中枠(3-6),母父系統,ナスルーラ系,514,31,94,0.0603,0.1829,55.8,0.0,8.38,0.2031,-0.0202,0.901,参考,阪神ダ短中距離(1400-1600)・良・中枠(3-6)で母父系統「ナスルーラ系」は基準比リフト0.901
新潟,直線長め・平坦型,芝,中長距離(2100-2400),良,中枠(3-6),母父系統,ネイティヴダンサー系,267,20,55,0.0749,0.206,43.3,0.0,7.65,0.229,-0.023,0.9,参考,新潟芝中長距離(2100-2400)・良・中枠(3-6)で母父系統「ネイティヴダンサー系」は基準比リフト0.9
函館,小回り・持続型,芝,短距離(1000-1300),良,外枠(7-8),母父系統,ロイヤルチャージャー系,640,46,121,0.0719,0.1891,43.8,0.0,7.42,0.21,-0.0209,0.9,参考,函館芝短距離(1000-1300)・良・外枠(7-8)で母父系統「ロイヤルチャージャー系」は基準比リフト0.9
東京,直線長め・持続型,芝,中距離(1700-2000),稍,中枠(3-6),母父系統,ニアークティック系,286,19,61,0.0664,0.2133,64.2,0.0,7.85,0.2372,-0.0239,0.899,参考,東京芝中距離(1700-2000)・稍・中枠(3-6)で母父系統「ニアークティック系」は基準比リフト0.899
阪神,坂あり・パワー型,芝,短距離(1000-1300),稍,中枠(3-6),母父系統,ニアークティック系,89,7,21,0.0787,0.236,40.2,0.0,7.67,0.2627,-0.0267,0.898,参考,阪神芝短距離(1000-1300)・稍・中枠(3-6)で母父系統「ニアークティック系」は基準比リフト0.898
福島,小回り・機動型,ダ,中距離(1700-2000),稍,外枠(7-8),母父系統,ニアークティック系,156,14,35,0.0897,0.2244,75.8,0.0,8.17,0.25,-0.0256,0.898,参考,福島ダ中距離(1700-2000)・稍・外枠(7-8)で母父系統「ニアークティック系」は基準比リフト0.898
新潟,直線長め・平坦型,芝,短中距離(1400-1600),良,中枠(3-6),母父系統,ロイヤルチャージャー系,1648,97,288,0.0589,0.1748,53.7,0.0,8.65,0.1947,-0.0199,0.898,参考,新潟芝短中距離(1400-1600)・良・中枠(3-6)で母父系統「ロイヤルチャージャー系」は基準比リフト0.898
阪神,坂あり・パワー型,ダ,短中距離(1400-1600),良,内枠(1-2),母父系統,ロイヤルチャージャー系,733,36,112,0.0491,0.1528,38.9,0.0,8.37,0.1701,-0.0173,0.898,参考,阪神ダ短中距離(1400-1600)・良・内枠(1-2)で母父系統「ロイヤルチャージャー系」は基準比リフト0.898
札幌,小回り・持続型,ダ,中距離(1700-2000),不,中枠(3-6),母父系統,ロイヤルチャージャー系,120,6,28,0.05,0.2333,22.4,0.0,7.37,0.26,-0.0267,0.897,参考,札幌ダ中距離(1700-2000)・不・中枠(3-6)で母父系統「ロイヤルチャージャー系」は基準比リフト0.897
中山,坂あり・パワー型,ダ,中距離(1700-2000),不,中枠(3-6),母父系統,ナスルーラ系,132,6,23,0.0455,0.1742,27.5,0.0,8.02,0.1941,-0.0199,0.897,参考,中山ダ中距離(1700-2000)・不・中枠(3-6)で母父系統「ナスルーラ系」は基準比リフト0.897
小倉,小回り・機動型,ダ,中距離(1700-2000),重不良,外枠(7-8),母父系統,ニアークティック系,203,11,34,0.0542,0.1675,57.7,0.0,7.93,0.1868,-0.0193,0.897,参考,小倉ダ中距離(1700-2000)・重不良・外枠(7-8)で母父系統「ニアークティック系」は基準比リフト0.897
中山,坂あり・パワー型,芝,短距離(1000-1300),良,外枠(7-8),母父系統,ニアークティック系,463,28,80,0.0605,0.1728,91.3,0.0,8.28,0.1929,-0.0201,0.896,参考,中山芝短距離(1000-1300)・良・外枠(7-8)で母父系統「ニアークティック系」は基準比リフト0.896
新潟,直線長め・平坦型,芝,短距離(1000-1300),良,外枠(7-8),母父系統,ロイヤルチャージャー系,804,60,168,0.0746,0.209,97.0,0.0,8.2,0.2335,-0.0245,0.895,参考,新潟芝短距離(1000-1300)・良・外枠(7-8)で母父系統「ロイヤルチャージャー系」は基準比リフト0.895
札幌,小回り・持続型,芝,短距離(1000-1300),良,内枠(1-2),母父系統,ロイヤルチャージャー系,279,17,58,0.0609,0.2079,56.6,0.0,7.2,0.2324,-0.0245,0.895,参考,札幌芝短距離(1000-1300)・良・内枠(1-2)で母父系統「ロイヤルチャージャー系」は基準比リフト0.895
福島,小回り・機動型,ダ,短距離(1000-1300),稍,中枠(3-6),母父系統,ネイティヴダンサー系,166,10,32,0.0602,0.1928,47.5,0.0,8.13,0.2153,-0.0225,0.895,参考,福島ダ短距離(1000-1300)・稍・中枠(3-6)で母父系統「ネイティヴダンサー系」は基準比リフト0.895
阪神,坂あり・パワー型,ダ,短中距離(1400-1600),稍,中枠(3-6),母父系統,ニアークティック系,568,35,100,0.0616,0.1761,46.7,0.0,8.49,0.1968,-0.0207,0.895,参考,阪神ダ短中距離(1400-1600)・稍・中枠(3-6)で母父系統「ニアークティック系」は基準比リフト0.895
中山,坂あり・パワー型,芝,中距離(1700-2000),重不良,外枠(7-8),母父系統,ロイヤルチャージャー系,97,5,18,0.0515,0.1856,99.7,0.0,7.59,0.2076,-0.022,0.894,参考,中山芝中距離(1700-2000)・重不良・外枠(7-8)で母父系統「ロイヤルチャージャー系」は基準比リフト0.894
東京,直線長め・持続型,芝,短中距離(1400-1600),稍,内枠(1-2),母父系統,ロイヤルチャージャー系,244,17,45,0.0697,0.1844,160.6,0.0,8.47,0.2063,-0.0219,0.894,参考,東京芝短中距離(1400-1600)・稍・内枠(1-2)で母父系統「ロイヤルチャージャー系」は基準比リフト0.894
京都,平坦・スピード型,芝,中距離(1700-2000),重不良,中枠(3-6),母父系統,ニアークティック系,144,10,33,0.0694,0.2292,58.5,0.0,6.95,0.2566,-0.0274,0.893,参考,京都芝中距離(1700-2000)・重不良・中枠(3-6)で母父系統「ニアークティック系」は基準比リフト0.893
京都,平坦・スピード型,ダ,中距離(1700-2000),良,内枠(1-2),母父系統,ニアークティック系,929,72,192,0.0775,0.2067,68.9,0.0,7.51,0.2314,-0.0247,0.893,参考,京都ダ中距離(1700-2000)・良・内枠(1-2)で母父系統「ニアークティック系」は基準比リフト0.893
阪神,坂あり・パワー型,ダ,短距離(1000-1300),良,外枠(7-8),母父系統,ロイヤルチャージャー系,724,42,134,0.058,0.1851,104.0,0.0,8.09,0.2072,-0.0221,0.893,参考,阪神ダ短距離(1000-1300)・良・外枠(7-8)で母父系統「ロイヤルチャージャー系」は基準比リフト0.893
阪神,坂あり・パワー型,ダ,中距離(1700-2000),重不良,中枠(3-6),母父系統,ニアークティック系,500,25,100,0.05,0.2,47.9,0.0,7.79,0.2243,-0.0243,0.892,参考,阪神ダ中距離(1700-2000)・重不良・中枠(3-6)で母父系統「ニアークティック系」は基準比リフト0.892
小倉,小回り・機動型,ダ,中距離(1700-2000),良,内枠(1-2),母父系統,ナスルーラ系,217,15,41,0.0691,0.1889,94.2,0.0,8.13,0.2118,-0.0229,0.892,参考,小倉ダ中距離(1700-2000)・良・内枠(1-2)で母父系統「ナスルーラ系」は基準比リフト0.892
京都,平坦・スピード型,ダ,短中距離(1400-1600),重不良,外枠(7-8),母父系統,ロイヤルチャージャー系,145,12,27,0.0828,0.1862,51.7,0.0,7.61,0.2088,-0.0226,0.892,参考,京都ダ短中距離(1400-1600)・重不良・外枠(7-8)で母父系統「ロイヤルチャージャー系」は基準比リフト0.892
阪神,坂あり・パワー型,芝,短中距離(1400-1600),稍,外枠(7-8),母父系統,ネイティヴダンサー系,180,9,32,0.05,0.1778,21.1,0.0,7.95,0.1993,-0.0215,0.892,参考,阪神芝短中距離(1400-1600)・稍・外枠(7-8)で母父系統「ネイティヴダンサー系」は基準比リフト0.892
小倉,小回り・機動型,芝,中距離(1700-2000),稍,内枠(1-2),母父系統,ネイティヴダンサー系,99,7,21,0.0707,0.2121,79.8,0.0,7.57,0.2384,-0.0263,0.89,参考,小倉芝中距離(1700-2000)・稍・内枠(1-2)で母父系統「ネイティヴダンサー系」は基準比リフト0.89
京都,平坦・スピード型,ダ,短距離(1000-1300),良,内枠(1-2),母父系統,ニアークティック系,563,31,106,0.0551,0.1883,36.5,0.0,7.77,0.2115,-0.0232,0.89,参考,京都ダ短距離(1000-1300)・良・内枠(1-2)で母父系統「ニアークティック系」は基準比リフト0.89
新潟,直線長め・平坦型,ダ,短距離(1000-1300),不,外枠(7-8),母父系統,ロイヤルチャージャー系,85,6,16,0.0706,0.1882,34.8,0.0,7.54,0.2115,-0.0233,0.89,参考,新潟ダ短距離(1000-1300)・不・外枠(7-8)で母父系統「ロイヤルチャージャー系」は基準比リフト0.89
函館,小回り・持続型,ダ,中距離(1700-2000),重不良,外枠(7-8),母父系統,ロイヤルチャージャー系,100,6,25,0.06,0.25,70.4,0.0,6.72,0.2811,-0.0311,0.889,参考,函館ダ中距離(1700-2000)・重不良・外枠(7-8)で母父系統「ロイヤルチャージャー系」は基準比リフト0.889
新潟,直線長め・平坦型,ダ,中距離(1700-2000),稍,外枠(7-8),母父系統,ロイヤルチャージャー系,336,19,67,0.0565,0.1994,58.4,0.0,7.67,0.2244,-0.025,0.889,参考,新潟ダ中距離(1700-2000)・稍・外枠(7-8)で母父系統「ロイヤルチャージャー系」は基準比リフト0.889
中山,坂あり・パワー型,芝,短中距離(1400-1600),稍,内枠(1-2),母父系統,ニアークティック系,103,10,18,0.0971,0.1748,67.1,0.0,7.48,0.1967,-0.0219,0.889,参考,中山芝短中距離(1400-1600)・稍・内枠(1-2)で母父系統「ニアークティック系」は基準比リフト0.889
中山,坂あり・パワー型,芝,短中距離(1400-1600),良,外枠(7-8),母父系統,ナスルーラ系,358,24,60,0.067,0.1676,66.3,0.0,8.59,0.1887,-0.0211,0.888,参考,中山芝短中距離(1400-1600)・良・外枠(7-8)で母父系統「ナスルーラ系」は基準比リフト0.888
東京,直線長め・持続型,芝,中長距離(2100-2400),稍,中枠(3-6),母父系統,ニアークティック系,85,10,18,0.1176,0.2118,92.8,0.0,7.88,0.2389,-0.0271,0.887,参考,東京芝中長距離(2100-2400)・稍・中枠(3-6)で母父系統「ニアークティック系」は基準比リフト0.887
中京,直線長め・持続型,ダ,短距離(1000-1300),稍,内枠(1-2),母父系統,ニアークティック系,88,3,15,0.0341,0.1705,19.7,0.0,8.47,0.1922,-0.0217,0.887,参考,中京ダ短距離(1000-1300)・稍・内枠(1-2)で母父系統「ニアークティック系」は基準比リフト0.887
新潟,直線長め・平坦型,ダ,中距離(1700-2000),不,外枠(7-8),母父系統,ロイヤルチャージャー系,119,3,22,0.0252,0.1849,9.3,0.0,7.36,0.2088,-0.0239,0.886,参考,新潟ダ中距離(1700-2000)・不・外枠(7-8)で母父系統「ロイヤルチャージャー系」は基準比リフト0.886
阪神,坂あり・パワー型,芝,短中距離(1400-1600),良,外枠(7-8),母父系統,ロイヤルチャージャー系,1580,81,267,0.0513,0.169,48.1,0.0,8.53,0.1907,-0.0217,0.886,参考,阪神芝短中距離(1400-1600)・良・外枠(7-8)で母父系統「ロイヤルチャージャー系」は基準比リフト0.886
中京,直線長め・持続型,芝,短中距離(1400-1600),重不良,外枠(7-8),母父系統,ロイヤルチャージャー系,95,5,19,0.0526,0.2,147.1,0.0,8.66,0.2261,-0.0261,0.885,参考,中京芝短中距離(1400-1600)・重不良・外枠(7-8)で母父系統「ロイヤルチャージャー系」は基準比リフト0.885
中山,坂あり・パワー型,芝,中距離(1700-2000),稍,中枠(3-6),母父系統,ネイティヴダンサー系,254,16,50,0.063,0.1969,76.5,0.0,8.3,0.2225,-0.0256,0.885,参考,中山芝中距離(1700-2000)・稍・中枠(3-6)で母父系統「ネイティヴダンサー系」は基準比リフト0.885
東京,直線長め・持続型,芝,短中距離(1400-1600),良,外枠(7-8),母父系統,ナスルーラ系,915,58,161,0.0634,0.176,54.9,0.0,8.72,0.1988,-0.0228,0.885,参考,東京芝短中距離(1400-1600)・良・外枠(7-8)で母父系統「ナスルーラ系」は基準比リフト0.885
阪神,坂あり・パワー型,ダ,短中距離(1400-1600),不,外枠(7-8),母父系統,ロイヤルチャージャー系,130,6,20,0.0462,0.1538,18.0,0.0,8.42,0.1738,-0.02,0.885,参考,阪神ダ短中距離(1400-1600)・不・外枠(7-8)で母父系統「ロイヤルチャージャー系」は基準比リフト0.885
小倉,小回り・機動型,芝,中距離(1700-2000),重不良,内枠(1-2),母父系統,ロイヤルチャージャー系,124,9,28,0.0726,0.2258,233.2,0.0,7.82,0.2555,-0.0297,0.884,参考,小倉芝中距離(1700-2000)・重不良・内枠(1-2)で母父系統「ロイヤルチャージャー系」は基準比リフト0.884
福島,小回り・機動型,芝,短距離(1000-1300),稍,外枠(7-8),母父系統,ニアークティック系,118,5,22,0.0424,0.1864,63.1,0.0,8.2,0.2109,-0.0245,0.884,参考,福島芝短距離(1000-1300)・稍・外枠(7-8)で母父系統「ニアークティック系」は基準比リフト0.884
中山,坂あり・パワー型,芝,中距離(1700-2000),良,外枠(7-8),母父系統,ナスルーラ系,491,32,90,0.0652,0.1833,129.6,0.0,8.09,0.2074,-0.0241,0.884,参考,中山芝中距離(1700-2000)・良・外枠(7-8)で母父系統「ナスルーラ系」は基準比リフト0.884
中京,直線長め・持続型,芝,中距離(1700-2000),良,外枠(7-8),母父系統,ロイヤルチャージャー系,639,32,111,0.0501,0.1737,60.0,0.0,8.25,0.1964,-0.0227,0.884,参考,中京芝中距離(1700-2000)・良・外枠(7-8)で母父系統「ロイヤルチャージャー系」は基準比リフト0.884
中京,直線長め・持続型,ダ,短距離(1000-1300),重不良,中枠(3-6),母父系統,ニアークティック系,122,7,19,0.0574,0.1557,43.1,0.0,8.62,0.1762,-0.0205,0.884,参考,中京ダ短距離(1000-1300)・重不良・中枠(3-6)で母父系統「ニアークティック系」は基準比リフト0.884
中山,坂あり・パワー型,ダ,長距離(2500以上),良,外枠(7-8),母父系統,ニアークティック系,188,8,37,0.0426,0.1968,120.1,0.0,7.12,0.223,-0.0262,0.883,参考,中山ダ長距離(2500以上)・良・外枠(7-8)で母父系統「ニアークティック系」は基準比リフト0.883
札幌,小回り・持続型,芝,短距離(1000-1300),稍,中枠(3-6),母父系統,ロイヤルチャージャー系,126,7,24,0.0556,0.1905,29.6,0.0,8.08,0.2158,-0.0253,0.883,参考,札幌芝短距離(1000-1300)・稍・中枠(3-6)で母父系統「ロイヤルチャージャー系」は基準比リフト0.883
新潟,直線長め・平坦型,芝,中長距離(2100-2400),良,外枠(7-8),母父系統,ニアークティック系,238,15,40,0.063,0.1681,99.1,0.0,8.26,0.1903,-0.0222,0.883,参考,新潟芝中長距離(2100-2400)・良・外枠(7-8)で母父系統「ニアークティック系」は基準比リフト0.883
新潟,直線長め・平坦型,芝,短距離(1000-1300),稍,中枠(3-6),母父系統,ニアークティック系,185,9,27,0.0486,0.1459,59.1,0.0,8.94,0.1652,-0.0193,0.883,参考,新潟芝短距離(1000-1300)・稍・中枠(3-6)で母父系統「ニアークティック系」は基準比リフト0.883
阪神,坂あり・パワー型,ダ,中距離(1700-2000),重不良,中枠(3-6),母父系統,ナスルーラ系,187,13,37,0.0695,0.1979,98.1,0.0,7.78,0.2243,-0.0264,0.882,参考,阪神ダ中距離(1700-2000)・重不良・中枠(3-6)で母父系統「ナスルーラ系」は基準比リフト0.882
札幌,小回り・持続型,芝,短中距離(1400-1600),良,内枠(1-2),母父系統,ニアークティック系,122,14,30,0.1148,0.2459,61.6,0.0,6.17,0.279,-0.0331,0.881,参考,札幌芝短中距離(1400-1600)・良・内枠(1-2)で母父系統「ニアークティック系」は基準比リフト0.881
福島,小回り・機動型,ダ,中距離(1700-2000),重不良,内枠(1-2),母父系統,ロイヤルチャージャー系,87,7,18,0.0805,0.2069,52.9,0.0,7.72,0.2348,-0.0279,0.881,参考,福島ダ中距離(1700-2000)・重不良・内枠(1-2)で母父系統「ロイヤルチャージャー系」は基準比リフト0.881
京都,平坦・スピード型,ダ,短距離(1000-1300),重不良,中枠(3-6),母父系統,ナスルーラ系,98,3,18,0.0306,0.1837,23.6,0.0,8.5,0.2085,-0.0248,0.881,参考,京都ダ短距離(1000-1300)・重不良・中枠(3-6)で母父系統「ナスルーラ系」は基準比リフト0.881
京都,平坦・スピード型,芝,短中距離(1400-1600),良,外枠(7-8),母父系統,ネイティヴダンサー系,868,41,148,0.0472,0.1705,40.4,0.0,8.1,0.1935,-0.023,0.881,参考,京都芝短中距離(1400-1600)・良・外枠(7-8)で母父系統「ネイティヴダンサー系」は基準比リフト0.881
函館,小回り・持続型,ダ,中距離(1700-2000),良,外枠(7-8),母父系統,ロイヤルチャージャー系,549,36,116,0.0656,0.2113,43.8,0.0,6.59,0.2402,-0.0289,0.88,参考,函館ダ中距離(1700-2000)・良・外枠(7-8)で母父系統「ロイヤルチャージャー系」は基準比リフト0.88
新潟,直線長め・平坦型,芝,長距離(2500以上),良,内枠(1-2),母父系統,ロイヤルチャージャー系,148,8,29,0.0541,0.1959,50.7,0.0,7.02,0.2225,-0.0266,0.88,参考,新潟芝長距離(2500以上)・良・内枠(1-2)で母父系統「ロイヤルチャージャー系」は基準比リフト0.88
京都,平坦・スピード型,芝,短中距離(1400-1600),重不良,中枠(3-6),母父系統,ニアークティック系,131,10,24,0.0763,0.1832,56.9,0.0,7.47,0.2082,-0.025,0.88,参考,京都芝短中距離(1400-1600)・重不良・中枠(3-6)で母父系統「ニアークティック系」は基準比リフト0.88
阪神,坂あり・パワー型,ダ,長距離(2500以上),良,外枠(7-8),母父系統,ナスルーラ系,82,8,19,0.0976,0.2317,54.5,0.0,7.02,0.2639,-0.0322,0.878,参考,阪神ダ長距離(2500以上)・良・外枠(7-8)で母父系統「ナスルーラ系」は基準比リフト0.878
阪神,坂あり・パワー型,芝,中距離(1700-2000),稍,内枠(1-2),母父系統,ニアークティック系,142,6,32,0.0423,0.2254,57.8,0.0,7.63,0.2567,-0.0313,0.878,参考,阪神芝中距離(1700-2000)・稍・内枠(1-2)で母父系統「ニアークティック系」は基準比リフト0.878
京都,平坦・スピード型,芝,短中距離(1400-1600),良,外枠(7-8),母父系統,ナスルーラ系,589,34,100,0.0577,0.1698,74.7,0.0,8.82,0.1935,-0.0237,0.878,参考,京都芝短中距離(1400-1600)・良・外枠(7-8)で母父系統「ナスルーラ系」は基準比リフト0.878
中山,坂あり・パワー型,ダ,短距離(1000-1300),重不良,中枠(3-6),母父系統,ナスルーラ系,190,10,32,0.0526,0.1684,27.1,0.0,8.39,0.1917,-0.0233,0.878,参考,中山ダ短距離(1000-1300)・重不良・中枠(3-6)で母父系統「ナスルーラ系」は基準比リフト0.878
小倉,小回り・機動型,ダ,中距離(1700-2000),稍,外枠(7-8),母父系統,ロイヤルチャージャー系,331,18,55,0.0544,0.1662,49.4,0.0,7.99,0.1892,-0.023,0.878,参考,小倉ダ中距離(1700-2000)・稍・外枠(7-8)で母父系統「ロイヤルチャージャー系」は基準比リフト0.878
阪神,坂あり・パワー型,ダ,短中距離(1400-1600),稍,内枠(1-2),母父系統,ナスルーラ系,105,9,17,0.0857,0.1619,87.3,0.0,8.62,0.1843,-0.0224,0.878,参考,阪神ダ短中距離(1400-1600)・稍・内枠(1-2)で母父系統「ナスルーラ系」は基準比リフト0.878
京都,平坦・スピード型,芝,中長距離(2100-2400),良,内枠(1-2),母父系統,ネイティヴダンサー系,145,14,37,0.0966,0.2552,55.7,0.0,6.67,0.2911,-0.0359,0.877,参考,京都芝中長距離(2100-2400)・良・内枠(1-2)で母父系統「ネイティヴダンサー系」は基準比リフト0.877
中京,直線長め・持続型,ダ,短距離(1000-1300),良,外枠(7-8),母父系統,ニアークティック系,327,15,57,0.0459,0.1743,36.8,0.0,8.34,0.1988,-0.0245,0.877,参考,中京ダ短距離(1000-1300)・良・外枠(7-8)で母父系統「ニアークティック系」は基準比リフト0.877
阪神,坂あり・パワー型,ダ,中距離(1700-2000),重不良,外枠(7-8),母父系統,ロイヤルチャージャー系,326,21,60,0.0644,0.184,51.8,0.0,7.4,0.2101,-0.0261,0.876,参考,阪神ダ中距離(1700-2000)・重不良・外枠(7-8)で母父系統「ロイヤルチャージャー系」は基準比リフト0.876
京都,平坦・スピード型,ダ,短中距離(1400-1600),稍,中枠(3-6),母父系統,ナスルーラ系,144,6,26,0.0417,0.1806,28.3,0.0,8.85,0.2062,-0.0256,0.876,参考,京都ダ短中距離(1400-1600)・稍・中枠(3-6)で母父系統「ナスルーラ系」は基準比リフト0.876
京都,平坦・スピード型,ダ,長距離(2500以上),良,中枠(3-6),母父系統,ナスルーラ系,148,11,30,0.0743,0.2027,42.8,0.0,7.55,0.2316,-0.0289,0.875,参考,京都ダ長距離(2500以上)・良・中枠(3-6)で母父系統「ナスルーラ系」は基準比リフト0.875
中京,直線長め・持続型,芝,短中距離(1400-1600),稍,中枠(3-6),母父系統,ネイティヴダンサー系,157,9,29,0.0573,0.1847,68.4,0.0,8.08,0.211,-0.0263,0.875,参考,中京芝短中距離(1400-1600)・稍・中枠(3-6)で母父系統「ネイティヴダンサー系」は基準比リフト0.875
阪神,坂あり・パワー型,芝,短中距離(1400-1600),稍,内枠(1-2),母父系統,ネイティヴダンサー系,130,9,25,0.0692,0.1923,124.2,0.0,8.22,0.2203,-0.028,0.873,参考,阪神芝短中距離(1400-1600)・稍・内枠(1-2)で母父系統「ネイティヴダンサー系」は基準比リフト0.873
東京,直線長め・持続型,芝,短中距離(1400-1600),良,中枠(3-6),母父系統,その他のエクリプス系,226,14,40,0.0619,0.177,103.7,0.0,8.36,0.2028,-0.0258,0.873,参考,東京芝短中距離(1400-1600)・良・中枠(3-6)で母父系統「その他のエクリプス系」は基準比リフト0.873
福島,小回り・機動型,芝,長距離(2500以上),良,外枠(7-8),母父系統,ロイヤルチャージャー系,432,21,76,0.0486,0.1759,38.5,0.0,7.38,0.2014,-0.0255,0.873,参考,福島芝長距離(2500以上)・良・外枠(7-8)で母父系統「ロイヤルチャージャー系」は基準比リフト0.873
小倉,小回り・機動型,芝,短距離(1000-1300),稍,外枠(7-8),母父系統,ナスルーラ系,106,7,17,0.066,0.1604,68.3,0.0,9.21,0.1838,-0.0234,0.873,参考,小倉芝短距離(1000-1300)・稍・外枠(7-8)で母父系統「ナスルーラ系」は基準比リフト0.873
阪神,坂あり・パワー型,芝,中長距離(2100-2400),良,外枠(7-8),母父系統,ニアークティック系,333,22,64,0.0661,0.1922,84.1,0.0,7.38,0.2204,-0.0282,0.872,参考,阪神芝中長距離(2100-2400)・良・外枠(7-8)で母父系統「ニアークティック系」は基準比リフト0.872
京都,平坦・スピード型,ダ,短距離(1000-1300),重不良,中枠(3-6),母父系統,ネイティヴダンサー系,176,16,32,0.0909,0.1818,141.9,0.0,7.98,0.2085,-0.0267,0.872,参考,京都ダ短距離(1000-1300)・重不良・中枠(3-6)で母父系統「ネイティヴダンサー系」は基準比リフト0.872
福島,小回り・機動型,芝,中距離(1700-2000),良,内枠(1-2),母父系統,ネイティヴダンサー系,405,25,73,0.0617,0.1802,47.3,0.0,8.4,0.2066,-0.0264,0.872,参考,福島芝中距離(1700-2000)・良・内枠(1-2)で母父系統「ネイティヴダンサー系」は基準比リフト0.872
中京,直線長め・持続型,ダ,中距離(1700-2000),重不良,中枠(3-6),母父系統,ネイティヴダンサー系,236,16,40,0.0678,0.1695,59.2,0.0,8.04,0.1943,-0.0248,0.872,参考,中京ダ中距離(1700-2000)・重不良・中枠(3-6)で母父系統「ネイティヴダンサー系」は基準比リフト0.872
京都,平坦・スピード型,ダ,短距離(1000-1300),稍,外枠(7-8),母父系統,ニアークティック系,167,13,33,0.0778,0.1976,65.1,0.0,8.04,0.2268,-0.0292,0.871,参考,京都ダ短距離(1000-1300)・稍・外枠(7-8)で母父系統「ニアークティック系」は基準比リフト0.871
函館,小回り・持続型,芝,中距離(1700-2000),稍,中枠(3-6),母父系統,ネイティヴダンサー系,103,11,24,0.1068,0.233,103.1,0.0,7.26,0.2678,-0.0348,0.87,参考,函館芝中距離(1700-2000)・稍・中枠(3-6)で母父系統「ネイティヴダンサー系」は基準比リフト0.87
中山,坂あり・パワー型,芝,長距離(2500以上),稍,中枠(3-6),母父系統,ロイヤルチャージャー系,82,5,19,0.061,0.2317,72.2,0.0,6.07,0.2664,-0.0347,0.87,参考,中山芝長距離(2500以上)・稍・中枠(3-6)で母父系統「ロイヤルチャージャー系」は基準比リフト0.87
函館,小回り・持続型,ダ,短距離(1000-1300),良,中枠(3-6),母父系統,ロイヤルチャージャー系,392,32,88,0.0816,0.2245,59.4,0.0,6.4,0.2579,-0.0334,0.87,参考,函館ダ短距離(1000-1300)・良・中枠(3-6)で母父系統「ロイヤルチャージャー系」は基準比リフト0.87
小倉,小回り・機動型,ダ,中距離(1700-2000),重不良,内枠(1-2),母父系統,ニアークティック系,175,8,33,0.0457,0.1886,48.0,0.0,8.21,0.2168,-0.0282,0.87,参考,小倉ダ中距離(1700-2000)・重不良・内枠(1-2)で母父系統「ニアークティック系」は基準比リフト0.87
新潟,直線長め・平坦型,ダ,短距離(1000-1300),重不良,中枠(3-6),母父系統,ネイティヴダンサー系,199,7,34,0.0352,0.1709,22.8,0.0,8.12,0.1964,-0.0255,0.87,参考,新潟ダ短距離(1000-1300)・重不良・中枠(3-6)で母父系統「ネイティヴダンサー系」は基準比リフト0.87
新潟,直線長め・平坦型,芝,中距離(1700-2000),良,中枠(3-6),母父系統,その他のエクリプス系,106,9,20,0.0849,0.1887,84.2,0.0,8.32,0.2171,-0.0284,0.869,参考,新潟芝中距離(1700-2000)・良・中枠(3-6)で母父系統「その他のエクリプス系」は基準比リフト0.869
東京,直線長め・持続型,ダ,短中距離(1400-1600),稍,内枠(1-2),母父系統,ニアークティック系,506,28,77,0.0553,0.1522,61.4,0.0,8.18,0.1751,-0.0229,0.869,参考,東京ダ短中距離(1400-1600)・稍・内枠(1-2)で母父系統「ニアークティック系」は基準比リフト0.869
東京,直線長め・持続型,ダ,中長距離(2100-2400),良,外枠(7-8),母父系統,ロイヤルチャージャー系,467,24,80,0.0514,0.1713,43.4,0.0,8.32,0.1973,-0.026,0.868,参考,東京ダ中長距離(2100-2400)・良・外枠(7-8)で母父系統「ロイヤルチャージャー系」は基準比リフト0.868
中京,直線長め・持続型,ダ,短距離(1000-1300),重不良,中枠(3-6),母父系統,ロイヤルチャージャー系,183,8,28,0.0437,0.153,33.9,0.0,8.62,0.1762,-0.0232,0.868,参考,中京ダ短距離(1000-1300)・重不良・中枠(3-6)で母父系統「ロイヤルチャージャー系」は基準比リフト0.868
中京,直線長め・持続型,ダ,短距離(1000-1300),重不良,外枠(7-8),母父系統,ロイヤルチャージャー系,96,8,14,0.0833,0.1458,81.1,0.0,8.85,0.168,-0.0222,0.868,参考,中京ダ短距離(1000-1300)・重不良・外枠(7-8)で母父系統「ロイヤルチャージャー系」は基準比リフト0.868
小倉,小回り・機動型,芝,短距離(1000-1300),良,中枠(3-6),母父系統,ネイティヴダンサー系,1272,72,215,0.0566,0.169,63.2,0.0,8.47,0.1949,-0.0259,0.867,参考,小倉芝短距離(1000-1300)・良・中枠(3-6)で母父系統「ネイティヴダンサー系」は基準比リフト0.867
阪神,坂あり・パワー型,芝,短距離(1000-1300),良,内枠(1-2),母父系統,ニアークティック系,242,13,52,0.0537,0.2149,32.6,0.0,7.16,0.2482,-0.0333,0.866,参考,阪神芝短距離(1000-1300)・良・内枠(1-2)で母父系統「ニアークティック系」は基準比リフト0.866
阪神,坂あり・パワー型,ダ,短中距離(1400-1600),不,中枠(3-6),母父系統,ロイヤルチャージャー系,202,14,39,0.0693,0.1931,52.6,0.0,8.41,0.2231,-0.03,0.866,参考,阪神ダ短中距離(1400-1600)・不・中枠(3-6)で母父系統「ロイヤルチャージャー系」は基準比リフト0.866
東京,直線長め・持続型,ダ,短中距離(1400-1600),不,中枠(3-6),母父系統,ニアークティック系,424,30,78,0.0708,0.184,76.6,0.0,7.96,0.2126,-0.0286,0.865,参考,東京ダ短中距離(1400-1600)・不・中枠(3-6)で母父系統「ニアークティック系」は基準比リフト0.865
新潟,直線長め・平坦型,芝,短中距離(1400-1600),稍,外枠(7-8),母父系統,ニアークティック系,133,8,24,0.0602,0.1805,74.4,0.0,8.33,0.2086,-0.0281,0.865,参考,新潟芝短中距離(1400-1600)・稍・外枠(7-8)で母父系統「ニアークティック系」は基準比リフト0.865
京都,平坦・スピード型,ダ,短中距離(1400-1600),良,中枠(3-6),母父系統,ロイヤルチャージャー系,1383,79,239,0.0571,0.1728,61.2,0.0,8.33,0.2,-0.0272,0.864,参考,京都ダ短中距離(1400-1600)・良・中枠(3-6)で母父系統「ロイヤルチャージャー系」は基準比リフト0.864
中山,坂あり・パワー型,ダ,中距離(1700-2000),良,中枠(3-6),母父系統,ナスルーラ系,948,65,163,0.0686,0.1719,89.5,0.0,8.22,0.199,-0.0271,0.864,参考,中山ダ中距離(1700-2000)・良・中枠(3-6)で母父系統「ナスルーラ系」は基準比リフト0.864
阪神,坂あり・パワー型,ダ,中距離(1700-2000),稍,内枠(1-2),母父系統,ロイヤルチャージャー系,417,28,82,0.0671,0.1966,56.3,0.0,7.51,0.2278,-0.0312,0.863,参考,阪神ダ中距離(1700-2000)・稍・内枠(1-2)で母父系統「ロイヤルチャージャー系」は基準比リフト0.863
中京,直線長め・持続型,芝,中距離(1700-2000),稍,中枠(3-6),母父系統,ニアークティック系,130,8,25,0.0615,0.1923,32.5,0.0,8.07,0.2227,-0.0304,0.863,参考,中京芝中距離(1700-2000)・稍・中枠(3-6)で母父系統「ニアークティック系」は基準比リフト0.863
函館,小回り・持続型,ダ,中距離(1700-2000),良,内枠(1-2),母父系統,ネイティヴダンサー系,172,16,40,0.093,0.2326,122.7,0.0,6.97,0.2701,-0.0375,0.861,参考,函館ダ中距離(1700-2000)・良・内枠(1-2)で母父系統「ネイティヴダンサー系」は基準比リフト0.861
福島,小回り・機動型,芝,中距離(1700-2000),稍,中枠(3-6),母父系統,ロイヤルチャージャー系,266,16,42,0.0602,0.1579,63.0,0.0,8.11,0.1834,-0.0255,0.861,参考,福島芝中距離(1700-2000)・稍・中枠(3-6)で母父系統「ロイヤルチャージャー系」は基準比リフト0.861
京都,平坦・スピード型,芝,中長距離(2100-2400),良,外枠(7-8),母父系統,ナスルーラ系,176,10,34,0.0568,0.1932,59.8,0.0,7.26,0.225,-0.0318,0.859,参考,京都芝中長距離(2100-2400)・良・外枠(7-8)で母父系統「ナスルーラ系」は基準比リフト0.859
京都,平坦・スピード型,芝,中距離(1700-2000),良,外枠(7-8),母父系統,ナスルーラ系,443,30,86,0.0677,0.1941,38.8,0.0,7.44,0.2263,-0.0322,0.858,参考,京都芝中距離(1700-2000)・良・外枠(7-8)で母父系統「ナスルーラ系」は基準比リフト0.858
京都,平坦・スピード型,芝,短中距離(1400-1600),稍,外枠(7-8),母父系統,ナスルーラ系,89,7,17,0.0787,0.191,63.0,0.0,8.93,0.2226,-0.0316,0.858,参考,京都芝短中距離(1400-1600)・稍・外枠(7-8)で母父系統「ナスルーラ系」は基準比リフト0.858
京都,平坦・スピード型,ダ,中距離(1700-2000),重不良,外枠(7-8),母父系統,ニアークティック系,208,9,42,0.0433,0.2019,45.1,0.0,7.72,0.2355,-0.0336,0.857,参考,京都ダ中距離(1700-2000)・重不良・外枠(7-8)で母父系統「ニアークティック系」は基準比リフト0.857
札幌,小回り・持続型,芝,中距離(1700-2000),良,外枠(7-8),母父系統,ネイティヴダンサー系,303,17,54,0.0561,0.1782,33.8,0.0,7.49,0.2079,-0.0297,0.857,参考,札幌芝中距離(1700-2000)・良・外枠(7-8)で母父系統「ネイティヴダンサー系」は基準比リフト0.857
中山,坂あり・パワー型,ダ,短距離(1000-1300),重不良,内枠(1-2),母父系統,ネイティヴダンサー系,173,7,21,0.0405,0.1214,43.1,0.0,8.37,0.1416,-0.0202,0.857,参考,中山ダ短距離(1000-1300)・重不良・内枠(1-2)で母父系統「ネイティヴダンサー系」は基準比リフト0.857
東京,直線長め・持続型,芝,短中距離(1400-1600),良,中枠(3-6),母父系統,トゥルビヨン系,121,7,21,0.0579,0.1736,39.0,0.0,8.44,0.2028,-0.0292,0.856,参考,東京芝短中距離(1400-1600)・良・中枠(3-6)で母父系統「トゥルビヨン系」は基準比リフト0.856
中山,坂あり・パワー型,芝,長距離(2500以上),良,中枠(3-6),母父系統,ナスルーラ系,154,9,32,0.0584,0.2078,40.8,0.0,7.45,0.2429,-0.0351,0.855,参考,中山芝長距離(2500以上)・良・中枠(3-6)で母父系統「ナスルーラ系」は基準比リフト0.855
中山,坂あり・パワー型,ダ,中距離(1700-2000),不,内枠(1-2),母父系統,ニアークティック系,140,9,24,0.0643,0.1714,30.6,0.0,7.49,0.2004,-0.029,0.855,参考,中山ダ中距離(1700-2000)・不・内枠(1-2)で母父系統「ニアークティック系」は基準比リフト0.855
福島,小回り・機動型,芝,短距離(1000-1300),稍,内枠(1-2),母父系統,ロイヤルチャージャー系,114,3,19,0.0263,0.1667,18.9,0.0,8.21,0.1951,-0.0284,0.854,参考,福島芝短距離(1000-1300)・稍・内枠(1-2)で母父系統「ロイヤルチャージャー系」は基準比リフト0.854
小倉,小回り・機動型,芝,長距離(2500以上),良,外枠(7-8),母父系統,ロイヤルチャージャー系,274,15,55,0.0547,0.2007,29.1,0.0,6.85,0.2352,-0.0345,0.853,参考,小倉芝長距離(2500以上)・良・外枠(7-8)で母父系統「ロイヤルチャージャー系」は基準比リフト0.853
中山,坂あり・パワー型,芝,短中距離(1400-1600),稍,外枠(7-8),母父系統,ロイヤルチャージャー系,166,9,31,0.0542,0.1867,31.3,0.0,8.3,0.2188,-0.0321,0.853,参考,中山芝短中距離(1400-1600)・稍・外枠(7-8)で母父系統「ロイヤルチャージャー系」は基準比リフト0.853
中山,坂あり・パワー型,芝,中長距離(2100-2400),良,中枠(3-6),母父系統,ニアークティック系,376,24,67,0.0638,0.1782,40.9,0.0,7.81,0.2088,-0.0306,0.853,参考,中山芝中長距離(2100-2400)・良・中枠(3-6)で母父系統「ニアークティック系」は基準比リフト0.853
中山,坂あり・パワー型,ダ,中距離(1700-2000),良,内枠(1-2),母父系統,ナスルーラ系,425,23,67,0.0541,0.1576,118.4,0.0,8.65,0.1848,-0.0272,0.853,参考,中山ダ中距離(1700-2000)・良・内枠(1-2)で母父系統「ナスルーラ系」は基準比リフト0.853
東京,直線長め・持続型,ダ,短中距離(1400-1600),良,中枠(3-6),母父系統,セントサイモン系,94,4,16,0.0426,0.1702,18.3,0.0,9.44,0.1997,-0.0295,0.852,参考,東京ダ短中距離(1400-1600)・良・中枠(3-6)で母父系統「セントサイモン系」は基準比リフト0.852
京都,平坦・スピード型,芝,短距離(1000-1300),良,内枠(1-2),母父系統,ネイティヴダンサー系,182,15,36,0.0824,0.1978,209.7,0.0,7.81,0.2324,-0.0346,0.851,参考,京都芝短距離(1000-1300)・良・内枠(1-2)で母父系統「ネイティヴダンサー系」は基準比リフト0.851
小倉,小回り・機動型,ダ,短距離(1000-1300),稍,中枠(3-6),母父系統,ネイティヴダンサー系,211,12,37,0.0569,0.1754,31.4,0.0,7.3,0.2062,-0.0308,0.851,参考,小倉ダ短距離(1000-1300)・稍・中枠(3-6)で母父系統「ネイティヴダンサー系」は基準比リフト0.851
中京,直線長め・持続型,芝,短中距離(1400-1600),重不良,中枠(3-6),母父系統,ロイヤルチャージャー系,157,9,26,0.0573,0.1656,47.0,0.0,8.59,0.1946,-0.029,0.851,参考,中京芝短中距離(1400-1600)・重不良・中枠(3-6)で母父系統「ロイヤルチャージャー系」は基準比リフト0.851
札幌,小回り・持続型,芝,長距離(2500以上),良,外枠(7-8),母父系統,ロイヤルチャージャー系,131,11,27,0.084,0.2061,43.1,0.0,7.11,0.2426,-0.0365,0.85,参考,札幌芝長距離(2500以上)・良・外枠(7-8)で母父系統「ロイヤルチャージャー系」は基準比リフト0.85
小倉,小回り・機動型,芝,短距離(1000-1300),稍,内枠(1-2),母父系統,ネイティヴダンサー系,110,3,16,0.0273,0.1455,17.5,0.0,9.44,0.1711,-0.0256,0.85,参考,小倉芝短距離(1000-1300)・稍・内枠(1-2)で母父系統「ネイティヴダンサー系」は基準比リフト0.85
札幌,小回り・持続型,ダ,短距離(1000-1300),良,中枠(3-6),母父系統,ナスルーラ系,129,6,28,0.0465,0.2171,19.8,0.0,5.97,0.2558,-0.0387,0.849,参考,札幌ダ短距離(1000-1300)・良・中枠(3-6)で母父系統「ナスルーラ系」は基準比リフト0.849
新潟,直線長め・平坦型,ダ,中距離(1700-2000),不,中枠(3-6),母父系統,ロイヤルチャージャー系,197,15,39,0.0761,0.198,65.9,0.0,7.66,0.2333,-0.0353,0.849,参考,新潟ダ中距離(1700-2000)・不・中枠(3-6)で母父系統「ロイヤルチャージャー系」は基準比リフト0.849
東京,直線長め・持続型,ダ,短中距離(1400-1600),重不良,外枠(7-8),母父系統,ナスルーラ系,130,9,25,0.0692,0.1923,70.8,0.0,8.01,0.2265,-0.0342,0.849,参考,東京ダ短中距離(1400-1600)・重不良・外枠(7-8)で母父系統「ナスルーラ系」は基準比リフト0.849
中山,坂あり・パワー型,芝,長距離(2500以上),良,外枠(7-8),母父系統,ナスルーラ系,85,7,16,0.0824,0.1882,123.5,0.0,7.2,0.2217,-0.0335,0.849,参考,中山芝長距離(2500以上)・良・外枠(7-8)で母父系統「ナスルーラ系」は基準比リフト0.849
中山,坂あり・パワー型,ダ,中距離(1700-2000),良,内枠(1-2),母父系統,その他のエクリプス系,83,5,13,0.0602,0.1566,98.7,0.0,8.43,0.1848,-0.0282,0.847,参考,中山ダ中距離(1700-2000)・良・内枠(1-2)で母父系統「その他のエクリプス系」は基準比リフト0.847
中山,坂あり・パワー型,芝,短距離(1000-1300),稍,外枠(7-8),母父系統,ロイヤルチャージャー系,99,5,13,0.0505,0.1313,20.9,0.0,7.49,0.155,-0.0237,0.847,参考,中山芝短距離(1000-1300)・稍・外枠(7-8)で母父系統「ロイヤルチャージャー系」は基準比リフト0.847
京都,平坦・スピード型,ダ,長距離(2500以上),良,外枠(7-8),母父系統,ロイヤルチャージャー系,154,11,32,0.0714,0.2078,69.7,0.0,6.9,0.246,-0.0382,0.845,参考,京都ダ長距離(2500以上)・良・外枠(7-8)で母父系統「ロイヤルチャージャー系」は基準比リフト0.845
京都,平坦・スピード型,ダ,中距離(1700-2000),稍,中枠(3-6),母父系統,ナスルーラ系,219,14,42,0.0639,0.1918,28.8,0.0,7.63,0.2269,-0.0351,0.845,参考,京都ダ中距離(1700-2000)・稍・中枠(3-6)で母父系統「ナスルーラ系」は基準比リフト0.845
中京,直線長め・持続型,ダ,短中距離(1400-1600),稍,中枠(3-6),母父系統,ニアークティック系,222,12,36,0.0541,0.1622,67.1,0.0,7.99,0.1921,-0.0299,0.844,参考,中京ダ短中距離(1400-1600)・稍・中枠(3-6)で母父系統「ニアークティック系」は基準比リフト0.844
中京,直線長め・持続型,ダ,中距離(1700-2000),稍,内枠(1-2),母父系統,ネイティヴダンサー系,120,5,22,0.0417,0.1833,17.2,0.0,7.32,0.2175,-0.0342,0.843,参考,中京ダ中距離(1700-2000)・稍・内枠(1-2)で母父系統「ネイティヴダンサー系」は基準比リフト0.843
小倉,小回り・機動型,芝,中距離(1700-2000),良,外枠(7-8),母父系統,ネイティヴダンサー系,707,37,122,0.0523,0.1726,64.1,0.0,7.78,0.2048,-0.0322,0.843,参考,小倉芝中距離(1700-2000)・良・外枠(7-8)で母父系統「ネイティヴダンサー系」は基準比リフト0.843
東京,直線長め・持続型,芝,短中距離(1400-1600),重不良,中枠(3-6),母父系統,ネイティヴダンサー系,90,5,15,0.0556,0.1667,37.4,0.0,8.66,0.1977,-0.031,0.843,参考,東京芝短中距離(1400-1600)・重不良・中枠(3-6)で母父系統「ネイティヴダンサー系」は基準比リフト0.843
小倉,小回り・機動型,ダ,中距離(1700-2000),重不良,外枠(7-8),母父系統,ネイティヴダンサー系,146,9,23,0.0616,0.1575,25.3,0.0,7.92,0.1868,-0.0293,0.843,参考,小倉ダ中距離(1700-2000)・重不良・外枠(7-8)で母父系統「ネイティヴダンサー系」は基準比リフト0.843
京都,平坦・スピード型,芝,中距離(1700-2000),重不良,外枠(7-8),母父系統,ニアークティック系,86,5,17,0.0581,0.1977,29.2,0.0,7.86,0.2347,-0.037,0.842,参考,京都芝中距離(1700-2000)・重不良・外枠(7-8)で母父系統「ニアークティック系」は基準比リフト0.842
小倉,小回り・機動型,ダ,短距離(1000-1300),良,内枠(1-2),母父系統,ナスルーラ系,85,4,15,0.0471,0.1765,67.4,0.0,7.72,0.2096,-0.0331,0.842,参考,小倉ダ短距離(1000-1300)・良・内枠(1-2)で母父系統「ナスルーラ系」は基準比リフト0.842
新潟,直線長め・平坦型,芝,中距離(1700-2000),稍,中枠(3-6),母父系統,ネイティヴダンサー系,159,10,29,0.0629,0.1824,66.4,0.0,7.57,0.217,-0.0346,0.841,参考,新潟芝中距離(1700-2000)・稍・中枠(3-6)で母父系統「ネイティヴダンサー系」は基準比リフト0.841
中山,坂あり・パワー型,ダ,短距離(1000-1300),良,外枠(7-8),母父系統,ナスルーラ系,486,21,83,0.0432,0.1708,66.2,0.0,8.2,0.2034,-0.0326,0.84,参考,中山ダ短距離(1000-1300)・良・外枠(7-8)で母父系統「ナスルーラ系」は基準比リフト0.84
阪神,坂あり・パワー型,ダ,長距離(2500以上),良,外枠(7-8),母父系統,ネイティヴダンサー系,149,10,33,0.0671,0.2215,42.8,0.0,5.97,0.2639,-0.0424,0.839,参考,阪神ダ長距離(2500以上)・良・外枠(7-8)で母父系統「ネイティヴダンサー系」は基準比リフト0.839
新潟,直線長め・平坦型,ダ,中距離(1700-2000),稍,中枠(3-6),母父系統,ナスルーラ系,182,15,35,0.0824,0.1923,60.7,0.0,7.66,0.2292,-0.0369,0.839,参考,新潟ダ中距離(1700-2000)・稍・中枠(3-6)で母父系統「ナスルーラ系」は基準比リフト0.839
中京,直線長め・持続型,ダ,短距離(1000-1300),稍,中枠(3-6),母父系統,ロイヤルチャージャー系,225,8,39,0.0356,0.1733,38.4,0.0,7.96,0.2068,-0.0335,0.838,参考,中京ダ短距離(1000-1300)・稍・中枠(3-6)で母父系統「ロイヤルチャージャー系」は基準比リフト0.838
福島,小回り・機動型,芝,短距離(1000-1300),稍,中枠(3-6),母父系統,ネイティヴダンサー系,135,8,23,0.0593,0.1704,64.4,0.0,8.3,0.2033,-0.0329,0.838,参考,福島芝短距離(1000-1300)・稍・中枠(3-6)で母父系統「ネイティヴダンサー系」は基準比リフト0.838
阪神,坂あり・パワー型,ダ,短距離(1000-1300),稍,中枠(3-6),母父系統,ロイヤルチャージャー系,527,32,87,0.0607,0.1651,72.9,0.0,8.52,0.1971,-0.032,0.838,参考,阪神ダ短距離(1000-1300)・稍・中枠(3-6)で母父系統「ロイヤルチャージャー系」は基準比リフト0.838
札幌,小回り・持続型,ダ,短距離(1000-1300),良,内枠(1-2),母父系統,ネイティヴダンサー系,101,9,18,0.0891,0.1782,39.1,0.0,6.55,0.2129,-0.0347,0.837,参考,札幌ダ短距離(1000-1300)・良・内枠(1-2)で母父系統「ネイティヴダンサー系」は基準比リフト0.837
阪神,坂あり・パワー型,ダ,短中距離(1400-1600),重不良,内枠(1-2),母父系統,ニアークティック系,134,6,22,0.0448,0.1642,44.5,0.0,8.07,0.1961,-0.0319,0.837,参考,阪神ダ短中距離(1400-1600)・重不良・内枠(1-2)で母父系統「ニアークティック系」は基準比リフト0.837
福島,小回り・機動型,ダ,中距離(1700-2000),良,内枠(1-2),母父系統,ネイティヴダンサー系,372,22,66,0.0591,0.1774,36.6,0.0,7.99,0.2121,-0.0347,0.836,参考,福島ダ中距離(1700-2000)・良・内枠(1-2)で母父系統「ネイティヴダンサー系」は基準比リフト0.836
新潟,直線長め・平坦型,ダ,短距離(1000-1300),重不良,内枠(1-2),母父系統,ニアークティック系,88,4,15,0.0455,0.1705,46.6,0.0,6.94,0.2039,-0.0334,0.836,参考,新潟ダ短距離(1000-1300)・重不良・内枠(1-2)で母父系統「ニアークティック系」は基準比リフト0.836
新潟,直線長め・平坦型,ダ,中距離(1700-2000),良,外枠(7-8),母父系統,ナスルーラ系,265,26,50,0.0981,0.1887,48.2,0.0,7.43,0.226,-0.0373,0.835,参考,新潟ダ中距離(1700-2000)・良・外枠(7-8)で母父系統「ナスルーラ系」は基準比リフト0.835
函館,小回り・持続型,芝,短距離(1000-1300),良,内枠(1-2),母父系統,ニアークティック系,426,27,93,0.0634,0.2183,29.3,0.0,7.02,0.262,-0.0437,0.833,参考,函館芝短距離(1000-1300)・良・内枠(1-2)で母父系統「ニアークティック系」は基準比リフト0.833
函館,小回り・持続型,ダ,中距離(1700-2000),稍,中枠(3-6),母父系統,ニアークティック系,223,13,44,0.0583,0.1973,47.4,0.0,7.07,0.2369,-0.0396,0.833,参考,函館ダ中距離(1700-2000)・稍・中枠(3-6)で母父系統「ニアークティック系」は基準比リフト0.833
中京,直線長め・持続型,芝,長距離(2500以上),良,外枠(7-8),母父系統,ネイティヴダンサー系,126,11,25,0.0873,0.1984,87.1,0.0,7.23,0.2389,-0.0405,0.83,参考,中京芝長距離(2500以上)・良・外枠(7-8)で母父系統「ネイティヴダンサー系」は基準比リフト0.83
京都,平坦・スピード型,ダ,中距離(1700-2000),稍,外枠(7-8),母父系統,ロイヤルチャージャー系,369,19,69,0.0515,0.187,23.2,0.0,7.42,0.2257,-0.0387,0.829,参考,京都ダ中距離(1700-2000)・稍・外枠(7-8)で母父系統「ロイヤルチャージャー系」は基準比リフト0.829
阪神,坂あり・パワー型,ダ,短中距離(1400-1600),良,外枠(7-8),母父系統,ナスルーラ系,268,21,49,0.0784,0.1828,55.6,0.0,8.37,0.2213,-0.0385,0.826,参考,阪神ダ短中距離(1400-1600)・良・外枠(7-8)で母父系統「ナスルーラ系」は基準比リフト0.826
中京,直線長め・持続型,芝,中距離(1700-2000),稍,外枠(7-8),母父系統,ロイヤルチャージャー系,105,6,18,0.0571,0.1714,104.1,0.0,8.07,0.2075,-0.0361,0.826,参考,中京芝中距離(1700-2000)・稍・外枠(7-8)で母父系統「ロイヤルチャージャー系」は基準比リフト0.826
新潟,直線長め・平坦型,ダ,中距離(1700-2000),稍,内枠(1-2),母父系統,ナスルーラ系,81,5,13,0.0617,0.1605,25.9,0.0,7.47,0.1942,-0.0337,0.826,参考,新潟ダ中距離(1700-2000)・稍・内枠(1-2)で母父系統「ナスルーラ系」は基準比リフト0.826
京都,平坦・スピード型,芝,中距離(1700-2000),稍,内枠(1-2),母父系統,ニアークティック系,80,4,16,0.05,0.2,45.4,0.0,7.29,0.2426,-0.0426,0.824,参考,京都芝中距離(1700-2000)・稍・内枠(1-2)で母父系統「ニアークティック系」は基準比リフト0.824
中京,直線長め・持続型,ダ,中距離(1700-2000),重不良,外枠(7-8),母父系統,ニアークティック系,175,7,31,0.04,0.1771,69.3,0.0,8.39,0.2151,-0.038,0.823,参考,中京ダ中距離(1700-2000)・重不良・外枠(7-8)で母父系統「ニアークティック系」は基準比リフト0.823
東京,直線長め・持続型,ダ,短中距離(1400-1600),良,中枠(3-6),母父系統,トゥルビヨン系,140,8,23,0.0571,0.1643,42.1,0.0,8.16,0.1997,-0.0354,0.823,参考,東京ダ短中距離(1400-1600)・良・中枠(3-6)で母父系統「トゥルビヨン系」は基準比リフト0.823
京都,平坦・スピード型,芝,中距離(1700-2000),良,中枠(3-6),母父系統,その他のエクリプス系,134,8,27,0.0597,0.2015,60.5,0.0,7.46,0.2454,-0.0439,0.821,参考,京都芝中距離(1700-2000)・良・中枠(3-6)で母父系統「その他のエクリプス系」は基準比リフト0.821
阪神,坂あり・パワー型,ダ,中距離(1700-2000),不,内枠(1-2),母父系統,ネイティヴダンサー系,99,6,16,0.0606,0.1616,70.7,0.0,7.55,0.1968,-0.0352,0.821,参考,阪神ダ中距離(1700-2000)・不・内枠(1-2)で母父系統「ネイティヴダンサー系」は基準比リフト0.821
中山,坂あり・パワー型,ダ,中距離(1700-2000),稍,内枠(1-2),母父系統,ロイヤルチャージャー系,531,31,80,0.0584,0.1507,90.6,0.0,8.11,0.1835,-0.0328,0.821,参考,中山ダ中距離(1700-2000)・稍・内枠(1-2)で母父系統「ロイヤルチャージャー系」は基準比リフト0.821
新潟,直線長め・平坦型,ダ,短距離(1000-1300),稍,内枠(1-2),母父系統,ナスルーラ系,91,3,13,0.033,0.1429,28.4,0.0,8.29,0.1741,-0.0312,0.821,参考,新潟ダ短距離(1000-1300)・稍・内枠(1-2)で母父系統「ナスルーラ系」は基準比リフト0.821
新潟,直線長め・平坦型,芝,短距離(1000-1300),良,内枠(1-2),母父系統,ネイティヴダンサー系,392,14,45,0.0357,0.1148,23.6,0.0,9.44,0.14,-0.0252,0.82,参考,新潟芝短距離(1000-1300)・良・内枠(1-2)で母父系統「ネイティヴダンサー系」は基準比リフト0.82
東京,直線長め・持続型,芝,短中距離(1400-1600),稍,外枠(7-8),母父系統,ロイヤルチャージャー系,335,20,57,0.0597,0.1701,36.4,0.0,8.22,0.2077,-0.0376,0.819,参考,東京芝短中距離(1400-1600)・稍・外枠(7-8)で母父系統「ロイヤルチャージャー系」は基準比リフト0.819
福島,小回り・機動型,芝,中距離(1700-2000),稍,外枠(7-8),母父系統,ネイティヴダンサー系,86,5,18,0.0581,0.2093,31.3,0.0,7.23,0.2558,-0.0465,0.818,参考,福島芝中距離(1700-2000)・稍・外枠(7-8)で母父系統「ネイティヴダンサー系」は基準比リフト0.818
京都,平坦・スピード型,ダ,中距離(1700-2000),稍,外枠(7-8),母父系統,ナスルーラ系,130,6,24,0.0462,0.1846,32.6,0.0,7.18,0.2257,-0.0411,0.818,参考,京都ダ中距離(1700-2000)・稍・外枠(7-8)で母父系統「ナスルーラ系」は基準比リフト0.818
福島,小回り・機動型,芝,長距離(2500以上),良,内枠(1-2),母父系統,ネイティヴダンサー系,146,8,30,0.0548,0.2055,91.1,0.0,7.73,0.2516,-0.0461,0.817,参考,福島芝長距離(2500以上)・良・内枠(1-2)で母父系統「ネイティヴダンサー系」は基準比リフト0.817
阪神,坂あり・パワー型,芝,短距離(1000-1300),良,外枠(7-8),母父系統,ニアークティック系,316,20,50,0.0633,0.1582,50.3,0.0,7.68,0.1938,-0.0356,0.816,参考,阪神芝短距離(1000-1300)・良・外枠(7-8)で母父系統「ニアークティック系」は基準比リフト0.816
新潟,直線長め・平坦型,芝,中長距離(2100-2400),良,内枠(1-2),母父系統,ニアークティック系,167,6,31,0.0359,0.1856,84.0,0.0,7.92,0.2278,-0.0422,0.815,参考,新潟芝中長距離(2100-2400)・良・内枠(1-2)で母父系統「ニアークティック系」は基準比リフト0.815
中山,坂あり・パワー型,芝,短距離(1000-1300),稍,中枠(3-6),母父系統,ナスルーラ系,88,4,15,0.0455,0.1705,112.6,0.0,8.82,0.2091,-0.0386,0.815,参考,中山芝短距離(1000-1300)・稍・中枠(3-6)で母父系統「ナスルーラ系」は基準比リフト0.815
中京,直線長め・持続型,芝,短距離(1000-1300),良,内枠(1-2),母父系統,ネイティヴダンサー系,153,8,24,0.0523,0.1569,28.2,0.0,8.93,0.1925,-0.0356,0.815,参考,中京芝短距離(1000-1300)・良・内枠(1-2)で母父系統「ネイティヴダンサー系」は基準比リフト0.815
中京,直線長め・持続型,ダ,短距離(1000-1300),不,中枠(3-6),母父系統,ネイティヴダンサー系,81,4,11,0.0494,0.1358,18.8,0.0,8.36,0.1667,-0.0309,0.815,参考,中京ダ短距離(1000-1300)・不・中枠(3-6)で母父系統「ネイティヴダンサー系」は基準比リフト0.815
中京,直線長め・持続型,ダ,中距離(1700-2000),不,内枠(1-2),母父系統,ニアークティック系,83,7,16,0.0843,0.1928,45.1,0.0,8.0,0.237,-0.0442,0.814,参考,中京ダ中距離(1700-2000)・不・内枠(1-2)で母父系統「ニアークティック系」は基準比リフト0.814
福島,小回り・機動型,芝,短距離(1000-1300),良,内枠(1-2),母父系統,ナスルーラ系,330,18,59,0.0545,0.1788,81.8,0.0,8.33,0.2198,-0.041,0.813,参考,福島芝短距離(1000-1300)・良・内枠(1-2)で母父系統「ナスルーラ系」は基準比リフト0.813
京都,平坦・スピード型,芝,短中距離(1400-1600),重不良,外枠(7-8),母父系統,ニアークティック系,91,4,16,0.044,0.1758,23.2,0.0,7.3,0.2162,-0.0404,0.813,参考,京都芝短中距離(1400-1600)・重不良・外枠(7-8)で母父系統「ニアークティック系」は基準比リフト0.813
新潟,直線長め・平坦型,芝,短中距離(1400-1600),稍,内枠(1-2),母父系統,ニアークティック系,81,4,12,0.0494,0.1481,138.6,0.0,8.65,0.1821,-0.034,0.813,参考,新潟芝短中距離(1400-1600)・稍・内枠(1-2)で母父系統「ニアークティック系」は基準比リフト0.813
中京,直線長め・持続型,ダ,短中距離(1400-1600),不,中枠(3-6),母父系統,ニアークティック系,91,5,16,0.0549,0.1758,84.4,0.0,8.21,0.2164,-0.0406,0.812,参考,中京ダ短中距離(1400-1600)・不・中枠(3-6)で母父系統「ニアークティック系」は基準比リフト0.812
東京,直線長め・持続型,芝,中距離(1700-2000),稍,外枠(7-8),母父系統,ロイヤルチャージャー系,193,8,31,0.0415,0.1606,39.9,0.0,7.8,0.1978,-0.0372,0.812,参考,東京芝中距離(1700-2000)・稍・外枠(7-8)で母父系統「ロイヤルチャージャー系」は基準比リフト0.812
福島,小回り・機動型,ダ,短距離(1000-1300),重不良,中枠(3-6),母父系統,ニアークティック系,119,6,17,0.0504,0.1429,33.5,0.0,8.5,0.1759,-0.033,0.812,参考,福島ダ短距離(1000-1300)・重不良・中枠(3-6)で母父系統「ニアークティック系」は基準比リフト0.812
福島,小回り・機動型,ダ,中距離(1700-2000),重不良,内枠(1-2),母父系統,ニアークティック系,84,5,16,0.0595,0.1905,66.2,0.0,7.8,0.2348,-0.0443,0.811,参考,福島ダ中距離(1700-2000)・重不良・内枠(1-2)で母父系統「ニアークティック系」は基準比リフト0.811
中山,坂あり・パワー型,ダ,短距離(1000-1300),重不良,内枠(1-2),母父系統,ロイヤルチャージャー系,261,12,30,0.046,0.1149,20.9,0.0,9.05,0.1416,-0.0267,0.811,参考,中山ダ短距離(1000-1300)・重不良・内枠(1-2)で母父系統「ロイヤルチャージャー系」は基準比リフト0.811
中山,坂あり・パワー型,芝,中距離(1700-2000),稍,外枠(7-8),母父系統,ナスルーラ系,87,1,14,0.0115,0.1609,8.9,0.0,8.32,0.1986,-0.0377,0.81,参考,中山芝中距離(1700-2000)・稍・外枠(7-8)で母父系統「ナスルーラ系」は基準比リフト0.81
阪神,坂あり・パワー型,ダ,中距離(1700-2000),不,内枠(1-2),母父系統,ロイヤルチャージャー系,138,9,22,0.0652,0.1594,17.6,0.0,7.69,0.1968,-0.0374,0.81,参考,阪神ダ中距離(1700-2000)・不・内枠(1-2)で母父系統「ロイヤルチャージャー系」は基準比リフト0.81
福島,小回り・機動型,ダ,中距離(1700-2000),良,外枠(7-8),母父系統,ナスルーラ系,266,18,47,0.0677,0.1767,54.5,0.0,7.81,0.2183,-0.0416,0.809,参考,福島ダ中距離(1700-2000)・良・外枠(7-8)で母父系統「ナスルーラ系」は基準比リフト0.809
福島,小回り・機動型,芝,短距離(1000-1300),良,外枠(7-8),母父系統,ネイティヴダンサー系,529,28,84,0.0529,0.1588,102.1,0.0,8.64,0.1962,-0.0374,0.809,参考,福島芝短距離(1000-1300)・良・外枠(7-8)で母父系統「ネイティヴダンサー系」は基準比リフト0.809
東京,直線長め・持続型,ダ,中長距離(2100-2400),不,中枠(3-6),母父系統,ロイヤルチャージャー系,103,8,18,0.0777,0.1748,53.6,0.0,8.27,0.2175,-0.0427,0.804,参考,東京ダ中長距離(2100-2400)・不・中枠(3-6)で母父系統「ロイヤルチャージャー系」は基準比リフト0.804
函館,小回り・持続型,芝,中距離(1700-2000),良,外枠(7-8),母父系統,ナスルーラ系,212,13,35,0.0613,0.1651,48.2,0.0,7.37,0.2056,-0.0405,0.803,参考,函館芝中距離(1700-2000)・良・外枠(7-8)で母父系統「ナスルーラ系」は基準比リフト0.803
新潟,直線長め・平坦型,芝,短中距離(1400-1600),良,内枠(1-2),母父系統,ネイティヴダンサー系,481,25,65,0.052,0.1351,69.6,0.0,9.02,0.1682,-0.0331,0.803,参考,新潟芝短中距離(1400-1600)・良・内枠(1-2)で母父系統「ネイティヴダンサー系」は基準比リフト0.803
小倉,小回り・機動型,ダ,短距離(1000-1300),重不良,外枠(7-8),母父系統,ロイヤルチャージャー系,119,7,20,0.0588,0.1681,50.8,0.0,7.72,0.2096,-0.0415,0.802,参考,小倉ダ短距離(1000-1300)・重不良・外枠(7-8)で母父系統「ロイヤルチャージャー系」は基準比リフト0.802
阪神,坂あり・パワー型,ダ,長距離(2500以上),良,中枠(3-6),母父系統,ナスルーラ系,122,8,25,0.0656,0.2049,73.4,0.0,7.65,0.256,-0.0511,0.8,参考,阪神ダ長距離(2500以上)・良・中枠(3-6)で母父系統「ナスルーラ系」は基準比リフト0.8
札幌,小回り・持続型,ダ,中距離(1700-2000),良,内枠(1-2),母父系統,ナスルーラ系,119,6,20,0.0504,0.1681,23.4,0.0,7.19,0.21,-0.0419,0.8,参考,札幌ダ中距離(1700-2000)・良・内枠(1-2)で母父系統「ナスルーラ系」は基準比リフト0.8
阪神,坂あり・パワー型,芝,短中距離(1400-1600),重不良,中枠(3-6),母父系統,ネイティヴダンサー系,97,5,15,0.0515,0.1546,135.6,0.0,8.09,0.1933,-0.0387,0.8,参考,阪神芝短中距離(1400-1600)・重不良・中枠(3-6)で母父系統「ネイティヴダンサー系」は基準比リフト0.8
中京,直線長め・持続型,ダ,中距離(1700-2000),不,外枠(7-8),母父系統,ニアークティック系,98,4,15,0.0408,0.1531,45.5,0.0,7.47,0.1914,-0.0383,0.8,参考,中京ダ中距離(1700-2000)・不・外枠(7-8)で母父系統「ニアークティック系」は基準比リフト0.8
札幌,小回り・持続型,ダ,中距離(1700-2000),稍,外枠(7-8),母父系統,ニアークティック系,110,7,20,0.0636,0.1818,33.8,0.0,7.25,0.2274,-0.0456,0.799,参考,札幌ダ中距離(1700-2000)・稍・外枠(7-8)で母父系統「ニアークティック系」は基準比リフト0.799
阪神,坂あり・パワー型,芝,短中距離(1400-1600),稍,中枠(3-6),母父系統,ナスルーラ系,170,11,28,0.0647,0.1647,58.8,0.0,8.21,0.2062,-0.0415,0.799,参考,阪神芝短中距離(1400-1600)・稍・中枠(3-6)で母父系統「ナスルーラ系」は基準比リフト0.799
小倉,小回り・機動型,芝,中距離(1700-2000),重不良,中枠(3-6),母父系統,ナスルーラ系,108,5,18,0.0463,0.1667,39.1,0.0,8.11,0.209,-0.0423,0.798,参考,小倉芝中距離(1700-2000)・重不良・中枠(3-6)で母父系統「ナスルーラ系」は基準比リフト0.798
新潟,直線長め・平坦型,芝,短距離(1000-1300),稍,外枠(7-8),母父系統,ネイティヴダンサー系,95,9,19,0.0947,0.2,88.6,0.0,7.75,0.2512,-0.0512,0.796,参考,新潟芝短距離(1000-1300)・稍・外枠(7-8)で母父系統「ネイティヴダンサー系」は基準比リフト0.796
札幌,小回り・持続型,芝,長距離(2500以上),良,中枠(3-6),母父系統,ロイヤルチャージャー系,221,10,41,0.0452,0.1855,26.2,0.0,6.97,0.233,-0.0475,0.796,参考,札幌芝長距離(2500以上)・良・中枠(3-6)で母父系統「ロイヤルチャージャー系」は基準比リフト0.796
中山,坂あり・パワー型,ダ,長距離(2500以上),良,中枠(3-6),母父系統,ナスルーラ系,121,7,22,0.0579,0.1818,48.9,0.0,7.94,0.2287,-0.0469,0.795,参考,中山ダ長距離(2500以上)・良・中枠(3-6)で母父系統「ナスルーラ系」は基準比リフト0.795
阪神,坂あり・パワー型,ダ,短距離(1000-1300),稍,内枠(1-2),母父系統,ロイヤルチャージャー系,241,9,33,0.0373,0.1369,30.4,0.0,8.41,0.1721,-0.0352,0.795,参考,阪神ダ短距離(1000-1300)・稍・内枠(1-2)で母父系統「ロイヤルチャージャー系」は基準比リフト0.795
新潟,直線長め・平坦型,ダ,短距離(1000-1300),不,中枠(3-6),母父系統,ロイヤルチャージャー系,181,10,31,0.0552,0.1713,46.9,0.0,8.01,0.2157,-0.0444,0.794,参考,新潟ダ短距離(1000-1300)・不・中枠(3-6)で母父系統「ロイヤルチャージャー系」は基準比リフト0.794
中京,直線長め・持続型,ダ,短中距離(1400-1600),重不良,外枠(7-8),母父系統,ロイヤルチャージャー系,107,6,15,0.0561,0.1402,42.6,0.0,8.74,0.1765,-0.0363,0.794,参考,中京ダ短中距離(1400-1600)・重不良・外枠(7-8)で母父系統「ロイヤルチャージャー系」は基準比リフト0.794
中山,坂あり・パワー型,ダ,中距離(1700-2000),不,外枠(7-8),母父系統,ロイヤルチャージャー系,218,15,38,0.0688,0.1743,73.3,0.0,7.99,0.2199,-0.0456,0.793,参考,中山ダ中距離(1700-2000)・不・外枠(7-8)で母父系統「ロイヤルチャージャー系」は基準比リフト0.793
東京,直線長め・持続型,芝,中長距離(2100-2400),良,内枠(1-2),母父系統,ネイティヴダンサー系,179,14,37,0.0782,0.2067,53.6,0.0,7.18,0.261,-0.0543,0.792,参考,東京芝中長距離(2100-2400)・良・内枠(1-2)で母父系統「ネイティヴダンサー系」は基準比リフト0.792
小倉,小回り・機動型,ダ,短距離(1000-1300),良,外枠(7-8),母父系統,ネイティヴダンサー系,217,8,39,0.0369,0.1797,93.0,0.0,7.53,0.2268,-0.0471,0.792,参考,小倉ダ短距離(1000-1300)・良・外枠(7-8)で母父系統「ネイティヴダンサー系」は基準比リフト0.792
東京,直線長め・持続型,芝,長距離(2500以上),良,中枠(3-6),母父系統,ニアークティック系,180,7,28,0.0389,0.1556,81.7,0.0,8.62,0.1966,-0.041,0.791,参考,東京芝長距離(2500以上)・良・中枠(3-6)で母父系統「ニアークティック系」は基準比リフト0.791
小倉,小回り・機動型,芝,短距離(1000-1300),良,内枠(1-2),母父系統,ネイティヴダンサー系,575,31,86,0.0539,0.1496,62.1,0.0,8.76,0.1897,-0.0401,0.789,参考,小倉芝短距離(1000-1300)・良・内枠(1-2)で母父系統「ネイティヴダンサー系」は基準比リフト0.789
函館,小回り・持続型,ダ,短距離(1000-1300),良,外枠(7-8),母父系統,ナスルーラ系,107,3,22,0.028,0.2056,36.9,0.0,6.29,0.261,-0.0554,0.788,参考,函館ダ短距離(1000-1300)・良・外枠(7-8)で母父系統「ナスルーラ系」は基準比リフト0.788
札幌,小回り・持続型,ダ,中距離(1700-2000),稍,中枠(3-6),母父系統,ネイティヴダンサー系,145,9,26,0.0621,0.1793,105.3,0.0,6.52,0.2278,-0.0485,0.787,参考,札幌ダ中距離(1700-2000)・稍・中枠(3-6)で母父系統「ネイティヴダンサー系」は基準比リフト0.787
中山,坂あり・パワー型,ダ,長距離(2500以上),良,中枠(3-6),母父系統,ネイティヴダンサー系,184,7,33,0.038,0.1793,28.0,0.0,7.31,0.2287,-0.0494,0.784,参考,中山ダ長距離(2500以上)・良・中枠(3-6)で母父系統「ネイティヴダンサー系」は基準比リフト0.784
京都,平坦・スピード型,ダ,短距離(1000-1300),重不良,外枠(7-8),母父系統,ニアークティック系,115,4,19,0.0348,0.1652,12.6,0.0,7.63,0.2108,-0.0456,0.784,参考,京都ダ短距離(1000-1300)・重不良・外枠(7-8)で母父系統「ニアークティック系」は基準比リフト0.784
京都,平坦・スピード型,芝,短中距離(1400-1600),稍,内枠(1-2),母父系統,ニアークティック系,146,8,23,0.0548,0.1575,30.3,0.0,7.88,0.2009,-0.0434,0.784,参考,京都芝短中距離(1400-1600)・稍・内枠(1-2)で母父系統「ニアークティック系」は基準比リフト0.784
新潟,直線長め・平坦型,芝,短距離(1000-1300),良,内枠(1-2),母父系統,ナスルーラ系,255,9,28,0.0353,0.1098,22.9,0.0,9.47,0.14,-0.0302,0.784,参考,新潟芝短距離(1000-1300)・良・内枠(1-2)で母父系統「ナスルーラ系」は基準比リフト0.784
小倉,小回り・機動型,ダ,中距離(1700-2000),不,外枠(7-8),母父系統,ロイヤルチャージャー系,146,6,19,0.0411,0.1301,44.9,0.0,8.79,0.1663,-0.0362,0.782,参考,小倉ダ中距離(1700-2000)・不・外枠(7-8)で母父系統「ロイヤルチャージャー系」は基準比リフト0.782
小倉,小回り・機動型,芝,中距離(1700-2000),良,中枠(3-6),母父系統,その他のエクリプス系,150,10,26,0.0667,0.1733,52.1,0.0,8.41,0.2218,-0.0485,0.781,参考,小倉芝中距離(1700-2000)・良・中枠(3-6)で母父系統「その他のエクリプス系」は基準比リフト0.781
京都,平坦・スピード型,ダ,短中距離(1400-1600),良,内枠(1-2),母父系統,ナスルーラ系,235,10,38,0.0426,0.1617,34.0,0.0,8.5,0.2074,-0.0457,0.78,参考,京都ダ短中距離(1400-1600)・良・内枠(1-2)で母父系統「ナスルーラ系」は基準比リフト0.78
京都,平坦・スピード型,芝,中距離(1700-2000),稍,外枠(7-8),母父系統,ニアークティック系,119,11,24,0.0924,0.2017,46.6,0.0,6.71,0.2593,-0.0576,0.778,参考,京都芝中距離(1700-2000)・稍・外枠(7-8)で母父系統「ニアークティック系」は基準比リフト0.778
新潟,直線長め・平坦型,芝,中距離(1700-2000),稍,外枠(7-8),母父系統,ニアークティック系,156,10,25,0.0641,0.1603,53.0,0.0,7.86,0.2066,-0.0463,0.776,参考,新潟芝中距離(1700-2000)・稍・外枠(7-8)で母父系統「ニアークティック系」は基準比リフト0.776
阪神,坂あり・パワー型,ダ,短距離(1000-1300),重不良,中枠(3-6),母父系統,ロイヤルチャージャー系,337,17,53,0.0504,0.1573,55.3,0.0,8.66,0.203,-0.0457,0.775,参考,阪神ダ短距離(1000-1300)・重不良・中枠(3-6)で母父系統「ロイヤルチャージャー系」は基準比リフト0.775
東京,直線長め・持続型,ダ,中長距離(2100-2400),良,内枠(1-2),母父系統,ナスルーラ系,120,6,17,0.05,0.1417,31.7,0.0,8.18,0.183,-0.0413,0.774,参考,東京ダ中長距離(2100-2400)・良・内枠(1-2)で母父系統「ナスルーラ系」は基準比リフト0.774
小倉,小回り・機動型,芝,長距離(2500以上),良,中枠(3-6),母父系統,ネイティヴダンサー系,299,16,59,0.0535,0.1973,24.6,0.0,6.84,0.2556,-0.0583,0.772,参考,小倉芝長距離(2500以上)・良・中枠(3-6)で母父系統「ネイティヴダンサー系」は基準比リフト0.772
函館,小回り・持続型,ダ,短距離(1000-1300),稍,中枠(3-6),母父系統,ロイヤルチャージャー系,124,8,24,0.0645,0.1935,47.7,0.0,6.51,0.2507,-0.0572,0.772,参考,函館ダ短距離(1000-1300)・稍・中枠(3-6)で母父系統「ロイヤルチャージャー系」は基準比リフト0.772
東京,直線長め・持続型,ダ,長距離(2500以上),良,中枠(3-6),母父系統,ナスルーラ系,132,8,24,0.0606,0.1818,82.3,0.0,7.79,0.2354,-0.0536,0.772,参考,東京ダ長距離(2500以上)・良・中枠(3-6)で母父系統「ナスルーラ系」は基準比リフト0.772
札幌,小回り・持続型,ダ,中距離(1700-2000),重不良,中枠(3-6),母父系統,ニアークティック系,122,6,23,0.0492,0.1885,58.8,0.0,7.43,0.2445,-0.056,0.771,参考,札幌ダ中距離(1700-2000)・重不良・中枠(3-6)で母父系統「ニアークティック系」は基準比リフト0.771
東京,直線長め・持続型,ダ,短中距離(1400-1600),不,内枠(1-2),母父系統,ニアークティック系,181,8,25,0.0442,0.1381,28.5,0.0,8.38,0.1796,-0.0415,0.769,参考,東京ダ短中距離(1400-1600)・不・内枠(1-2)で母父系統「ニアークティック系」は基準比リフト0.769
函館,小回り・持続型,芝,短距離(1000-1300),稍,中枠(3-6),母父系統,ネイティヴダンサー系,161,11,30,0.0683,0.1863,54.4,0.0,7.35,0.2425,-0.0562,0.768,参考,函館芝短距離(1000-1300)・稍・中枠(3-6)で母父系統「ネイティヴダンサー系」は基準比リフト0.768
京都,平坦・スピード型,ダ,短中距離(1400-1600),不,中枠(3-6),母父系統,ニアークティック系,118,8,18,0.0678,0.1525,31.7,0.0,7.94,0.1985,-0.046,0.768,参考,京都ダ短中距離(1400-1600)・不・中枠(3-6)で母父系統「ニアークティック系」は基準比リフト0.768
東京,直線長め・持続型,ダ,中長距離(2100-2400),良,外枠(7-8),母父系統,ナスルーラ系,132,6,20,0.0455,0.1515,288.3,0.0,8.52,0.1973,-0.0458,0.768,参考,東京ダ中長距離(2100-2400)・良・外枠(7-8)で母父系統「ナスルーラ系」は基準比リフト0.768
小倉,小回り・機動型,ダ,中距離(1700-2000),不,中枠(3-6),母父系統,ナスルーラ系,97,6,15,0.0619,0.1546,62.7,0.0,8.39,0.2015,-0.0469,0.767,参考,小倉ダ中距離(1700-2000)・不・中枠(3-6)で母父系統「ナスルーラ系」は基準比リフト0.767
中山,坂あり・パワー型,ダ,中距離(1700-2000),良,外枠(7-8),母父系統,その他のエクリプス系,106,8,18,0.0755,0.1698,126.9,0.0,8.49,0.2226,-0.0528,0.763,参考,中山ダ中距離(1700-2000)・良・外枠(7-8)で母父系統「その他のエクリプス系」は基準比リフト0.763
小倉,小回り・機動型,芝,中距離(1700-2000),重不良,外枠(7-8),母父系統,ロイヤルチャージャー系,165,8,25,0.0485,0.1515,37.0,0.0,7.85,0.1987,-0.0472,0.762,参考,小倉芝中距離(1700-2000)・重不良・外枠(7-8)で母父系統「ロイヤルチャージャー系」は基準比リフト0.762
中京,直線長め・持続型,芝,短中距離(1400-1600),稍,外枠(7-8),母父系統,ロイヤルチャージャー系,180,8,29,0.0444,0.1611,48.9,0.0,8.64,0.2116,-0.0505,0.761,参考,中京芝短中距離(1400-1600)・稍・外枠(7-8)で母父系統「ロイヤルチャージャー系」は基準比リフト0.761
中山,坂あり・パワー型,ダ,中距離(1700-2000),稍,内枠(1-2),母父系統,ナスルーラ系,129,6,18,0.0465,0.1395,69.5,0.0,8.34,0.1835,-0.044,0.76,参考,中山ダ中距離(1700-2000)・稍・内枠(1-2)で母父系統「ナスルーラ系」は基準比リフト0.76
札幌,小回り・持続型,芝,中距離(1700-2000),良,中枠(3-6),母父系統,ナスルーラ系,407,22,75,0.0541,0.1843,34.8,0.0,7.33,0.2428,-0.0585,0.759,参考,札幌芝中距離(1700-2000)・良・中枠(3-6)で母父系統「ナスルーラ系」は基準比リフト0.759
阪神,坂あり・パワー型,ダ,短距離(1000-1300),重不良,外枠(7-8),母父系統,ナスルーラ系,81,6,13,0.0741,0.1605,43.2,0.0,8.07,0.2115,-0.051,0.759,参考,阪神ダ短距離(1000-1300)・重不良・外枠(7-8)で母父系統「ナスルーラ系」は基準比リフト0.759
京都,平坦・スピード型,ダ,短距離(1000-1300),不,中枠(3-6),母父系統,ニアークティック系,102,5,16,0.049,0.1569,30.6,0.0,8.84,0.2068,-0.0499,0.759,参考,京都ダ短距離(1000-1300)・不・中枠(3-6)で母父系統「ニアークティック系」は基準比リフト0.759
東京,直線長め・持続型,ダ,中長距離(2100-2400),稍,中枠(3-6),母父系統,ニアークティック系,163,12,29,0.0736,0.1779,125.8,0.0,7.34,0.2351,-0.0572,0.757,参考,東京ダ中長距離(2100-2400)・稍・中枠(3-6)で母父系統「ニアークティック系」は基準比リフト0.757
中京,直線長め・持続型,ダ,中距離(1700-2000),重不良,内枠(1-2),母父系統,ニアークティック系,146,11,27,0.0753,0.1849,85.5,0.0,7.79,0.2449,-0.06,0.755,参考,中京ダ中距離(1700-2000)・重不良・内枠(1-2)で母父系統「ニアークティック系」は基準比リフト0.755
阪神,坂あり・パワー型,ダ,短中距離(1400-1600),稍,内枠(1-2),母父系統,ロイヤルチャージャー系,295,13,41,0.0441,0.139,36.5,0.0,8.7,0.1843,-0.0453,0.754,参考,阪神ダ短中距離(1400-1600)・稍・内枠(1-2)で母父系統「ロイヤルチャージャー系」は基準比リフト0.754
札幌,小回り・持続型,芝,短中距離(1400-1600),良,外枠(7-8),母父系統,ネイティヴダンサー系,178,3,29,0.0169,0.1629,13.4,0.0,7.03,0.2171,-0.0542,0.75,参考,札幌芝短中距離(1400-1600)・良・外枠(7-8)で母父系統「ネイティヴダンサー系」は基準比リフト0.75
京都,平坦・スピード型,ダ,短距離(1000-1300),稍,内枠(1-2),母父系統,ロイヤルチャージャー系,168,12,24,0.0714,0.1429,83.6,0.0,8.38,0.1908,-0.0479,0.749,参考,京都ダ短距離(1000-1300)・稍・内枠(1-2)で母父系統「ロイヤルチャージャー系」は基準比リフト0.749
中京,直線長め・持続型,ダ,短中距離(1400-1600),重不良,中枠(3-6),母父系統,ニアークティック系,151,7,23,0.0464,0.1523,63.1,0.0,8.63,0.2048,-0.0525,0.744,参考,中京ダ短中距離(1400-1600)・重不良・中枠(3-6)で母父系統「ニアークティック系」は基準比リフト0.744
中山,坂あり・パワー型,芝,中長距離(2100-2400),良,外枠(7-8),母父系統,ロイヤルチャージャー系,253,14,40,0.0553,0.1581,42.6,0.0,8.22,0.2138,-0.0557,0.739,参考,中山芝中長距離(2100-2400)・良・外枠(7-8)で母父系統「ロイヤルチャージャー系」は基準比リフト0.739
阪神,坂あり・パワー型,芝,中距離(1700-2000),稍,中枠(3-6),母父系統,ナスルーラ系,139,5,24,0.036,0.1727,75.8,0.0,8.03,0.2342,-0.0615,0.737,参考,阪神芝中距離(1700-2000)・稍・中枠(3-6)で母父系統「ナスルーラ系」は基準比リフト0.737
阪神,坂あり・パワー型,ダ,中距離(1700-2000),不,中枠(3-6),母父系統,ナスルーラ系,119,5,20,0.042,0.1681,71.8,0.0,7.87,0.2288,-0.0607,0.735,参考,阪神ダ中距離(1700-2000)・不・中枠(3-6)で母父系統「ナスルーラ系」は基準比リフト0.735
中山,坂あり・パワー型,ダ,短距離(1000-1300),不,中枠(3-6),母父系統,ナスルーラ系,120,5,19,0.0417,0.1583,43.3,0.0,8.54,0.2154,-0.0571,0.735,参考,中山ダ短距離(1000-1300)・不・中枠(3-6)で母父系統「ナスルーラ系」は基準比リフト0.735
阪神,坂あり・パワー型,ダ,中距離(1700-2000),重不良,内枠(1-2),母父系統,ナスルーラ系,95,6,14,0.0632,0.1474,46.2,0.0,7.61,0.2005,-0.0531,0.735,参考,阪神ダ中距離(1700-2000)・重不良・内枠(1-2)で母父系統「ナスルーラ系」は基準比リフト0.735
新潟,直線長め・平坦型,芝,短中距離(1400-1600),重不良,中枠(3-6),母父系統,ロイヤルチャージャー系,96,4,13,0.0417,0.1354,63.5,0.0,8.71,0.1841,-0.0487,0.735,参考,新潟芝短中距離(1400-1600)・重不良・中枠(3-6)で母父系統「ロイヤルチャージャー系」は基準比リフト0.735
函館,小回り・持続型,ダ,短距離(1000-1300),良,内枠(1-2),母父系統,ロイヤルチャージャー系,140,10,29,0.0714,0.2071,51.6,0.0,6.22,0.2824,-0.0753,0.733,参考,函館ダ短距離(1000-1300)・良・内枠(1-2)で母父系統「ロイヤルチャージャー系」は基準比リフト0.733
中山,坂あり・パワー型,ダ,中距離(1700-2000),稍,外枠(7-8),母父系統,ネイティヴダンサー系,373,22,58,0.059,0.1555,51.6,0.0,8.12,0.2128,-0.0573,0.731,参考,中山ダ中距離(1700-2000)・稍・外枠(7-8)で母父系統「ネイティヴダンサー系」は基準比リフト0.731
中京,直線長め・持続型,ダ,短中距離(1400-1600),良,内枠(1-2),母父系統,ナスルーラ系,118,6,17,0.0508,0.1441,72.3,0.0,8.89,0.1971,-0.053,0.731,参考,中京ダ短中距離(1400-1600)・良・内枠(1-2)で母父系統「ナスルーラ系」は基準比リフト0.731
東京,直線長め・持続型,ダ,短距離(1000-1300),良,内枠(1-2),母父系統,ナスルーラ系,123,6,18,0.0488,0.1463,223.4,0.0,8.97,0.2004,-0.0541,0.73,参考,東京ダ短距離(1000-1300)・良・内枠(1-2)で母父系統「ナスルーラ系」は基準比リフト0.73
中京,直線長め・持続型,ダ,短中距離(1400-1600),稍,内枠(1-2),母父系統,ネイティヴダンサー系,92,4,13,0.0435,0.1413,12.8,0.0,8.52,0.1944,-0.0531,0.727,参考,中京ダ短中距離(1400-1600)・稍・内枠(1-2)で母父系統「ネイティヴダンサー系」は基準比リフト0.727
福島,小回り・機動型,芝,中距離(1700-2000),稍,内枠(1-2),母父系統,ロイヤルチャージャー系,108,4,17,0.037,0.1574,50.3,0.0,8.02,0.2169,-0.0595,0.726,参考,福島芝中距離(1700-2000)・稍・内枠(1-2)で母父系統「ロイヤルチャージャー系」は基準比リフト0.726
小倉,小回り・機動型,芝,短距離(1000-1300),稍,内枠(1-2),母父系統,ロイヤルチャージャー系,226,13,28,0.0575,0.1239,45.6,0.0,9.16,0.1711,-0.0472,0.724,参考,小倉芝短距離(1000-1300)・稍・内枠(1-2)で母父系統「ロイヤルチャージャー系」は基準比リフト0.724
中京,直線長め・持続型,ダ,短中距離(1400-1600),良,外枠(7-8),母父系統,ナスルーラ系,143,4,20,0.028,0.1399,9.9,0.0,8.66,0.1938,-0.0539,0.722,参考,中京ダ短中距離(1400-1600)・良・外枠(7-8)で母父系統「ナスルーラ系」は基準比リフト0.722
中山,坂あり・パワー型,ダ,短距離(1000-1300),稍,内枠(1-2),母父系統,ナスルーラ系,146,7,19,0.0479,0.1301,123.8,0.0,8.77,0.1805,-0.0504,0.721,参考,中山ダ短距離(1000-1300)・稍・内枠(1-2)で母父系統「ナスルーラ系」は基準比リフト0.721
中京,直線長め・持続型,ダ,短距離(1000-1300),良,内枠(1-2),母父系統,ナスルーラ系,139,3,21,0.0216,0.1511,6.7,0.0,8.51,0.2103,-0.0592,0.718,参考,中京ダ短距離(1000-1300)・良・内枠(1-2)で母父系統「ナスルーラ系」は基準比リフト0.718
新潟,直線長め・平坦型,芝,長距離(2500以上),良,外枠(7-8),母父系統,ナスルーラ系,112,9,20,0.0804,0.1786,88.8,0.0,7.09,0.2503,-0.0717,0.714,参考,新潟芝長距離(2500以上)・良・外枠(7-8)で母父系統「ナスルーラ系」は基準比リフト0.714
中山,坂あり・パワー型,ダ,中距離(1700-2000),重不良,中枠(3-6),母父系統,ナスルーラ系,145,8,21,0.0552,0.1448,41.0,0.0,7.97,0.2032,-0.0584,0.713,参考,中山ダ中距離(1700-2000)・重不良・中枠(3-6)で母父系統「ナスルーラ系」は基準比リフト0.713
中京,直線長め・持続型,ダ,短距離(1000-1300),稍,外枠(7-8),母父系統,ニアークティック系,89,4,12,0.0449,0.1348,37.8,0.0,7.66,0.1902,-0.0554,0.709,参考,中京ダ短距離(1000-1300)・稍・外枠(7-8)で母父系統「ニアークティック系」は基準比リフト0.709
東京,直線長め・持続型,芝,短中距離(1400-1600),良,外枠(7-8),母父系統,その他のエクリプス系,135,5,19,0.037,0.1407,65.5,0.0,9.05,0.1988,-0.0581,0.708,参考,東京芝短中距離(1400-1600)・良・外枠(7-8)で母父系統「その他のエクリプス系」は基準比リフト0.708
中山,坂あり・パワー型,ダ,短距離(1000-1300),良,内枠(1-2),母父系統,その他のエクリプス系,88,5,11,0.0568,0.125,16.7,0.0,8.55,0.1768,-0.0518,0.707,参考,中山ダ短距離(1000-1300)・良・内枠(1-2)で母父系統「その他のエクリプス系」は基準比リフト0.707
京都,平坦・スピード型,ダ,短距離(1000-1300),重不良,内枠(1-2),母父系統,ネイティヴダンサー系,88,3,11,0.0341,0.125,44.7,0.0,7.67,0.1768,-0.0518,0.707,参考,京都ダ短距離(1000-1300)・重不良・内枠(1-2)で母父系統「ネイティヴダンサー系」は基準比リフト0.707
東京,直線長め・持続型,ダ,短中距離(1400-1600),不,外枠(7-8),母父系統,ニアークティック系,217,7,28,0.0323,0.129,31.1,0.0,7.88,0.1827,-0.0537,0.706,参考,東京ダ短中距離(1400-1600)・不・外枠(7-8)で母父系統「ニアークティック系」は基準比リフト0.706
中京,直線長め・持続型,芝,短距離(1000-1300),良,外枠(7-8),母父系統,ネイティヴダンサー系,228,10,26,0.0439,0.114,52.7,0.0,9.24,0.1628,-0.0488,0.7,参考,中京芝短距離(1000-1300)・良・外枠(7-8)で母父系統「ネイティヴダンサー系」は基準比リフト0.7
阪神,坂あり・パワー型,芝,中距離(1700-2000),重不良,中枠(3-6),母父系統,ロイヤルチャージャー系,120,9,21,0.075,0.175,57.6,0.0,7.82,0.2514,-0.0764,0.696,参考,阪神芝中距離(1700-2000)・重不良・中枠(3-6)で母父系統「ロイヤルチャージャー系」は基準比リフト0.696
福島,小回り・機動型,ダ,中距離(1700-2000),稍,中枠(3-6),母父系統,ナスルーラ系,123,8,17,0.065,0.1382,86.1,0.0,8.07,0.1998,-0.0616,0.692,参考,福島ダ中距離(1700-2000)・稍・中枠(3-6)で母父系統「ナスルーラ系」は基準比リフト0.692
阪神,坂あり・パワー型,芝,長距離(2500以上),良,外枠(7-8),母父系統,ロイヤルチャージャー系,95,9,15,0.0947,0.1579,36.7,0.0,6.47,0.2287,-0.0708,0.69,参考,阪神芝長距離(2500以上)・良・外枠(7-8)で母父系統「ロイヤルチャージャー系」は基準比リフト0.69
中京,直線長め・持続型,ダ,短中距離(1400-1600),稍,外枠(7-8),母父系統,ニアークティック系,101,8,15,0.0792,0.1485,50.5,0.0,8.75,0.2151,-0.0666,0.69,参考,中京ダ短中距離(1400-1600)・稍・外枠(7-8)で母父系統「ニアークティック系」は基準比リフト0.69
新潟,直線長め・平坦型,芝,短中距離(1400-1600),稍,内枠(1-2),母父系統,ネイティヴダンサー系,80,3,10,0.0375,0.125,33.6,0.0,8.54,0.1821,-0.0571,0.686,参考,新潟芝短中距離(1400-1600)・稍・内枠(1-2)で母父系統「ネイティヴダンサー系」は基準比リフト0.686
函館,小回り・持続型,芝,短距離(1000-1300),稍,内枠(1-2),母父系統,ニアークティック系,81,5,14,0.0617,0.1728,154.3,0.0,8.05,0.253,-0.0802,0.683,参考,函館芝短距離(1000-1300)・稍・内枠(1-2)で母父系統「ニアークティック系」は基準比リフト0.683
中京,直線長め・持続型,芝,長距離(2500以上),良,中枠(3-6),母父系統,ナスルーラ系,128,8,19,0.0625,0.1484,77.5,0.0,7.8,0.219,-0.0706,0.678,参考,中京芝長距離(2500以上)・良・中枠(3-6)で母父系統「ナスルーラ系」は基準比リフト0.678
中山,坂あり・パワー型,芝,長距離(2500以上),良,内枠(1-2),母父系統,ロイヤルチャージャー系,137,6,21,0.0438,0.1533,20.9,0.0,7.18,0.2284,-0.0751,0.671,参考,中山芝長距離(2500以上)・良・内枠(1-2)で母父系統「ロイヤルチャージャー系」は基準比リフト0.671
中京,直線長め・持続型,ダ,中距離(1700-2000),不,中枠(3-6),母父系統,ニアークティック系,158,8,24,0.0506,0.1519,27.0,0.0,7.9,0.2298,-0.0779,0.661,参考,中京ダ中距離(1700-2000)・不・中枠(3-6)で母父系統「ニアークティック系」は基準比リフト0.661
京都,平坦・スピード型,芝,短距離(1000-1300),良,外枠(7-8),母父系統,ナスルーラ系,194,6,22,0.0309,0.1134,32.8,0.0,8.61,0.1739,-0.0605,0.652,参考,京都芝短距離(1000-1300)・良・外枠(7-8)で母父系統「ナスルーラ系」は基準比リフト0.652
新潟,直線長め・平坦型,ダ,中距離(1700-2000),重不良,内枠(1-2),母父系統,ロイヤルチャージャー系,110,5,14,0.0455,0.1273,24.8,0.0,7.35,0.1987,-0.0714,0.641,参考,新潟ダ中距離(1700-2000)・重不良・内枠(1-2)で母父系統「ロイヤルチャージャー系」は基準比リフト0.641
札幌,小回り・持続型,芝,中距離(1700-2000),稍,中枠(3-6),母父系統,ネイティヴダンサー系,103,5,15,0.0485,0.1456,46.2,0.0,7.46,0.2294,-0.0838,0.635,参考,札幌芝中距離(1700-2000)・稍・中枠(3-6)で母父系統「ネイティヴダンサー系」は基準比リフト0.635
京都,平坦・スピード型,ダ,中距離(1700-2000),重不良,内枠(1-2),母父系統,ネイティヴダンサー系,117,7,17,0.0598,0.1453,33.7,0.0,7.32,0.2293,-0.084,0.634,参考,京都ダ中距離(1700-2000)・重不良・内枠(1-2)で母父系統「ネイティヴダンサー系」は基準比リフト0.634
東京,直線長め・持続型,ダ,中長距離(2100-2400),稍,内枠(1-2),母父系統,ロイヤルチャージャー系,106,5,13,0.0472,0.1226,134.2,0.0,8.6,0.1944,-0.0718,0.631,参考,東京ダ中長距離(2100-2400)・稍・内枠(1-2)で母父系統「ロイヤルチャージャー系」は基準比リフト0.631
東京,直線長め・持続型,ダ,短距離(1000-1300),稍,中枠(3-6),母父系統,ネイティヴダンサー系,115,3,14,0.0261,0.1217,11.9,0.0,9.77,0.1991,-0.0774,0.611,参考,東京ダ短距離(1000-1300)・稍・中枠(3-6)で母父系統「ネイティヴダンサー系」は基準比リフト0.611
新潟,直線長め・平坦型,ダ,中距離(1700-2000),重不良,中枠(3-6),母父系統,ナスルーラ系,94,5,13,0.0532,0.1383,255.5,0.0,7.94,0.2323,-0.094,0.595,参考,新潟ダ中距離(1700-2000)・重不良・中枠(3-6)で母父系統「ナスルーラ系」は基準比リフト0.595
京都,平坦・スピード型,ダ,短中距離(1400-1600),良,中枠(3-6),母父系統,その他のエクリプス系,84,4,10,0.0476,0.119,36.9,0.0,8.86,0.2,-0.081,0.595,参考,京都ダ短中距離(1400-1600)・良・中枠(3-6)で母父系統「その他のエクリプス系」は基準比リフト0.595
阪神,坂あり・パワー型,ダ,短中距離(1400-1600),稍,外枠(7-8),母父系統,ナスルーラ系,119,3,15,0.0252,0.1261,19.7,0.0,8.86,0.2147,-0.0886,0.587,参考,阪神ダ短中距離(1400-1600)・稍・外枠(7-8)で母父系統「ナスルーラ系」は基準比リフト0.587
新潟,直線長め・平坦型,芝,短中距離(1400-1600),良,中枠(3-6),母父系統,その他のエクリプス系,98,3,11,0.0306,0.1122,16.1,0.0,8.71,0.1947,-0.0825,0.576,参考,新潟芝短中距離(1400-1600)・良・中枠(3-6)で母父系統「その他のエクリプス系」は基準比リフト0.576
阪神,坂あり・パワー型,芝,短中距離(1400-1600),稍,外枠(7-8),母父系統,ナスルーラ系,108,3,12,0.0278,0.1111,27.7,0.0,9.22,0.1993,-0.0882,0.557,参考,阪神芝短中距離(1400-1600)・稍・外枠(7-8)で母父系統「ナスルーラ系」は基準比リフト0.557
東京,直線長め・持続型,芝,中距離(1700-2000),重不良,中枠(3-6),母父系統,ロイヤルチャージャー系,101,5,13,0.0495,0.1287,36.1,0.0,8.07,0.2328,-0.1041,0.553,参考,東京芝中距離(1700-2000)・重不良・中枠(3-6)で母父系統「ロイヤルチャージャー系」は基準比リフト0.553
中山,坂あり・パワー型,芝,中距離(1700-2000),良,中枠(3-6),母父系統,トゥルビヨン系,91,4,10,0.044,0.1099,33.2,0.0,9.45,0.2165,-0.1066,0.508,参考,中山芝中距離(1700-2000)・良・中枠(3-6)で母父系統「トゥルビヨン系」は基準比リフト0.508
東京,直線長め・持続型,ダ,短距離(1000-1300),重不良,中枠(3-6),母父系統,ロイヤルチャージャー系,128,5,11,0.0391,0.0859,34.2,0.0,8.91,0.17,-0.0841,0.505,参考,東京ダ短距離(1000-1300)・重不良・中枠(3-6)で母父系統「ロイヤルチャージャー系」は基準比リフト0.505
福島,小回り・機動型,ダ,中距離(1700-2000),稍,内枠(1-2),母父系統,ネイティヴダンサー系,98,2,7,0.0204,0.0714,7.7,0.0,8.5,0.163,-0.0916,0.438,参考,福島ダ中距離(1700-2000)・稍・内枠(1-2)で母父系統「ネイティヴダンサー系」は基準比リフト0.438
